
D:\Desktop\OpenClaw_Workspace\Working\SDK\demos\newlib\coremark\build_clang_O1\coremark.elf:     file format elf32-littleriscv


Disassembly of section .text:

00010000 <_reset_vector>:
   10000:	1000006f          	j	10100 <_start>
	...

00010080 <__vector_table>:
   10080:	0c40006f 3380006f 3340006f 1f80006f     o.@.o..3o.@3o...
   10090:	32c0006f 3280006f 3240006f 14c0006f     o..2o..2o.@2o...
   100a0:	31c0006f 3180006f 3140006f 2740006f     o..1o..1o.@1o.@'
   100b0:	30c0006f 3080006f 3040006f 3000006f     o..0o..0o.@0o..0
   100c0:	2fc0006f 2f80006f 2f40006f 2f00006f     o../o../o.@/o../
   100d0:	2ec0006f 2e80006f 2e40006f 2e00006f     o...o...o.@.o...
   100e0:	2dc0006f 2d80006f 2d40006f 2d00006f     o..-o..-o.@-o..-
   100f0:	2cc0006f 2c80006f 2c40006f 2c00006f     o..,o..,o.@,o..,

00010100 <_start>:
   10100:	00010197          	auipc	gp,0x10
   10104:	76818193          	addi	gp,gp,1896 # 20868 <__global_pointer$>
   10108:	00020117          	auipc	sp,0x20
   1010c:	ef810113          	addi	sp,sp,-264 # 30000 <__stack_top__>
   10110:	00011517          	auipc	a0,0x11
   10114:	90850513          	addi	a0,a0,-1784 # 20a18 <errno>
   10118:	00011597          	auipc	a1,0x11
   1011c:	24058593          	addi	a1,a1,576 # 21358 <__bss_end>
   10120:	00b50863          	beq	a0,a1,10130 <_start+0x30>
   10124:	00052023          	sw	zero,0(a0)
   10128:	00450513          	addi	a0,a0,4
   1012c:	feb56ce3          	bltu	a0,a1,10124 <_start+0x24>
   10130:	00000097          	auipc	ra,0x0
   10134:	2b4080e7          	jalr	692(ra) # 103e4 <_init>
   10138:	00001097          	auipc	ra,0x1
   1013c:	dac080e7          	jalr	-596(ra) # 10ee4 <main>
   10140:	0000006f          	j	10140 <_start+0x40>

00010144 <exc_entry>:
   10144:	fb010113          	addi	sp,sp,-80
   10148:	00112023          	sw	ra,0(sp)
   1014c:	00412223          	sw	tp,4(sp)
   10150:	00512423          	sw	t0,8(sp)
   10154:	00612623          	sw	t1,12(sp)
   10158:	00712823          	sw	t2,16(sp)
   1015c:	00a12a23          	sw	a0,20(sp)
   10160:	00b12c23          	sw	a1,24(sp)
   10164:	00c12e23          	sw	a2,28(sp)
   10168:	02d12023          	sw	a3,32(sp)
   1016c:	02e12223          	sw	a4,36(sp)
   10170:	02f12423          	sw	a5,40(sp)
   10174:	03012623          	sw	a6,44(sp)
   10178:	03112823          	sw	a7,48(sp)
   1017c:	03c12a23          	sw	t3,52(sp)
   10180:	03d12c23          	sw	t4,56(sp)
   10184:	03e12e23          	sw	t5,60(sp)
   10188:	05f12023          	sw	t6,64(sp)
   1018c:	34202573          	csrr	a0,mcause
   10190:	341025f3          	csrr	a1,mepc
   10194:	00000097          	auipc	ra,0x0
   10198:	390080e7          	jalr	912(ra) # 10524 <serr_handler>
   1019c:	00012083          	lw	ra,0(sp)
   101a0:	00412203          	lw	tp,4(sp)
   101a4:	00812283          	lw	t0,8(sp)
   101a8:	00c12303          	lw	t1,12(sp)
   101ac:	01012383          	lw	t2,16(sp)
   101b0:	01412503          	lw	a0,20(sp)
   101b4:	01812583          	lw	a1,24(sp)
   101b8:	01c12603          	lw	a2,28(sp)
   101bc:	02012683          	lw	a3,32(sp)
   101c0:	02412703          	lw	a4,36(sp)
   101c4:	02812783          	lw	a5,40(sp)
   101c8:	02c12803          	lw	a6,44(sp)
   101cc:	03012883          	lw	a7,48(sp)
   101d0:	03412e03          	lw	t3,52(sp)
   101d4:	03812e83          	lw	t4,56(sp)
   101d8:	03c12f03          	lw	t5,60(sp)
   101dc:	04012f83          	lw	t6,64(sp)
   101e0:	05010113          	addi	sp,sp,80
   101e4:	30200073          	mret

000101e8 <irq_timer_entry>:
   101e8:	fb010113          	addi	sp,sp,-80
   101ec:	00112023          	sw	ra,0(sp)
   101f0:	00412223          	sw	tp,4(sp)
   101f4:	00512423          	sw	t0,8(sp)
   101f8:	00612623          	sw	t1,12(sp)
   101fc:	00712823          	sw	t2,16(sp)
   10200:	00a12a23          	sw	a0,20(sp)
   10204:	00b12c23          	sw	a1,24(sp)
   10208:	00c12e23          	sw	a2,28(sp)
   1020c:	02d12023          	sw	a3,32(sp)
   10210:	02e12223          	sw	a4,36(sp)
   10214:	02f12423          	sw	a5,40(sp)
   10218:	03012623          	sw	a6,44(sp)
   1021c:	03112823          	sw	a7,48(sp)
   10220:	03c12a23          	sw	t3,52(sp)
   10224:	03d12c23          	sw	t4,56(sp)
   10228:	03e12e23          	sw	t5,60(sp)
   1022c:	05f12023          	sw	t6,64(sp)
   10230:	00000097          	auipc	ra,0x0
   10234:	2ec080e7          	jalr	748(ra) # 1051c <tmr_irq_handler>
   10238:	00012083          	lw	ra,0(sp)
   1023c:	00412203          	lw	tp,4(sp)
   10240:	00812283          	lw	t0,8(sp)
   10244:	00c12303          	lw	t1,12(sp)
   10248:	01012383          	lw	t2,16(sp)
   1024c:	01412503          	lw	a0,20(sp)
   10250:	01812583          	lw	a1,24(sp)
   10254:	01c12603          	lw	a2,28(sp)
   10258:	02012683          	lw	a3,32(sp)
   1025c:	02412703          	lw	a4,36(sp)
   10260:	02812783          	lw	a5,40(sp)
   10264:	02c12803          	lw	a6,44(sp)
   10268:	03012883          	lw	a7,48(sp)
   1026c:	03412e03          	lw	t3,52(sp)
   10270:	03812e83          	lw	t4,56(sp)
   10274:	03c12f03          	lw	t5,60(sp)
   10278:	04012f83          	lw	t6,64(sp)
   1027c:	05010113          	addi	sp,sp,80
   10280:	30200073          	mret

00010284 <irq_software_entry>:
   10284:	fb010113          	addi	sp,sp,-80
   10288:	00112023          	sw	ra,0(sp)
   1028c:	00412223          	sw	tp,4(sp)
   10290:	00512423          	sw	t0,8(sp)
   10294:	00612623          	sw	t1,12(sp)
   10298:	00712823          	sw	t2,16(sp)
   1029c:	00a12a23          	sw	a0,20(sp)
   102a0:	00b12c23          	sw	a1,24(sp)
   102a4:	00c12e23          	sw	a2,28(sp)
   102a8:	02d12023          	sw	a3,32(sp)
   102ac:	02e12223          	sw	a4,36(sp)
   102b0:	02f12423          	sw	a5,40(sp)
   102b4:	03012623          	sw	a6,44(sp)
   102b8:	03112823          	sw	a7,48(sp)
   102bc:	03c12a23          	sw	t3,52(sp)
   102c0:	03d12c23          	sw	t4,56(sp)
   102c4:	03e12e23          	sw	t5,60(sp)
   102c8:	05f12023          	sw	t6,64(sp)
   102cc:	00000097          	auipc	ra,0x0
   102d0:	24c080e7          	jalr	588(ra) # 10518 <sw_irq_handler>
   102d4:	00012083          	lw	ra,0(sp)
   102d8:	00412203          	lw	tp,4(sp)
   102dc:	00812283          	lw	t0,8(sp)
   102e0:	00c12303          	lw	t1,12(sp)
   102e4:	01012383          	lw	t2,16(sp)
   102e8:	01412503          	lw	a0,20(sp)
   102ec:	01812583          	lw	a1,24(sp)
   102f0:	01c12603          	lw	a2,28(sp)
   102f4:	02012683          	lw	a3,32(sp)
   102f8:	02412703          	lw	a4,36(sp)
   102fc:	02812783          	lw	a5,40(sp)
   10300:	02c12803          	lw	a6,44(sp)
   10304:	03012883          	lw	a7,48(sp)
   10308:	03412e03          	lw	t3,52(sp)
   1030c:	03812e83          	lw	t4,56(sp)
   10310:	03c12f03          	lw	t5,60(sp)
   10314:	04012f83          	lw	t6,64(sp)
   10318:	05010113          	addi	sp,sp,80
   1031c:	30200073          	mret

00010320 <irq_external_entry>:
   10320:	fb010113          	addi	sp,sp,-80
   10324:	00112023          	sw	ra,0(sp)
   10328:	00412223          	sw	tp,4(sp)
   1032c:	00512423          	sw	t0,8(sp)
   10330:	00612623          	sw	t1,12(sp)
   10334:	00712823          	sw	t2,16(sp)
   10338:	00a12a23          	sw	a0,20(sp)
   1033c:	00b12c23          	sw	a1,24(sp)
   10340:	00c12e23          	sw	a2,28(sp)
   10344:	02d12023          	sw	a3,32(sp)
   10348:	02e12223          	sw	a4,36(sp)
   1034c:	02f12423          	sw	a5,40(sp)
   10350:	03012623          	sw	a6,44(sp)
   10354:	03112823          	sw	a7,48(sp)
   10358:	03c12a23          	sw	t3,52(sp)
   1035c:	03d12c23          	sw	t4,56(sp)
   10360:	03e12e23          	sw	t5,60(sp)
   10364:	05f12023          	sw	t6,64(sp)
   10368:	00000097          	auipc	ra,0x0
   1036c:	1b8080e7          	jalr	440(ra) # 10520 <ext_irq_handler>
   10370:	00012083          	lw	ra,0(sp)
   10374:	00412203          	lw	tp,4(sp)
   10378:	00812283          	lw	t0,8(sp)
   1037c:	00c12303          	lw	t1,12(sp)
   10380:	01012383          	lw	t2,16(sp)
   10384:	01412503          	lw	a0,20(sp)
   10388:	01812583          	lw	a1,24(sp)
   1038c:	01c12603          	lw	a2,28(sp)
   10390:	02012683          	lw	a3,32(sp)
   10394:	02412703          	lw	a4,36(sp)
   10398:	02812783          	lw	a5,40(sp)
   1039c:	02c12803          	lw	a6,44(sp)
   103a0:	03012883          	lw	a7,48(sp)
   103a4:	03412e03          	lw	t3,52(sp)
   103a8:	03812e83          	lw	t4,56(sp)
   103ac:	03c12f03          	lw	t5,60(sp)
   103b0:	04012f83          	lw	t6,64(sp)
   103b4:	05010113          	addi	sp,sp,80
   103b8:	30200073          	mret

000103bc <irq_unhandled>:
   103bc:	10500073          	wfi
   103c0:	ffdff06f          	j	103bc <irq_unhandled>

000103c4 <memset>:
   103c4:	00050313          	mv	t1,a0
   103c8:	00060a63          	beqz	a2,103dc <memset+0x18>
   103cc:	00b30023          	sb	a1,0(t1)
   103d0:	fff60613          	addi	a2,a2,-1
   103d4:	00130313          	addi	t1,t1,1
   103d8:	fe061ae3          	bnez	a2,103cc <memset+0x8>
   103dc:	00008067          	ret

000103e0 <board_init>:
   103e0:	00008067          	ret

000103e4 <_init>:
   103e4:	ff010113          	addi	sp,sp,-16
   103e8:	00112623          	sw	ra,12(sp)
   103ec:	00812423          	sw	s0,8(sp)
   103f0:	00912223          	sw	s1,4(sp)
   103f4:	3060d073          	csrwi	mcounteren,1
   103f8:	00021437          	lui	s0,0x21
   103fc:	04c4b537          	lui	a0,0x4c4b
   10400:	40050493          	addi	s1,a0,1024 # 4c4b400 <__stack_top__+0x4c1b400>
   10404:	a2942823          	sw	s1,-1488(s0) # 20a30 <g_cpu_freq_hz>
   10408:	0001c537          	lui	a0,0x1c
   1040c:	20050513          	addi	a0,a0,512 # 1c200 <_etext+0x7c90>
   10410:	00000097          	auipc	ra,0x0
   10414:	040080e7          	jalr	64(ra) # 10450 <uart_init>
   10418:	00000517          	auipc	a0,0x0
   1041c:	c6850513          	addi	a0,a0,-920 # 10080 <__vector_table>
   10420:	00156513          	ori	a0,a0,1
   10424:	30551073          	csrw	mtvec,a0
   10428:	00000097          	auipc	ra,0x0
   1042c:	fb8080e7          	jalr	-72(ra) # 103e0 <board_init>
   10430:	3fd00513          	li	a0,1021
   10434:	30652073          	csrs	mcounteren,a0
   10438:	a2942823          	sw	s1,-1488(s0)
   1043c:	00c12083          	lw	ra,12(sp)
   10440:	00812403          	lw	s0,8(sp)
   10444:	00412483          	lw	s1,4(sp)
   10448:	01010113          	addi	sp,sp,16
   1044c:	00008067          	ret

00010450 <uart_init>:
   10450:	ff010113          	addi	sp,sp,-16
   10454:	00112623          	sw	ra,12(sp)
   10458:	00812423          	sw	s0,8(sp)
   1045c:	00912223          	sw	s1,4(sp)
   10460:	00451413          	slli	s0,a0,0x4
   10464:	02626537          	lui	a0,0x2626
   10468:	04c4b5b7          	lui	a1,0x4c4b
   1046c:	80050513          	addi	a0,a0,-2048 # 2625800 <__stack_top__+0x25f5800>
   10470:	40058493          	addi	s1,a1,1024 # 4c4b400 <__stack_top__+0x4c1b400>
   10474:	00040593          	mv	a1,s0
   10478:	00048613          	mv	a2,s1
   1047c:	00000693          	li	a3,0
   10480:	00004097          	auipc	ra,0x4
   10484:	c88080e7          	jalr	-888(ra) # 14108 <__udivdi3>
   10488:	0284d5b3          	divu	a1,s1,s0
   1048c:	e0010637          	lui	a2,0xe0010
   10490:	08000693          	li	a3,128
   10494:	02a62223          	sw	a0,36(a2) # e0010024 <__stack_top__+0xdffe0024>
   10498:	00300513          	li	a0,3
   1049c:	00d62623          	sw	a3,12(a2)
   104a0:	0ff5f593          	zext.b	a1,a1
   104a4:	00b62023          	sw	a1,0(a2)
   104a8:	00062223          	sw	zero,4(a2)
   104ac:	00a62623          	sw	a0,12(a2)
   104b0:	00c12083          	lw	ra,12(sp)
   104b4:	00812403          	lw	s0,8(sp)
   104b8:	00412483          	lw	s1,4(sp)
   104bc:	01010113          	addi	sp,sp,16
   104c0:	00008067          	ret

000104c4 <uart_puts>:
   104c4:	e00105b7          	lui	a1,0xe0010
   104c8:	00a00613          	li	a2,10
   104cc:	00d00693          	li	a3,13
   104d0:	00054703          	lbu	a4,0(a0)
   104d4:	00c70663          	beq	a4,a2,104e0 <uart_puts+0x1c>
   104d8:	00071c63          	bnez	a4,104f0 <uart_puts+0x2c>
   104dc:	0380006f          	j	10514 <uart_puts+0x50>
   104e0:	0145a703          	lw	a4,20(a1) # e0010014 <__stack_top__+0xdffe0014>
   104e4:	02077713          	andi	a4,a4,32
   104e8:	fe070ce3          	beqz	a4,104e0 <uart_puts+0x1c>
   104ec:	00d5a023          	sw	a3,0(a1)
   104f0:	00054703          	lbu	a4,0(a0)
   104f4:	0145a783          	lw	a5,20(a1)
   104f8:	0207f793          	andi	a5,a5,32
   104fc:	fe078ce3          	beqz	a5,104f4 <uart_puts+0x30>
   10500:	00150513          	addi	a0,a0,1
   10504:	00e5a023          	sw	a4,0(a1)
   10508:	00054703          	lbu	a4,0(a0)
   1050c:	fcc716e3          	bne	a4,a2,104d8 <uart_puts+0x14>
   10510:	fd1ff06f          	j	104e0 <uart_puts+0x1c>
   10514:	00008067          	ret

00010518 <sw_irq_handler>:
   10518:	00008067          	ret

0001051c <tmr_irq_handler>:
   1051c:	00008067          	ret

00010520 <ext_irq_handler>:
   10520:	00008067          	ret

00010524 <serr_handler>:
   10524:	0000006f          	j	10524 <serr_handler>

00010528 <_close>:
   10528:	fff00513          	li	a0,-1
   1052c:	00008067          	ret

00010530 <_fstat>:
   10530:	00002537          	lui	a0,0x2
   10534:	00a5a223          	sw	a0,4(a1)
   10538:	00000513          	li	a0,0
   1053c:	00008067          	ret

00010540 <_isatty>:
   10540:	00100513          	li	a0,1
   10544:	00008067          	ret

00010548 <_lseek>:
   10548:	00000513          	li	a0,0
   1054c:	00008067          	ret

00010550 <_read>:
   10550:	00000513          	li	a0,0
   10554:	00008067          	ret

00010558 <_sbrk>:
   10558:	00050593          	mv	a1,a0
   1055c:	00020537          	lui	a0,0x20
   10560:	00052503          	lw	a0,0(a0) # 20000 <heap_ptr>
   10564:	00b505b3          	add	a1,a0,a1
   10568:	00023637          	lui	a2,0x23
   1056c:	35860613          	addi	a2,a2,856 # 23358 <__heap_end>
   10570:	00b66e63          	bltu	a2,a1,1058c <_sbrk+0x34>
   10574:	00021637          	lui	a2,0x21
   10578:	35860613          	addi	a2,a2,856 # 21358 <__bss_end>
   1057c:	00c5e863          	bltu	a1,a2,1058c <_sbrk+0x34>
   10580:	00020637          	lui	a2,0x20
   10584:	00b62023          	sw	a1,0(a2) # 20000 <heap_ptr>
   10588:	00008067          	ret
   1058c:	00021537          	lui	a0,0x21
   10590:	00c00593          	li	a1,12
   10594:	a0b52c23          	sw	a1,-1512(a0) # 20a18 <errno>
   10598:	fff00513          	li	a0,-1
   1059c:	00008067          	ret

000105a0 <_write>:
   105a0:	ffd50513          	addi	a0,a0,-3
   105a4:	ffe00693          	li	a3,-2
   105a8:	00d57663          	bgeu	a0,a3,105b4 <_write+0x14>
   105ac:	fff00513          	li	a0,-1
   105b0:	00008067          	ret
   105b4:	02060663          	beqz	a2,105e0 <_write+0x40>
   105b8:	00000513          	li	a0,0
   105bc:	e00106b7          	lui	a3,0xe0010
   105c0:	00a58733          	add	a4,a1,a0
   105c4:	00074703          	lbu	a4,0(a4)
   105c8:	0146a783          	lw	a5,20(a3) # e0010014 <__stack_top__+0xdffe0014>
   105cc:	0207f793          	andi	a5,a5,32
   105d0:	fe078ce3          	beqz	a5,105c8 <_write+0x28>
   105d4:	00150513          	addi	a0,a0,1
   105d8:	00e6a023          	sw	a4,0(a3)
   105dc:	fec512e3          	bne	a0,a2,105c0 <_write+0x20>
   105e0:	00060513          	mv	a0,a2
   105e4:	00008067          	ret

000105e8 <print_fixed_scaled>:
   105e8:	0cb05463          	blez	a1,106b0 <print_fixed_scaled+0xc8>
   105ec:	fe010113          	addi	sp,sp,-32
   105f0:	00112e23          	sw	ra,28(sp)
   105f4:	00812c23          	sw	s0,24(sp)
   105f8:	00912a23          	sw	s1,20(sp)
   105fc:	01212823          	sw	s2,16(sp)
   10600:	01312623          	sw	s3,12(sp)
   10604:	00058413          	mv	s0,a1
   10608:	00050493          	mv	s1,a0
   1060c:	00055a63          	bgez	a0,10620 <print_fixed_scaled+0x38>
   10610:	02d00513          	li	a0,45
   10614:	00002097          	auipc	ra,0x2
   10618:	e00080e7          	jalr	-512(ra) # 12414 <putchar>
   1061c:	409004b3          	neg	s1,s1
   10620:	0284d933          	divu	s2,s1,s0
   10624:	00020537          	lui	a0,0x20
   10628:	06c50513          	addi	a0,a0,108 # 2006c <_impure_ptr+0x4>
   1062c:	00090593          	mv	a1,s2
   10630:	00002097          	auipc	ra,0x2
   10634:	d90080e7          	jalr	-624(ra) # 123c0 <iprintf>
   10638:	02890533          	mul	a0,s2,s0
   1063c:	40a48933          	sub	s2,s1,a0
   10640:	04090c63          	beqz	s2,10698 <print_fixed_scaled+0xb0>
   10644:	02e00513          	li	a0,46
   10648:	00002097          	auipc	ra,0x2
   1064c:	dcc080e7          	jalr	-564(ra) # 12414 <putchar>
   10650:	ccccd4b7          	lui	s1,0xccccd
   10654:	ccd48493          	addi	s1,s1,-819 # cccccccd <__stack_top__+0xccc9cccd>
   10658:	00191513          	slli	a0,s2,0x1
   1065c:	00391913          	slli	s2,s2,0x3
   10660:	00a90933          	add	s2,s2,a0
   10664:	028959b3          	divu	s3,s2,s0
   10668:	0299b533          	mulhu	a0,s3,s1
   1066c:	ff857593          	andi	a1,a0,-8
   10670:	00255513          	srli	a0,a0,0x2
   10674:	ffe57513          	andi	a0,a0,-2
   10678:	40b985b3          	sub	a1,s3,a1
   1067c:	40a585b3          	sub	a1,a1,a0
   10680:	03058513          	addi	a0,a1,48
   10684:	00002097          	auipc	ra,0x2
   10688:	d90080e7          	jalr	-624(ra) # 12414 <putchar>
   1068c:	02898533          	mul	a0,s3,s0
   10690:	40a90933          	sub	s2,s2,a0
   10694:	fc0912e3          	bnez	s2,10658 <print_fixed_scaled+0x70>
   10698:	01c12083          	lw	ra,28(sp)
   1069c:	01812403          	lw	s0,24(sp)
   106a0:	01412483          	lw	s1,20(sp)
   106a4:	01012903          	lw	s2,16(sp)
   106a8:	00c12983          	lw	s3,12(sp)
   106ac:	02010113          	addi	sp,sp,32
   106b0:	00008067          	ret

000106b4 <calc_func>:
   106b4:	fe010113          	addi	sp,sp,-32
   106b8:	00112e23          	sw	ra,28(sp)
   106bc:	00812c23          	sw	s0,24(sp)
   106c0:	00912a23          	sw	s1,20(sp)
   106c4:	01212823          	sw	s2,16(sp)
   106c8:	01312623          	sw	s3,12(sp)
   106cc:	00050413          	mv	s0,a0
   106d0:	00055983          	lhu	s3,0(a0)
   106d4:	0809f513          	andi	a0,s3,128
   106d8:	06051463          	bnez	a0,10740 <calc_func+0x8c>
   106dc:	00058493          	mv	s1,a1
   106e0:	0079f513          	andi	a0,s3,7
   106e4:	01999593          	slli	a1,s3,0x19
   106e8:	01c5d593          	srli	a1,a1,0x1c
   106ec:	00459713          	slli	a4,a1,0x4
   106f0:	00100613          	li	a2,1
   106f4:	00b76733          	or	a4,a4,a1
   106f8:	04c50863          	beq	a0,a2,10748 <calc_func+0x94>
   106fc:	00098913          	mv	s2,s3
   10700:	06051663          	bnez	a0,1076c <calc_func+0xb8>
   10704:	02200513          	li	a0,34
   10708:	00e56463          	bltu	a0,a4,10710 <calc_func+0x5c>
   1070c:	02200713          	li	a4,34
   10710:	00049603          	lh	a2,0(s1)
   10714:	00249683          	lh	a3,2(s1)
   10718:	0144a583          	lw	a1,20(s1)
   1071c:	0184a503          	lw	a0,24(s1)
   10720:	0384d783          	lhu	a5,56(s1)
   10724:	00001097          	auipc	ra,0x1
   10728:	6c0080e7          	jalr	1728(ra) # 11de4 <core_bench_state>
   1072c:	03e4d583          	lhu	a1,62(s1)
   10730:	00050913          	mv	s2,a0
   10734:	02059c63          	bnez	a1,1076c <calc_func+0xb8>
   10738:	03249f23          	sh	s2,62(s1)
   1073c:	0300006f          	j	1076c <calc_func+0xb8>
   10740:	07f9f513          	andi	a0,s3,127
   10744:	0500006f          	j	10794 <calc_func+0xe0>
   10748:	0384d603          	lhu	a2,56(s1)
   1074c:	02848513          	addi	a0,s1,40
   10750:	00070593          	mv	a1,a4
   10754:	00001097          	auipc	ra,0x1
   10758:	028080e7          	jalr	40(ra) # 1177c <core_bench_matrix>
   1075c:	03c4d583          	lhu	a1,60(s1)
   10760:	00050913          	mv	s2,a0
   10764:	00059463          	bnez	a1,1076c <calc_func+0xb8>
   10768:	03249e23          	sh	s2,60(s1)
   1076c:	0384d583          	lhu	a1,56(s1)
   10770:	00090513          	mv	a0,s2
   10774:	00002097          	auipc	ra,0x2
   10778:	b40080e7          	jalr	-1216(ra) # 122b4 <crcu16>
   1077c:	02a49c23          	sh	a0,56(s1)
   10780:	07f97513          	andi	a0,s2,127
   10784:	f009f593          	andi	a1,s3,-256
   10788:	00a5e5b3          	or	a1,a1,a0
   1078c:	08058593          	addi	a1,a1,128
   10790:	00b41023          	sh	a1,0(s0)
   10794:	01c12083          	lw	ra,28(sp)
   10798:	01812403          	lw	s0,24(sp)
   1079c:	01412483          	lw	s1,20(sp)
   107a0:	01012903          	lw	s2,16(sp)
   107a4:	00c12983          	lw	s3,12(sp)
   107a8:	02010113          	addi	sp,sp,32
   107ac:	00008067          	ret

000107b0 <core_bench_list>:
   107b0:	fb010113          	addi	sp,sp,-80
   107b4:	04112623          	sw	ra,76(sp)
   107b8:	04812423          	sw	s0,72(sp)
   107bc:	04912223          	sw	s1,68(sp)
   107c0:	05212023          	sw	s2,64(sp)
   107c4:	03312e23          	sw	s3,60(sp)
   107c8:	03412c23          	sw	s4,56(sp)
   107cc:	03512a23          	sw	s5,52(sp)
   107d0:	03612823          	sw	s6,48(sp)
   107d4:	03712623          	sw	s7,44(sp)
   107d8:	03812423          	sw	s8,40(sp)
   107dc:	03912223          	sw	s9,36(sp)
   107e0:	03a12023          	sw	s10,32(sp)
   107e4:	01b12e23          	sw	s11,28(sp)
   107e8:	00050493          	mv	s1,a0
   107ec:	00451503          	lh	a0,4(a0)
   107f0:	0244aa83          	lw	s5,36(s1)
   107f4:	12a05663          	blez	a0,10920 <core_bench_list+0x170>
   107f8:	00000713          	li	a4,0
   107fc:	00000413          	li	s0,0
   10800:	00000693          	li	a3,0
   10804:	00000613          	li	a2,0
   10808:	00058313          	mv	t1,a1
   1080c:	03c0006f          	j	10848 <core_bench_list+0x98>
   10810:	000aa783          	lw	a5,0(s5)
   10814:	0047a783          	lw	a5,4(a5)
   10818:	0017c783          	lbu	a5,1(a5)
   1081c:	00160613          	addi	a2,a2,1
   10820:	0017f813          	andi	a6,a5,1
   10824:	00880433          	add	s0,a6,s0
   10828:	fff34793          	not	a5,t1
   1082c:	00170713          	addi	a4,a4,1
   10830:	01079793          	slli	a5,a5,0x10
   10834:	01071813          	slli	a6,a4,0x10
   10838:	01f7d793          	srli	a5,a5,0x1f
   1083c:	41085813          	srai	a6,a6,0x10
   10840:	00f30333          	add	t1,t1,a5
   10844:	0ca85063          	bge	a6,a0,10904 <core_bench_list+0x154>
   10848:	01031793          	slli	a5,t1,0x10
   1084c:	0207c463          	bltz	a5,10874 <core_bench_list+0xc4>
   10850:	040a8463          	beqz	s5,10898 <core_bench_list+0xe8>
   10854:	0107d813          	srli	a6,a5,0x10
   10858:	000a8793          	mv	a5,s5
   1085c:	0047a883          	lw	a7,4(a5)
   10860:	0028d883          	lhu	a7,2(a7)
   10864:	03088c63          	beq	a7,a6,1089c <core_bench_list+0xec>
   10868:	0007a783          	lw	a5,0(a5)
   1086c:	fe0798e3          	bnez	a5,1085c <core_bench_list+0xac>
   10870:	02c0006f          	j	1089c <core_bench_list+0xec>
   10874:	000a8793          	mv	a5,s5
   10878:	080a8063          	beqz	s5,108f8 <core_bench_list+0x148>
   1087c:	0047a803          	lw	a6,4(a5)
   10880:	00084803          	lbu	a6,0(a6)
   10884:	0ff77893          	zext.b	a7,a4
   10888:	01180a63          	beq	a6,a7,1089c <core_bench_list+0xec>
   1088c:	0007a783          	lw	a5,0(a5)
   10890:	fe0796e3          	bnez	a5,1087c <core_bench_list+0xcc>
   10894:	0080006f          	j	1089c <core_bench_list+0xec>
   10898:	00000793          	li	a5,0
   1089c:	020a8063          	beqz	s5,108bc <core_bench_list+0x10c>
   108a0:	000a8813          	mv	a6,s5
   108a4:	00000a93          	li	s5,0
   108a8:	000a8893          	mv	a7,s5
   108ac:	00080a93          	mv	s5,a6
   108b0:	00082803          	lw	a6,0(a6)
   108b4:	011aa023          	sw	a7,0(s5)
   108b8:	fe0818e3          	bnez	a6,108a8 <core_bench_list+0xf8>
   108bc:	f4078ae3          	beqz	a5,10810 <core_bench_list+0x60>
   108c0:	0047a803          	lw	a6,4(a5)
   108c4:	00081803          	lh	a6,0(a6)
   108c8:	0007a883          	lw	a7,0(a5)
   108cc:	00985293          	srli	t0,a6,0x9
   108d0:	00587833          	and	a6,a6,t0
   108d4:	00168693          	addi	a3,a3,1
   108d8:	00187813          	andi	a6,a6,1
   108dc:	f40884e3          	beqz	a7,10824 <core_bench_list+0x74>
   108e0:	0008a283          	lw	t0,0(a7)
   108e4:	0057a023          	sw	t0,0(a5)
   108e8:	000aa783          	lw	a5,0(s5)
   108ec:	00f8a023          	sw	a5,0(a7)
   108f0:	011aa023          	sw	a7,0(s5)
   108f4:	f31ff06f          	j	10824 <core_bench_list+0x74>
   108f8:	00000793          	li	a5,0
   108fc:	fa0a92e3          	bnez	s5,108a0 <core_bench_list+0xf0>
   10900:	fbdff06f          	j	108bc <core_bench_list+0x10c>
   10904:	fff50513          	addi	a0,a0,-1
   10908:	00269693          	slli	a3,a3,0x2
   1090c:	0ff57513          	zext.b	a0,a0
   10910:	00a12423          	sw	a0,8(sp)
   10914:	40c686b3          	sub	a3,a3,a2
   10918:	008686b3          	add	a3,a3,s0
   1091c:	00c0006f          	j	10928 <core_bench_list+0x178>
   10920:	00000693          	li	a3,0
   10924:	00058313          	mv	t1,a1
   10928:	00612623          	sw	t1,12(sp)
   1092c:	00d12823          	sw	a3,16(sp)
   10930:	12b05263          	blez	a1,10a54 <core_bench_list+0x2a4>
   10934:	00100b93          	li	s7,1
   10938:	00100b13          	li	s6,1
   1093c:	0140006f          	j	10950 <core_bench_list+0x1a0>
   10940:	000ca023          	sw	zero,0(s9)
   10944:	001b1b13          	slli	s6,s6,0x1
   10948:	01412503          	lw	a0,20(sp)
   1094c:	10050463          	beqz	a0,10a54 <core_bench_list+0x2a4>
   10950:	00000613          	li	a2,0
   10954:	00000c93          	li	s9,0
   10958:	41600d33          	neg	s10,s6
   1095c:	000a8a13          	mv	s4,s5
   10960:	00000a93          	li	s5,0
   10964:	0100006f          	j	10974 <core_bench_list+0x1c4>
   10968:	000d8b13          	mv	s6,s11
   1096c:	01812603          	lw	a2,24(sp)
   10970:	fc0a08e3          	beqz	s4,10940 <core_bench_list+0x190>
   10974:	03605463          	blez	s6,1099c <core_bench_list+0x1ec>
   10978:	00100c13          	li	s8,1
   1097c:	000a0513          	mv	a0,s4
   10980:	00052503          	lw	a0,0(a0)
   10984:	02050063          	beqz	a0,109a4 <core_bench_list+0x1f4>
   10988:	001c0c13          	addi	s8,s8,1
   1098c:	018d05b3          	add	a1,s10,s8
   10990:	ff7598e3          	bne	a1,s7,10980 <core_bench_list+0x1d0>
   10994:	000b0c13          	mv	s8,s6
   10998:	00c0006f          	j	109a4 <core_bench_list+0x1f4>
   1099c:	00000c13          	li	s8,0
   109a0:	000a0513          	mv	a0,s4
   109a4:	00c12a23          	sw	a2,20(sp)
   109a8:	00160613          	addi	a2,a2,1
   109ac:	00c12c23          	sw	a2,24(sp)
   109b0:	000a0593          	mv	a1,s4
   109b4:	000b0d93          	mv	s11,s6
   109b8:	00c0006f          	j	109c4 <core_bench_list+0x214>
   109bc:	00060a93          	mv	s5,a2
   109c0:	00060c93          	mv	s9,a2
   109c4:	00058413          	mv	s0,a1
   109c8:	00050a13          	mv	s4,a0
   109cc:	01804663          	bgtz	s8,109d8 <core_bench_list+0x228>
   109d0:	f9605ce3          	blez	s6,10968 <core_bench_list+0x1b8>
   109d4:	f80a0ae3          	beqz	s4,10968 <core_bench_list+0x1b8>
   109d8:	020c0c63          	beqz	s8,10a10 <core_bench_list+0x260>
   109dc:	040b0663          	beqz	s6,10a28 <core_bench_list+0x278>
   109e0:	040a0463          	beqz	s4,10a28 <core_bench_list+0x278>
   109e4:	00442503          	lw	a0,4(s0)
   109e8:	004a2903          	lw	s2,4(s4)
   109ec:	00048593          	mv	a1,s1
   109f0:	00000097          	auipc	ra,0x0
   109f4:	cc4080e7          	jalr	-828(ra) # 106b4 <calc_func>
   109f8:	00050993          	mv	s3,a0
   109fc:	00090513          	mv	a0,s2
   10a00:	00048593          	mv	a1,s1
   10a04:	00000097          	auipc	ra,0x0
   10a08:	cb0080e7          	jalr	-848(ra) # 106b4 <calc_func>
   10a0c:	01357e63          	bgeu	a0,s3,10a28 <core_bench_list+0x278>
   10a10:	000a2503          	lw	a0,0(s4)
   10a14:	fffb0b13          	addi	s6,s6,-1
   10a18:	00040593          	mv	a1,s0
   10a1c:	000a0613          	mv	a2,s4
   10a20:	000c9e63          	bnez	s9,10a3c <core_bench_list+0x28c>
   10a24:	f99ff06f          	j	109bc <core_bench_list+0x20c>
   10a28:	00042583          	lw	a1,0(s0)
   10a2c:	fffc0c13          	addi	s8,s8,-1
   10a30:	000a0513          	mv	a0,s4
   10a34:	00040613          	mv	a2,s0
   10a38:	f80c82e3          	beqz	s9,109bc <core_bench_list+0x20c>
   10a3c:	00cca023          	sw	a2,0(s9)
   10a40:	00058413          	mv	s0,a1
   10a44:	00050a13          	mv	s4,a0
   10a48:	00060c93          	mv	s9,a2
   10a4c:	f98046e3          	bgtz	s8,109d8 <core_bench_list+0x228>
   10a50:	f81ff06f          	j	109d0 <core_bench_list+0x220>
   10a54:	000aa583          	lw	a1,0(s5)
   10a58:	0005a403          	lw	s0,0(a1)
   10a5c:	0045a603          	lw	a2,4(a1)
   10a60:	00042683          	lw	a3,0(s0)
   10a64:	00442703          	lw	a4,4(s0)
   10a68:	00c12503          	lw	a0,12(sp)
   10a6c:	01051513          	slli	a0,a0,0x10
   10a70:	00d5a023          	sw	a3,0(a1)
   10a74:	00e5a223          	sw	a4,4(a1)
   10a78:	00042023          	sw	zero,0(s0)
   10a7c:	00c42223          	sw	a2,4(s0)
   10a80:	02054263          	bltz	a0,10aa4 <core_bench_list+0x2f4>
   10a84:	01055513          	srli	a0,a0,0x10
   10a88:	000a8493          	mv	s1,s5
   10a8c:	0044a583          	lw	a1,4(s1)
   10a90:	0025d583          	lhu	a1,2(a1)
   10a94:	02a58a63          	beq	a1,a0,10ac8 <core_bench_list+0x318>
   10a98:	0004a483          	lw	s1,0(s1)
   10a9c:	fe0498e3          	bnez	s1,10a8c <core_bench_list+0x2dc>
   10aa0:	0280006f          	j	10ac8 <core_bench_list+0x318>
   10aa4:	00812503          	lw	a0,8(sp)
   10aa8:	01051513          	slli	a0,a0,0x10
   10aac:	01055513          	srli	a0,a0,0x10
   10ab0:	000a8493          	mv	s1,s5
   10ab4:	0044a583          	lw	a1,4(s1)
   10ab8:	0005c583          	lbu	a1,0(a1)
   10abc:	00a58663          	beq	a1,a0,10ac8 <core_bench_list+0x318>
   10ac0:	0004a483          	lw	s1,0(s1)
   10ac4:	fe0498e3          	bnez	s1,10ab4 <core_bench_list+0x304>
   10ac8:	01012f83          	lw	t6,16(sp)
   10acc:	00049463          	bnez	s1,10ad4 <core_bench_list+0x324>
   10ad0:	000aa483          	lw	s1,0(s5)
   10ad4:	02048463          	beqz	s1,10afc <core_bench_list+0x34c>
   10ad8:	004aa503          	lw	a0,4(s5)
   10adc:	00051503          	lh	a0,0(a0)
   10ae0:	010f9593          	slli	a1,t6,0x10
   10ae4:	0105d593          	srli	a1,a1,0x10
   10ae8:	00002097          	auipc	ra,0x2
   10aec:	88c080e7          	jalr	-1908(ra) # 12374 <crc16>
   10af0:	0004a483          	lw	s1,0(s1)
   10af4:	00050f93          	mv	t6,a0
   10af8:	fe0490e3          	bnez	s1,10ad8 <core_bench_list+0x328>
   10afc:	000aa583          	lw	a1,0(s5)
   10b00:	0005a503          	lw	a0,0(a1)
   10b04:	0045a603          	lw	a2,4(a1)
   10b08:	00442683          	lw	a3,4(s0)
   10b0c:	00a42023          	sw	a0,0(s0)
   10b10:	00c42223          	sw	a2,4(s0)
   10b14:	00100513          	li	a0,1
   10b18:	0085a023          	sw	s0,0(a1)
   10b1c:	00d5a223          	sw	a3,4(a1)
   10b20:	00100593          	li	a1,1
   10b24:	0100006f          	j	10b34 <core_bench_list+0x384>
   10b28:	00062023          	sw	zero,0(a2)
   10b2c:	00159593          	slli	a1,a1,0x1
   10b30:	0e070a63          	beqz	a4,10c24 <core_bench_list+0x474>
   10b34:	00000813          	li	a6,0
   10b38:	00000613          	li	a2,0
   10b3c:	40b006b3          	neg	a3,a1
   10b40:	000a8893          	mv	a7,s5
   10b44:	00000a93          	li	s5,0
   10b48:	0080006f          	j	10b50 <core_bench_list+0x3a0>
   10b4c:	fc088ee3          	beqz	a7,10b28 <core_bench_list+0x378>
   10b50:	00080713          	mv	a4,a6
   10b54:	02b05463          	blez	a1,10b7c <core_bench_list+0x3cc>
   10b58:	00100793          	li	a5,1
   10b5c:	00088313          	mv	t1,a7
   10b60:	00032303          	lw	t1,0(t1)
   10b64:	02030063          	beqz	t1,10b84 <core_bench_list+0x3d4>
   10b68:	00178793          	addi	a5,a5,1
   10b6c:	00f68833          	add	a6,a3,a5
   10b70:	fea818e3          	bne	a6,a0,10b60 <core_bench_list+0x3b0>
   10b74:	00058793          	mv	a5,a1
   10b78:	00c0006f          	j	10b84 <core_bench_list+0x3d4>
   10b7c:	00000793          	li	a5,0
   10b80:	00088313          	mv	t1,a7
   10b84:	00170813          	addi	a6,a4,1
   10b88:	00088e13          	mv	t3,a7
   10b8c:	00058293          	mv	t0,a1
   10b90:	00c0006f          	j	10b9c <core_bench_list+0x3ec>
   10b94:	000e8a93          	mv	s5,t4
   10b98:	000e8613          	mv	a2,t4
   10b9c:	000e0393          	mv	t2,t3
   10ba0:	00030893          	mv	a7,t1
   10ba4:	00f04663          	bgtz	a5,10bb0 <core_bench_list+0x400>
   10ba8:	fa5052e3          	blez	t0,10b4c <core_bench_list+0x39c>
   10bac:	fa0880e3          	beqz	a7,10b4c <core_bench_list+0x39c>
   10bb0:	02078863          	beqz	a5,10be0 <core_bench_list+0x430>
   10bb4:	04028263          	beqz	t0,10bf8 <core_bench_list+0x448>
   10bb8:	04088063          	beqz	a7,10bf8 <core_bench_list+0x448>
   10bbc:	0043a303          	lw	t1,4(t2)
   10bc0:	00134e03          	lbu	t3,1(t1)
   10bc4:	0048ae83          	lw	t4,4(a7)
   10bc8:	01c30023          	sb	t3,0(t1)
   10bcc:	001ece03          	lbu	t3,1(t4)
   10bd0:	002e9f03          	lh	t5,2(t4)
   10bd4:	01ce8023          	sb	t3,0(t4)
   10bd8:	00231303          	lh	t1,2(t1)
   10bdc:	006f5e63          	bge	t5,t1,10bf8 <core_bench_list+0x448>
   10be0:	0008a303          	lw	t1,0(a7)
   10be4:	fff28293          	addi	t0,t0,-1
   10be8:	00038e13          	mv	t3,t2
   10bec:	00088e93          	mv	t4,a7
   10bf0:	00061e63          	bnez	a2,10c0c <core_bench_list+0x45c>
   10bf4:	fa1ff06f          	j	10b94 <core_bench_list+0x3e4>
   10bf8:	0003ae03          	lw	t3,0(t2)
   10bfc:	fff78793          	addi	a5,a5,-1
   10c00:	00088313          	mv	t1,a7
   10c04:	00038e93          	mv	t4,t2
   10c08:	f80606e3          	beqz	a2,10b94 <core_bench_list+0x3e4>
   10c0c:	01d62023          	sw	t4,0(a2)
   10c10:	000e0393          	mv	t2,t3
   10c14:	00030893          	mv	a7,t1
   10c18:	000e8613          	mv	a2,t4
   10c1c:	f8f04ae3          	bgtz	a5,10bb0 <core_bench_list+0x400>
   10c20:	f89ff06f          	j	10ba8 <core_bench_list+0x3f8>
   10c24:	000aa403          	lw	s0,0(s5)
   10c28:	02040463          	beqz	s0,10c50 <core_bench_list+0x4a0>
   10c2c:	004aa503          	lw	a0,4(s5)
   10c30:	00051503          	lh	a0,0(a0)
   10c34:	010f9593          	slli	a1,t6,0x10
   10c38:	0105d593          	srli	a1,a1,0x10
   10c3c:	00001097          	auipc	ra,0x1
   10c40:	738080e7          	jalr	1848(ra) # 12374 <crc16>
   10c44:	00042403          	lw	s0,0(s0)
   10c48:	00050f93          	mv	t6,a0
   10c4c:	fe0410e3          	bnez	s0,10c2c <core_bench_list+0x47c>
   10c50:	010f9513          	slli	a0,t6,0x10
   10c54:	01055513          	srli	a0,a0,0x10
   10c58:	04c12083          	lw	ra,76(sp)
   10c5c:	04812403          	lw	s0,72(sp)
   10c60:	04412483          	lw	s1,68(sp)
   10c64:	04012903          	lw	s2,64(sp)
   10c68:	03c12983          	lw	s3,60(sp)
   10c6c:	03812a03          	lw	s4,56(sp)
   10c70:	03412a83          	lw	s5,52(sp)
   10c74:	03012b03          	lw	s6,48(sp)
   10c78:	02c12b83          	lw	s7,44(sp)
   10c7c:	02812c03          	lw	s8,40(sp)
   10c80:	02412c83          	lw	s9,36(sp)
   10c84:	02012d03          	lw	s10,32(sp)
   10c88:	01c12d83          	lw	s11,28(sp)
   10c8c:	05010113          	addi	sp,sp,80
   10c90:	00008067          	ret

00010c94 <core_list_init>:
   10c94:	000086b7          	lui	a3,0x8
   10c98:	ccccd737          	lui	a4,0xccccd
   10c9c:	00858793          	addi	a5,a1,8
   10ca0:	00300893          	li	a7,3
   10ca4:	fff68693          	addi	a3,a3,-1 # 7fff <__HEAP_SIZE+0x5fff>
   10ca8:	ccd70713          	addi	a4,a4,-819 # cccccccd <__stack_top__+0xccc9cccd>
   10cac:	02e53533          	mulhu	a0,a0,a4
   10cb0:	08168813          	addi	a6,a3,129
   10cb4:	00455513          	srli	a0,a0,0x4
   10cb8:	ffe50513          	addi	a0,a0,-2
   10cbc:	00351713          	slli	a4,a0,0x3
   10cc0:	00e58733          	add	a4,a1,a4
   10cc4:	01071023          	sh	a6,0(a4)
   10cc8:	00071123          	sh	zero,2(a4)
   10ccc:	0005a023          	sw	zero,0(a1)
   10cd0:	00e5a223          	sw	a4,4(a1)
   10cd4:	00470813          	addi	a6,a4,4
   10cd8:	03156463          	bltu	a0,a7,10d00 <core_list_init+0x6c>
   10cdc:	0105a623          	sw	a6,12(a1)
   10ce0:	00870813          	addi	a6,a4,8
   10ce4:	fff00893          	li	a7,-1
   10ce8:	01058293          	addi	t0,a1,16
   10cec:	00f5a023          	sw	a5,0(a1)
   10cf0:	01171223          	sh	a7,4(a4)
   10cf4:	00d71323          	sh	a3,6(a4)
   10cf8:	0005a423          	sw	zero,8(a1)
   10cfc:	00028793          	mv	a5,t0
   10d00:	06050a63          	beqz	a0,10d74 <core_list_init+0xe0>
   10d04:	00000893          	li	a7,0
   10d08:	00251293          	slli	t0,a0,0x2
   10d0c:	005702b3          	add	t0,a4,t0
   10d10:	01c0006f          	j	10d2c <core_list_init+0x98>
   10d14:	00080313          	mv	t1,a6
   10d18:	00078393          	mv	t2,a5
   10d1c:	00188893          	addi	a7,a7,1
   10d20:	00038793          	mv	a5,t2
   10d24:	00030813          	mv	a6,t1
   10d28:	05150663          	beq	a0,a7,10d74 <core_list_init+0xe0>
   10d2c:	00878393          	addi	t2,a5,8
   10d30:	fee3f2e3          	bgeu	t2,a4,10d14 <core_list_init+0x80>
   10d34:	00480313          	addi	t1,a6,4
   10d38:	fc537ee3          	bgeu	t1,t0,10d14 <core_list_init+0x80>
   10d3c:	01164e33          	xor	t3,a2,a7
   10d40:	0078fe93          	andi	t4,a7,7
   10d44:	0005af03          	lw	t5,0(a1)
   10d48:	01ce1e13          	slli	t3,t3,0x1c
   10d4c:	019e5e13          	srli	t3,t3,0x19
   10d50:	01de6e33          	or	t3,t3,t4
   10d54:	01e7a023          	sw	t5,0(a5)
   10d58:	008e1e93          	slli	t4,t3,0x8
   10d5c:	00f5a023          	sw	a5,0(a1)
   10d60:	0107a223          	sw	a6,4(a5)
   10d64:	01cee7b3          	or	a5,t4,t3
   10d68:	00f81023          	sh	a5,0(a6)
   10d6c:	00d81123          	sh	a3,2(a6)
   10d70:	fadff06f          	j	10d1c <core_list_init+0x88>
   10d74:	0005a683          	lw	a3,0(a1)
   10d78:	0006a703          	lw	a4,0(a3)
   10d7c:	04070c63          	beqz	a4,10dd4 <core_list_init+0x140>
   10d80:	ccccd737          	lui	a4,0xccccd
   10d84:	ccd70713          	addi	a4,a4,-819 # cccccccd <__stack_top__+0xccc9cccd>
   10d88:	02e53533          	mulhu	a0,a0,a4
   10d8c:	00255513          	srli	a0,a0,0x2
   10d90:	00200713          	li	a4,2
   10d94:	01c0006f          	j	10db0 <core_list_init+0x11c>
   10d98:	0046a803          	lw	a6,4(a3)
   10d9c:	0006a683          	lw	a3,0(a3)
   10da0:	0006a883          	lw	a7,0(a3)
   10da4:	00f81123          	sh	a5,2(a6)
   10da8:	00170713          	addi	a4,a4,1
   10dac:	02088463          	beqz	a7,10dd4 <core_list_init+0x140>
   10db0:	fff70793          	addi	a5,a4,-1
   10db4:	fea7e2e3          	bltu	a5,a0,10d98 <core_list_init+0x104>
   10db8:	00f647b3          	xor	a5,a2,a5
   10dbc:	01d71813          	slli	a6,a4,0x1d
   10dc0:	01279793          	slli	a5,a5,0x12
   10dc4:	0127d793          	srli	a5,a5,0x12
   10dc8:	01585813          	srli	a6,a6,0x15
   10dcc:	00f867b3          	or	a5,a6,a5
   10dd0:	fc9ff06f          	j	10d98 <core_list_init+0x104>
   10dd4:	00100513          	li	a0,1
   10dd8:	00100613          	li	a2,1
   10ddc:	0100006f          	j	10dec <core_list_init+0x158>
   10de0:	0006a023          	sw	zero,0(a3)
   10de4:	00161613          	slli	a2,a2,0x1
   10de8:	0e078a63          	beqz	a5,10edc <core_list_init+0x248>
   10dec:	00000893          	li	a7,0
   10df0:	00000693          	li	a3,0
   10df4:	40c00733          	neg	a4,a2
   10df8:	00058293          	mv	t0,a1
   10dfc:	00000593          	li	a1,0
   10e00:	0080006f          	j	10e08 <core_list_init+0x174>
   10e04:	fc028ee3          	beqz	t0,10de0 <core_list_init+0x14c>
   10e08:	00088793          	mv	a5,a7
   10e0c:	02c05463          	blez	a2,10e34 <core_list_init+0x1a0>
   10e10:	00100813          	li	a6,1
   10e14:	00028393          	mv	t2,t0
   10e18:	0003a383          	lw	t2,0(t2)
   10e1c:	02038063          	beqz	t2,10e3c <core_list_init+0x1a8>
   10e20:	00180813          	addi	a6,a6,1
   10e24:	010708b3          	add	a7,a4,a6
   10e28:	fea898e3          	bne	a7,a0,10e18 <core_list_init+0x184>
   10e2c:	00060813          	mv	a6,a2
   10e30:	00c0006f          	j	10e3c <core_list_init+0x1a8>
   10e34:	00000813          	li	a6,0
   10e38:	00028393          	mv	t2,t0
   10e3c:	00178893          	addi	a7,a5,1
   10e40:	00028e93          	mv	t4,t0
   10e44:	00060313          	mv	t1,a2
   10e48:	00c0006f          	j	10e54 <core_list_init+0x1c0>
   10e4c:	000f0593          	mv	a1,t5
   10e50:	000f0693          	mv	a3,t5
   10e54:	000e8e13          	mv	t3,t4
   10e58:	00038293          	mv	t0,t2
   10e5c:	01004663          	bgtz	a6,10e68 <core_list_init+0x1d4>
   10e60:	fa6052e3          	blez	t1,10e04 <core_list_init+0x170>
   10e64:	fa0280e3          	beqz	t0,10e04 <core_list_init+0x170>
   10e68:	02080863          	beqz	a6,10e98 <core_list_init+0x204>
   10e6c:	04030263          	beqz	t1,10eb0 <core_list_init+0x21c>
   10e70:	04028063          	beqz	t0,10eb0 <core_list_init+0x21c>
   10e74:	004e2383          	lw	t2,4(t3)
   10e78:	0013ce83          	lbu	t4,1(t2)
   10e7c:	0042af03          	lw	t5,4(t0)
   10e80:	01d38023          	sb	t4,0(t2)
   10e84:	001f4e83          	lbu	t4,1(t5)
   10e88:	002f1f83          	lh	t6,2(t5)
   10e8c:	01df0023          	sb	t4,0(t5)
   10e90:	00239383          	lh	t2,2(t2)
   10e94:	007fde63          	bge	t6,t2,10eb0 <core_list_init+0x21c>
   10e98:	0002a383          	lw	t2,0(t0)
   10e9c:	fff30313          	addi	t1,t1,-1
   10ea0:	000e0e93          	mv	t4,t3
   10ea4:	00028f13          	mv	t5,t0
   10ea8:	00069e63          	bnez	a3,10ec4 <core_list_init+0x230>
   10eac:	fa1ff06f          	j	10e4c <core_list_init+0x1b8>
   10eb0:	000e2e83          	lw	t4,0(t3)
   10eb4:	fff80813          	addi	a6,a6,-1
   10eb8:	00028393          	mv	t2,t0
   10ebc:	000e0f13          	mv	t5,t3
   10ec0:	f80686e3          	beqz	a3,10e4c <core_list_init+0x1b8>
   10ec4:	01e6a023          	sw	t5,0(a3)
   10ec8:	000e8e13          	mv	t3,t4
   10ecc:	00038293          	mv	t0,t2
   10ed0:	000f0693          	mv	a3,t5
   10ed4:	f9004ae3          	bgtz	a6,10e68 <core_list_init+0x1d4>
   10ed8:	f89ff06f          	j	10e60 <core_list_init+0x1cc>
   10edc:	00058513          	mv	a0,a1
   10ee0:	00008067          	ret

00010ee4 <main>:
   10ee4:	f9010113          	addi	sp,sp,-112
   10ee8:	06112623          	sw	ra,108(sp)
   10eec:	06812423          	sw	s0,104(sp)
   10ef0:	06912223          	sw	s1,100(sp)
   10ef4:	07212023          	sw	s2,96(sp)
   10ef8:	05312e23          	sw	s3,92(sp)
   10efc:	05412c23          	sw	s4,88(sp)
   10f00:	05512a23          	sw	s5,84(sp)
   10f04:	04012823          	sw	zero,80(sp)
   10f08:	04810513          	addi	a0,sp,72
   10f0c:	05010593          	addi	a1,sp,80
   10f10:	04c10613          	addi	a2,sp,76
   10f14:	00001097          	auipc	ra,0x1
   10f18:	ec0080e7          	jalr	-320(ra) # 11dd4 <portable_init>
   10f1c:	00100513          	li	a0,1
   10f20:	00001097          	auipc	ra,0x1
   10f24:	364080e7          	jalr	868(ra) # 12284 <get_seed_32>
   10f28:	00a11223          	sh	a0,4(sp)
   10f2c:	00200513          	li	a0,2
   10f30:	00001097          	auipc	ra,0x1
   10f34:	354080e7          	jalr	852(ra) # 12284 <get_seed_32>
   10f38:	00a11323          	sh	a0,6(sp)
   10f3c:	00300513          	li	a0,3
   10f40:	00001097          	auipc	ra,0x1
   10f44:	344080e7          	jalr	836(ra) # 12284 <get_seed_32>
   10f48:	00a11423          	sh	a0,8(sp)
   10f4c:	00400513          	li	a0,4
   10f50:	00001097          	auipc	ra,0x1
   10f54:	334080e7          	jalr	820(ra) # 12284 <get_seed_32>
   10f58:	02a12023          	sw	a0,32(sp)
   10f5c:	00500513          	li	a0,5
   10f60:	00001097          	auipc	ra,0x1
   10f64:	324080e7          	jalr	804(ra) # 12284 <get_seed_32>
   10f68:	00051463          	bnez	a0,10f70 <main+0x8c>
   10f6c:	00700513          	li	a0,7
   10f70:	00415583          	lhu	a1,4(sp)
   10f74:	02a12223          	sw	a0,36(sp)
   10f78:	02059063          	bnez	a1,10f98 <main+0xb4>
   10f7c:	00615583          	lhu	a1,6(sp)
   10f80:	00059c63          	bnez	a1,10f98 <main+0xb4>
   10f84:	00815583          	lhu	a1,8(sp)
   10f88:	00059863          	bnez	a1,10f98 <main+0xb4>
   10f8c:	06600593          	li	a1,102
   10f90:	00012223          	sw	zero,4(sp)
   10f94:	00b11423          	sh	a1,8(sp)
   10f98:	00415583          	lhu	a1,4(sp)
   10f9c:	00100613          	li	a2,1
   10fa0:	02c59463          	bne	a1,a2,10fc8 <main+0xe4>
   10fa4:	00615583          	lhu	a1,6(sp)
   10fa8:	02059063          	bnez	a1,10fc8 <main+0xe4>
   10fac:	00815583          	lhu	a1,8(sp)
   10fb0:	00059c63          	bnez	a1,10fc8 <main+0xe4>
   10fb4:	341535b7          	lui	a1,0x34153
   10fb8:	06600613          	li	a2,102
   10fbc:	41558593          	addi	a1,a1,1045 # 34153415 <__stack_top__+0x34123415>
   10fc0:	00b12223          	sw	a1,4(sp)
   10fc4:	00c11423          	sh	a2,8(sp)
   10fc8:	00000613          	li	a2,0
   10fcc:	00000713          	li	a4,0
   10fd0:	000215b7          	lui	a1,0x21
   10fd4:	a3458593          	addi	a1,a1,-1484 # 20a34 <static_memblk>
   10fd8:	7d000693          	li	a3,2000
   10fdc:	00b12623          	sw	a1,12(sp)
   10fe0:	00d12e23          	sw	a3,28(sp)
   10fe4:	04011223          	sh	zero,68(sp)
   10fe8:	00300693          	li	a3,3
   10fec:	00c557b3          	srl	a5,a0,a2
   10ff0:	0017f793          	andi	a5,a5,1
   10ff4:	00160613          	addi	a2,a2,1
   10ff8:	00e78733          	add	a4,a5,a4
   10ffc:	fed618e3          	bne	a2,a3,10fec <main+0x108>
   11000:	00000613          	li	a2,0
   11004:	00000693          	li	a3,0
   11008:	01c12783          	lw	a5,28(sp)
   1100c:	01071713          	slli	a4,a4,0x10
   11010:	01075713          	srli	a4,a4,0x10
   11014:	02e7d733          	divu	a4,a5,a4
   11018:	01010793          	addi	a5,sp,16
   1101c:	00e12e23          	sw	a4,28(sp)
   11020:	00300813          	li	a6,3
   11024:	0100006f          	j	11034 <main+0x150>
   11028:	00160613          	addi	a2,a2,1
   1102c:	00478793          	addi	a5,a5,4
   11030:	03060663          	beq	a2,a6,1105c <main+0x178>
   11034:	00c558b3          	srl	a7,a0,a2
   11038:	0018f893          	andi	a7,a7,1
   1103c:	fe0886e3          	beqz	a7,11028 <main+0x144>
   11040:	01069893          	slli	a7,a3,0x10
   11044:	0108d893          	srli	a7,a7,0x10
   11048:	031708b3          	mul	a7,a4,a7
   1104c:	011588b3          	add	a7,a1,a7
   11050:	0117a023          	sw	a7,0(a5)
   11054:	00168693          	addi	a3,a3,1
   11058:	fd1ff06f          	j	11028 <main+0x144>
   1105c:	02414503          	lbu	a0,36(sp)
   11060:	00157513          	andi	a0,a0,1
   11064:	00050e63          	beqz	a0,11080 <main+0x19c>
   11068:	00411603          	lh	a2,4(sp)
   1106c:	01012583          	lw	a1,16(sp)
   11070:	01c12503          	lw	a0,28(sp)
   11074:	00000097          	auipc	ra,0x0
   11078:	c20080e7          	jalr	-992(ra) # 10c94 <core_list_init>
   1107c:	02a12423          	sw	a0,40(sp)
   11080:	02414503          	lbu	a0,36(sp)
   11084:	00257513          	andi	a0,a0,2
   11088:	02050463          	beqz	a0,110b0 <main+0x1cc>
   1108c:	00411603          	lh	a2,4(sp)
   11090:	00611703          	lh	a4,6(sp)
   11094:	01412583          	lw	a1,20(sp)
   11098:	01c12503          	lw	a0,28(sp)
   1109c:	02c10693          	addi	a3,sp,44
   110a0:	01071713          	slli	a4,a4,0x10
   110a4:	00c76633          	or	a2,a4,a2
   110a8:	00001097          	auipc	ra,0x1
   110ac:	ba8080e7          	jalr	-1112(ra) # 11c50 <core_init_matrix>
   110b0:	02414503          	lbu	a0,36(sp)
   110b4:	00457513          	andi	a0,a0,4
   110b8:	00050c63          	beqz	a0,110d0 <main+0x1ec>
   110bc:	00411583          	lh	a1,4(sp)
   110c0:	01812603          	lw	a2,24(sp)
   110c4:	01c12503          	lw	a0,28(sp)
   110c8:	00001097          	auipc	ra,0x1
   110cc:	100080e7          	jalr	256(ra) # 121c8 <core_init_state>
   110d0:	02012503          	lw	a0,32(sp)
   110d4:	0c051663          	bnez	a0,111a0 <main+0x2bc>
   110d8:	00100513          	li	a0,1
   110dc:	02a12023          	sw	a0,32(sp)
   110e0:	0200006f          	j	11100 <main+0x21c>
   110e4:	00001097          	auipc	ra,0x1
   110e8:	c78080e7          	jalr	-904(ra) # 11d5c <stop_time>
   110ec:	00001097          	auipc	ra,0x1
   110f0:	c94080e7          	jalr	-876(ra) # 11d80 <get_time>
   110f4:	00001097          	auipc	ra,0x1
   110f8:	cb8080e7          	jalr	-840(ra) # 11dac <time_in_secs>
   110fc:	08051663          	bnez	a0,11188 <main+0x2a4>
   11100:	02012503          	lw	a0,32(sp)
   11104:	00151593          	slli	a1,a0,0x1
   11108:	00351513          	slli	a0,a0,0x3
   1110c:	00b50533          	add	a0,a0,a1
   11110:	02a12023          	sw	a0,32(sp)
   11114:	00001097          	auipc	ra,0x1
   11118:	c28080e7          	jalr	-984(ra) # 11d3c <start_time>
   1111c:	02012403          	lw	s0,32(sp)
   11120:	02012e23          	sw	zero,60(sp)
   11124:	04012023          	sw	zero,64(sp)
   11128:	fa040ee3          	beqz	s0,110e4 <main+0x200>
   1112c:	00000493          	li	s1,0
   11130:	00c0006f          	j	1113c <main+0x258>
   11134:	00148493          	addi	s1,s1,1
   11138:	fa9406e3          	beq	s0,s1,110e4 <main+0x200>
   1113c:	00410513          	addi	a0,sp,4
   11140:	00100593          	li	a1,1
   11144:	fffff097          	auipc	ra,0xfffff
   11148:	66c080e7          	jalr	1644(ra) # 107b0 <core_bench_list>
   1114c:	03c15583          	lhu	a1,60(sp)
   11150:	00001097          	auipc	ra,0x1
   11154:	164080e7          	jalr	356(ra) # 122b4 <crcu16>
   11158:	02a11e23          	sh	a0,60(sp)
   1115c:	00410513          	addi	a0,sp,4
   11160:	fff00593          	li	a1,-1
   11164:	fffff097          	auipc	ra,0xfffff
   11168:	64c080e7          	jalr	1612(ra) # 107b0 <core_bench_list>
   1116c:	03c15583          	lhu	a1,60(sp)
   11170:	00001097          	auipc	ra,0x1
   11174:	144080e7          	jalr	324(ra) # 122b4 <crcu16>
   11178:	02a11e23          	sh	a0,60(sp)
   1117c:	fa049ce3          	bnez	s1,11134 <main+0x250>
   11180:	02a11f23          	sh	a0,62(sp)
   11184:	fb1ff06f          	j	11134 <main+0x250>
   11188:	00a00593          	li	a1,10
   1118c:	02a5d533          	divu	a0,a1,a0
   11190:	02012583          	lw	a1,32(sp)
   11194:	00150513          	addi	a0,a0,1
   11198:	02a58533          	mul	a0,a1,a0
   1119c:	02a12023          	sw	a0,32(sp)
   111a0:	00001097          	auipc	ra,0x1
   111a4:	b9c080e7          	jalr	-1124(ra) # 11d3c <start_time>
   111a8:	02012403          	lw	s0,32(sp)
   111ac:	02012e23          	sw	zero,60(sp)
   111b0:	04012023          	sw	zero,64(sp)
   111b4:	06040063          	beqz	s0,11214 <main+0x330>
   111b8:	00000493          	li	s1,0
   111bc:	00c0006f          	j	111c8 <main+0x2e4>
   111c0:	00148493          	addi	s1,s1,1
   111c4:	04940863          	beq	s0,s1,11214 <main+0x330>
   111c8:	00410513          	addi	a0,sp,4
   111cc:	00100593          	li	a1,1
   111d0:	fffff097          	auipc	ra,0xfffff
   111d4:	5e0080e7          	jalr	1504(ra) # 107b0 <core_bench_list>
   111d8:	03c15583          	lhu	a1,60(sp)
   111dc:	00001097          	auipc	ra,0x1
   111e0:	0d8080e7          	jalr	216(ra) # 122b4 <crcu16>
   111e4:	02a11e23          	sh	a0,60(sp)
   111e8:	00410513          	addi	a0,sp,4
   111ec:	fff00593          	li	a1,-1
   111f0:	fffff097          	auipc	ra,0xfffff
   111f4:	5c0080e7          	jalr	1472(ra) # 107b0 <core_bench_list>
   111f8:	03c15583          	lhu	a1,60(sp)
   111fc:	00001097          	auipc	ra,0x1
   11200:	0b8080e7          	jalr	184(ra) # 122b4 <crcu16>
   11204:	02a11e23          	sh	a0,60(sp)
   11208:	fa049ce3          	bnez	s1,111c0 <main+0x2dc>
   1120c:	02a11f23          	sh	a0,62(sp)
   11210:	fb1ff06f          	j	111c0 <main+0x2dc>
   11214:	00001097          	auipc	ra,0x1
   11218:	b48080e7          	jalr	-1208(ra) # 11d5c <stop_time>
   1121c:	00001097          	auipc	ra,0x1
   11220:	b64080e7          	jalr	-1180(ra) # 11d80 <get_time>
   11224:	00050493          	mv	s1,a0
   11228:	00411503          	lh	a0,4(sp)
   1122c:	00058913          	mv	s2,a1
   11230:	00000593          	li	a1,0
   11234:	00001097          	auipc	ra,0x1
   11238:	140080e7          	jalr	320(ra) # 12374 <crc16>
   1123c:	00611583          	lh	a1,6(sp)
   11240:	00050613          	mv	a2,a0
   11244:	00058513          	mv	a0,a1
   11248:	00060593          	mv	a1,a2
   1124c:	00001097          	auipc	ra,0x1
   11250:	128080e7          	jalr	296(ra) # 12374 <crc16>
   11254:	00811583          	lh	a1,8(sp)
   11258:	00050613          	mv	a2,a0
   1125c:	00058513          	mv	a0,a1
   11260:	00060593          	mv	a1,a2
   11264:	00001097          	auipc	ra,0x1
   11268:	110080e7          	jalr	272(ra) # 12374 <crc16>
   1126c:	01c11583          	lh	a1,28(sp)
   11270:	00050613          	mv	a2,a0
   11274:	00058513          	mv	a0,a1
   11278:	00060593          	mv	a1,a2
   1127c:	00001097          	auipc	ra,0x1
   11280:	0f8080e7          	jalr	248(ra) # 12374 <crc16>
   11284:	00050413          	mv	s0,a0
   11288:	fff00993          	li	s3,-1
   1128c:	00010ab7          	lui	s5,0x10
   11290:	00008537          	lui	a0,0x8
   11294:	b0450513          	addi	a0,a0,-1276 # 7b04 <__HEAP_SIZE+0x5b04>
   11298:	fffa8a93          	addi	s5,s5,-1 # ffff <__HEAP_SIZE+0xdfff>
   1129c:	02855e63          	bge	a0,s0,112d8 <main+0x3f4>
   112a0:	0000f537          	lui	a0,0xf
   112a4:	9f550513          	addi	a0,a0,-1547 # e9f5 <__HEAP_SIZE+0xc9f5>
   112a8:	04a40e63          	beq	s0,a0,11304 <main+0x420>
   112ac:	00009537          	lui	a0,0x9
   112b0:	a0250513          	addi	a0,a0,-1534 # 8a02 <__HEAP_SIZE+0x6a02>
   112b4:	06a40063          	beq	s0,a0,11314 <main+0x430>
   112b8:	00008537          	lui	a0,0x8
   112bc:	b0550593          	addi	a1,a0,-1275 # 7b05 <__HEAP_SIZE+0x5b05>
   112c0:	00000513          	li	a0,0
   112c4:	06b41e63          	bne	s0,a1,11340 <main+0x45c>
   112c8:	00100993          	li	s3,1
   112cc:	00020537          	lui	a0,0x20
   112d0:	3bd50513          	addi	a0,a0,957 # 203bd <_impure_ptr+0x355>
   112d4:	05c0006f          	j	11330 <main+0x44c>
   112d8:	00002537          	lui	a0,0x2
   112dc:	8f250513          	addi	a0,a0,-1806 # 18f2 <__STACK_SIZE+0x8f2>
   112e0:	04a40263          	beq	s0,a0,11324 <main+0x440>
   112e4:	00005537          	lui	a0,0x5
   112e8:	eaf50593          	addi	a1,a0,-337 # 4eaf <__HEAP_SIZE+0x2eaf>
   112ec:	00000513          	li	a0,0
   112f0:	04b41863          	bne	s0,a1,11340 <main+0x45c>
   112f4:	00200993          	li	s3,2
   112f8:	00020537          	lui	a0,0x20
   112fc:	38d50513          	addi	a0,a0,909 # 2038d <_impure_ptr+0x325>
   11300:	0300006f          	j	11330 <main+0x44c>
   11304:	00300993          	li	s3,3
   11308:	00020537          	lui	a0,0x20
   1130c:	36150513          	addi	a0,a0,865 # 20361 <_impure_ptr+0x2f9>
   11310:	0200006f          	j	11330 <main+0x44c>
   11314:	00000993          	li	s3,0
   11318:	00020537          	lui	a0,0x20
   1131c:	3e850513          	addi	a0,a0,1000 # 203e8 <_impure_ptr+0x380>
   11320:	0100006f          	j	11330 <main+0x44c>
   11324:	00400993          	li	s3,4
   11328:	00020537          	lui	a0,0x20
   1132c:	33650513          	addi	a0,a0,822 # 20336 <_impure_ptr+0x2ce>
   11330:	00001097          	auipc	ra,0x1
   11334:	260080e7          	jalr	608(ra) # 12590 <puts>
   11338:	00000a93          	li	s5,0
   1133c:	00100513          	li	a0,1
   11340:	0e050063          	beqz	a0,11420 <main+0x53c>
   11344:	02414503          	lbu	a0,36(sp)
   11348:	00199993          	slli	s3,s3,0x1
   1134c:	00157513          	andi	a0,a0,1
   11350:	04011223          	sh	zero,68(sp)
   11354:	02050e63          	beqz	a0,11390 <main+0x4ac>
   11358:	00020537          	lui	a0,0x20
   1135c:	5a450513          	addi	a0,a0,1444 # 205a4 <list_known_crc>
   11360:	01350533          	add	a0,a0,s3
   11364:	03e15603          	lhu	a2,62(sp)
   11368:	00055683          	lhu	a3,0(a0)
   1136c:	02d60263          	beq	a2,a3,11390 <main+0x4ac>
   11370:	00020537          	lui	a0,0x20
   11374:	08150513          	addi	a0,a0,129 # 20081 <_impure_ptr+0x19>
   11378:	00000593          	li	a1,0
   1137c:	00001097          	auipc	ra,0x1
   11380:	044080e7          	jalr	68(ra) # 123c0 <iprintf>
   11384:	04411503          	lh	a0,68(sp)
   11388:	00150513          	addi	a0,a0,1
   1138c:	04a11223          	sh	a0,68(sp)
   11390:	02414503          	lbu	a0,36(sp)
   11394:	00257513          	andi	a0,a0,2
   11398:	02050e63          	beqz	a0,113d4 <main+0x4f0>
   1139c:	00020537          	lui	a0,0x20
   113a0:	5ae50513          	addi	a0,a0,1454 # 205ae <matrix_known_crc>
   113a4:	01350533          	add	a0,a0,s3
   113a8:	04015603          	lhu	a2,64(sp)
   113ac:	00055683          	lhu	a3,0(a0)
   113b0:	02d60263          	beq	a2,a3,113d4 <main+0x4f0>
   113b4:	00020537          	lui	a0,0x20
   113b8:	0b050513          	addi	a0,a0,176 # 200b0 <_impure_ptr+0x48>
   113bc:	00000593          	li	a1,0
   113c0:	00001097          	auipc	ra,0x1
   113c4:	000080e7          	jalr	ra # 123c0 <iprintf>
   113c8:	04411503          	lh	a0,68(sp)
   113cc:	00150513          	addi	a0,a0,1
   113d0:	04a11223          	sh	a0,68(sp)
   113d4:	02414503          	lbu	a0,36(sp)
   113d8:	00457513          	andi	a0,a0,4
   113dc:	02050e63          	beqz	a0,11418 <main+0x534>
   113e0:	00020537          	lui	a0,0x20
   113e4:	5b850513          	addi	a0,a0,1464 # 205b8 <state_known_crc>
   113e8:	01350533          	add	a0,a0,s3
   113ec:	04215603          	lhu	a2,66(sp)
   113f0:	00055683          	lhu	a3,0(a0)
   113f4:	02d60263          	beq	a2,a3,11418 <main+0x534>
   113f8:	00020537          	lui	a0,0x20
   113fc:	0e150513          	addi	a0,a0,225 # 200e1 <_impure_ptr+0x79>
   11400:	00000593          	li	a1,0
   11404:	00001097          	auipc	ra,0x1
   11408:	fbc080e7          	jalr	-68(ra) # 123c0 <iprintf>
   1140c:	04411503          	lh	a0,68(sp)
   11410:	00150513          	addi	a0,a0,1
   11414:	04a11223          	sh	a0,68(sp)
   11418:	04411503          	lh	a0,68(sp)
   1141c:	01550ab3          	add	s5,a0,s5
   11420:	00001097          	auipc	ra,0x1
   11424:	f98080e7          	jalr	-104(ra) # 123b8 <check_data_types>
   11428:	01c12583          	lw	a1,28(sp)
   1142c:	00050993          	mv	s3,a0
   11430:	00020537          	lui	a0,0x20
   11434:	11150513          	addi	a0,a0,273 # 20111 <_impure_ptr+0xa9>
   11438:	00001097          	auipc	ra,0x1
   1143c:	f88080e7          	jalr	-120(ra) # 123c0 <iprintf>
   11440:	00020537          	lui	a0,0x20
   11444:	12950513          	addi	a0,a0,297 # 20129 <_impure_ptr+0xc1>
   11448:	00048593          	mv	a1,s1
   1144c:	00001097          	auipc	ra,0x1
   11450:	f74080e7          	jalr	-140(ra) # 123c0 <iprintf>
   11454:	000f4537          	lui	a0,0xf4
   11458:	24050513          	addi	a0,a0,576 # f4240 <__stack_top__+0xc4240>
   1145c:	02a905b3          	mul	a1,s2,a0
   11460:	02a4b633          	mulhu	a2,s1,a0
   11464:	00b605b3          	add	a1,a2,a1
   11468:	02a48533          	mul	a0,s1,a0
   1146c:	04c4b637          	lui	a2,0x4c4b
   11470:	40060613          	addi	a2,a2,1024 # 4c4b400 <__stack_top__+0x4c1b400>
   11474:	00000693          	li	a3,0
   11478:	00003097          	auipc	ra,0x3
   1147c:	c90080e7          	jalr	-880(ra) # 14108 <__udivdi3>
   11480:	00050913          	mv	s2,a0
   11484:	00020537          	lui	a0,0x20
   11488:	14150513          	addi	a0,a0,321 # 20141 <_impure_ptr+0xd9>
   1148c:	00090593          	mv	a1,s2
   11490:	00001097          	auipc	ra,0x1
   11494:	f30080e7          	jalr	-208(ra) # 123c0 <iprintf>
   11498:	0c090e63          	beqz	s2,11574 <main+0x690>
   1149c:	02012503          	lw	a0,32(sp)
   114a0:	0ba00593          	li	a1,186
   114a4:	43b74637          	lui	a2,0x43b74
   114a8:	02b505b3          	mul	a1,a0,a1
   114ac:	02c536b3          	mulhu	a3,a0,a2
   114b0:	00b685b3          	add	a1,a3,a1
   114b4:	02c50533          	mul	a0,a0,a2
   114b8:	00048613          	mv	a2,s1
   114bc:	00000693          	li	a3,0
   114c0:	00003097          	auipc	ra,0x3
   114c4:	c48080e7          	jalr	-952(ra) # 14108 <__udivdi3>
   114c8:	00050493          	mv	s1,a0
   114cc:	00058913          	mv	s2,a1
   114d0:	00020537          	lui	a0,0x20
   114d4:	15850513          	addi	a0,a0,344 # 20158 <_impure_ptr+0xf0>
   114d8:	00001097          	auipc	ra,0x1
   114dc:	ee8080e7          	jalr	-280(ra) # 123c0 <iprintf>
   114e0:	00002a37          	lui	s4,0x2
   114e4:	710a0a13          	addi	s4,s4,1808 # 2710 <__HEAP_SIZE+0x710>
   114e8:	00048513          	mv	a0,s1
   114ec:	000a0593          	mv	a1,s4
   114f0:	fffff097          	auipc	ra,0xfffff
   114f4:	0f8080e7          	jalr	248(ra) # 105e8 <print_fixed_scaled>
   114f8:	00a00513          	li	a0,10
   114fc:	00001097          	auipc	ra,0x1
   11500:	f18080e7          	jalr	-232(ra) # 12414 <putchar>
   11504:	01c91513          	slli	a0,s2,0x1c
   11508:	0044d493          	srli	s1,s1,0x4
   1150c:	00495593          	srli	a1,s2,0x4
   11510:	ccccd637          	lui	a2,0xccccd
   11514:	00a4e533          	or	a0,s1,a0
   11518:	ccd60613          	addi	a2,a2,-819 # cccccccd <__stack_top__+0xccc9cccd>
   1151c:	00b505b3          	add	a1,a0,a1
   11520:	00a5b6b3          	sltu	a3,a1,a0
   11524:	00d585b3          	add	a1,a1,a3
   11528:	02c5b6b3          	mulhu	a3,a1,a2
   1152c:	0026d713          	srli	a4,a3,0x2
   11530:	ffc6f693          	andi	a3,a3,-4
   11534:	00e686b3          	add	a3,a3,a4
   11538:	40b50533          	sub	a0,a0,a1
   1153c:	00d50533          	add	a0,a0,a3
   11540:	02c504b3          	mul	s1,a0,a2
   11544:	00020537          	lui	a0,0x20
   11548:	16c50513          	addi	a0,a0,364 # 2016c <_impure_ptr+0x104>
   1154c:	00001097          	auipc	ra,0x1
   11550:	e74080e7          	jalr	-396(ra) # 123c0 <iprintf>
   11554:	00048513          	mv	a0,s1
   11558:	000a0593          	mv	a1,s4
   1155c:	fffff097          	auipc	ra,0xfffff
   11560:	08c080e7          	jalr	140(ra) # 105e8 <print_fixed_scaled>
   11564:	00a00513          	li	a0,10
   11568:	00001097          	auipc	ra,0x1
   1156c:	eac080e7          	jalr	-340(ra) # 12414 <putchar>
   11570:	0240006f          	j	11594 <main+0x6b0>
   11574:	00020537          	lui	a0,0x20
   11578:	41450513          	addi	a0,a0,1044 # 20414 <_impure_ptr+0x3ac>
   1157c:	00001097          	auipc	ra,0x1
   11580:	014080e7          	jalr	20(ra) # 12590 <puts>
   11584:	00020537          	lui	a0,0x20
   11588:	43c50513          	addi	a0,a0,1084 # 2043c <_impure_ptr+0x3d4>
   1158c:	00001097          	auipc	ra,0x1
   11590:	004080e7          	jalr	4(ra) # 12590 <puts>
   11594:	bc6024f3          	csrr	s1,0xbc6
   11598:	bc902973          	csrr	s2,0xbc9
   1159c:	00020537          	lui	a0,0x20
   115a0:	18050513          	addi	a0,a0,384 # 20180 <_impure_ptr+0x118>
   115a4:	00048593          	mv	a1,s1
   115a8:	00001097          	auipc	ra,0x1
   115ac:	e18080e7          	jalr	-488(ra) # 123c0 <iprintf>
   115b0:	00020537          	lui	a0,0x20
   115b4:	19650513          	addi	a0,a0,406 # 20196 <_impure_ptr+0x12e>
   115b8:	00090593          	mv	a1,s2
   115bc:	00001097          	auipc	ra,0x1
   115c0:	e04080e7          	jalr	-508(ra) # 123c0 <iprintf>
   115c4:	04048a63          	beqz	s1,11618 <main+0x734>
   115c8:	41248933          	sub	s2,s1,s2
   115cc:	00020537          	lui	a0,0x20
   115d0:	1ac50513          	addi	a0,a0,428 # 201ac <_impure_ptr+0x144>
   115d4:	00001097          	auipc	ra,0x1
   115d8:	dec080e7          	jalr	-532(ra) # 123c0 <iprintf>
   115dc:	00002537          	lui	a0,0x2
   115e0:	71050593          	addi	a1,a0,1808 # 2710 <__HEAP_SIZE+0x710>
   115e4:	02b90533          	mul	a0,s2,a1
   115e8:	02b935b3          	mulhu	a1,s2,a1
   115ec:	00048613          	mv	a2,s1
   115f0:	00000693          	li	a3,0
   115f4:	00003097          	auipc	ra,0x3
   115f8:	b14080e7          	jalr	-1260(ra) # 14108 <__udivdi3>
   115fc:	06400593          	li	a1,100
   11600:	fffff097          	auipc	ra,0xfffff
   11604:	fe8080e7          	jalr	-24(ra) # 105e8 <print_fixed_scaled>
   11608:	00020537          	lui	a0,0x20
   1160c:	1bf50513          	addi	a0,a0,447 # 201bf <_impure_ptr+0x157>
   11610:	00001097          	auipc	ra,0x1
   11614:	db0080e7          	jalr	-592(ra) # 123c0 <iprintf>
   11618:	02012583          	lw	a1,32(sp)
   1161c:	013a89b3          	add	s3,s5,s3
   11620:	00020537          	lui	a0,0x20
   11624:	1c350513          	addi	a0,a0,451 # 201c3 <_impure_ptr+0x15b>
   11628:	00001097          	auipc	ra,0x1
   1162c:	d98080e7          	jalr	-616(ra) # 123c0 <iprintf>
   11630:	00020537          	lui	a0,0x20
   11634:	1db50513          	addi	a0,a0,475 # 201db <_impure_ptr+0x173>
   11638:	000205b7          	lui	a1,0x20
   1163c:	1f258593          	addi	a1,a1,498 # 201f2 <_impure_ptr+0x18a>
   11640:	00001097          	auipc	ra,0x1
   11644:	d80080e7          	jalr	-640(ra) # 123c0 <iprintf>
   11648:	00020537          	lui	a0,0x20
   1164c:	25250513          	addi	a0,a0,594 # 20252 <_impure_ptr+0x1ea>
   11650:	000205b7          	lui	a1,0x20
   11654:	26958593          	addi	a1,a1,617 # 20269 <_impure_ptr+0x201>
   11658:	00001097          	auipc	ra,0x1
   1165c:	d68080e7          	jalr	-664(ra) # 123c0 <iprintf>
   11660:	00020537          	lui	a0,0x20
   11664:	28d50513          	addi	a0,a0,653 # 2028d <_impure_ptr+0x225>
   11668:	000205b7          	lui	a1,0x20
   1166c:	2a458593          	addi	a1,a1,676 # 202a4 <_impure_ptr+0x23c>
   11670:	00001097          	auipc	ra,0x1
   11674:	d50080e7          	jalr	-688(ra) # 123c0 <iprintf>
   11678:	00020537          	lui	a0,0x20
   1167c:	2ab50513          	addi	a0,a0,683 # 202ab <_impure_ptr+0x243>
   11680:	00040593          	mv	a1,s0
   11684:	00001097          	auipc	ra,0x1
   11688:	d3c080e7          	jalr	-708(ra) # 123c0 <iprintf>
   1168c:	02414503          	lbu	a0,36(sp)
   11690:	00157513          	andi	a0,a0,1
   11694:	00050e63          	beqz	a0,116b0 <main+0x7cc>
   11698:	03e15603          	lhu	a2,62(sp)
   1169c:	00020537          	lui	a0,0x20
   116a0:	2c650513          	addi	a0,a0,710 # 202c6 <_impure_ptr+0x25e>
   116a4:	00000593          	li	a1,0
   116a8:	00001097          	auipc	ra,0x1
   116ac:	d18080e7          	jalr	-744(ra) # 123c0 <iprintf>
   116b0:	02414503          	lbu	a0,36(sp)
   116b4:	00257513          	andi	a0,a0,2
   116b8:	01099413          	slli	s0,s3,0x10
   116bc:	00050e63          	beqz	a0,116d8 <main+0x7f4>
   116c0:	04015603          	lhu	a2,64(sp)
   116c4:	00020537          	lui	a0,0x20
   116c8:	2e250513          	addi	a0,a0,738 # 202e2 <_impure_ptr+0x27a>
   116cc:	00000593          	li	a1,0
   116d0:	00001097          	auipc	ra,0x1
   116d4:	cf0080e7          	jalr	-784(ra) # 123c0 <iprintf>
   116d8:	02414503          	lbu	a0,36(sp)
   116dc:	00457513          	andi	a0,a0,4
   116e0:	41045413          	srai	s0,s0,0x10
   116e4:	00050e63          	beqz	a0,11700 <main+0x81c>
   116e8:	04215603          	lhu	a2,66(sp)
   116ec:	00020537          	lui	a0,0x20
   116f0:	2fe50513          	addi	a0,a0,766 # 202fe <_impure_ptr+0x296>
   116f4:	00000593          	li	a1,0
   116f8:	00001097          	auipc	ra,0x1
   116fc:	cc8080e7          	jalr	-824(ra) # 123c0 <iprintf>
   11700:	03c15603          	lhu	a2,60(sp)
   11704:	00020537          	lui	a0,0x20
   11708:	31a50513          	addi	a0,a0,794 # 2031a <_impure_ptr+0x2b2>
   1170c:	00000593          	li	a1,0
   11710:	00001097          	auipc	ra,0x1
   11714:	cb0080e7          	jalr	-848(ra) # 123c0 <iprintf>
   11718:	00041a63          	bnez	s0,1172c <main+0x848>
   1171c:	00020537          	lui	a0,0x20
   11720:	45350513          	addi	a0,a0,1107 # 20453 <_impure_ptr+0x3eb>
   11724:	00001097          	auipc	ra,0x1
   11728:	e6c080e7          	jalr	-404(ra) # 12590 <puts>
   1172c:	00805a63          	blez	s0,11740 <main+0x85c>
   11730:	00020537          	lui	a0,0x20
   11734:	49b50513          	addi	a0,a0,1179 # 2049b <_impure_ptr+0x433>
   11738:	00001097          	auipc	ra,0x1
   1173c:	e58080e7          	jalr	-424(ra) # 12590 <puts>
   11740:	00045a63          	bgez	s0,11754 <main+0x870>
   11744:	00020537          	lui	a0,0x20
   11748:	4ab50513          	addi	a0,a0,1195 # 204ab <_impure_ptr+0x443>
   1174c:	00001097          	auipc	ra,0x1
   11750:	e44080e7          	jalr	-444(ra) # 12590 <puts>
   11754:	00000513          	li	a0,0
   11758:	06c12083          	lw	ra,108(sp)
   1175c:	06812403          	lw	s0,104(sp)
   11760:	06412483          	lw	s1,100(sp)
   11764:	06012903          	lw	s2,96(sp)
   11768:	05c12983          	lw	s3,92(sp)
   1176c:	05812a03          	lw	s4,88(sp)
   11770:	05412a83          	lw	s5,84(sp)
   11774:	07010113          	addi	sp,sp,112
   11778:	00008067          	ret

0001177c <core_bench_matrix>:
   1177c:	ff010113          	addi	sp,sp,-16
   11780:	00112623          	sw	ra,12(sp)
   11784:	00812423          	sw	s0,8(sp)
   11788:	00060413          	mv	s0,a2
   1178c:	00052703          	lw	a4,0(a0)
   11790:	00452603          	lw	a2,4(a0)
   11794:	00852683          	lw	a3,8(a0)
   11798:	00c52783          	lw	a5,12(a0)
   1179c:	00058813          	mv	a6,a1
   117a0:	00070513          	mv	a0,a4
   117a4:	00078593          	mv	a1,a5
   117a8:	00080713          	mv	a4,a6
   117ac:	00000097          	auipc	ra,0x0
   117b0:	020080e7          	jalr	32(ra) # 117cc <matrix_test>
   117b4:	00040593          	mv	a1,s0
   117b8:	00c12083          	lw	ra,12(sp)
   117bc:	00812403          	lw	s0,8(sp)
   117c0:	01010113          	addi	sp,sp,16
   117c4:	00001317          	auipc	t1,0x1
   117c8:	bb030067          	jr	-1104(t1) # 12374 <crc16>

000117cc <matrix_test>:
   117cc:	fd010113          	addi	sp,sp,-48
   117d0:	02112623          	sw	ra,44(sp)
   117d4:	02812423          	sw	s0,40(sp)
   117d8:	02912223          	sw	s1,36(sp)
   117dc:	03212023          	sw	s2,32(sp)
   117e0:	01312e23          	sw	s3,28(sp)
   117e4:	01412c23          	sw	s4,24(sp)
   117e8:	01512a23          	sw	s5,20(sp)
   117ec:	01612823          	sw	s6,16(sp)
   117f0:	01712623          	sw	s7,12(sp)
   117f4:	00070413          	mv	s0,a4
   117f8:	00068a13          	mv	s4,a3
   117fc:	00060493          	mv	s1,a2
   11800:	00058993          	mv	s3,a1
   11804:	00050913          	mv	s2,a0
   11808:	fffff537          	lui	a0,0xfffff
   1180c:	00191a93          	slli	s5,s2,0x1
   11810:	00a76b33          	or	s6,a4,a0
   11814:	00291b93          	slli	s7,s2,0x2
   11818:	00000513          	li	a0,0
   1181c:	0e090263          	beqz	s2,11900 <matrix_test+0x134>
   11820:	00048593          	mv	a1,s1
   11824:	00058613          	mv	a2,a1
   11828:	00090693          	mv	a3,s2
   1182c:	00061703          	lh	a4,0(a2)
   11830:	fff68693          	addi	a3,a3,-1
   11834:	00870733          	add	a4,a4,s0
   11838:	00e61023          	sh	a4,0(a2)
   1183c:	00260613          	addi	a2,a2,2
   11840:	fe0696e3          	bnez	a3,1182c <matrix_test+0x60>
   11844:	00150513          	addi	a0,a0,1 # fffff001 <__stack_top__+0xfffcf001>
   11848:	015585b3          	add	a1,a1,s5
   1184c:	fd251ce3          	bne	a0,s2,11824 <matrix_test+0x58>
   11850:	00000513          	li	a0,0
   11854:	00048593          	mv	a1,s1
   11858:	00098613          	mv	a2,s3
   1185c:	00058693          	mv	a3,a1
   11860:	00060713          	mv	a4,a2
   11864:	00090793          	mv	a5,s2
   11868:	00069803          	lh	a6,0(a3)
   1186c:	fff78793          	addi	a5,a5,-1
   11870:	02880833          	mul	a6,a6,s0
   11874:	01072023          	sw	a6,0(a4)
   11878:	00470713          	addi	a4,a4,4
   1187c:	00268693          	addi	a3,a3,2
   11880:	fe0794e3          	bnez	a5,11868 <matrix_test+0x9c>
   11884:	00150513          	addi	a0,a0,1
   11888:	01760633          	add	a2,a2,s7
   1188c:	015585b3          	add	a1,a1,s5
   11890:	fd2516e3          	bne	a0,s2,1185c <matrix_test+0x90>
   11894:	00000593          	li	a1,0
   11898:	00000513          	li	a0,0
   1189c:	00000693          	li	a3,0
   118a0:	00000713          	li	a4,0
   118a4:	00098613          	mv	a2,s3
   118a8:	0100006f          	j	118b8 <matrix_test+0xec>
   118ac:	00158593          	addi	a1,a1,1
   118b0:	01760633          	add	a2,a2,s7
   118b4:	05258663          	beq	a1,s2,11900 <matrix_test+0x134>
   118b8:	00060793          	mv	a5,a2
   118bc:	00090813          	mv	a6,s2
   118c0:	00068893          	mv	a7,a3
   118c4:	0280006f          	j	118ec <matrix_test+0x120>
   118c8:	00a00893          	li	a7,10
   118cc:	00eb22b3          	slt	t0,s6,a4
   118d0:	00a88533          	add	a0,a7,a0
   118d4:	fff80813          	addi	a6,a6,-1
   118d8:	fff28293          	addi	t0,t0,-1
   118dc:	00e2f733          	and	a4,t0,a4
   118e0:	00478793          	addi	a5,a5,4
   118e4:	00068893          	mv	a7,a3
   118e8:	fc0802e3          	beqz	a6,118ac <matrix_test+0xe0>
   118ec:	0007a683          	lw	a3,0(a5)
   118f0:	00e68733          	add	a4,a3,a4
   118f4:	fceb4ae3          	blt	s6,a4,118c8 <matrix_test+0xfc>
   118f8:	00d8a8b3          	slt	a7,a7,a3
   118fc:	fd1ff06f          	j	118cc <matrix_test+0x100>
   11900:	01051513          	slli	a0,a0,0x10
   11904:	41055513          	srai	a0,a0,0x10
   11908:	00000593          	li	a1,0
   1190c:	00001097          	auipc	ra,0x1
   11910:	a68080e7          	jalr	-1432(ra) # 12374 <crc16>
   11914:	00050593          	mv	a1,a0
   11918:	00000513          	li	a0,0
   1191c:	0a090e63          	beqz	s2,119d8 <matrix_test+0x20c>
   11920:	015a0633          	add	a2,s4,s5
   11924:	00048693          	mv	a3,s1
   11928:	00000713          	li	a4,0
   1192c:	00251793          	slli	a5,a0,0x2
   11930:	00f987b3          	add	a5,s3,a5
   11934:	0007a023          	sw	zero,0(a5)
   11938:	00068813          	mv	a6,a3
   1193c:	000a0893          	mv	a7,s4
   11940:	00081283          	lh	t0,0(a6)
   11944:	00089303          	lh	t1,0(a7)
   11948:	00288893          	addi	a7,a7,2
   1194c:	025302b3          	mul	t0,t1,t0
   11950:	00e28733          	add	a4,t0,a4
   11954:	00280813          	addi	a6,a6,2
   11958:	fec894e3          	bne	a7,a2,11940 <matrix_test+0x174>
   1195c:	00e7a023          	sw	a4,0(a5)
   11960:	00150513          	addi	a0,a0,1
   11964:	015686b3          	add	a3,a3,s5
   11968:	fd2510e3          	bne	a0,s2,11928 <matrix_test+0x15c>
   1196c:	00000613          	li	a2,0
   11970:	00000513          	li	a0,0
   11974:	00000713          	li	a4,0
   11978:	00000793          	li	a5,0
   1197c:	00098693          	mv	a3,s3
   11980:	0100006f          	j	11990 <matrix_test+0x1c4>
   11984:	00160613          	addi	a2,a2,1
   11988:	017686b3          	add	a3,a3,s7
   1198c:	05260663          	beq	a2,s2,119d8 <matrix_test+0x20c>
   11990:	00068813          	mv	a6,a3
   11994:	00090893          	mv	a7,s2
   11998:	00070293          	mv	t0,a4
   1199c:	0280006f          	j	119c4 <matrix_test+0x1f8>
   119a0:	00a00293          	li	t0,10
   119a4:	00fb2333          	slt	t1,s6,a5
   119a8:	00a28533          	add	a0,t0,a0
   119ac:	fff88893          	addi	a7,a7,-1
   119b0:	fff30313          	addi	t1,t1,-1
   119b4:	00f377b3          	and	a5,t1,a5
   119b8:	00480813          	addi	a6,a6,4
   119bc:	00070293          	mv	t0,a4
   119c0:	fc0882e3          	beqz	a7,11984 <matrix_test+0x1b8>
   119c4:	00082703          	lw	a4,0(a6)
   119c8:	00f707b3          	add	a5,a4,a5
   119cc:	fcfb4ae3          	blt	s6,a5,119a0 <matrix_test+0x1d4>
   119d0:	00e2a2b3          	slt	t0,t0,a4
   119d4:	fd1ff06f          	j	119a4 <matrix_test+0x1d8>
   119d8:	01051513          	slli	a0,a0,0x10
   119dc:	41055513          	srai	a0,a0,0x10
   119e0:	00001097          	auipc	ra,0x1
   119e4:	994080e7          	jalr	-1644(ra) # 12374 <crc16>
   119e8:	00050593          	mv	a1,a0
   119ec:	00000513          	li	a0,0
   119f0:	0e090063          	beqz	s2,11ad0 <matrix_test+0x304>
   119f4:	00048613          	mv	a2,s1
   119f8:	00000693          	li	a3,0
   119fc:	03250733          	mul	a4,a0,s2
   11a00:	00271713          	slli	a4,a4,0x2
   11a04:	00e98733          	add	a4,s3,a4
   11a08:	000a0793          	mv	a5,s4
   11a0c:	00000813          	li	a6,0
   11a10:	00269893          	slli	a7,a3,0x2
   11a14:	011708b3          	add	a7,a4,a7
   11a18:	0008a023          	sw	zero,0(a7)
   11a1c:	00060293          	mv	t0,a2
   11a20:	00078313          	mv	t1,a5
   11a24:	00090393          	mv	t2,s2
   11a28:	00029e03          	lh	t3,0(t0)
   11a2c:	00031e83          	lh	t4,0(t1)
   11a30:	fff38393          	addi	t2,t2,-1
   11a34:	01530333          	add	t1,t1,s5
   11a38:	03ce8e33          	mul	t3,t4,t3
   11a3c:	010e0833          	add	a6,t3,a6
   11a40:	00228293          	addi	t0,t0,2
   11a44:	fe0392e3          	bnez	t2,11a28 <matrix_test+0x25c>
   11a48:	0108a023          	sw	a6,0(a7)
   11a4c:	00168693          	addi	a3,a3,1
   11a50:	00278793          	addi	a5,a5,2
   11a54:	fb269ce3          	bne	a3,s2,11a0c <matrix_test+0x240>
   11a58:	00150513          	addi	a0,a0,1
   11a5c:	01560633          	add	a2,a2,s5
   11a60:	f9251ce3          	bne	a0,s2,119f8 <matrix_test+0x22c>
   11a64:	00000613          	li	a2,0
   11a68:	00000513          	li	a0,0
   11a6c:	00000713          	li	a4,0
   11a70:	00000793          	li	a5,0
   11a74:	00098693          	mv	a3,s3
   11a78:	0100006f          	j	11a88 <matrix_test+0x2bc>
   11a7c:	00160613          	addi	a2,a2,1
   11a80:	017686b3          	add	a3,a3,s7
   11a84:	05260663          	beq	a2,s2,11ad0 <matrix_test+0x304>
   11a88:	00068813          	mv	a6,a3
   11a8c:	00090893          	mv	a7,s2
   11a90:	00070293          	mv	t0,a4
   11a94:	0280006f          	j	11abc <matrix_test+0x2f0>
   11a98:	00a00293          	li	t0,10
   11a9c:	00fb2333          	slt	t1,s6,a5
   11aa0:	00a28533          	add	a0,t0,a0
   11aa4:	fff88893          	addi	a7,a7,-1
   11aa8:	fff30313          	addi	t1,t1,-1
   11aac:	00f377b3          	and	a5,t1,a5
   11ab0:	00480813          	addi	a6,a6,4
   11ab4:	00070293          	mv	t0,a4
   11ab8:	fc0882e3          	beqz	a7,11a7c <matrix_test+0x2b0>
   11abc:	00082703          	lw	a4,0(a6)
   11ac0:	00f707b3          	add	a5,a4,a5
   11ac4:	fcfb4ae3          	blt	s6,a5,11a98 <matrix_test+0x2cc>
   11ac8:	00e2a2b3          	slt	t0,t0,a4
   11acc:	fd1ff06f          	j	11a9c <matrix_test+0x2d0>
   11ad0:	01051513          	slli	a0,a0,0x10
   11ad4:	41055513          	srai	a0,a0,0x10
   11ad8:	00001097          	auipc	ra,0x1
   11adc:	89c080e7          	jalr	-1892(ra) # 12374 <crc16>
   11ae0:	00050593          	mv	a1,a0
   11ae4:	00000513          	li	a0,0
   11ae8:	0e090863          	beqz	s2,11bd8 <matrix_test+0x40c>
   11aec:	00048613          	mv	a2,s1
   11af0:	00000693          	li	a3,0
   11af4:	03250733          	mul	a4,a0,s2
   11af8:	00271713          	slli	a4,a4,0x2
   11afc:	00e98733          	add	a4,s3,a4
   11b00:	000a0793          	mv	a5,s4
   11b04:	00000813          	li	a6,0
   11b08:	00269893          	slli	a7,a3,0x2
   11b0c:	011708b3          	add	a7,a4,a7
   11b10:	0008a023          	sw	zero,0(a7)
   11b14:	00060293          	mv	t0,a2
   11b18:	00078313          	mv	t1,a5
   11b1c:	00090393          	mv	t2,s2
   11b20:	0002de03          	lhu	t3,0(t0)
   11b24:	00035e83          	lhu	t4,0(t1)
   11b28:	fff38393          	addi	t2,t2,-1
   11b2c:	01530333          	add	t1,t1,s5
   11b30:	03ce8e33          	mul	t3,t4,t3
   11b34:	01ae1e93          	slli	t4,t3,0x1a
   11b38:	014e1e13          	slli	t3,t3,0x14
   11b3c:	01cede93          	srli	t4,t4,0x1c
   11b40:	019e5e13          	srli	t3,t3,0x19
   11b44:	03ce8e33          	mul	t3,t4,t3
   11b48:	010e0833          	add	a6,t3,a6
   11b4c:	00228293          	addi	t0,t0,2
   11b50:	fc0398e3          	bnez	t2,11b20 <matrix_test+0x354>
   11b54:	0108a023          	sw	a6,0(a7)
   11b58:	00168693          	addi	a3,a3,1
   11b5c:	00278793          	addi	a5,a5,2
   11b60:	fb2692e3          	bne	a3,s2,11b04 <matrix_test+0x338>
   11b64:	00150513          	addi	a0,a0,1
   11b68:	01560633          	add	a2,a2,s5
   11b6c:	f92512e3          	bne	a0,s2,11af0 <matrix_test+0x324>
   11b70:	00000613          	li	a2,0
   11b74:	00000513          	li	a0,0
   11b78:	00000693          	li	a3,0
   11b7c:	00000713          	li	a4,0
   11b80:	0100006f          	j	11b90 <matrix_test+0x3c4>
   11b84:	00160613          	addi	a2,a2,1
   11b88:	017989b3          	add	s3,s3,s7
   11b8c:	05260663          	beq	a2,s2,11bd8 <matrix_test+0x40c>
   11b90:	00098793          	mv	a5,s3
   11b94:	00090813          	mv	a6,s2
   11b98:	00068893          	mv	a7,a3
   11b9c:	0280006f          	j	11bc4 <matrix_test+0x3f8>
   11ba0:	00a00893          	li	a7,10
   11ba4:	00eb22b3          	slt	t0,s6,a4
   11ba8:	00a88533          	add	a0,a7,a0
   11bac:	fff80813          	addi	a6,a6,-1
   11bb0:	fff28293          	addi	t0,t0,-1
   11bb4:	00e2f733          	and	a4,t0,a4
   11bb8:	00478793          	addi	a5,a5,4
   11bbc:	00068893          	mv	a7,a3
   11bc0:	fc0802e3          	beqz	a6,11b84 <matrix_test+0x3b8>
   11bc4:	0007a683          	lw	a3,0(a5)
   11bc8:	00e68733          	add	a4,a3,a4
   11bcc:	fceb4ae3          	blt	s6,a4,11ba0 <matrix_test+0x3d4>
   11bd0:	00d8a8b3          	slt	a7,a7,a3
   11bd4:	fd1ff06f          	j	11ba4 <matrix_test+0x3d8>
   11bd8:	01051513          	slli	a0,a0,0x10
   11bdc:	41055513          	srai	a0,a0,0x10
   11be0:	00000097          	auipc	ra,0x0
   11be4:	794080e7          	jalr	1940(ra) # 12374 <crc16>
   11be8:	02090a63          	beqz	s2,11c1c <matrix_test+0x450>
   11bec:	00000593          	li	a1,0
   11bf0:	00048613          	mv	a2,s1
   11bf4:	00090693          	mv	a3,s2
   11bf8:	00061703          	lh	a4,0(a2)
   11bfc:	fff68693          	addi	a3,a3,-1
   11c00:	40870733          	sub	a4,a4,s0
   11c04:	00e61023          	sh	a4,0(a2)
   11c08:	00260613          	addi	a2,a2,2
   11c0c:	fe0696e3          	bnez	a3,11bf8 <matrix_test+0x42c>
   11c10:	00158593          	addi	a1,a1,1
   11c14:	015484b3          	add	s1,s1,s5
   11c18:	fd259ce3          	bne	a1,s2,11bf0 <matrix_test+0x424>
   11c1c:	01051513          	slli	a0,a0,0x10
   11c20:	41055513          	srai	a0,a0,0x10
   11c24:	02c12083          	lw	ra,44(sp)
   11c28:	02812403          	lw	s0,40(sp)
   11c2c:	02412483          	lw	s1,36(sp)
   11c30:	02012903          	lw	s2,32(sp)
   11c34:	01c12983          	lw	s3,28(sp)
   11c38:	01812a03          	lw	s4,24(sp)
   11c3c:	01412a83          	lw	s5,20(sp)
   11c40:	01012b03          	lw	s6,16(sp)
   11c44:	00c12b83          	lw	s7,12(sp)
   11c48:	03010113          	addi	sp,sp,48
   11c4c:	00008067          	ret

00011c50 <core_init_matrix>:
   11c50:	02050463          	beqz	a0,11c78 <core_init_matrix+0x28>
   11c54:	00050713          	mv	a4,a0
   11c58:	fff00513          	li	a0,-1
   11c5c:	00800793          	li	a5,8
   11c60:	00250813          	addi	a6,a0,2
   11c64:	03078833          	mul	a6,a5,a6
   11c68:	00150513          	addi	a0,a0,1
   11c6c:	00878793          	addi	a5,a5,8
   11c70:	fee868e3          	bltu	a6,a4,11c60 <core_init_matrix+0x10>
   11c74:	0080006f          	j	11c7c <core_init_matrix+0x2c>
   11c78:	fff00513          	li	a0,-1
   11c7c:	00358593          	addi	a1,a1,3
   11c80:	02a507b3          	mul	a5,a0,a0
   11c84:	ffc5f593          	andi	a1,a1,-4
   11c88:	00179793          	slli	a5,a5,0x1
   11c8c:	00f58733          	add	a4,a1,a5
   11c90:	08050663          	beqz	a0,11d1c <core_init_matrix+0xcc>
   11c94:	ff010113          	addi	sp,sp,-16
   11c98:	00812623          	sw	s0,12(sp)
   11c9c:	00000813          	li	a6,0
   11ca0:	00163393          	seqz	t2,a2
   11ca4:	00151893          	slli	a7,a0,0x1
   11ca8:	00100293          	li	t0,1
   11cac:	007603b3          	add	t2,a2,t2
   11cb0:	ffff0637          	lui	a2,0xffff0
   11cb4:	00058313          	mv	t1,a1
   11cb8:	00129e13          	slli	t3,t0,0x1
   11cbc:	00030e93          	mv	t4,t1
   11cc0:	00050f13          	mv	t5,a0
   11cc4:	025383b3          	mul	t2,t2,t0
   11cc8:	00fe8fb3          	add	t6,t4,a5
   11ccc:	ffff0f13          	addi	t5,t5,-1
   11cd0:	41f3d413          	srai	s0,t2,0x1f
   11cd4:	01045413          	srli	s0,s0,0x10
   11cd8:	00838433          	add	s0,t2,s0
   11cdc:	00c47433          	and	s0,s0,a2
   11ce0:	408383b3          	sub	t2,t2,s0
   11ce4:	00728433          	add	s0,t0,t2
   11ce8:	008f9023          	sh	s0,0(t6)
   11cec:	007e0fb3          	add	t6,t3,t2
   11cf0:	00128293          	addi	t0,t0,1
   11cf4:	0fffff93          	zext.b	t6,t6
   11cf8:	01fe9023          	sh	t6,0(t4)
   11cfc:	002e8e93          	addi	t4,t4,2
   11d00:	002e0e13          	addi	t3,t3,2
   11d04:	fc0f10e3          	bnez	t5,11cc4 <core_init_matrix+0x74>
   11d08:	00180813          	addi	a6,a6,1
   11d0c:	01130333          	add	t1,t1,a7
   11d10:	faa814e3          	bne	a6,a0,11cb8 <core_init_matrix+0x68>
   11d14:	00c12403          	lw	s0,12(sp)
   11d18:	01010113          	addi	sp,sp,16
   11d1c:	00f707b3          	add	a5,a4,a5
   11d20:	00378793          	addi	a5,a5,3
   11d24:	ffc7f793          	andi	a5,a5,-4
   11d28:	00a6a023          	sw	a0,0(a3)
   11d2c:	00b6a223          	sw	a1,4(a3)
   11d30:	00e6a423          	sw	a4,8(a3)
   11d34:	00f6a623          	sw	a5,12(a3)
   11d38:	00008067          	ret

00011d3c <start_time>:
   11d3c:	b8002573          	csrr	a0,mcycleh
   11d40:	b00025f3          	csrr	a1,mcycle
   11d44:	b8002673          	csrr	a2,mcycleh
   11d48:	fec51ae3          	bne	a0,a2,11d3c <start_time>
   11d4c:	00021637          	lui	a2,0x21
   11d50:	20a62a23          	sw	a0,532(a2) # 21214 <t0+0x4>
   11d54:	20b62823          	sw	a1,528(a2)
   11d58:	00008067          	ret

00011d5c <stop_time>:
   11d5c:	b8002573          	csrr	a0,mcycleh
   11d60:	b00025f3          	csrr	a1,mcycle
   11d64:	b8002673          	csrr	a2,mcycleh
   11d68:	fec51ae3          	bne	a0,a2,11d5c <stop_time>
   11d6c:	00021637          	lui	a2,0x21
   11d70:	21060613          	addi	a2,a2,528 # 21210 <t0>
   11d74:	00b62423          	sw	a1,8(a2)
   11d78:	00a62623          	sw	a0,12(a2)
   11d7c:	00008067          	ret

00011d80 <get_time>:
   11d80:	00021537          	lui	a0,0x21
   11d84:	21050513          	addi	a0,a0,528 # 21210 <t0>
   11d88:	00052603          	lw	a2,0(a0)
   11d8c:	00452583          	lw	a1,4(a0)
   11d90:	00852683          	lw	a3,8(a0)
   11d94:	00c52503          	lw	a0,12(a0)
   11d98:	00c6b733          	sltu	a4,a3,a2
   11d9c:	40b50533          	sub	a0,a0,a1
   11da0:	40e505b3          	sub	a1,a0,a4
   11da4:	40c68533          	sub	a0,a3,a2
   11da8:	00008067          	ret

00011dac <time_in_secs>:
   11dac:	ff010113          	addi	sp,sp,-16
   11db0:	00112623          	sw	ra,12(sp)
   11db4:	04c4b637          	lui	a2,0x4c4b
   11db8:	40060613          	addi	a2,a2,1024 # 4c4b400 <__stack_top__+0x4c1b400>
   11dbc:	00000693          	li	a3,0
   11dc0:	00002097          	auipc	ra,0x2
   11dc4:	348080e7          	jalr	840(ra) # 14108 <__udivdi3>
   11dc8:	00c12083          	lw	ra,12(sp)
   11dcc:	01010113          	addi	sp,sp,16
   11dd0:	00008067          	ret

00011dd4 <portable_init>:
   11dd4:	00020537          	lui	a0,0x20
   11dd8:	50d50513          	addi	a0,a0,1293 # 2050d <_impure_ptr+0x4a5>
   11ddc:	ffffe317          	auipc	t1,0xffffe
   11de0:	6e830067          	jr	1768(t1) # 104c4 <uart_puts>

00011de4 <core_bench_state>:
   11de4:	f9010113          	addi	sp,sp,-112
   11de8:	06112623          	sw	ra,108(sp)
   11dec:	06812423          	sw	s0,104(sp)
   11df0:	06912223          	sw	s1,100(sp)
   11df4:	07212023          	sw	s2,96(sp)
   11df8:	05312e23          	sw	s3,92(sp)
   11dfc:	05412c23          	sw	s4,88(sp)
   11e00:	05512a23          	sw	s5,84(sp)
   11e04:	05612823          	sw	s6,80(sp)
   11e08:	00078913          	mv	s2,a5
   11e0c:	00070493          	mv	s1,a4
   11e10:	00068993          	mv	s3,a3
   11e14:	00060a93          	mv	s5,a2
   11e18:	00058413          	mv	s0,a1
   11e1c:	00050a13          	mv	s4,a0
   11e20:	00b12623          	sw	a1,12(sp)
   11e24:	00012823          	sw	zero,16(sp)
   11e28:	00012a23          	sw	zero,20(sp)
   11e2c:	00012c23          	sw	zero,24(sp)
   11e30:	00012e23          	sw	zero,28(sp)
   11e34:	02012023          	sw	zero,32(sp)
   11e38:	02012223          	sw	zero,36(sp)
   11e3c:	02012423          	sw	zero,40(sp)
   11e40:	02012623          	sw	zero,44(sp)
   11e44:	02012823          	sw	zero,48(sp)
   11e48:	02012a23          	sw	zero,52(sp)
   11e4c:	02012c23          	sw	zero,56(sp)
   11e50:	02012e23          	sw	zero,60(sp)
   11e54:	0005c503          	lbu	a0,0(a1)
   11e58:	04012023          	sw	zero,64(sp)
   11e5c:	04012223          	sw	zero,68(sp)
   11e60:	04012423          	sw	zero,72(sp)
   11e64:	04012623          	sw	zero,76(sp)
   11e68:	02050c63          	beqz	a0,11ea0 <core_bench_state+0xbc>
   11e6c:	03010b13          	addi	s6,sp,48
   11e70:	00c10513          	addi	a0,sp,12
   11e74:	01010593          	addi	a1,sp,16
   11e78:	00000097          	auipc	ra,0x0
   11e7c:	144080e7          	jalr	324(ra) # 11fbc <core_state_transition>
   11e80:	00c12583          	lw	a1,12(sp)
   11e84:	00251513          	slli	a0,a0,0x2
   11e88:	00ab0533          	add	a0,s6,a0
   11e8c:	00052603          	lw	a2,0(a0)
   11e90:	0005c583          	lbu	a1,0(a1)
   11e94:	00160613          	addi	a2,a2,1
   11e98:	00c52023          	sw	a2,0(a0)
   11e9c:	fc059ae3          	bnez	a1,11e70 <core_bench_state+0x8c>
   11ea0:	01440b33          	add	s6,s0,s4
   11ea4:	020a0863          	beqz	s4,11ed4 <core_bench_state+0xf0>
   11ea8:	0ffaf513          	zext.b	a0,s5
   11eac:	02c00593          	li	a1,44
   11eb0:	00040613          	mv	a2,s0
   11eb4:	00c0006f          	j	11ec0 <core_bench_state+0xdc>
   11eb8:	00960633          	add	a2,a2,s1
   11ebc:	01667c63          	bgeu	a2,s6,11ed4 <core_bench_state+0xf0>
   11ec0:	00064683          	lbu	a3,0(a2)
   11ec4:	feb68ae3          	beq	a3,a1,11eb8 <core_bench_state+0xd4>
   11ec8:	00a6c6b3          	xor	a3,a3,a0
   11ecc:	00d60023          	sb	a3,0(a2)
   11ed0:	fe9ff06f          	j	11eb8 <core_bench_state+0xd4>
   11ed4:	00044503          	lbu	a0,0(s0)
   11ed8:	00812623          	sw	s0,12(sp)
   11edc:	02050c63          	beqz	a0,11f14 <core_bench_state+0x130>
   11ee0:	03010a93          	addi	s5,sp,48
   11ee4:	00c10513          	addi	a0,sp,12
   11ee8:	01010593          	addi	a1,sp,16
   11eec:	00000097          	auipc	ra,0x0
   11ef0:	0d0080e7          	jalr	208(ra) # 11fbc <core_state_transition>
   11ef4:	00c12583          	lw	a1,12(sp)
   11ef8:	00251513          	slli	a0,a0,0x2
   11efc:	00aa8533          	add	a0,s5,a0
   11f00:	00052603          	lw	a2,0(a0)
   11f04:	0005c583          	lbu	a1,0(a1)
   11f08:	00160613          	addi	a2,a2,1
   11f0c:	00c52023          	sw	a2,0(a0)
   11f10:	fc059ae3          	bnez	a1,11ee4 <core_bench_state+0x100>
   11f14:	020a0863          	beqz	s4,11f44 <core_bench_state+0x160>
   11f18:	0ff9f593          	zext.b	a1,s3
   11f1c:	02c00613          	li	a2,44
   11f20:	00090513          	mv	a0,s2
   11f24:	00c0006f          	j	11f30 <core_bench_state+0x14c>
   11f28:	00940433          	add	s0,s0,s1
   11f2c:	01647e63          	bgeu	s0,s6,11f48 <core_bench_state+0x164>
   11f30:	00044683          	lbu	a3,0(s0)
   11f34:	fec68ae3          	beq	a3,a2,11f28 <core_bench_state+0x144>
   11f38:	00b6c6b3          	xor	a3,a3,a1
   11f3c:	00d40023          	sb	a3,0(s0)
   11f40:	fe9ff06f          	j	11f28 <core_bench_state+0x144>
   11f44:	00090513          	mv	a0,s2
   11f48:	00812623          	sw	s0,12(sp)
   11f4c:	03010413          	addi	s0,sp,48
   11f50:	01010493          	addi	s1,sp,16
   11f54:	05010913          	addi	s2,sp,80
   11f58:	00042603          	lw	a2,0(s0)
   11f5c:	01051513          	slli	a0,a0,0x10
   11f60:	01055593          	srli	a1,a0,0x10
   11f64:	00060513          	mv	a0,a2
   11f68:	00000097          	auipc	ra,0x0
   11f6c:	38c080e7          	jalr	908(ra) # 122f4 <crcu32>
   11f70:	0004a583          	lw	a1,0(s1)
   11f74:	00050613          	mv	a2,a0
   11f78:	00058513          	mv	a0,a1
   11f7c:	00060593          	mv	a1,a2
   11f80:	00000097          	auipc	ra,0x0
   11f84:	374080e7          	jalr	884(ra) # 122f4 <crcu32>
   11f88:	00440413          	addi	s0,s0,4
   11f8c:	00448493          	addi	s1,s1,4
   11f90:	fd2414e3          	bne	s0,s2,11f58 <core_bench_state+0x174>
   11f94:	06c12083          	lw	ra,108(sp)
   11f98:	06812403          	lw	s0,104(sp)
   11f9c:	06412483          	lw	s1,100(sp)
   11fa0:	06012903          	lw	s2,96(sp)
   11fa4:	05c12983          	lw	s3,92(sp)
   11fa8:	05812a03          	lw	s4,88(sp)
   11fac:	05412a83          	lw	s5,84(sp)
   11fb0:	05012b03          	lw	s6,80(sp)
   11fb4:	07010113          	addi	sp,sp,112
   11fb8:	00008067          	ret

00011fbc <core_state_transition>:
   11fbc:	ff010113          	addi	sp,sp,-16
   11fc0:	00812623          	sw	s0,12(sp)
   11fc4:	00052683          	lw	a3,0(a0)
   11fc8:	0006cf83          	lbu	t6,0(a3)
   11fcc:	1c0f8e63          	beqz	t6,121a8 <core_state_transition+0x1ec>
   11fd0:	00000613          	li	a2,0
   11fd4:	00168693          	addi	a3,a3,1
   11fd8:	02c00713          	li	a4,44
   11fdc:	00700793          	li	a5,7
   11fe0:	00100813          	li	a6,1
   11fe4:	000208b7          	lui	a7,0x20
   11fe8:	5c488893          	addi	a7,a7,1476 # 205c4 <state_known_crc+0xc>
   11fec:	ff500293          	li	t0,-11
   11ff0:	02b00313          	li	t1,43
   11ff4:	02d00393          	li	t2,45
   11ff8:	02e00e13          	li	t3,46
   11ffc:	ff600e93          	li	t4,-10
   12000:	04500f13          	li	t5,69
   12004:	1aef8863          	beq	t6,a4,121b4 <core_state_transition+0x1f8>
   12008:	16c7e463          	bltu	a5,a2,12170 <core_state_transition+0x1b4>
   1200c:	00261413          	slli	s0,a2,0x2
   12010:	00888433          	add	s0,a7,s0
   12014:	00042403          	lw	s0,0(s0)
   12018:	00040067          	jr	s0
   1201c:	fc6f8613          	addi	a2,t6,-58
   12020:	0ec2e263          	bltu	t0,a2,12104 <core_state_transition+0x148>
   12024:	00200613          	li	a2,2
   12028:	0e6f8063          	beq	t6,t1,12108 <core_state_transition+0x14c>
   1202c:	0c7f8e63          	beq	t6,t2,12108 <core_state_transition+0x14c>
   12030:	17cf9263          	bne	t6,t3,12194 <core_state_transition+0x1d8>
   12034:	00500613          	li	a2,5
   12038:	0d00006f          	j	12108 <core_state_transition+0x14c>
   1203c:	fc6f8613          	addi	a2,t6,-58
   12040:	09d67e63          	bgeu	a2,t4,120dc <core_state_transition+0x120>
   12044:	0185a603          	lw	a2,24(a1)
   12048:	00160613          	addi	a2,a2,1
   1204c:	00c5ac23          	sw	a2,24(a1)
   12050:	11c0006f          	j	1216c <core_state_transition+0x1b0>
   12054:	fc6f8613          	addi	a2,t6,-58
   12058:	09d67c63          	bgeu	a2,t4,120f0 <core_state_transition+0x134>
   1205c:	11cf9263          	bne	t6,t3,12160 <core_state_transition+0x1a4>
   12060:	0085a603          	lw	a2,8(a1)
   12064:	00160613          	addi	a2,a2,1
   12068:	00c5a423          	sw	a2,8(a1)
   1206c:	00500613          	li	a2,5
   12070:	1000006f          	j	12170 <core_state_transition+0x1b4>
   12074:	fc6f8613          	addi	a2,t6,-58
   12078:	0ac2e063          	bltu	t0,a2,12118 <core_state_transition+0x15c>
   1207c:	0045a603          	lw	a2,4(a1)
   12080:	00160613          	addi	a2,a2,1
   12084:	00c5a223          	sw	a2,4(a1)
   12088:	0e40006f          	j	1216c <core_state_transition+0x1b0>
   1208c:	007f8463          	beq	t6,t2,12094 <core_state_transition+0xd8>
   12090:	0c6f9063          	bne	t6,t1,12150 <core_state_transition+0x194>
   12094:	00c5a603          	lw	a2,12(a1)
   12098:	00160613          	addi	a2,a2,1
   1209c:	00c5a623          	sw	a2,12(a1)
   120a0:	00600613          	li	a2,6
   120a4:	0cc0006f          	j	12170 <core_state_transition+0x1b4>
   120a8:	07cf9c63          	bne	t6,t3,12120 <core_state_transition+0x164>
   120ac:	0105a603          	lw	a2,16(a1)
   120b0:	00160613          	addi	a2,a2,1
   120b4:	00c5a823          	sw	a2,16(a1)
   120b8:	00500613          	li	a2,5
   120bc:	0b40006f          	j	12170 <core_state_transition+0x1b4>
   120c0:	0dfff613          	andi	a2,t6,223
   120c4:	07e61a63          	bne	a2,t5,12138 <core_state_transition+0x17c>
   120c8:	0145a603          	lw	a2,20(a1)
   120cc:	00160613          	addi	a2,a2,1
   120d0:	00c5aa23          	sw	a2,20(a1)
   120d4:	00300613          	li	a2,3
   120d8:	0980006f          	j	12170 <core_state_transition+0x1b4>
   120dc:	0185a603          	lw	a2,24(a1)
   120e0:	00160613          	addi	a2,a2,1
   120e4:	00c5ac23          	sw	a2,24(a1)
   120e8:	00700613          	li	a2,7
   120ec:	0840006f          	j	12170 <core_state_transition+0x1b4>
   120f0:	0085a603          	lw	a2,8(a1)
   120f4:	00160613          	addi	a2,a2,1
   120f8:	00c5a423          	sw	a2,8(a1)
   120fc:	00400613          	li	a2,4
   12100:	0700006f          	j	12170 <core_state_transition+0x1b4>
   12104:	00400613          	li	a2,4
   12108:	0005af83          	lw	t6,0(a1)
   1210c:	001f8f93          	addi	t6,t6,1
   12110:	01f5a023          	sw	t6,0(a1)
   12114:	05c0006f          	j	12170 <core_state_transition+0x1b4>
   12118:	00700613          	li	a2,7
   1211c:	0540006f          	j	12170 <core_state_transition+0x1b4>
   12120:	fc6f8613          	addi	a2,t6,-58
   12124:	06c2e063          	bltu	t0,a2,12184 <core_state_transition+0x1c8>
   12128:	0105a603          	lw	a2,16(a1)
   1212c:	00160613          	addi	a2,a2,1
   12130:	00c5a823          	sw	a2,16(a1)
   12134:	0380006f          	j	1216c <core_state_transition+0x1b0>
   12138:	fc6f8613          	addi	a2,t6,-58
   1213c:	04c2e863          	bltu	t0,a2,1218c <core_state_transition+0x1d0>
   12140:	0145a603          	lw	a2,20(a1)
   12144:	00160613          	addi	a2,a2,1
   12148:	00c5aa23          	sw	a2,20(a1)
   1214c:	0200006f          	j	1216c <core_state_transition+0x1b0>
   12150:	00c5a603          	lw	a2,12(a1)
   12154:	00160613          	addi	a2,a2,1
   12158:	00c5a623          	sw	a2,12(a1)
   1215c:	0100006f          	j	1216c <core_state_transition+0x1b0>
   12160:	0085a603          	lw	a2,8(a1)
   12164:	00160613          	addi	a2,a2,1
   12168:	00c5a423          	sw	a2,8(a1)
   1216c:	00100613          	li	a2,1
   12170:	0006cf83          	lbu	t6,0(a3)
   12174:	00168693          	addi	a3,a3,1
   12178:	020f8c63          	beqz	t6,121b0 <core_state_transition+0x1f4>
   1217c:	e90614e3          	bne	a2,a6,12004 <core_state_transition+0x48>
   12180:	0300006f          	j	121b0 <core_state_transition+0x1f4>
   12184:	00400613          	li	a2,4
   12188:	fe9ff06f          	j	12170 <core_state_transition+0x1b4>
   1218c:	00500613          	li	a2,5
   12190:	fe1ff06f          	j	12170 <core_state_transition+0x1b4>
   12194:	0045a603          	lw	a2,4(a1)
   12198:	00160613          	addi	a2,a2,1
   1219c:	00c5a223          	sw	a2,4(a1)
   121a0:	00100613          	li	a2,1
   121a4:	f65ff06f          	j	12108 <core_state_transition+0x14c>
   121a8:	00000613          	li	a2,0
   121ac:	0080006f          	j	121b4 <core_state_transition+0x1f8>
   121b0:	fff68693          	addi	a3,a3,-1
   121b4:	00d52023          	sw	a3,0(a0)
   121b8:	00060513          	mv	a0,a2
   121bc:	00c12403          	lw	s0,12(sp)
   121c0:	01010113          	addi	sp,sp,16
   121c4:	00008067          	ret

000121c8 <core_init_state>:
   121c8:	fff50693          	addi	a3,a0,-1
   121cc:	00200713          	li	a4,2
   121d0:	08e6e863          	bltu	a3,a4,12260 <core_init_state+0x98>
   121d4:	00000293          	li	t0,0
   121d8:	00000313          	li	t1,0
   121dc:	00000893          	li	a7,0
   121e0:	00020737          	lui	a4,0x20
   121e4:	62470713          	addi	a4,a4,1572 # 20624 <errpat+0x10>
   121e8:	000207b7          	lui	a5,0x20
   121ec:	64478793          	addi	a5,a5,1604 # 20644 <errpat+0x30>
   121f0:	02c00813          	li	a6,44
   121f4:	03c0006f          	j	12230 <core_init_state+0x68>
   121f8:	00158593          	addi	a1,a1,1
   121fc:	0075f293          	andi	t0,a1,7
   12200:	00229293          	slli	t0,t0,0x2
   12204:	00570333          	add	t1,a4,t0
   12208:	00032383          	lw	t2,0(t1)
   1220c:	005782b3          	add	t0,a5,t0
   12210:	0002a303          	lw	t1,0(t0)
   12214:	0015d293          	srli	t0,a1,0x1
   12218:	00c2f293          	andi	t0,t0,12
   1221c:	005382b3          	add	t0,t2,t0
   12220:	0002a283          	lw	t0,0(t0)
   12224:	006883b3          	add	t2,a7,t1
   12228:	00138393          	addi	t2,t2,1
   1222c:	02d3fc63          	bgeu	t2,a3,12264 <core_init_state+0x9c>
   12230:	fc0304e3          	beqz	t1,121f8 <core_init_state+0x30>
   12234:	011603b3          	add	t2,a2,a7
   12238:	006888b3          	add	a7,a7,t1
   1223c:	01160333          	add	t1,a2,a7
   12240:	0002ce03          	lbu	t3,0(t0)
   12244:	01c38023          	sb	t3,0(t2)
   12248:	00138393          	addi	t2,t2,1
   1224c:	00128293          	addi	t0,t0,1
   12250:	fe6398e3          	bne	t2,t1,12240 <core_init_state+0x78>
   12254:	01030023          	sb	a6,0(t1)
   12258:	00188893          	addi	a7,a7,1
   1225c:	f9dff06f          	j	121f8 <core_init_state+0x30>
   12260:	00000893          	li	a7,0
   12264:	00a8fe63          	bgeu	a7,a0,12280 <core_init_state+0xb8>
   12268:	011605b3          	add	a1,a2,a7
   1226c:	41150633          	sub	a2,a0,a7
   12270:	00058513          	mv	a0,a1
   12274:	00000593          	li	a1,0
   12278:	ffffe317          	auipc	t1,0xffffe
   1227c:	14c30067          	jr	332(t1) # 103c4 <memset>
   12280:	00008067          	ret

00012284 <get_seed_32>:
   12284:	fff50513          	addi	a0,a0,-1
   12288:	00400593          	li	a1,4
   1228c:	02a5e063          	bltu	a1,a0,122ac <get_seed_32+0x28>
   12290:	00251513          	slli	a0,a0,0x2
   12294:	000215b7          	lui	a1,0x21
   12298:	87058593          	addi	a1,a1,-1936 # 20870 <__global_pointer$+0x8>
   1229c:	00a58533          	add	a0,a1,a0
   122a0:	00052503          	lw	a0,0(a0)
   122a4:	00052503          	lw	a0,0(a0)
   122a8:	00008067          	ret
   122ac:	00000513          	li	a0,0
   122b0:	00008067          	ret

000122b4 <crcu16>:
   122b4:	00a5c533          	xor	a0,a1,a0
   122b8:	0ff57593          	zext.b	a1,a0
   122bc:	00159593          	slli	a1,a1,0x1
   122c0:	00020637          	lui	a2,0x20
   122c4:	67060613          	addi	a2,a2,1648 # 20670 <errpat+0x5c>
   122c8:	00b605b3          	add	a1,a2,a1
   122cc:	0005d583          	lhu	a1,0(a1)
   122d0:	00855513          	srli	a0,a0,0x8
   122d4:	0ff5f693          	zext.b	a3,a1
   122d8:	00a6c533          	xor	a0,a3,a0
   122dc:	00151513          	slli	a0,a0,0x1
   122e0:	00a60533          	add	a0,a2,a0
   122e4:	00055503          	lhu	a0,0(a0)
   122e8:	0085d593          	srli	a1,a1,0x8
   122ec:	00a5c533          	xor	a0,a1,a0
   122f0:	00008067          	ret

000122f4 <crcu32>:
   122f4:	00a5c5b3          	xor	a1,a1,a0
   122f8:	0ff5f613          	zext.b	a2,a1
   122fc:	00161613          	slli	a2,a2,0x1
   12300:	000206b7          	lui	a3,0x20
   12304:	67068693          	addi	a3,a3,1648 # 20670 <errpat+0x5c>
   12308:	00c68633          	add	a2,a3,a2
   1230c:	00065603          	lhu	a2,0(a2)
   12310:	01059593          	slli	a1,a1,0x10
   12314:	0185d593          	srli	a1,a1,0x18
   12318:	0ff67713          	zext.b	a4,a2
   1231c:	00b745b3          	xor	a1,a4,a1
   12320:	00159593          	slli	a1,a1,0x1
   12324:	00b685b3          	add	a1,a3,a1
   12328:	00059583          	lh	a1,0(a1)
   1232c:	00865613          	srli	a2,a2,0x8
   12330:	01055513          	srli	a0,a0,0x10
   12334:	00a5c533          	xor	a0,a1,a0
   12338:	0ff57593          	zext.b	a1,a0
   1233c:	00c5c5b3          	xor	a1,a1,a2
   12340:	00159593          	slli	a1,a1,0x1
   12344:	00b685b3          	add	a1,a3,a1
   12348:	0005d583          	lhu	a1,0(a1)
   1234c:	01051513          	slli	a0,a0,0x10
   12350:	01855513          	srli	a0,a0,0x18
   12354:	0ff5f613          	zext.b	a2,a1
   12358:	00c54533          	xor	a0,a0,a2
   1235c:	00151513          	slli	a0,a0,0x1
   12360:	00a68533          	add	a0,a3,a0
   12364:	00055503          	lhu	a0,0(a0)
   12368:	0085d593          	srli	a1,a1,0x8
   1236c:	00a5c533          	xor	a0,a1,a0
   12370:	00008067          	ret

00012374 <crc16>:
   12374:	00a5c533          	xor	a0,a1,a0
   12378:	0ff57593          	zext.b	a1,a0
   1237c:	00159593          	slli	a1,a1,0x1
   12380:	00020637          	lui	a2,0x20
   12384:	67060613          	addi	a2,a2,1648 # 20670 <errpat+0x5c>
   12388:	00b605b3          	add	a1,a2,a1
   1238c:	0005d583          	lhu	a1,0(a1)
   12390:	01051513          	slli	a0,a0,0x10
   12394:	01855513          	srli	a0,a0,0x18
   12398:	0ff5f693          	zext.b	a3,a1
   1239c:	00a6c533          	xor	a0,a3,a0
   123a0:	00151513          	slli	a0,a0,0x1
   123a4:	00a60533          	add	a0,a2,a0
   123a8:	00055503          	lhu	a0,0(a0)
   123ac:	0085d593          	srli	a1,a1,0x8
   123b0:	00a5c533          	xor	a0,a1,a0
   123b4:	00008067          	ret

000123b8 <check_data_types>:
   123b8:	00000513          	li	a0,0
   123bc:	00008067          	ret

000123c0 <iprintf>:
   123c0:	fc010113          	addi	sp,sp,-64
   123c4:	02f12a23          	sw	a5,52(sp)
   123c8:	0000e797          	auipc	a5,0xe
   123cc:	ca07a783          	lw	a5,-864(a5) # 20068 <_impure_ptr>
   123d0:	02c12423          	sw	a2,40(sp)
   123d4:	02d12623          	sw	a3,44(sp)
   123d8:	02b12223          	sw	a1,36(sp)
   123dc:	02e12823          	sw	a4,48(sp)
   123e0:	03012c23          	sw	a6,56(sp)
   123e4:	03112e23          	sw	a7,60(sp)
   123e8:	0087a583          	lw	a1,8(a5)
   123ec:	02410693          	addi	a3,sp,36
   123f0:	00050613          	mv	a2,a0
   123f4:	00078513          	mv	a0,a5
   123f8:	00112e23          	sw	ra,28(sp)
   123fc:	00d12623          	sw	a3,12(sp)
   12400:	00001097          	auipc	ra,0x1
   12404:	83c080e7          	jalr	-1988(ra) # 12c3c <_vfiprintf_r>
   12408:	01c12083          	lw	ra,28(sp)
   1240c:	04010113          	addi	sp,sp,64
   12410:	00008067          	ret

00012414 <putchar>:
   12414:	00050593          	mv	a1,a0
   12418:	0000e517          	auipc	a0,0xe
   1241c:	c5052503          	lw	a0,-944(a0) # 20068 <_impure_ptr>
   12420:	00852603          	lw	a2,8(a0)
   12424:	00002317          	auipc	t1,0x2
   12428:	85c30067          	jr	-1956(t1) # 13c80 <_putc_r>

0001242c <_puts_r>:
   1242c:	02052783          	lw	a5,32(a0)
   12430:	fe010113          	addi	sp,sp,-32
   12434:	00812c23          	sw	s0,24(sp)
   12438:	00912a23          	sw	s1,20(sp)
   1243c:	01212823          	sw	s2,16(sp)
   12440:	00112e23          	sw	ra,28(sp)
   12444:	01312623          	sw	s3,12(sp)
   12448:	00852403          	lw	s0,8(a0)
   1244c:	00050493          	mv	s1,a0
   12450:	00058913          	mv	s2,a1
   12454:	00079663          	bnez	a5,12460 <_puts_r+0x34>
   12458:	00001097          	auipc	ra,0x1
   1245c:	5c4080e7          	jalr	1476(ra) # 13a1c <__sinit>
   12460:	06442783          	lw	a5,100(s0)
   12464:	0017f793          	andi	a5,a5,1
   12468:	00079e63          	bnez	a5,12484 <_puts_r+0x58>
   1246c:	00c45783          	lhu	a5,12(s0)
   12470:	2007f793          	andi	a5,a5,512
   12474:	00079863          	bnez	a5,12484 <_puts_r+0x58>
   12478:	05842503          	lw	a0,88(s0)
   1247c:	00000097          	auipc	ra,0x0
   12480:	360080e7          	jalr	864(ra) # 127dc <__retarget_lock_acquire_recursive>
   12484:	00c45783          	lhu	a5,12(s0)
   12488:	0087f793          	andi	a5,a5,8
   1248c:	00078663          	beqz	a5,12498 <_puts_r+0x6c>
   12490:	01042783          	lw	a5,16(s0)
   12494:	0c079e63          	bnez	a5,12570 <_puts_r+0x144>
   12498:	00040593          	mv	a1,s0
   1249c:	00048513          	mv	a0,s1
   124a0:	00000097          	auipc	ra,0x0
   124a4:	210080e7          	jalr	528(ra) # 126b0 <__swsetup_r>
   124a8:	0c050463          	beqz	a0,12570 <_puts_r+0x144>
   124ac:	fff00493          	li	s1,-1
   124b0:	06442783          	lw	a5,100(s0)
   124b4:	0017f793          	andi	a5,a5,1
   124b8:	00079e63          	bnez	a5,124d4 <_puts_r+0xa8>
   124bc:	00c45783          	lhu	a5,12(s0)
   124c0:	2007f793          	andi	a5,a5,512
   124c4:	00079863          	bnez	a5,124d4 <_puts_r+0xa8>
   124c8:	05842503          	lw	a0,88(s0)
   124cc:	00000097          	auipc	ra,0x0
   124d0:	314080e7          	jalr	788(ra) # 127e0 <__retarget_lock_release_recursive>
   124d4:	01c12083          	lw	ra,28(sp)
   124d8:	01812403          	lw	s0,24(sp)
   124dc:	01012903          	lw	s2,16(sp)
   124e0:	00c12983          	lw	s3,12(sp)
   124e4:	00048513          	mv	a0,s1
   124e8:	01412483          	lw	s1,20(sp)
   124ec:	02010113          	addi	sp,sp,32
   124f0:	00008067          	ret
   124f4:	0007da63          	bgez	a5,12508 <_puts_r+0xdc>
   124f8:	01842703          	lw	a4,24(s0)
   124fc:	04e7ce63          	blt	a5,a4,12558 <_puts_r+0x12c>
   12500:	ff658793          	addi	a5,a1,-10
   12504:	04078a63          	beqz	a5,12558 <_puts_r+0x12c>
   12508:	00042783          	lw	a5,0(s0)
   1250c:	00178713          	addi	a4,a5,1
   12510:	00e42023          	sw	a4,0(s0)
   12514:	00b78023          	sb	a1,0(a5)
   12518:	00190913          	addi	s2,s2,1
   1251c:	00842783          	lw	a5,8(s0)
   12520:	00094583          	lbu	a1,0(s2)
   12524:	fff78793          	addi	a5,a5,-1
   12528:	00f42423          	sw	a5,8(s0)
   1252c:	fc0594e3          	bnez	a1,124f4 <_puts_r+0xc8>
   12530:	0407d463          	bgez	a5,12578 <_puts_r+0x14c>
   12534:	00040613          	mv	a2,s0
   12538:	00a00593          	li	a1,10
   1253c:	00048513          	mv	a0,s1
   12540:	00000097          	auipc	ra,0x0
   12544:	064080e7          	jalr	100(ra) # 125a4 <__swbuf_r>
   12548:	fff00793          	li	a5,-1
   1254c:	f6f500e3          	beq	a0,a5,124ac <_puts_r+0x80>
   12550:	00a00493          	li	s1,10
   12554:	f5dff06f          	j	124b0 <_puts_r+0x84>
   12558:	00040613          	mv	a2,s0
   1255c:	00048513          	mv	a0,s1
   12560:	00000097          	auipc	ra,0x0
   12564:	044080e7          	jalr	68(ra) # 125a4 <__swbuf_r>
   12568:	fb3518e3          	bne	a0,s3,12518 <_puts_r+0xec>
   1256c:	f41ff06f          	j	124ac <_puts_r+0x80>
   12570:	fff00993          	li	s3,-1
   12574:	fa9ff06f          	j	1251c <_puts_r+0xf0>
   12578:	00042783          	lw	a5,0(s0)
   1257c:	00178713          	addi	a4,a5,1
   12580:	00e42023          	sw	a4,0(s0)
   12584:	00a00713          	li	a4,10
   12588:	00e78023          	sb	a4,0(a5)
   1258c:	fc5ff06f          	j	12550 <_puts_r+0x124>

00012590 <puts>:
   12590:	00050593          	mv	a1,a0
   12594:	0000e517          	auipc	a0,0xe
   12598:	ad452503          	lw	a0,-1324(a0) # 20068 <_impure_ptr>
   1259c:	00000317          	auipc	t1,0x0
   125a0:	e9030067          	jr	-368(t1) # 1242c <_puts_r>

000125a4 <__swbuf_r>:
   125a4:	fe010113          	addi	sp,sp,-32
   125a8:	00812c23          	sw	s0,24(sp)
   125ac:	00912a23          	sw	s1,20(sp)
   125b0:	01312623          	sw	s3,12(sp)
   125b4:	00112e23          	sw	ra,28(sp)
   125b8:	01212823          	sw	s2,16(sp)
   125bc:	00050493          	mv	s1,a0
   125c0:	00058993          	mv	s3,a1
   125c4:	00060413          	mv	s0,a2
   125c8:	00050a63          	beqz	a0,125dc <__swbuf_r+0x38>
   125cc:	02052783          	lw	a5,32(a0)
   125d0:	00079663          	bnez	a5,125dc <__swbuf_r+0x38>
   125d4:	00001097          	auipc	ra,0x1
   125d8:	448080e7          	jalr	1096(ra) # 13a1c <__sinit>
   125dc:	01842783          	lw	a5,24(s0)
   125e0:	00f42423          	sw	a5,8(s0)
   125e4:	00c45783          	lhu	a5,12(s0)
   125e8:	0087f793          	andi	a5,a5,8
   125ec:	00078663          	beqz	a5,125f8 <__swbuf_r+0x54>
   125f0:	01042783          	lw	a5,16(s0)
   125f4:	02079e63          	bnez	a5,12630 <__swbuf_r+0x8c>
   125f8:	00040593          	mv	a1,s0
   125fc:	00048513          	mv	a0,s1
   12600:	00000097          	auipc	ra,0x0
   12604:	0b0080e7          	jalr	176(ra) # 126b0 <__swsetup_r>
   12608:	02050463          	beqz	a0,12630 <__swbuf_r+0x8c>
   1260c:	fff00913          	li	s2,-1
   12610:	01c12083          	lw	ra,28(sp)
   12614:	01812403          	lw	s0,24(sp)
   12618:	01412483          	lw	s1,20(sp)
   1261c:	00c12983          	lw	s3,12(sp)
   12620:	00090513          	mv	a0,s2
   12624:	01012903          	lw	s2,16(sp)
   12628:	02010113          	addi	sp,sp,32
   1262c:	00008067          	ret
   12630:	01042783          	lw	a5,16(s0)
   12634:	00042503          	lw	a0,0(s0)
   12638:	40f50533          	sub	a0,a0,a5
   1263c:	01442783          	lw	a5,20(s0)
   12640:	00f54c63          	blt	a0,a5,12658 <__swbuf_r+0xb4>
   12644:	00040593          	mv	a1,s0
   12648:	00048513          	mv	a0,s1
   1264c:	00001097          	auipc	ra,0x1
   12650:	120080e7          	jalr	288(ra) # 1376c <_fflush_r>
   12654:	fa051ce3          	bnez	a0,1260c <__swbuf_r+0x68>
   12658:	00842783          	lw	a5,8(s0)
   1265c:	00150513          	addi	a0,a0,1
   12660:	0ff9f913          	zext.b	s2,s3
   12664:	fff78793          	addi	a5,a5,-1
   12668:	00f42423          	sw	a5,8(s0)
   1266c:	00042783          	lw	a5,0(s0)
   12670:	00178713          	addi	a4,a5,1
   12674:	00e42023          	sw	a4,0(s0)
   12678:	01378023          	sb	s3,0(a5)
   1267c:	01442783          	lw	a5,20(s0)
   12680:	00a78c63          	beq	a5,a0,12698 <__swbuf_r+0xf4>
   12684:	00c45783          	lhu	a5,12(s0)
   12688:	0017f793          	andi	a5,a5,1
   1268c:	f80782e3          	beqz	a5,12610 <__swbuf_r+0x6c>
   12690:	ff690793          	addi	a5,s2,-10
   12694:	f6079ee3          	bnez	a5,12610 <__swbuf_r+0x6c>
   12698:	00040593          	mv	a1,s0
   1269c:	00048513          	mv	a0,s1
   126a0:	00001097          	auipc	ra,0x1
   126a4:	0cc080e7          	jalr	204(ra) # 1376c <_fflush_r>
   126a8:	f60504e3          	beqz	a0,12610 <__swbuf_r+0x6c>
   126ac:	f61ff06f          	j	1260c <__swbuf_r+0x68>

000126b0 <__swsetup_r>:
   126b0:	ff010113          	addi	sp,sp,-16
   126b4:	00912223          	sw	s1,4(sp)
   126b8:	00050493          	mv	s1,a0
   126bc:	0000e517          	auipc	a0,0xe
   126c0:	9ac52503          	lw	a0,-1620(a0) # 20068 <_impure_ptr>
   126c4:	00812423          	sw	s0,8(sp)
   126c8:	00112623          	sw	ra,12(sp)
   126cc:	00058413          	mv	s0,a1
   126d0:	00050a63          	beqz	a0,126e4 <__swsetup_r+0x34>
   126d4:	02052783          	lw	a5,32(a0)
   126d8:	00079663          	bnez	a5,126e4 <__swsetup_r+0x34>
   126dc:	00001097          	auipc	ra,0x1
   126e0:	340080e7          	jalr	832(ra) # 13a1c <__sinit>
   126e4:	00c41783          	lh	a5,12(s0)
   126e8:	0087f713          	andi	a4,a5,8
   126ec:	06071463          	bnez	a4,12754 <__swsetup_r+0xa4>
   126f0:	0107f713          	andi	a4,a5,16
   126f4:	00071e63          	bnez	a4,12710 <__swsetup_r+0x60>
   126f8:	00900713          	li	a4,9
   126fc:	00e4a023          	sw	a4,0(s1)
   12700:	0407e793          	ori	a5,a5,64
   12704:	00f41623          	sh	a5,12(s0)
   12708:	fff00513          	li	a0,-1
   1270c:	0a00006f          	j	127ac <__swsetup_r+0xfc>
   12710:	0047f713          	andi	a4,a5,4
   12714:	02070c63          	beqz	a4,1274c <__swsetup_r+0x9c>
   12718:	03442583          	lw	a1,52(s0)
   1271c:	00058e63          	beqz	a1,12738 <__swsetup_r+0x88>
   12720:	04440793          	addi	a5,s0,68
   12724:	00f58863          	beq	a1,a5,12734 <__swsetup_r+0x84>
   12728:	00048513          	mv	a0,s1
   1272c:	00000097          	auipc	ra,0x0
   12730:	0b8080e7          	jalr	184(ra) # 127e4 <_free_r>
   12734:	02042a23          	sw	zero,52(s0)
   12738:	00c45783          	lhu	a5,12(s0)
   1273c:	01042703          	lw	a4,16(s0)
   12740:	00042223          	sw	zero,4(s0)
   12744:	fdb7f793          	andi	a5,a5,-37
   12748:	00e42023          	sw	a4,0(s0)
   1274c:	0087e793          	ori	a5,a5,8
   12750:	00f41623          	sh	a5,12(s0)
   12754:	01042783          	lw	a5,16(s0)
   12758:	02079263          	bnez	a5,1277c <__swsetup_r+0xcc>
   1275c:	00c42783          	lw	a5,12(s0)
   12760:	20000713          	li	a4,512
   12764:	2807f793          	andi	a5,a5,640
   12768:	00e78a63          	beq	a5,a4,1277c <__swsetup_r+0xcc>
   1276c:	00040593          	mv	a1,s0
   12770:	00048513          	mv	a0,s1
   12774:	00001097          	auipc	ra,0x1
   12778:	434080e7          	jalr	1076(ra) # 13ba8 <__smakebuf_r>
   1277c:	00c41783          	lh	a5,12(s0)
   12780:	0017f713          	andi	a4,a5,1
   12784:	02070e63          	beqz	a4,127c0 <__swsetup_r+0x110>
   12788:	01442703          	lw	a4,20(s0)
   1278c:	00042423          	sw	zero,8(s0)
   12790:	40e00733          	neg	a4,a4
   12794:	00e42c23          	sw	a4,24(s0)
   12798:	01042703          	lw	a4,16(s0)
   1279c:	00000513          	li	a0,0
   127a0:	00071663          	bnez	a4,127ac <__swsetup_r+0xfc>
   127a4:	0807f713          	andi	a4,a5,128
   127a8:	f4071ce3          	bnez	a4,12700 <__swsetup_r+0x50>
   127ac:	00c12083          	lw	ra,12(sp)
   127b0:	00812403          	lw	s0,8(sp)
   127b4:	00412483          	lw	s1,4(sp)
   127b8:	01010113          	addi	sp,sp,16
   127bc:	00008067          	ret
   127c0:	0027f713          	andi	a4,a5,2
   127c4:	00000693          	li	a3,0
   127c8:	00071463          	bnez	a4,127d0 <__swsetup_r+0x120>
   127cc:	01442683          	lw	a3,20(s0)
   127d0:	00d42423          	sw	a3,8(s0)
   127d4:	fc5ff06f          	j	12798 <__swsetup_r+0xe8>

000127d8 <__retarget_lock_init_recursive>:
   127d8:	00008067          	ret

000127dc <__retarget_lock_acquire_recursive>:
   127dc:	00008067          	ret

000127e0 <__retarget_lock_release_recursive>:
   127e0:	00008067          	ret

000127e4 <_free_r>:
   127e4:	10058263          	beqz	a1,128e8 <_free_r+0x104>
   127e8:	ffc5a783          	lw	a5,-4(a1)
   127ec:	fe010113          	addi	sp,sp,-32
   127f0:	00812c23          	sw	s0,24(sp)
   127f4:	00112e23          	sw	ra,28(sp)
   127f8:	ffc58413          	addi	s0,a1,-4
   127fc:	0007d463          	bgez	a5,12804 <_free_r+0x20>
   12800:	00f40433          	add	s0,s0,a5
   12804:	00a12623          	sw	a0,12(sp)
   12808:	00000097          	auipc	ra,0x0
   1280c:	35c080e7          	jalr	860(ra) # 12b64 <__malloc_lock>
   12810:	0000e797          	auipc	a5,0xe
   12814:	2187a783          	lw	a5,536(a5) # 20a28 <__malloc_free_list>
   12818:	00c12503          	lw	a0,12(sp)
   1281c:	02079263          	bnez	a5,12840 <_free_r+0x5c>
   12820:	00042223          	sw	zero,4(s0)
   12824:	0000e797          	auipc	a5,0xe
   12828:	2087a223          	sw	s0,516(a5) # 20a28 <__malloc_free_list>
   1282c:	01812403          	lw	s0,24(sp)
   12830:	01c12083          	lw	ra,28(sp)
   12834:	02010113          	addi	sp,sp,32
   12838:	00000317          	auipc	t1,0x0
   1283c:	33c30067          	jr	828(t1) # 12b74 <__malloc_unlock>
   12840:	02f47463          	bgeu	s0,a5,12868 <_free_r+0x84>
   12844:	00042683          	lw	a3,0(s0)
   12848:	00d40733          	add	a4,s0,a3
   1284c:	00e79a63          	bne	a5,a4,12860 <_free_r+0x7c>
   12850:	0007a703          	lw	a4,0(a5)
   12854:	0047a783          	lw	a5,4(a5)
   12858:	00d70733          	add	a4,a4,a3
   1285c:	00e42023          	sw	a4,0(s0)
   12860:	00f42223          	sw	a5,4(s0)
   12864:	fc1ff06f          	j	12824 <_free_r+0x40>
   12868:	00078713          	mv	a4,a5
   1286c:	0047a783          	lw	a5,4(a5)
   12870:	00078463          	beqz	a5,12878 <_free_r+0x94>
   12874:	fef47ae3          	bgeu	s0,a5,12868 <_free_r+0x84>
   12878:	00072683          	lw	a3,0(a4)
   1287c:	00d70633          	add	a2,a4,a3
   12880:	02861863          	bne	a2,s0,128b0 <_free_r+0xcc>
   12884:	00042603          	lw	a2,0(s0)
   12888:	00c686b3          	add	a3,a3,a2
   1288c:	00d72023          	sw	a3,0(a4)
   12890:	00d70633          	add	a2,a4,a3
   12894:	f8c79ce3          	bne	a5,a2,1282c <_free_r+0x48>
   12898:	0007a603          	lw	a2,0(a5)
   1289c:	0047a783          	lw	a5,4(a5)
   128a0:	00d606b3          	add	a3,a2,a3
   128a4:	00d72023          	sw	a3,0(a4)
   128a8:	00f72223          	sw	a5,4(a4)
   128ac:	f81ff06f          	j	1282c <_free_r+0x48>
   128b0:	00c47863          	bgeu	s0,a2,128c0 <_free_r+0xdc>
   128b4:	00c00793          	li	a5,12
   128b8:	00f52023          	sw	a5,0(a0)
   128bc:	f71ff06f          	j	1282c <_free_r+0x48>
   128c0:	00042603          	lw	a2,0(s0)
   128c4:	00c406b3          	add	a3,s0,a2
   128c8:	00d79a63          	bne	a5,a3,128dc <_free_r+0xf8>
   128cc:	0007a683          	lw	a3,0(a5)
   128d0:	0047a783          	lw	a5,4(a5)
   128d4:	00c686b3          	add	a3,a3,a2
   128d8:	00d42023          	sw	a3,0(s0)
   128dc:	00f42223          	sw	a5,4(s0)
   128e0:	00872223          	sw	s0,4(a4)
   128e4:	f49ff06f          	j	1282c <_free_r+0x48>
   128e8:	00008067          	ret

000128ec <sbrk_aligned>:
   128ec:	0000e797          	auipc	a5,0xe
   128f0:	1387a783          	lw	a5,312(a5) # 20a24 <__malloc_sbrk_start>
   128f4:	ff010113          	addi	sp,sp,-16
   128f8:	00812423          	sw	s0,8(sp)
   128fc:	01212023          	sw	s2,0(sp)
   12900:	00112623          	sw	ra,12(sp)
   12904:	00912223          	sw	s1,4(sp)
   12908:	00050913          	mv	s2,a0
   1290c:	00058413          	mv	s0,a1
   12910:	00079c63          	bnez	a5,12928 <sbrk_aligned+0x3c>
   12914:	00000593          	li	a1,0
   12918:	00001097          	auipc	ra,0x1
   1291c:	750080e7          	jalr	1872(ra) # 14068 <_sbrk_r>
   12920:	0000e797          	auipc	a5,0xe
   12924:	10a7a223          	sw	a0,260(a5) # 20a24 <__malloc_sbrk_start>
   12928:	00040593          	mv	a1,s0
   1292c:	00090513          	mv	a0,s2
   12930:	00001097          	auipc	ra,0x1
   12934:	738080e7          	jalr	1848(ra) # 14068 <_sbrk_r>
   12938:	fff00493          	li	s1,-1
   1293c:	02951263          	bne	a0,s1,12960 <sbrk_aligned+0x74>
   12940:	fff00413          	li	s0,-1
   12944:	00c12083          	lw	ra,12(sp)
   12948:	00040513          	mv	a0,s0
   1294c:	00812403          	lw	s0,8(sp)
   12950:	00412483          	lw	s1,4(sp)
   12954:	00012903          	lw	s2,0(sp)
   12958:	01010113          	addi	sp,sp,16
   1295c:	00008067          	ret
   12960:	00350413          	addi	s0,a0,3
   12964:	ffc47413          	andi	s0,s0,-4
   12968:	fc850ee3          	beq	a0,s0,12944 <sbrk_aligned+0x58>
   1296c:	40a405b3          	sub	a1,s0,a0
   12970:	00090513          	mv	a0,s2
   12974:	00001097          	auipc	ra,0x1
   12978:	6f4080e7          	jalr	1780(ra) # 14068 <_sbrk_r>
   1297c:	fc9514e3          	bne	a0,s1,12944 <sbrk_aligned+0x58>
   12980:	fc1ff06f          	j	12940 <sbrk_aligned+0x54>

00012984 <_malloc_r>:
   12984:	fe010113          	addi	sp,sp,-32
   12988:	00912a23          	sw	s1,20(sp)
   1298c:	00358493          	addi	s1,a1,3
   12990:	ffc4f493          	andi	s1,s1,-4
   12994:	00112e23          	sw	ra,28(sp)
   12998:	00812c23          	sw	s0,24(sp)
   1299c:	01212823          	sw	s2,16(sp)
   129a0:	01312623          	sw	s3,12(sp)
   129a4:	01412423          	sw	s4,8(sp)
   129a8:	00848493          	addi	s1,s1,8
   129ac:	00c00793          	li	a5,12
   129b0:	00f4f463          	bgeu	s1,a5,129b8 <_malloc_r+0x34>
   129b4:	00078493          	mv	s1,a5
   129b8:	0004c463          	bltz	s1,129c0 <_malloc_r+0x3c>
   129bc:	02b4f863          	bgeu	s1,a1,129ec <_malloc_r+0x68>
   129c0:	00c00793          	li	a5,12
   129c4:	00f52023          	sw	a5,0(a0)
   129c8:	00000513          	li	a0,0
   129cc:	01c12083          	lw	ra,28(sp)
   129d0:	01812403          	lw	s0,24(sp)
   129d4:	01412483          	lw	s1,20(sp)
   129d8:	01012903          	lw	s2,16(sp)
   129dc:	00c12983          	lw	s3,12(sp)
   129e0:	00812a03          	lw	s4,8(sp)
   129e4:	02010113          	addi	sp,sp,32
   129e8:	00008067          	ret
   129ec:	00050913          	mv	s2,a0
   129f0:	0000e997          	auipc	s3,0xe
   129f4:	03898993          	addi	s3,s3,56 # 20a28 <__malloc_free_list>
   129f8:	00000097          	auipc	ra,0x0
   129fc:	16c080e7          	jalr	364(ra) # 12b64 <__malloc_lock>
   12a00:	0009a783          	lw	a5,0(s3)
   12a04:	00078413          	mv	s0,a5
   12a08:	08041863          	bnez	s0,12a98 <_malloc_r+0x114>
   12a0c:	00048593          	mv	a1,s1
   12a10:	00090513          	mv	a0,s2
   12a14:	00000097          	auipc	ra,0x0
   12a18:	ed8080e7          	jalr	-296(ra) # 128ec <sbrk_aligned>
   12a1c:	fff00793          	li	a5,-1
   12a20:	00050413          	mv	s0,a0
   12a24:	12f51c63          	bne	a0,a5,12b5c <_malloc_r+0x1d8>
   12a28:	0009a403          	lw	s0,0(s3)
   12a2c:	00040793          	mv	a5,s0
   12a30:	0e079a63          	bnez	a5,12b24 <_malloc_r+0x1a0>
   12a34:	10040863          	beqz	s0,12b44 <_malloc_r+0x1c0>
   12a38:	00042a03          	lw	s4,0(s0)
   12a3c:	00000593          	li	a1,0
   12a40:	00090513          	mv	a0,s2
   12a44:	01440a33          	add	s4,s0,s4
   12a48:	00001097          	auipc	ra,0x1
   12a4c:	620080e7          	jalr	1568(ra) # 14068 <_sbrk_r>
   12a50:	0eaa1a63          	bne	s4,a0,12b44 <_malloc_r+0x1c0>
   12a54:	00042783          	lw	a5,0(s0)
   12a58:	00090513          	mv	a0,s2
   12a5c:	40f484b3          	sub	s1,s1,a5
   12a60:	00048593          	mv	a1,s1
   12a64:	00000097          	auipc	ra,0x0
   12a68:	e88080e7          	jalr	-376(ra) # 128ec <sbrk_aligned>
   12a6c:	fff00793          	li	a5,-1
   12a70:	0cf50a63          	beq	a0,a5,12b44 <_malloc_r+0x1c0>
   12a74:	00042783          	lw	a5,0(s0)
   12a78:	009787b3          	add	a5,a5,s1
   12a7c:	00f42023          	sw	a5,0(s0)
   12a80:	0009a783          	lw	a5,0(s3)
   12a84:	0047a703          	lw	a4,4(a5)
   12a88:	0a071463          	bnez	a4,12b30 <_malloc_r+0x1ac>
   12a8c:	0000e797          	auipc	a5,0xe
   12a90:	f807ae23          	sw	zero,-100(a5) # 20a28 <__malloc_free_list>
   12a94:	0340006f          	j	12ac8 <_malloc_r+0x144>
   12a98:	00042683          	lw	a3,0(s0)
   12a9c:	409686b3          	sub	a3,a3,s1
   12aa0:	0606cc63          	bltz	a3,12b18 <_malloc_r+0x194>
   12aa4:	00b00713          	li	a4,11
   12aa8:	04d77c63          	bgeu	a4,a3,12b00 <_malloc_r+0x17c>
   12aac:	00942023          	sw	s1,0(s0)
   12ab0:	00940733          	add	a4,s0,s1
   12ab4:	04879263          	bne	a5,s0,12af8 <_malloc_r+0x174>
   12ab8:	00e9a023          	sw	a4,0(s3)
   12abc:	00442783          	lw	a5,4(s0)
   12ac0:	00d72023          	sw	a3,0(a4)
   12ac4:	00f72223          	sw	a5,4(a4)
   12ac8:	00090513          	mv	a0,s2
   12acc:	00000097          	auipc	ra,0x0
   12ad0:	0a8080e7          	jalr	168(ra) # 12b74 <__malloc_unlock>
   12ad4:	00b40513          	addi	a0,s0,11
   12ad8:	00440793          	addi	a5,s0,4
   12adc:	ff857513          	andi	a0,a0,-8
   12ae0:	40f50733          	sub	a4,a0,a5
   12ae4:	eef504e3          	beq	a0,a5,129cc <_malloc_r+0x48>
   12ae8:	00e40433          	add	s0,s0,a4
   12aec:	40a787b3          	sub	a5,a5,a0
   12af0:	00f42023          	sw	a5,0(s0)
   12af4:	ed9ff06f          	j	129cc <_malloc_r+0x48>
   12af8:	00e7a223          	sw	a4,4(a5)
   12afc:	fc1ff06f          	j	12abc <_malloc_r+0x138>
   12b00:	00442703          	lw	a4,4(s0)
   12b04:	00879663          	bne	a5,s0,12b10 <_malloc_r+0x18c>
   12b08:	00e9a023          	sw	a4,0(s3)
   12b0c:	fbdff06f          	j	12ac8 <_malloc_r+0x144>
   12b10:	00e7a223          	sw	a4,4(a5)
   12b14:	fb5ff06f          	j	12ac8 <_malloc_r+0x144>
   12b18:	00040793          	mv	a5,s0
   12b1c:	00442403          	lw	s0,4(s0)
   12b20:	ee9ff06f          	j	12a08 <_malloc_r+0x84>
   12b24:	00078413          	mv	s0,a5
   12b28:	0047a783          	lw	a5,4(a5)
   12b2c:	f05ff06f          	j	12a30 <_malloc_r+0xac>
   12b30:	00078713          	mv	a4,a5
   12b34:	0047a783          	lw	a5,4(a5)
   12b38:	fe879ce3          	bne	a5,s0,12b30 <_malloc_r+0x1ac>
   12b3c:	00072223          	sw	zero,4(a4)
   12b40:	f89ff06f          	j	12ac8 <_malloc_r+0x144>
   12b44:	00c00793          	li	a5,12
   12b48:	00f92023          	sw	a5,0(s2)
   12b4c:	00090513          	mv	a0,s2
   12b50:	00000097          	auipc	ra,0x0
   12b54:	024080e7          	jalr	36(ra) # 12b74 <__malloc_unlock>
   12b58:	e71ff06f          	j	129c8 <_malloc_r+0x44>
   12b5c:	00952023          	sw	s1,0(a0)
   12b60:	f69ff06f          	j	12ac8 <_malloc_r+0x144>

00012b64 <__malloc_lock>:
   12b64:	0000e517          	auipc	a0,0xe
   12b68:	eb850513          	addi	a0,a0,-328 # 20a1c <__lock___malloc_recursive_mutex>
   12b6c:	00000317          	auipc	t1,0x0
   12b70:	c7030067          	jr	-912(t1) # 127dc <__retarget_lock_acquire_recursive>

00012b74 <__malloc_unlock>:
   12b74:	0000e517          	auipc	a0,0xe
   12b78:	ea850513          	addi	a0,a0,-344 # 20a1c <__lock___malloc_recursive_mutex>
   12b7c:	00000317          	auipc	t1,0x0
   12b80:	c6430067          	jr	-924(t1) # 127e0 <__retarget_lock_release_recursive>

00012b84 <__sfputc_r>:
   12b84:	00862783          	lw	a5,8(a2)
   12b88:	fff78793          	addi	a5,a5,-1
   12b8c:	00f62423          	sw	a5,8(a2)
   12b90:	0007de63          	bgez	a5,12bac <__sfputc_r+0x28>
   12b94:	01862703          	lw	a4,24(a2)
   12b98:	00e7c663          	blt	a5,a4,12ba4 <__sfputc_r+0x20>
   12b9c:	ff658793          	addi	a5,a1,-10
   12ba0:	00079663          	bnez	a5,12bac <__sfputc_r+0x28>
   12ba4:	00000317          	auipc	t1,0x0
   12ba8:	a0030067          	jr	-1536(t1) # 125a4 <__swbuf_r>
   12bac:	00062783          	lw	a5,0(a2)
   12bb0:	00058513          	mv	a0,a1
   12bb4:	00178713          	addi	a4,a5,1
   12bb8:	00e62023          	sw	a4,0(a2)
   12bbc:	00b78023          	sb	a1,0(a5)
   12bc0:	00008067          	ret

00012bc4 <__sfputs_r>:
   12bc4:	fe010113          	addi	sp,sp,-32
   12bc8:	00812c23          	sw	s0,24(sp)
   12bcc:	00912a23          	sw	s1,20(sp)
   12bd0:	01212823          	sw	s2,16(sp)
   12bd4:	01312623          	sw	s3,12(sp)
   12bd8:	01412423          	sw	s4,8(sp)
   12bdc:	00112e23          	sw	ra,28(sp)
   12be0:	00050993          	mv	s3,a0
   12be4:	00058a13          	mv	s4,a1
   12be8:	00060413          	mv	s0,a2
   12bec:	00d604b3          	add	s1,a2,a3
   12bf0:	fff00913          	li	s2,-1
   12bf4:	00941663          	bne	s0,s1,12c00 <__sfputs_r+0x3c>
   12bf8:	00000513          	li	a0,0
   12bfc:	0200006f          	j	12c1c <__sfputs_r+0x58>
   12c00:	00044583          	lbu	a1,0(s0)
   12c04:	000a0613          	mv	a2,s4
   12c08:	00098513          	mv	a0,s3
   12c0c:	00000097          	auipc	ra,0x0
   12c10:	f78080e7          	jalr	-136(ra) # 12b84 <__sfputc_r>
   12c14:	00140413          	addi	s0,s0,1
   12c18:	fd251ee3          	bne	a0,s2,12bf4 <__sfputs_r+0x30>
   12c1c:	01c12083          	lw	ra,28(sp)
   12c20:	01812403          	lw	s0,24(sp)
   12c24:	01412483          	lw	s1,20(sp)
   12c28:	01012903          	lw	s2,16(sp)
   12c2c:	00c12983          	lw	s3,12(sp)
   12c30:	00812a03          	lw	s4,8(sp)
   12c34:	02010113          	addi	sp,sp,32
   12c38:	00008067          	ret

00012c3c <_vfiprintf_r>:
   12c3c:	f5010113          	addi	sp,sp,-176
   12c40:	0a812423          	sw	s0,168(sp)
   12c44:	0a912223          	sw	s1,164(sp)
   12c48:	09312e23          	sw	s3,156(sp)
   12c4c:	09412c23          	sw	s4,152(sp)
   12c50:	0a112623          	sw	ra,172(sp)
   12c54:	0b212023          	sw	s2,160(sp)
   12c58:	09512a23          	sw	s5,148(sp)
   12c5c:	09612823          	sw	s6,144(sp)
   12c60:	09712623          	sw	s7,140(sp)
   12c64:	09812423          	sw	s8,136(sp)
   12c68:	09912223          	sw	s9,132(sp)
   12c6c:	00050993          	mv	s3,a0
   12c70:	00058493          	mv	s1,a1
   12c74:	00060413          	mv	s0,a2
   12c78:	00068a13          	mv	s4,a3
   12c7c:	00050a63          	beqz	a0,12c90 <_vfiprintf_r+0x54>
   12c80:	02052783          	lw	a5,32(a0)
   12c84:	00079663          	bnez	a5,12c90 <_vfiprintf_r+0x54>
   12c88:	00001097          	auipc	ra,0x1
   12c8c:	d94080e7          	jalr	-620(ra) # 13a1c <__sinit>
   12c90:	0644a783          	lw	a5,100(s1)
   12c94:	0017f793          	andi	a5,a5,1
   12c98:	00079e63          	bnez	a5,12cb4 <_vfiprintf_r+0x78>
   12c9c:	00c4d783          	lhu	a5,12(s1)
   12ca0:	2007f793          	andi	a5,a5,512
   12ca4:	00079863          	bnez	a5,12cb4 <_vfiprintf_r+0x78>
   12ca8:	0584a503          	lw	a0,88(s1)
   12cac:	00000097          	auipc	ra,0x0
   12cb0:	b30080e7          	jalr	-1232(ra) # 127dc <__retarget_lock_acquire_recursive>
   12cb4:	00c4d783          	lhu	a5,12(s1)
   12cb8:	0087f793          	andi	a5,a5,8
   12cbc:	00078663          	beqz	a5,12cc8 <_vfiprintf_r+0x8c>
   12cc0:	0104a783          	lw	a5,16(s1)
   12cc4:	06079c63          	bnez	a5,12d3c <_vfiprintf_r+0x100>
   12cc8:	00048593          	mv	a1,s1
   12ccc:	00098513          	mv	a0,s3
   12cd0:	00000097          	auipc	ra,0x0
   12cd4:	9e0080e7          	jalr	-1568(ra) # 126b0 <__swsetup_r>
   12cd8:	06050263          	beqz	a0,12d3c <_vfiprintf_r+0x100>
   12cdc:	0644a783          	lw	a5,100(s1)
   12ce0:	0017f793          	andi	a5,a5,1
   12ce4:	02078e63          	beqz	a5,12d20 <_vfiprintf_r+0xe4>
   12ce8:	fff00513          	li	a0,-1
   12cec:	0ac12083          	lw	ra,172(sp)
   12cf0:	0a812403          	lw	s0,168(sp)
   12cf4:	0a412483          	lw	s1,164(sp)
   12cf8:	0a012903          	lw	s2,160(sp)
   12cfc:	09c12983          	lw	s3,156(sp)
   12d00:	09812a03          	lw	s4,152(sp)
   12d04:	09412a83          	lw	s5,148(sp)
   12d08:	09012b03          	lw	s6,144(sp)
   12d0c:	08c12b83          	lw	s7,140(sp)
   12d10:	08812c03          	lw	s8,136(sp)
   12d14:	08412c83          	lw	s9,132(sp)
   12d18:	0b010113          	addi	sp,sp,176
   12d1c:	00008067          	ret
   12d20:	00c4d783          	lhu	a5,12(s1)
   12d24:	2007f793          	andi	a5,a5,512
   12d28:	fc0790e3          	bnez	a5,12ce8 <_vfiprintf_r+0xac>
   12d2c:	0584a503          	lw	a0,88(s1)
   12d30:	00000097          	auipc	ra,0x0
   12d34:	ab0080e7          	jalr	-1360(ra) # 127e0 <__retarget_lock_release_recursive>
   12d38:	fb1ff06f          	j	12ce8 <_vfiprintf_r+0xac>
   12d3c:	02000793          	li	a5,32
   12d40:	02f10ca3          	sb	a5,57(sp)
   12d44:	03000793          	li	a5,48
   12d48:	01412e23          	sw	s4,28(sp)
   12d4c:	02012a23          	sw	zero,52(sp)
   12d50:	02f10d23          	sb	a5,58(sp)
   12d54:	fff00a13          	li	s4,-1
   12d58:	0000eb17          	auipc	s6,0xe
   12d5c:	b2cb0b13          	addi	s6,s6,-1236 # 20884 <__global_pointer$+0x1c>
   12d60:	00100b93          	li	s7,1
   12d64:	00a00a93          	li	s5,10
   12d68:	00040c13          	mv	s8,s0
   12d6c:	000c4783          	lbu	a5,0(s8)
   12d70:	00f03cb3          	snez	s9,a5
   12d74:	fdb78793          	addi	a5,a5,-37
   12d78:	00f037b3          	snez	a5,a5
   12d7c:	00fcfcb3          	and	s9,s9,a5
   12d80:	0c0c9863          	bnez	s9,12e50 <_vfiprintf_r+0x214>
   12d84:	408c06b3          	sub	a3,s8,s0
   12d88:	028c0863          	beq	s8,s0,12db8 <_vfiprintf_r+0x17c>
   12d8c:	00040613          	mv	a2,s0
   12d90:	00048593          	mv	a1,s1
   12d94:	00098513          	mv	a0,s3
   12d98:	00d12623          	sw	a3,12(sp)
   12d9c:	00000097          	auipc	ra,0x0
   12da0:	e28080e7          	jalr	-472(ra) # 12bc4 <__sfputs_r>
   12da4:	25450863          	beq	a0,s4,12ff4 <_vfiprintf_r+0x3b8>
   12da8:	03412783          	lw	a5,52(sp)
   12dac:	00c12683          	lw	a3,12(sp)
   12db0:	00d787b3          	add	a5,a5,a3
   12db4:	02f12a23          	sw	a5,52(sp)
   12db8:	000c4783          	lbu	a5,0(s8)
   12dbc:	22078c63          	beqz	a5,12ff4 <_vfiprintf_r+0x3b8>
   12dc0:	001c0413          	addi	s0,s8,1
   12dc4:	02012023          	sw	zero,32(sp)
   12dc8:	02012623          	sw	zero,44(sp)
   12dcc:	03412223          	sw	s4,36(sp)
   12dd0:	02012423          	sw	zero,40(sp)
   12dd4:	060101a3          	sb	zero,99(sp)
   12dd8:	06012c23          	sw	zero,120(sp)
   12ddc:	00044583          	lbu	a1,0(s0)
   12de0:	00500613          	li	a2,5
   12de4:	0000e517          	auipc	a0,0xe
   12de8:	aa050513          	addi	a0,a0,-1376 # 20884 <__global_pointer$+0x1c>
   12dec:	00001097          	auipc	ra,0x1
   12df0:	0c8080e7          	jalr	200(ra) # 13eb4 <memchr>
   12df4:	02012783          	lw	a5,32(sp)
   12df8:	00140693          	addi	a3,s0,1
   12dfc:	04051e63          	bnez	a0,12e58 <_vfiprintf_r+0x21c>
   12e00:	0107f713          	andi	a4,a5,16
   12e04:	00070663          	beqz	a4,12e10 <_vfiprintf_r+0x1d4>
   12e08:	02000713          	li	a4,32
   12e0c:	06e101a3          	sb	a4,99(sp)
   12e10:	0087f713          	andi	a4,a5,8
   12e14:	00070663          	beqz	a4,12e20 <_vfiprintf_r+0x1e4>
   12e18:	02b00713          	li	a4,43
   12e1c:	06e101a3          	sb	a4,99(sp)
   12e20:	00044603          	lbu	a2,0(s0)
   12e24:	02a00713          	li	a4,42
   12e28:	04e60463          	beq	a2,a4,12e70 <_vfiprintf_r+0x234>
   12e2c:	02c12783          	lw	a5,44(sp)
   12e30:	00000693          	li	a3,0
   12e34:	00900613          	li	a2,9
   12e38:	00044703          	lbu	a4,0(s0)
   12e3c:	fd070713          	addi	a4,a4,-48
   12e40:	08e67e63          	bgeu	a2,a4,12edc <_vfiprintf_r+0x2a0>
   12e44:	04068463          	beqz	a3,12e8c <_vfiprintf_r+0x250>
   12e48:	02f12623          	sw	a5,44(sp)
   12e4c:	0400006f          	j	12e8c <_vfiprintf_r+0x250>
   12e50:	001c0c13          	addi	s8,s8,1
   12e54:	f19ff06f          	j	12d6c <_vfiprintf_r+0x130>
   12e58:	41650533          	sub	a0,a0,s6
   12e5c:	00ab9533          	sll	a0,s7,a0
   12e60:	00f56533          	or	a0,a0,a5
   12e64:	02a12023          	sw	a0,32(sp)
   12e68:	00068413          	mv	s0,a3
   12e6c:	f71ff06f          	j	12ddc <_vfiprintf_r+0x1a0>
   12e70:	01c12703          	lw	a4,28(sp)
   12e74:	00470613          	addi	a2,a4,4
   12e78:	00072703          	lw	a4,0(a4)
   12e7c:	00c12e23          	sw	a2,28(sp)
   12e80:	04074463          	bltz	a4,12ec8 <_vfiprintf_r+0x28c>
   12e84:	02e12623          	sw	a4,44(sp)
   12e88:	00068413          	mv	s0,a3
   12e8c:	00044703          	lbu	a4,0(s0)
   12e90:	02e00793          	li	a5,46
   12e94:	06f71e63          	bne	a4,a5,12f10 <_vfiprintf_r+0x2d4>
   12e98:	00144703          	lbu	a4,1(s0)
   12e9c:	02a00793          	li	a5,42
   12ea0:	04f71863          	bne	a4,a5,12ef0 <_vfiprintf_r+0x2b4>
   12ea4:	01c12783          	lw	a5,28(sp)
   12ea8:	00240413          	addi	s0,s0,2
   12eac:	00478713          	addi	a4,a5,4
   12eb0:	0007a783          	lw	a5,0(a5)
   12eb4:	00e12e23          	sw	a4,28(sp)
   12eb8:	0007d463          	bgez	a5,12ec0 <_vfiprintf_r+0x284>
   12ebc:	fff00793          	li	a5,-1
   12ec0:	02f12223          	sw	a5,36(sp)
   12ec4:	04c0006f          	j	12f10 <_vfiprintf_r+0x2d4>
   12ec8:	40e00733          	neg	a4,a4
   12ecc:	0027e793          	ori	a5,a5,2
   12ed0:	02e12623          	sw	a4,44(sp)
   12ed4:	02f12023          	sw	a5,32(sp)
   12ed8:	fb1ff06f          	j	12e88 <_vfiprintf_r+0x24c>
   12edc:	035787b3          	mul	a5,a5,s5
   12ee0:	00140413          	addi	s0,s0,1
   12ee4:	00100693          	li	a3,1
   12ee8:	00e787b3          	add	a5,a5,a4
   12eec:	f4dff06f          	j	12e38 <_vfiprintf_r+0x1fc>
   12ef0:	00140413          	addi	s0,s0,1
   12ef4:	02012223          	sw	zero,36(sp)
   12ef8:	00000793          	li	a5,0
   12efc:	00900693          	li	a3,9
   12f00:	00044703          	lbu	a4,0(s0)
   12f04:	fd070713          	addi	a4,a4,-48
   12f08:	0ae6f063          	bgeu	a3,a4,12fa8 <_vfiprintf_r+0x36c>
   12f0c:	fa0c9ae3          	bnez	s9,12ec0 <_vfiprintf_r+0x284>
   12f10:	00044583          	lbu	a1,0(s0)
   12f14:	00300613          	li	a2,3
   12f18:	0000e517          	auipc	a0,0xe
   12f1c:	97450513          	addi	a0,a0,-1676 # 2088c <__global_pointer$+0x24>
   12f20:	00001097          	auipc	ra,0x1
   12f24:	f94080e7          	jalr	-108(ra) # 13eb4 <memchr>
   12f28:	02050463          	beqz	a0,12f50 <_vfiprintf_r+0x314>
   12f2c:	0000e797          	auipc	a5,0xe
   12f30:	96078793          	addi	a5,a5,-1696 # 2088c <__global_pointer$+0x24>
   12f34:	40f50533          	sub	a0,a0,a5
   12f38:	02012783          	lw	a5,32(sp)
   12f3c:	04000713          	li	a4,64
   12f40:	00a71733          	sll	a4,a4,a0
   12f44:	00e7e7b3          	or	a5,a5,a4
   12f48:	00140413          	addi	s0,s0,1
   12f4c:	02f12023          	sw	a5,32(sp)
   12f50:	00044583          	lbu	a1,0(s0)
   12f54:	00600613          	li	a2,6
   12f58:	0000e517          	auipc	a0,0xe
   12f5c:	93850513          	addi	a0,a0,-1736 # 20890 <__global_pointer$+0x28>
   12f60:	02b10c23          	sb	a1,56(sp)
   12f64:	00001097          	auipc	ra,0x1
   12f68:	f50080e7          	jalr	-176(ra) # 13eb4 <memchr>
   12f6c:	0c050063          	beqz	a0,1302c <_vfiprintf_r+0x3f0>
   12f70:	fffed797          	auipc	a5,0xfffed
   12f74:	09078793          	addi	a5,a5,144 # 0 <__STACK_SIZE-0x1000>
   12f78:	04079a63          	bnez	a5,12fcc <_vfiprintf_r+0x390>
   12f7c:	02012703          	lw	a4,32(sp)
   12f80:	01c12783          	lw	a5,28(sp)
   12f84:	10077713          	andi	a4,a4,256
   12f88:	02070a63          	beqz	a4,12fbc <_vfiprintf_r+0x380>
   12f8c:	00478793          	addi	a5,a5,4
   12f90:	00f12e23          	sw	a5,28(sp)
   12f94:	03412783          	lw	a5,52(sp)
   12f98:	00140413          	addi	s0,s0,1
   12f9c:	012787b3          	add	a5,a5,s2
   12fa0:	02f12a23          	sw	a5,52(sp)
   12fa4:	dc5ff06f          	j	12d68 <_vfiprintf_r+0x12c>
   12fa8:	035787b3          	mul	a5,a5,s5
   12fac:	00140413          	addi	s0,s0,1
   12fb0:	00100c93          	li	s9,1
   12fb4:	00e787b3          	add	a5,a5,a4
   12fb8:	f49ff06f          	j	12f00 <_vfiprintf_r+0x2c4>
   12fbc:	00778793          	addi	a5,a5,7
   12fc0:	ff87f793          	andi	a5,a5,-8
   12fc4:	00878793          	addi	a5,a5,8
   12fc8:	fc9ff06f          	j	12f90 <_vfiprintf_r+0x354>
   12fcc:	01c10713          	addi	a4,sp,28
   12fd0:	00000697          	auipc	a3,0x0
   12fd4:	bf468693          	addi	a3,a3,-1036 # 12bc4 <__sfputs_r>
   12fd8:	00048613          	mv	a2,s1
   12fdc:	02010593          	addi	a1,sp,32
   12fe0:	00098513          	mv	a0,s3
   12fe4:	00000097          	auipc	ra,0x0
   12fe8:	000000e7          	jalr	zero # 0 <__STACK_SIZE-0x1000>
   12fec:	00050913          	mv	s2,a0
   12ff0:	fb4512e3          	bne	a0,s4,12f94 <_vfiprintf_r+0x358>
   12ff4:	0644a783          	lw	a5,100(s1)
   12ff8:	0017f793          	andi	a5,a5,1
   12ffc:	00079e63          	bnez	a5,13018 <_vfiprintf_r+0x3dc>
   13000:	00c4d783          	lhu	a5,12(s1)
   13004:	2007f793          	andi	a5,a5,512
   13008:	00079863          	bnez	a5,13018 <_vfiprintf_r+0x3dc>
   1300c:	0584a503          	lw	a0,88(s1)
   13010:	fffff097          	auipc	ra,0xfffff
   13014:	7d0080e7          	jalr	2000(ra) # 127e0 <__retarget_lock_release_recursive>
   13018:	00c4d783          	lhu	a5,12(s1)
   1301c:	0407f793          	andi	a5,a5,64
   13020:	cc0794e3          	bnez	a5,12ce8 <_vfiprintf_r+0xac>
   13024:	03412503          	lw	a0,52(sp)
   13028:	cc5ff06f          	j	12cec <_vfiprintf_r+0xb0>
   1302c:	01c10713          	addi	a4,sp,28
   13030:	00000697          	auipc	a3,0x0
   13034:	b9468693          	addi	a3,a3,-1132 # 12bc4 <__sfputs_r>
   13038:	00048613          	mv	a2,s1
   1303c:	02010593          	addi	a1,sp,32
   13040:	00098513          	mv	a0,s3
   13044:	00000097          	auipc	ra,0x0
   13048:	1c0080e7          	jalr	448(ra) # 13204 <_printf_i>
   1304c:	fa1ff06f          	j	12fec <_vfiprintf_r+0x3b0>

00013050 <_printf_common>:
   13050:	fd010113          	addi	sp,sp,-48
   13054:	01312e23          	sw	s3,28(sp)
   13058:	0105a783          	lw	a5,16(a1)
   1305c:	00070993          	mv	s3,a4
   13060:	0085a703          	lw	a4,8(a1)
   13064:	02812423          	sw	s0,40(sp)
   13068:	03212023          	sw	s2,32(sp)
   1306c:	01612823          	sw	s6,16(sp)
   13070:	01712623          	sw	s7,12(sp)
   13074:	02112623          	sw	ra,44(sp)
   13078:	02912223          	sw	s1,36(sp)
   1307c:	01412c23          	sw	s4,24(sp)
   13080:	01512a23          	sw	s5,20(sp)
   13084:	00050b13          	mv	s6,a0
   13088:	00058413          	mv	s0,a1
   1308c:	00060913          	mv	s2,a2
   13090:	00068b93          	mv	s7,a3
   13094:	00e7d463          	bge	a5,a4,1309c <_printf_common+0x4c>
   13098:	00070793          	mv	a5,a4
   1309c:	00f92023          	sw	a5,0(s2)
   130a0:	04344703          	lbu	a4,67(s0)
   130a4:	00070663          	beqz	a4,130b0 <_printf_common+0x60>
   130a8:	00178793          	addi	a5,a5,1
   130ac:	00f92023          	sw	a5,0(s2)
   130b0:	00042783          	lw	a5,0(s0)
   130b4:	0207f793          	andi	a5,a5,32
   130b8:	00078863          	beqz	a5,130c8 <_printf_common+0x78>
   130bc:	00092783          	lw	a5,0(s2)
   130c0:	00278793          	addi	a5,a5,2
   130c4:	00f92023          	sw	a5,0(s2)
   130c8:	00042483          	lw	s1,0(s0)
   130cc:	0064f493          	andi	s1,s1,6
   130d0:	00049e63          	bnez	s1,130ec <_printf_common+0x9c>
   130d4:	01940a13          	addi	s4,s0,25
   130d8:	fff00a93          	li	s5,-1
   130dc:	00c42783          	lw	a5,12(s0)
   130e0:	00092703          	lw	a4,0(s2)
   130e4:	40e787b3          	sub	a5,a5,a4
   130e8:	08f4c463          	blt	s1,a5,13170 <_printf_common+0x120>
   130ec:	00042783          	lw	a5,0(s0)
   130f0:	04344683          	lbu	a3,67(s0)
   130f4:	0207f793          	andi	a5,a5,32
   130f8:	00d036b3          	snez	a3,a3
   130fc:	0c079263          	bnez	a5,131c0 <_printf_common+0x170>
   13100:	04340613          	addi	a2,s0,67
   13104:	000b8593          	mv	a1,s7
   13108:	000b0513          	mv	a0,s6
   1310c:	000980e7          	jalr	s3
   13110:	fff00793          	li	a5,-1
   13114:	06f50a63          	beq	a0,a5,13188 <_printf_common+0x138>
   13118:	00042783          	lw	a5,0(s0)
   1311c:	00400713          	li	a4,4
   13120:	00000493          	li	s1,0
   13124:	0067f793          	andi	a5,a5,6
   13128:	00e79e63          	bne	a5,a4,13144 <_printf_common+0xf4>
   1312c:	00092783          	lw	a5,0(s2)
   13130:	00c42483          	lw	s1,12(s0)
   13134:	40f484b3          	sub	s1,s1,a5
   13138:	fff4c793          	not	a5,s1
   1313c:	41f7d793          	srai	a5,a5,0x1f
   13140:	00f4f4b3          	and	s1,s1,a5
   13144:	00842783          	lw	a5,8(s0)
   13148:	01042703          	lw	a4,16(s0)
   1314c:	00f75663          	bge	a4,a5,13158 <_printf_common+0x108>
   13150:	40e787b3          	sub	a5,a5,a4
   13154:	00f484b3          	add	s1,s1,a5
   13158:	00000913          	li	s2,0
   1315c:	01a40413          	addi	s0,s0,26
   13160:	fff00a13          	li	s4,-1
   13164:	09249063          	bne	s1,s2,131e4 <_printf_common+0x194>
   13168:	00000513          	li	a0,0
   1316c:	0200006f          	j	1318c <_printf_common+0x13c>
   13170:	00100693          	li	a3,1
   13174:	000a0613          	mv	a2,s4
   13178:	000b8593          	mv	a1,s7
   1317c:	000b0513          	mv	a0,s6
   13180:	000980e7          	jalr	s3
   13184:	03551a63          	bne	a0,s5,131b8 <_printf_common+0x168>
   13188:	fff00513          	li	a0,-1
   1318c:	02c12083          	lw	ra,44(sp)
   13190:	02812403          	lw	s0,40(sp)
   13194:	02412483          	lw	s1,36(sp)
   13198:	02012903          	lw	s2,32(sp)
   1319c:	01c12983          	lw	s3,28(sp)
   131a0:	01812a03          	lw	s4,24(sp)
   131a4:	01412a83          	lw	s5,20(sp)
   131a8:	01012b03          	lw	s6,16(sp)
   131ac:	00c12b83          	lw	s7,12(sp)
   131b0:	03010113          	addi	sp,sp,48
   131b4:	00008067          	ret
   131b8:	00148493          	addi	s1,s1,1
   131bc:	f21ff06f          	j	130dc <_printf_common+0x8c>
   131c0:	00d40733          	add	a4,s0,a3
   131c4:	03000613          	li	a2,48
   131c8:	04c701a3          	sb	a2,67(a4)
   131cc:	04544703          	lbu	a4,69(s0)
   131d0:	00168793          	addi	a5,a3,1
   131d4:	00f407b3          	add	a5,s0,a5
   131d8:	00268693          	addi	a3,a3,2
   131dc:	04e781a3          	sb	a4,67(a5)
   131e0:	f21ff06f          	j	13100 <_printf_common+0xb0>
   131e4:	00100693          	li	a3,1
   131e8:	00040613          	mv	a2,s0
   131ec:	000b8593          	mv	a1,s7
   131f0:	000b0513          	mv	a0,s6
   131f4:	000980e7          	jalr	s3
   131f8:	f94508e3          	beq	a0,s4,13188 <_printf_common+0x138>
   131fc:	00190913          	addi	s2,s2,1
   13200:	f65ff06f          	j	13164 <_printf_common+0x114>

00013204 <_printf_i>:
   13204:	fc010113          	addi	sp,sp,-64
   13208:	02812c23          	sw	s0,56(sp)
   1320c:	02912a23          	sw	s1,52(sp)
   13210:	03412423          	sw	s4,40(sp)
   13214:	03512223          	sw	s5,36(sp)
   13218:	02112e23          	sw	ra,60(sp)
   1321c:	03212823          	sw	s2,48(sp)
   13220:	03312623          	sw	s3,44(sp)
   13224:	0185c783          	lbu	a5,24(a1)
   13228:	00068493          	mv	s1,a3
   1322c:	07800693          	li	a3,120
   13230:	00050a13          	mv	s4,a0
   13234:	00058413          	mv	s0,a1
   13238:	00060a93          	mv	s5,a2
   1323c:	02f6e263          	bltu	a3,a5,13260 <_printf_i+0x5c>
   13240:	06200693          	li	a3,98
   13244:	04358613          	addi	a2,a1,67
   13248:	02f6e063          	bltu	a3,a5,13268 <_printf_i+0x64>
   1324c:	28078863          	beqz	a5,134dc <_printf_i+0x2d8>
   13250:	05800593          	li	a1,88
   13254:	0000d697          	auipc	a3,0xd
   13258:	64468693          	addi	a3,a3,1604 # 20898 <__global_pointer$+0x30>
   1325c:	1cb78c63          	beq	a5,a1,13434 <_printf_i+0x230>
   13260:	04240913          	addi	s2,s0,66
   13264:	0440006f          	j	132a8 <_printf_i+0xa4>
   13268:	f9d78693          	addi	a3,a5,-99
   1326c:	0ff6f693          	zext.b	a3,a3
   13270:	01500593          	li	a1,21
   13274:	fed5e6e3          	bltu	a1,a3,13260 <_printf_i+0x5c>
   13278:	0000d597          	auipc	a1,0xd
   1327c:	64858593          	addi	a1,a1,1608 # 208c0 <__global_pointer$+0x58>
   13280:	00269693          	slli	a3,a3,0x2
   13284:	00b686b3          	add	a3,a3,a1
   13288:	0006a683          	lw	a3,0(a3)
   1328c:	00b686b3          	add	a3,a3,a1
   13290:	00068067          	jr	a3
   13294:	00072783          	lw	a5,0(a4)
   13298:	04240913          	addi	s2,s0,66
   1329c:	00478693          	addi	a3,a5,4
   132a0:	0007a783          	lw	a5,0(a5)
   132a4:	00d72023          	sw	a3,0(a4)
   132a8:	04f40123          	sb	a5,66(s0)
   132ac:	00100793          	li	a5,1
   132b0:	26c0006f          	j	1351c <_printf_i+0x318>
   132b4:	00042783          	lw	a5,0(s0)
   132b8:	00072503          	lw	a0,0(a4)
   132bc:	0807f693          	andi	a3,a5,128
   132c0:	00450593          	addi	a1,a0,4
   132c4:	02068663          	beqz	a3,132f0 <_printf_i+0xec>
   132c8:	00052783          	lw	a5,0(a0)
   132cc:	00b72023          	sw	a1,0(a4)
   132d0:	0007d863          	bgez	a5,132e0 <_printf_i+0xdc>
   132d4:	02d00713          	li	a4,45
   132d8:	40f007b3          	neg	a5,a5
   132dc:	04e401a3          	sb	a4,67(s0)
   132e0:	0000d697          	auipc	a3,0xd
   132e4:	5b868693          	addi	a3,a3,1464 # 20898 <__global_pointer$+0x30>
   132e8:	00a00713          	li	a4,10
   132ec:	0680006f          	j	13354 <_printf_i+0x150>
   132f0:	0407f693          	andi	a3,a5,64
   132f4:	00052783          	lw	a5,0(a0)
   132f8:	00b72023          	sw	a1,0(a4)
   132fc:	fc068ae3          	beqz	a3,132d0 <_printf_i+0xcc>
   13300:	01079793          	slli	a5,a5,0x10
   13304:	4107d793          	srai	a5,a5,0x10
   13308:	fc9ff06f          	j	132d0 <_printf_i+0xcc>
   1330c:	00042583          	lw	a1,0(s0)
   13310:	00072683          	lw	a3,0(a4)
   13314:	0805f513          	andi	a0,a1,128
   13318:	0006a783          	lw	a5,0(a3)
   1331c:	00468693          	addi	a3,a3,4
   13320:	00051a63          	bnez	a0,13334 <_printf_i+0x130>
   13324:	0405f593          	andi	a1,a1,64
   13328:	00058663          	beqz	a1,13334 <_printf_i+0x130>
   1332c:	01079793          	slli	a5,a5,0x10
   13330:	0107d793          	srli	a5,a5,0x10
   13334:	00d72023          	sw	a3,0(a4)
   13338:	01844683          	lbu	a3,24(s0)
   1333c:	06f00713          	li	a4,111
   13340:	14e69863          	bne	a3,a4,13490 <_printf_i+0x28c>
   13344:	0000d697          	auipc	a3,0xd
   13348:	55468693          	addi	a3,a3,1364 # 20898 <__global_pointer$+0x30>
   1334c:	00800713          	li	a4,8
   13350:	040401a3          	sb	zero,67(s0)
   13354:	00442583          	lw	a1,4(s0)
   13358:	00b42423          	sw	a1,8(s0)
   1335c:	0005ce63          	bltz	a1,13378 <_printf_i+0x174>
   13360:	00042503          	lw	a0,0(s0)
   13364:	00b7e5b3          	or	a1,a5,a1
   13368:	00060913          	mv	s2,a2
   1336c:	ffb57513          	andi	a0,a0,-5
   13370:	00a42023          	sw	a0,0(s0)
   13374:	02058463          	beqz	a1,1339c <_printf_i+0x198>
   13378:	00060913          	mv	s2,a2
   1337c:	02e7f5b3          	remu	a1,a5,a4
   13380:	fff90913          	addi	s2,s2,-1
   13384:	00b685b3          	add	a1,a3,a1
   13388:	0005c583          	lbu	a1,0(a1)
   1338c:	00b90023          	sb	a1,0(s2)
   13390:	00078593          	mv	a1,a5
   13394:	02e7d7b3          	divu	a5,a5,a4
   13398:	fee5f2e3          	bgeu	a1,a4,1337c <_printf_i+0x178>
   1339c:	00800793          	li	a5,8
   133a0:	02f71463          	bne	a4,a5,133c8 <_printf_i+0x1c4>
   133a4:	00042783          	lw	a5,0(s0)
   133a8:	0017f793          	andi	a5,a5,1
   133ac:	00078e63          	beqz	a5,133c8 <_printf_i+0x1c4>
   133b0:	00442703          	lw	a4,4(s0)
   133b4:	01042783          	lw	a5,16(s0)
   133b8:	00e7c863          	blt	a5,a4,133c8 <_printf_i+0x1c4>
   133bc:	03000793          	li	a5,48
   133c0:	fef90fa3          	sb	a5,-1(s2)
   133c4:	fff90913          	addi	s2,s2,-1
   133c8:	41260633          	sub	a2,a2,s2
   133cc:	00c42823          	sw	a2,16(s0)
   133d0:	00048713          	mv	a4,s1
   133d4:	000a8693          	mv	a3,s5
   133d8:	01c10613          	addi	a2,sp,28
   133dc:	00040593          	mv	a1,s0
   133e0:	000a0513          	mv	a0,s4
   133e4:	00000097          	auipc	ra,0x0
   133e8:	c6c080e7          	jalr	-916(ra) # 13050 <_printf_common>
   133ec:	fff00993          	li	s3,-1
   133f0:	13351c63          	bne	a0,s3,13528 <_printf_i+0x324>
   133f4:	fff00513          	li	a0,-1
   133f8:	03c12083          	lw	ra,60(sp)
   133fc:	03812403          	lw	s0,56(sp)
   13400:	03412483          	lw	s1,52(sp)
   13404:	03012903          	lw	s2,48(sp)
   13408:	02c12983          	lw	s3,44(sp)
   1340c:	02812a03          	lw	s4,40(sp)
   13410:	02412a83          	lw	s5,36(sp)
   13414:	04010113          	addi	sp,sp,64
   13418:	00008067          	ret
   1341c:	00042783          	lw	a5,0(s0)
   13420:	0207e793          	ori	a5,a5,32
   13424:	00f42023          	sw	a5,0(s0)
   13428:	07800793          	li	a5,120
   1342c:	0000d697          	auipc	a3,0xd
   13430:	48068693          	addi	a3,a3,1152 # 208ac <__global_pointer$+0x44>
   13434:	04f402a3          	sb	a5,69(s0)
   13438:	00042583          	lw	a1,0(s0)
   1343c:	00072503          	lw	a0,0(a4)
   13440:	0805f813          	andi	a6,a1,128
   13444:	00052783          	lw	a5,0(a0)
   13448:	00450513          	addi	a0,a0,4
   1344c:	00081a63          	bnez	a6,13460 <_printf_i+0x25c>
   13450:	0405f813          	andi	a6,a1,64
   13454:	00080663          	beqz	a6,13460 <_printf_i+0x25c>
   13458:	01079793          	slli	a5,a5,0x10
   1345c:	0107d793          	srli	a5,a5,0x10
   13460:	00a72023          	sw	a0,0(a4)
   13464:	0015f713          	andi	a4,a1,1
   13468:	00070663          	beqz	a4,13474 <_printf_i+0x270>
   1346c:	0205e593          	ori	a1,a1,32
   13470:	00b42023          	sw	a1,0(s0)
   13474:	00078663          	beqz	a5,13480 <_printf_i+0x27c>
   13478:	01000713          	li	a4,16
   1347c:	ed5ff06f          	j	13350 <_printf_i+0x14c>
   13480:	00042703          	lw	a4,0(s0)
   13484:	fdf77713          	andi	a4,a4,-33
   13488:	00e42023          	sw	a4,0(s0)
   1348c:	fedff06f          	j	13478 <_printf_i+0x274>
   13490:	0000d697          	auipc	a3,0xd
   13494:	40868693          	addi	a3,a3,1032 # 20898 <__global_pointer$+0x30>
   13498:	00a00713          	li	a4,10
   1349c:	eb5ff06f          	j	13350 <_printf_i+0x14c>
   134a0:	00042683          	lw	a3,0(s0)
   134a4:	00072783          	lw	a5,0(a4)
   134a8:	01442583          	lw	a1,20(s0)
   134ac:	0806f813          	andi	a6,a3,128
   134b0:	00478513          	addi	a0,a5,4
   134b4:	00080a63          	beqz	a6,134c8 <_printf_i+0x2c4>
   134b8:	00a72023          	sw	a0,0(a4)
   134bc:	0007a783          	lw	a5,0(a5)
   134c0:	00b7a023          	sw	a1,0(a5)
   134c4:	0180006f          	j	134dc <_printf_i+0x2d8>
   134c8:	00a72023          	sw	a0,0(a4)
   134cc:	0406f693          	andi	a3,a3,64
   134d0:	0007a783          	lw	a5,0(a5)
   134d4:	fe0686e3          	beqz	a3,134c0 <_printf_i+0x2bc>
   134d8:	00b79023          	sh	a1,0(a5)
   134dc:	00042823          	sw	zero,16(s0)
   134e0:	00060913          	mv	s2,a2
   134e4:	eedff06f          	j	133d0 <_printf_i+0x1cc>
   134e8:	00072783          	lw	a5,0(a4)
   134ec:	00442603          	lw	a2,4(s0)
   134f0:	00000593          	li	a1,0
   134f4:	00478693          	addi	a3,a5,4
   134f8:	00d72023          	sw	a3,0(a4)
   134fc:	0007a903          	lw	s2,0(a5)
   13500:	00090513          	mv	a0,s2
   13504:	00001097          	auipc	ra,0x1
   13508:	9b0080e7          	jalr	-1616(ra) # 13eb4 <memchr>
   1350c:	00050663          	beqz	a0,13518 <_printf_i+0x314>
   13510:	41250533          	sub	a0,a0,s2
   13514:	00a42223          	sw	a0,4(s0)
   13518:	00442783          	lw	a5,4(s0)
   1351c:	00f42823          	sw	a5,16(s0)
   13520:	040401a3          	sb	zero,67(s0)
   13524:	eadff06f          	j	133d0 <_printf_i+0x1cc>
   13528:	01042683          	lw	a3,16(s0)
   1352c:	00090613          	mv	a2,s2
   13530:	000a8593          	mv	a1,s5
   13534:	000a0513          	mv	a0,s4
   13538:	000480e7          	jalr	s1
   1353c:	eb350ce3          	beq	a0,s3,133f4 <_printf_i+0x1f0>
   13540:	00042783          	lw	a5,0(s0)
   13544:	0027f793          	andi	a5,a5,2
   13548:	04079663          	bnez	a5,13594 <_printf_i+0x390>
   1354c:	01c12783          	lw	a5,28(sp)
   13550:	00c42503          	lw	a0,12(s0)
   13554:	eaf552e3          	bge	a0,a5,133f8 <_printf_i+0x1f4>
   13558:	00078513          	mv	a0,a5
   1355c:	e9dff06f          	j	133f8 <_printf_i+0x1f4>
   13560:	00100693          	li	a3,1
   13564:	000a8593          	mv	a1,s5
   13568:	000a0513          	mv	a0,s4
   1356c:	00c12623          	sw	a2,12(sp)
   13570:	000480e7          	jalr	s1
   13574:	e93500e3          	beq	a0,s3,133f4 <_printf_i+0x1f0>
   13578:	00c12603          	lw	a2,12(sp)
   1357c:	00190913          	addi	s2,s2,1
   13580:	00c42783          	lw	a5,12(s0)
   13584:	01c12703          	lw	a4,28(sp)
   13588:	40e787b3          	sub	a5,a5,a4
   1358c:	fcf94ae3          	blt	s2,a5,13560 <_printf_i+0x35c>
   13590:	fbdff06f          	j	1354c <_printf_i+0x348>
   13594:	00000913          	li	s2,0
   13598:	01940613          	addi	a2,s0,25
   1359c:	fe5ff06f          	j	13580 <_printf_i+0x37c>

000135a0 <__sflush_r>:
   135a0:	00c59783          	lh	a5,12(a1)
   135a4:	fe010113          	addi	sp,sp,-32
   135a8:	00812c23          	sw	s0,24(sp)
   135ac:	00912a23          	sw	s1,20(sp)
   135b0:	00112e23          	sw	ra,28(sp)
   135b4:	01212823          	sw	s2,16(sp)
   135b8:	0087f713          	andi	a4,a5,8
   135bc:	00050493          	mv	s1,a0
   135c0:	00058413          	mv	s0,a1
   135c4:	12071463          	bnez	a4,136ec <__sflush_r+0x14c>
   135c8:	0045a703          	lw	a4,4(a1)
   135cc:	00e04663          	bgtz	a4,135d8 <__sflush_r+0x38>
   135d0:	0405a703          	lw	a4,64(a1)
   135d4:	10e05863          	blez	a4,136e4 <__sflush_r+0x144>
   135d8:	02c42703          	lw	a4,44(s0)
   135dc:	10070463          	beqz	a4,136e4 <__sflush_r+0x144>
   135e0:	0004a903          	lw	s2,0(s1)
   135e4:	01379693          	slli	a3,a5,0x13
   135e8:	0004a023          	sw	zero,0(s1)
   135ec:	0a06de63          	bgez	a3,136a8 <__sflush_r+0x108>
   135f0:	05442603          	lw	a2,84(s0)
   135f4:	00c45783          	lhu	a5,12(s0)
   135f8:	0047f793          	andi	a5,a5,4
   135fc:	00078e63          	beqz	a5,13618 <__sflush_r+0x78>
   13600:	00442783          	lw	a5,4(s0)
   13604:	40f60633          	sub	a2,a2,a5
   13608:	03442783          	lw	a5,52(s0)
   1360c:	00078663          	beqz	a5,13618 <__sflush_r+0x78>
   13610:	04042783          	lw	a5,64(s0)
   13614:	40f60633          	sub	a2,a2,a5
   13618:	02c42783          	lw	a5,44(s0)
   1361c:	02042583          	lw	a1,32(s0)
   13620:	00000693          	li	a3,0
   13624:	00048513          	mv	a0,s1
   13628:	000780e7          	jalr	a5
   1362c:	fff00713          	li	a4,-1
   13630:	00c41783          	lh	a5,12(s0)
   13634:	02e51263          	bne	a0,a4,13658 <__sflush_r+0xb8>
   13638:	0004a683          	lw	a3,0(s1)
   1363c:	01d00713          	li	a4,29
   13640:	0ed76e63          	bltu	a4,a3,1373c <__sflush_r+0x19c>
   13644:	20400737          	lui	a4,0x20400
   13648:	00170713          	addi	a4,a4,1 # 20400001 <__stack_top__+0x203d0001>
   1364c:	00d75733          	srl	a4,a4,a3
   13650:	00177713          	andi	a4,a4,1
   13654:	0e070463          	beqz	a4,1373c <__sflush_r+0x19c>
   13658:	01042703          	lw	a4,16(s0)
   1365c:	00042223          	sw	zero,4(s0)
   13660:	00e42023          	sw	a4,0(s0)
   13664:	01379713          	slli	a4,a5,0x13
   13668:	00075c63          	bgez	a4,13680 <__sflush_r+0xe0>
   1366c:	fff00793          	li	a5,-1
   13670:	00f51663          	bne	a0,a5,1367c <__sflush_r+0xdc>
   13674:	0004a783          	lw	a5,0(s1)
   13678:	00079463          	bnez	a5,13680 <__sflush_r+0xe0>
   1367c:	04a42a23          	sw	a0,84(s0)
   13680:	03442583          	lw	a1,52(s0)
   13684:	0124a023          	sw	s2,0(s1)
   13688:	04058e63          	beqz	a1,136e4 <__sflush_r+0x144>
   1368c:	04440793          	addi	a5,s0,68
   13690:	00f58863          	beq	a1,a5,136a0 <__sflush_r+0x100>
   13694:	00048513          	mv	a0,s1
   13698:	fffff097          	auipc	ra,0xfffff
   1369c:	14c080e7          	jalr	332(ra) # 127e4 <_free_r>
   136a0:	02042a23          	sw	zero,52(s0)
   136a4:	0400006f          	j	136e4 <__sflush_r+0x144>
   136a8:	02042583          	lw	a1,32(s0)
   136ac:	00000613          	li	a2,0
   136b0:	00100693          	li	a3,1
   136b4:	00048513          	mv	a0,s1
   136b8:	000700e7          	jalr	a4
   136bc:	fff00793          	li	a5,-1
   136c0:	00050613          	mv	a2,a0
   136c4:	f2f518e3          	bne	a0,a5,135f4 <__sflush_r+0x54>
   136c8:	0004a783          	lw	a5,0(s1)
   136cc:	f20784e3          	beqz	a5,135f4 <__sflush_r+0x54>
   136d0:	fe378713          	addi	a4,a5,-29
   136d4:	00070663          	beqz	a4,136e0 <__sflush_r+0x140>
   136d8:	fea78793          	addi	a5,a5,-22
   136dc:	04079e63          	bnez	a5,13738 <__sflush_r+0x198>
   136e0:	0124a023          	sw	s2,0(s1)
   136e4:	00000513          	li	a0,0
   136e8:	0600006f          	j	13748 <__sflush_r+0x1a8>
   136ec:	0105a603          	lw	a2,16(a1)
   136f0:	fe060ae3          	beqz	a2,136e4 <__sflush_r+0x144>
   136f4:	0005a683          	lw	a3,0(a1)
   136f8:	0037f793          	andi	a5,a5,3
   136fc:	00c5a023          	sw	a2,0(a1)
   13700:	40c68933          	sub	s2,a3,a2
   13704:	00000713          	li	a4,0
   13708:	00079463          	bnez	a5,13710 <__sflush_r+0x170>
   1370c:	0145a703          	lw	a4,20(a1)
   13710:	00e42423          	sw	a4,8(s0)
   13714:	fd2058e3          	blez	s2,136e4 <__sflush_r+0x144>
   13718:	02842783          	lw	a5,40(s0)
   1371c:	02042583          	lw	a1,32(s0)
   13720:	00090693          	mv	a3,s2
   13724:	00048513          	mv	a0,s1
   13728:	00c12623          	sw	a2,12(sp)
   1372c:	000780e7          	jalr	a5
   13730:	00c12603          	lw	a2,12(sp)
   13734:	02a04663          	bgtz	a0,13760 <__sflush_r+0x1c0>
   13738:	00c45783          	lhu	a5,12(s0)
   1373c:	0407e793          	ori	a5,a5,64
   13740:	00f41623          	sh	a5,12(s0)
   13744:	fff00513          	li	a0,-1
   13748:	01c12083          	lw	ra,28(sp)
   1374c:	01812403          	lw	s0,24(sp)
   13750:	01412483          	lw	s1,20(sp)
   13754:	01012903          	lw	s2,16(sp)
   13758:	02010113          	addi	sp,sp,32
   1375c:	00008067          	ret
   13760:	00a60633          	add	a2,a2,a0
   13764:	40a90933          	sub	s2,s2,a0
   13768:	fadff06f          	j	13714 <__sflush_r+0x174>

0001376c <_fflush_r>:
   1376c:	0105a783          	lw	a5,16(a1)
   13770:	ff010113          	addi	sp,sp,-16
   13774:	00112623          	sw	ra,12(sp)
   13778:	00812423          	sw	s0,8(sp)
   1377c:	00912223          	sw	s1,4(sp)
   13780:	02079063          	bnez	a5,137a0 <_fflush_r+0x34>
   13784:	00000493          	li	s1,0
   13788:	00c12083          	lw	ra,12(sp)
   1378c:	00812403          	lw	s0,8(sp)
   13790:	00048513          	mv	a0,s1
   13794:	00412483          	lw	s1,4(sp)
   13798:	01010113          	addi	sp,sp,16
   1379c:	00008067          	ret
   137a0:	00050493          	mv	s1,a0
   137a4:	00058413          	mv	s0,a1
   137a8:	00050a63          	beqz	a0,137bc <_fflush_r+0x50>
   137ac:	02052783          	lw	a5,32(a0)
   137b0:	00079663          	bnez	a5,137bc <_fflush_r+0x50>
   137b4:	00000097          	auipc	ra,0x0
   137b8:	268080e7          	jalr	616(ra) # 13a1c <__sinit>
   137bc:	00c41783          	lh	a5,12(s0)
   137c0:	fc0782e3          	beqz	a5,13784 <_fflush_r+0x18>
   137c4:	06442703          	lw	a4,100(s0)
   137c8:	00177713          	andi	a4,a4,1
   137cc:	00071c63          	bnez	a4,137e4 <_fflush_r+0x78>
   137d0:	2007f793          	andi	a5,a5,512
   137d4:	00079863          	bnez	a5,137e4 <_fflush_r+0x78>
   137d8:	05842503          	lw	a0,88(s0)
   137dc:	fffff097          	auipc	ra,0xfffff
   137e0:	000080e7          	jalr	ra # 127dc <__retarget_lock_acquire_recursive>
   137e4:	00048513          	mv	a0,s1
   137e8:	00040593          	mv	a1,s0
   137ec:	00000097          	auipc	ra,0x0
   137f0:	db4080e7          	jalr	-588(ra) # 135a0 <__sflush_r>
   137f4:	06442783          	lw	a5,100(s0)
   137f8:	00050493          	mv	s1,a0
   137fc:	0017f793          	andi	a5,a5,1
   13800:	f80794e3          	bnez	a5,13788 <_fflush_r+0x1c>
   13804:	00c45783          	lhu	a5,12(s0)
   13808:	2007f793          	andi	a5,a5,512
   1380c:	f6079ee3          	bnez	a5,13788 <_fflush_r+0x1c>
   13810:	05842503          	lw	a0,88(s0)
   13814:	fffff097          	auipc	ra,0xfffff
   13818:	fcc080e7          	jalr	-52(ra) # 127e0 <__retarget_lock_release_recursive>
   1381c:	f6dff06f          	j	13788 <_fflush_r+0x1c>

00013820 <std>:
   13820:	ff010113          	addi	sp,sp,-16
   13824:	00812423          	sw	s0,8(sp)
   13828:	00112623          	sw	ra,12(sp)
   1382c:	00050413          	mv	s0,a0
   13830:	00b51623          	sh	a1,12(a0)
   13834:	00c51723          	sh	a2,14(a0)
   13838:	00052023          	sw	zero,0(a0)
   1383c:	00052223          	sw	zero,4(a0)
   13840:	00052423          	sw	zero,8(a0)
   13844:	06052223          	sw	zero,100(a0)
   13848:	00052823          	sw	zero,16(a0)
   1384c:	00052a23          	sw	zero,20(a0)
   13850:	00052c23          	sw	zero,24(a0)
   13854:	00800613          	li	a2,8
   13858:	00000593          	li	a1,0
   1385c:	05c50513          	addi	a0,a0,92
   13860:	ffffd097          	auipc	ra,0xffffd
   13864:	b64080e7          	jalr	-1180(ra) # 103c4 <memset>
   13868:	00000797          	auipc	a5,0x0
   1386c:	50478793          	addi	a5,a5,1284 # 13d6c <__sread>
   13870:	02f42223          	sw	a5,36(s0)
   13874:	00000797          	auipc	a5,0x0
   13878:	54c78793          	addi	a5,a5,1356 # 13dc0 <__swrite>
   1387c:	02f42423          	sw	a5,40(s0)
   13880:	00000797          	auipc	a5,0x0
   13884:	5cc78793          	addi	a5,a5,1484 # 13e4c <__sseek>
   13888:	02f42623          	sw	a5,44(s0)
   1388c:	00000797          	auipc	a5,0x0
   13890:	61c78793          	addi	a5,a5,1564 # 13ea8 <__sclose>
   13894:	02f42823          	sw	a5,48(s0)
   13898:	0000e717          	auipc	a4,0xe
   1389c:	98870713          	addi	a4,a4,-1656 # 21220 <__sf>
   138a0:	0000e797          	auipc	a5,0xe
   138a4:	9e878793          	addi	a5,a5,-1560 # 21288 <__sf+0x68>
   138a8:	40f407b3          	sub	a5,s0,a5
   138ac:	40e40733          	sub	a4,s0,a4
   138b0:	0017b793          	seqz	a5,a5
   138b4:	00173713          	seqz	a4,a4
   138b8:	02842023          	sw	s0,32(s0)
   138bc:	00e7e7b3          	or	a5,a5,a4
   138c0:	00079863          	bnez	a5,138d0 <std+0xb0>
   138c4:	0000e797          	auipc	a5,0xe
   138c8:	a2c78793          	addi	a5,a5,-1492 # 212f0 <__sf+0xd0>
   138cc:	00f41e63          	bne	s0,a5,138e8 <std+0xc8>
   138d0:	05840513          	addi	a0,s0,88
   138d4:	00812403          	lw	s0,8(sp)
   138d8:	00c12083          	lw	ra,12(sp)
   138dc:	01010113          	addi	sp,sp,16
   138e0:	fffff317          	auipc	t1,0xfffff
   138e4:	ef830067          	jr	-264(t1) # 127d8 <__retarget_lock_init_recursive>
   138e8:	00c12083          	lw	ra,12(sp)
   138ec:	00812403          	lw	s0,8(sp)
   138f0:	01010113          	addi	sp,sp,16
   138f4:	00008067          	ret

000138f8 <stdio_exit_handler>:
   138f8:	0000c617          	auipc	a2,0xc
   138fc:	76060613          	addi	a2,a2,1888 # 20058 <__sglue>
   13900:	00000597          	auipc	a1,0x0
   13904:	e6c58593          	addi	a1,a1,-404 # 1376c <_fflush_r>
   13908:	0000c517          	auipc	a0,0xc
   1390c:	70450513          	addi	a0,a0,1796 # 2000c <_impure_data>
   13910:	00000317          	auipc	t1,0x0
   13914:	16030067          	jr	352(t1) # 13a70 <_fwalk_sglue>

00013918 <cleanup_stdio>:
   13918:	00452583          	lw	a1,4(a0)
   1391c:	ff010113          	addi	sp,sp,-16
   13920:	00812423          	sw	s0,8(sp)
   13924:	00112623          	sw	ra,12(sp)
   13928:	0000e797          	auipc	a5,0xe
   1392c:	8f878793          	addi	a5,a5,-1800 # 21220 <__sf>
   13930:	00050413          	mv	s0,a0
   13934:	00f58663          	beq	a1,a5,13940 <cleanup_stdio+0x28>
   13938:	00000097          	auipc	ra,0x0
   1393c:	e34080e7          	jalr	-460(ra) # 1376c <_fflush_r>
   13940:	00842583          	lw	a1,8(s0)
   13944:	0000e797          	auipc	a5,0xe
   13948:	94478793          	addi	a5,a5,-1724 # 21288 <__sf+0x68>
   1394c:	00f58863          	beq	a1,a5,1395c <cleanup_stdio+0x44>
   13950:	00040513          	mv	a0,s0
   13954:	00000097          	auipc	ra,0x0
   13958:	e18080e7          	jalr	-488(ra) # 1376c <_fflush_r>
   1395c:	00c42583          	lw	a1,12(s0)
   13960:	0000e797          	auipc	a5,0xe
   13964:	99078793          	addi	a5,a5,-1648 # 212f0 <__sf+0xd0>
   13968:	00f58e63          	beq	a1,a5,13984 <cleanup_stdio+0x6c>
   1396c:	00040513          	mv	a0,s0
   13970:	00812403          	lw	s0,8(sp)
   13974:	00c12083          	lw	ra,12(sp)
   13978:	01010113          	addi	sp,sp,16
   1397c:	00000317          	auipc	t1,0x0
   13980:	df030067          	jr	-528(t1) # 1376c <_fflush_r>
   13984:	00c12083          	lw	ra,12(sp)
   13988:	00812403          	lw	s0,8(sp)
   1398c:	01010113          	addi	sp,sp,16
   13990:	00008067          	ret

00013994 <global_stdio_init.part.0>:
   13994:	ff010113          	addi	sp,sp,-16
   13998:	00000797          	auipc	a5,0x0
   1399c:	f6078793          	addi	a5,a5,-160 # 138f8 <stdio_exit_handler>
   139a0:	00000613          	li	a2,0
   139a4:	00400593          	li	a1,4
   139a8:	0000e517          	auipc	a0,0xe
   139ac:	87850513          	addi	a0,a0,-1928 # 21220 <__sf>
   139b0:	00112623          	sw	ra,12(sp)
   139b4:	0000d717          	auipc	a4,0xd
   139b8:	06f72c23          	sw	a5,120(a4) # 20a2c <__stdio_exit_handler>
   139bc:	00000097          	auipc	ra,0x0
   139c0:	e64080e7          	jalr	-412(ra) # 13820 <std>
   139c4:	00100613          	li	a2,1
   139c8:	00900593          	li	a1,9
   139cc:	0000e517          	auipc	a0,0xe
   139d0:	8bc50513          	addi	a0,a0,-1860 # 21288 <__sf+0x68>
   139d4:	00000097          	auipc	ra,0x0
   139d8:	e4c080e7          	jalr	-436(ra) # 13820 <std>
   139dc:	00c12083          	lw	ra,12(sp)
   139e0:	00200613          	li	a2,2
   139e4:	01200593          	li	a1,18
   139e8:	0000e517          	auipc	a0,0xe
   139ec:	90850513          	addi	a0,a0,-1784 # 212f0 <__sf+0xd0>
   139f0:	01010113          	addi	sp,sp,16
   139f4:	00000317          	auipc	t1,0x0
   139f8:	e2c30067          	jr	-468(t1) # 13820 <std>

000139fc <__sfp_lock_acquire>:
   139fc:	0000d517          	auipc	a0,0xd
   13a00:	02450513          	addi	a0,a0,36 # 20a20 <__lock___sfp_recursive_mutex>
   13a04:	fffff317          	auipc	t1,0xfffff
   13a08:	dd830067          	jr	-552(t1) # 127dc <__retarget_lock_acquire_recursive>

00013a0c <__sfp_lock_release>:
   13a0c:	0000d517          	auipc	a0,0xd
   13a10:	01450513          	addi	a0,a0,20 # 20a20 <__lock___sfp_recursive_mutex>
   13a14:	fffff317          	auipc	t1,0xfffff
   13a18:	dcc30067          	jr	-564(t1) # 127e0 <__retarget_lock_release_recursive>

00013a1c <__sinit>:
   13a1c:	fe010113          	addi	sp,sp,-32
   13a20:	00a12623          	sw	a0,12(sp)
   13a24:	00112e23          	sw	ra,28(sp)
   13a28:	00000097          	auipc	ra,0x0
   13a2c:	fd4080e7          	jalr	-44(ra) # 139fc <__sfp_lock_acquire>
   13a30:	00c12503          	lw	a0,12(sp)
   13a34:	02052783          	lw	a5,32(a0)
   13a38:	00078a63          	beqz	a5,13a4c <__sinit+0x30>
   13a3c:	01c12083          	lw	ra,28(sp)
   13a40:	02010113          	addi	sp,sp,32
   13a44:	00000317          	auipc	t1,0x0
   13a48:	fc830067          	jr	-56(t1) # 13a0c <__sfp_lock_release>
   13a4c:	00000797          	auipc	a5,0x0
   13a50:	ecc78793          	addi	a5,a5,-308 # 13918 <cleanup_stdio>
   13a54:	02f52023          	sw	a5,32(a0)
   13a58:	0000d797          	auipc	a5,0xd
   13a5c:	fd47a783          	lw	a5,-44(a5) # 20a2c <__stdio_exit_handler>
   13a60:	fc079ee3          	bnez	a5,13a3c <__sinit+0x20>
   13a64:	00000097          	auipc	ra,0x0
   13a68:	f30080e7          	jalr	-208(ra) # 13994 <global_stdio_init.part.0>
   13a6c:	fd1ff06f          	j	13a3c <__sinit+0x20>

00013a70 <_fwalk_sglue>:
   13a70:	fd010113          	addi	sp,sp,-48
   13a74:	02812423          	sw	s0,40(sp)
   13a78:	03212023          	sw	s2,32(sp)
   13a7c:	01312e23          	sw	s3,28(sp)
   13a80:	01412c23          	sw	s4,24(sp)
   13a84:	01512a23          	sw	s5,20(sp)
   13a88:	02112623          	sw	ra,44(sp)
   13a8c:	02912223          	sw	s1,36(sp)
   13a90:	00050a13          	mv	s4,a0
   13a94:	00058a93          	mv	s5,a1
   13a98:	00000413          	li	s0,0
   13a9c:	00100913          	li	s2,1
   13aa0:	fff00993          	li	s3,-1
   13aa4:	00862583          	lw	a1,8(a2)
   13aa8:	00462483          	lw	s1,4(a2)
   13aac:	fff48493          	addi	s1,s1,-1
   13ab0:	0204da63          	bgez	s1,13ae4 <_fwalk_sglue+0x74>
   13ab4:	00062603          	lw	a2,0(a2)
   13ab8:	fe0616e3          	bnez	a2,13aa4 <_fwalk_sglue+0x34>
   13abc:	02c12083          	lw	ra,44(sp)
   13ac0:	00040513          	mv	a0,s0
   13ac4:	02812403          	lw	s0,40(sp)
   13ac8:	02412483          	lw	s1,36(sp)
   13acc:	02012903          	lw	s2,32(sp)
   13ad0:	01c12983          	lw	s3,28(sp)
   13ad4:	01812a03          	lw	s4,24(sp)
   13ad8:	01412a83          	lw	s5,20(sp)
   13adc:	03010113          	addi	sp,sp,48
   13ae0:	00008067          	ret
   13ae4:	00c5d783          	lhu	a5,12(a1)
   13ae8:	02f97463          	bgeu	s2,a5,13b10 <_fwalk_sglue+0xa0>
   13aec:	00e59783          	lh	a5,14(a1)
   13af0:	03378063          	beq	a5,s3,13b10 <_fwalk_sglue+0xa0>
   13af4:	000a0513          	mv	a0,s4
   13af8:	00c12623          	sw	a2,12(sp)
   13afc:	00b12423          	sw	a1,8(sp)
   13b00:	000a80e7          	jalr	s5
   13b04:	00c12603          	lw	a2,12(sp)
   13b08:	00812583          	lw	a1,8(sp)
   13b0c:	00a46433          	or	s0,s0,a0
   13b10:	06858593          	addi	a1,a1,104
   13b14:	f99ff06f          	j	13aac <_fwalk_sglue+0x3c>

00013b18 <__swhatbuf_r>:
   13b18:	f8010113          	addi	sp,sp,-128
   13b1c:	06812c23          	sw	s0,120(sp)
   13b20:	00058413          	mv	s0,a1
   13b24:	00e59583          	lh	a1,14(a1)
   13b28:	06912a23          	sw	s1,116(sp)
   13b2c:	06112e23          	sw	ra,124(sp)
   13b30:	00060493          	mv	s1,a2
   13b34:	0205da63          	bgez	a1,13b68 <__swhatbuf_r+0x50>
   13b38:	00c45783          	lhu	a5,12(s0)
   13b3c:	0807f793          	andi	a5,a5,128
   13b40:	04079e63          	bnez	a5,13b9c <__swhatbuf_r+0x84>
   13b44:	40000713          	li	a4,1024
   13b48:	07c12083          	lw	ra,124(sp)
   13b4c:	07812403          	lw	s0,120(sp)
   13b50:	00f6a023          	sw	a5,0(a3)
   13b54:	00e4a023          	sw	a4,0(s1)
   13b58:	00000513          	li	a0,0
   13b5c:	07412483          	lw	s1,116(sp)
   13b60:	08010113          	addi	sp,sp,128
   13b64:	00008067          	ret
   13b68:	01810613          	addi	a2,sp,24
   13b6c:	00d12623          	sw	a3,12(sp)
   13b70:	00000097          	auipc	ra,0x0
   13b74:	3b4080e7          	jalr	948(ra) # 13f24 <_fstat_r>
   13b78:	00c12683          	lw	a3,12(sp)
   13b7c:	fa054ee3          	bltz	a0,13b38 <__swhatbuf_r+0x20>
   13b80:	01c12783          	lw	a5,28(sp)
   13b84:	0000f737          	lui	a4,0xf
   13b88:	00e7f7b3          	and	a5,a5,a4
   13b8c:	ffffe737          	lui	a4,0xffffe
   13b90:	00e787b3          	add	a5,a5,a4
   13b94:	0017b793          	seqz	a5,a5
   13b98:	fadff06f          	j	13b44 <__swhatbuf_r+0x2c>
   13b9c:	00000793          	li	a5,0
   13ba0:	04000713          	li	a4,64
   13ba4:	fa5ff06f          	j	13b48 <__swhatbuf_r+0x30>

00013ba8 <__smakebuf_r>:
   13ba8:	00c5d703          	lhu	a4,12(a1)
   13bac:	fd010113          	addi	sp,sp,-48
   13bb0:	02812423          	sw	s0,40(sp)
   13bb4:	02112623          	sw	ra,44(sp)
   13bb8:	02912223          	sw	s1,36(sp)
   13bbc:	00277713          	andi	a4,a4,2
   13bc0:	00058413          	mv	s0,a1
   13bc4:	02070663          	beqz	a4,13bf0 <__smakebuf_r+0x48>
   13bc8:	04740793          	addi	a5,s0,71
   13bcc:	00f42023          	sw	a5,0(s0)
   13bd0:	00f42823          	sw	a5,16(s0)
   13bd4:	00100793          	li	a5,1
   13bd8:	00f42a23          	sw	a5,20(s0)
   13bdc:	02c12083          	lw	ra,44(sp)
   13be0:	02812403          	lw	s0,40(sp)
   13be4:	02412483          	lw	s1,36(sp)
   13be8:	03010113          	addi	sp,sp,48
   13bec:	00008067          	ret
   13bf0:	01c10693          	addi	a3,sp,28
   13bf4:	01810613          	addi	a2,sp,24
   13bf8:	00050493          	mv	s1,a0
   13bfc:	00000097          	auipc	ra,0x0
   13c00:	f1c080e7          	jalr	-228(ra) # 13b18 <__swhatbuf_r>
   13c04:	01812583          	lw	a1,24(sp)
   13c08:	00048513          	mv	a0,s1
   13c0c:	00b12623          	sw	a1,12(sp)
   13c10:	fffff097          	auipc	ra,0xfffff
   13c14:	d74080e7          	jalr	-652(ra) # 12984 <_malloc_r>
   13c18:	00c41783          	lh	a5,12(s0)
   13c1c:	00c12583          	lw	a1,12(sp)
   13c20:	00051e63          	bnez	a0,13c3c <__smakebuf_r+0x94>
   13c24:	2007f713          	andi	a4,a5,512
   13c28:	fa071ae3          	bnez	a4,13bdc <__smakebuf_r+0x34>
   13c2c:	ffc7f793          	andi	a5,a5,-4
   13c30:	0027e793          	ori	a5,a5,2
   13c34:	00f41623          	sh	a5,12(s0)
   13c38:	f91ff06f          	j	13bc8 <__smakebuf_r+0x20>
   13c3c:	0807e793          	ori	a5,a5,128
   13c40:	00f41623          	sh	a5,12(s0)
   13c44:	01c12783          	lw	a5,28(sp)
   13c48:	00a42023          	sw	a0,0(s0)
   13c4c:	00a42823          	sw	a0,16(s0)
   13c50:	00b42a23          	sw	a1,20(s0)
   13c54:	f80784e3          	beqz	a5,13bdc <__smakebuf_r+0x34>
   13c58:	00e41583          	lh	a1,14(s0)
   13c5c:	00048513          	mv	a0,s1
   13c60:	00000097          	auipc	ra,0x0
   13c64:	314080e7          	jalr	788(ra) # 13f74 <_isatty_r>
   13c68:	f6050ae3          	beqz	a0,13bdc <__smakebuf_r+0x34>
   13c6c:	00c45783          	lhu	a5,12(s0)
   13c70:	ffc7f793          	andi	a5,a5,-4
   13c74:	0017e793          	ori	a5,a5,1
   13c78:	00f41623          	sh	a5,12(s0)
   13c7c:	f61ff06f          	j	13bdc <__smakebuf_r+0x34>

00013c80 <_putc_r>:
   13c80:	fe010113          	addi	sp,sp,-32
   13c84:	00812c23          	sw	s0,24(sp)
   13c88:	00912a23          	sw	s1,20(sp)
   13c8c:	00112e23          	sw	ra,28(sp)
   13c90:	00050493          	mv	s1,a0
   13c94:	00060413          	mv	s0,a2
   13c98:	00050e63          	beqz	a0,13cb4 <_putc_r+0x34>
   13c9c:	02052783          	lw	a5,32(a0)
   13ca0:	00079a63          	bnez	a5,13cb4 <_putc_r+0x34>
   13ca4:	00b12623          	sw	a1,12(sp)
   13ca8:	00000097          	auipc	ra,0x0
   13cac:	d74080e7          	jalr	-652(ra) # 13a1c <__sinit>
   13cb0:	00c12583          	lw	a1,12(sp)
   13cb4:	06442783          	lw	a5,100(s0)
   13cb8:	0017f793          	andi	a5,a5,1
   13cbc:	02079263          	bnez	a5,13ce0 <_putc_r+0x60>
   13cc0:	00c45783          	lhu	a5,12(s0)
   13cc4:	2007f793          	andi	a5,a5,512
   13cc8:	00079c63          	bnez	a5,13ce0 <_putc_r+0x60>
   13ccc:	05842503          	lw	a0,88(s0)
   13cd0:	00b12623          	sw	a1,12(sp)
   13cd4:	fffff097          	auipc	ra,0xfffff
   13cd8:	b08080e7          	jalr	-1272(ra) # 127dc <__retarget_lock_acquire_recursive>
   13cdc:	00c12583          	lw	a1,12(sp)
   13ce0:	00842783          	lw	a5,8(s0)
   13ce4:	0ff5f713          	zext.b	a4,a1
   13ce8:	fff78793          	addi	a5,a5,-1
   13cec:	00f42423          	sw	a5,8(s0)
   13cf0:	0007da63          	bgez	a5,13d04 <_putc_r+0x84>
   13cf4:	01842683          	lw	a3,24(s0)
   13cf8:	04d7ce63          	blt	a5,a3,13d54 <_putc_r+0xd4>
   13cfc:	ff670793          	addi	a5,a4,-10 # ffffdff6 <__stack_top__+0xfffcdff6>
   13d00:	04078a63          	beqz	a5,13d54 <_putc_r+0xd4>
   13d04:	00042783          	lw	a5,0(s0)
   13d08:	0ff5f493          	zext.b	s1,a1
   13d0c:	00178693          	addi	a3,a5,1
   13d10:	00d42023          	sw	a3,0(s0)
   13d14:	00e78023          	sb	a4,0(a5)
   13d18:	06442783          	lw	a5,100(s0)
   13d1c:	0017f793          	andi	a5,a5,1
   13d20:	00079e63          	bnez	a5,13d3c <_putc_r+0xbc>
   13d24:	00c45783          	lhu	a5,12(s0)
   13d28:	2007f793          	andi	a5,a5,512
   13d2c:	00079863          	bnez	a5,13d3c <_putc_r+0xbc>
   13d30:	05842503          	lw	a0,88(s0)
   13d34:	fffff097          	auipc	ra,0xfffff
   13d38:	aac080e7          	jalr	-1364(ra) # 127e0 <__retarget_lock_release_recursive>
   13d3c:	01c12083          	lw	ra,28(sp)
   13d40:	01812403          	lw	s0,24(sp)
   13d44:	00048513          	mv	a0,s1
   13d48:	01412483          	lw	s1,20(sp)
   13d4c:	02010113          	addi	sp,sp,32
   13d50:	00008067          	ret
   13d54:	00048513          	mv	a0,s1
   13d58:	00040613          	mv	a2,s0
   13d5c:	fffff097          	auipc	ra,0xfffff
   13d60:	848080e7          	jalr	-1976(ra) # 125a4 <__swbuf_r>
   13d64:	00050493          	mv	s1,a0
   13d68:	fb1ff06f          	j	13d18 <_putc_r+0x98>

00013d6c <__sread>:
   13d6c:	ff010113          	addi	sp,sp,-16
   13d70:	00812423          	sw	s0,8(sp)
   13d74:	00058413          	mv	s0,a1
   13d78:	00e59583          	lh	a1,14(a1)
   13d7c:	00112623          	sw	ra,12(sp)
   13d80:	00000097          	auipc	ra,0x0
   13d84:	294080e7          	jalr	660(ra) # 14014 <_read_r>
   13d88:	02054063          	bltz	a0,13da8 <__sread+0x3c>
   13d8c:	05442783          	lw	a5,84(s0)
   13d90:	00a787b3          	add	a5,a5,a0
   13d94:	04f42a23          	sw	a5,84(s0)
   13d98:	00c12083          	lw	ra,12(sp)
   13d9c:	00812403          	lw	s0,8(sp)
   13da0:	01010113          	addi	sp,sp,16
   13da4:	00008067          	ret
   13da8:	00c45783          	lhu	a5,12(s0)
   13dac:	fffff737          	lui	a4,0xfffff
   13db0:	fff70713          	addi	a4,a4,-1 # ffffefff <__stack_top__+0xfffcefff>
   13db4:	00e7f7b3          	and	a5,a5,a4
   13db8:	00f41623          	sh	a5,12(s0)
   13dbc:	fddff06f          	j	13d98 <__sread+0x2c>

00013dc0 <__swrite>:
   13dc0:	00c5d783          	lhu	a5,12(a1)
   13dc4:	fe010113          	addi	sp,sp,-32
   13dc8:	00812c23          	sw	s0,24(sp)
   13dcc:	00912a23          	sw	s1,20(sp)
   13dd0:	01212823          	sw	s2,16(sp)
   13dd4:	01312623          	sw	s3,12(sp)
   13dd8:	00112e23          	sw	ra,28(sp)
   13ddc:	1007f793          	andi	a5,a5,256
   13de0:	00050493          	mv	s1,a0
   13de4:	00058413          	mv	s0,a1
   13de8:	00060913          	mv	s2,a2
   13dec:	00068993          	mv	s3,a3
   13df0:	00078c63          	beqz	a5,13e08 <__swrite+0x48>
   13df4:	00e59583          	lh	a1,14(a1)
   13df8:	00200693          	li	a3,2
   13dfc:	00000613          	li	a2,0
   13e00:	00000097          	auipc	ra,0x0
   13e04:	1c0080e7          	jalr	448(ra) # 13fc0 <_lseek_r>
   13e08:	00c45783          	lhu	a5,12(s0)
   13e0c:	fffff737          	lui	a4,0xfffff
   13e10:	fff70713          	addi	a4,a4,-1 # ffffefff <__stack_top__+0xfffcefff>
   13e14:	00e7f7b3          	and	a5,a5,a4
   13e18:	00e41583          	lh	a1,14(s0)
   13e1c:	00f41623          	sh	a5,12(s0)
   13e20:	01812403          	lw	s0,24(sp)
   13e24:	01c12083          	lw	ra,28(sp)
   13e28:	00098693          	mv	a3,s3
   13e2c:	00090613          	mv	a2,s2
   13e30:	00c12983          	lw	s3,12(sp)
   13e34:	01012903          	lw	s2,16(sp)
   13e38:	00048513          	mv	a0,s1
   13e3c:	01412483          	lw	s1,20(sp)
   13e40:	02010113          	addi	sp,sp,32
   13e44:	00000317          	auipc	t1,0x0
   13e48:	27030067          	jr	624(t1) # 140b4 <_write_r>

00013e4c <__sseek>:
   13e4c:	ff010113          	addi	sp,sp,-16
   13e50:	00812423          	sw	s0,8(sp)
   13e54:	00058413          	mv	s0,a1
   13e58:	00e59583          	lh	a1,14(a1)
   13e5c:	00112623          	sw	ra,12(sp)
   13e60:	00000097          	auipc	ra,0x0
   13e64:	160080e7          	jalr	352(ra) # 13fc0 <_lseek_r>
   13e68:	fff00713          	li	a4,-1
   13e6c:	00c41783          	lh	a5,12(s0)
   13e70:	02e51263          	bne	a0,a4,13e94 <__sseek+0x48>
   13e74:	80050713          	addi	a4,a0,-2048
   13e78:	80070713          	addi	a4,a4,-2048
   13e7c:	00e7f7b3          	and	a5,a5,a4
   13e80:	00f41623          	sh	a5,12(s0)
   13e84:	00c12083          	lw	ra,12(sp)
   13e88:	00812403          	lw	s0,8(sp)
   13e8c:	01010113          	addi	sp,sp,16
   13e90:	00008067          	ret
   13e94:	00001737          	lui	a4,0x1
   13e98:	00e7e7b3          	or	a5,a5,a4
   13e9c:	00f41623          	sh	a5,12(s0)
   13ea0:	04a42a23          	sw	a0,84(s0)
   13ea4:	fe1ff06f          	j	13e84 <__sseek+0x38>

00013ea8 <__sclose>:
   13ea8:	00e59583          	lh	a1,14(a1)
   13eac:	00000317          	auipc	t1,0x0
   13eb0:	02c30067          	jr	44(t1) # 13ed8 <_close_r>

00013eb4 <memchr>:
   13eb4:	0ff5f593          	zext.b	a1,a1
   13eb8:	00c50633          	add	a2,a0,a2
   13ebc:	00c51663          	bne	a0,a2,13ec8 <memchr+0x14>
   13ec0:	00000513          	li	a0,0
   13ec4:	00008067          	ret
   13ec8:	00054783          	lbu	a5,0(a0)
   13ecc:	feb78ce3          	beq	a5,a1,13ec4 <memchr+0x10>
   13ed0:	00150513          	addi	a0,a0,1
   13ed4:	fe9ff06f          	j	13ebc <memchr+0x8>

00013ed8 <_close_r>:
   13ed8:	ff010113          	addi	sp,sp,-16
   13edc:	00812423          	sw	s0,8(sp)
   13ee0:	00050413          	mv	s0,a0
   13ee4:	00058513          	mv	a0,a1
   13ee8:	0000d797          	auipc	a5,0xd
   13eec:	b207a823          	sw	zero,-1232(a5) # 20a18 <errno>
   13ef0:	00112623          	sw	ra,12(sp)
   13ef4:	ffffc097          	auipc	ra,0xffffc
   13ef8:	634080e7          	jalr	1588(ra) # 10528 <_close>
   13efc:	fff00793          	li	a5,-1
   13f00:	00f51a63          	bne	a0,a5,13f14 <_close_r+0x3c>
   13f04:	0000d797          	auipc	a5,0xd
   13f08:	b147a783          	lw	a5,-1260(a5) # 20a18 <errno>
   13f0c:	00078463          	beqz	a5,13f14 <_close_r+0x3c>
   13f10:	00f42023          	sw	a5,0(s0)
   13f14:	00c12083          	lw	ra,12(sp)
   13f18:	00812403          	lw	s0,8(sp)
   13f1c:	01010113          	addi	sp,sp,16
   13f20:	00008067          	ret

00013f24 <_fstat_r>:
   13f24:	ff010113          	addi	sp,sp,-16
   13f28:	00812423          	sw	s0,8(sp)
   13f2c:	00050413          	mv	s0,a0
   13f30:	00058513          	mv	a0,a1
   13f34:	00060593          	mv	a1,a2
   13f38:	0000d797          	auipc	a5,0xd
   13f3c:	ae07a023          	sw	zero,-1312(a5) # 20a18 <errno>
   13f40:	00112623          	sw	ra,12(sp)
   13f44:	ffffc097          	auipc	ra,0xffffc
   13f48:	5ec080e7          	jalr	1516(ra) # 10530 <_fstat>
   13f4c:	fff00793          	li	a5,-1
   13f50:	00f51a63          	bne	a0,a5,13f64 <_fstat_r+0x40>
   13f54:	0000d797          	auipc	a5,0xd
   13f58:	ac47a783          	lw	a5,-1340(a5) # 20a18 <errno>
   13f5c:	00078463          	beqz	a5,13f64 <_fstat_r+0x40>
   13f60:	00f42023          	sw	a5,0(s0)
   13f64:	00c12083          	lw	ra,12(sp)
   13f68:	00812403          	lw	s0,8(sp)
   13f6c:	01010113          	addi	sp,sp,16
   13f70:	00008067          	ret

00013f74 <_isatty_r>:
   13f74:	ff010113          	addi	sp,sp,-16
   13f78:	00812423          	sw	s0,8(sp)
   13f7c:	00050413          	mv	s0,a0
   13f80:	00058513          	mv	a0,a1
   13f84:	0000d797          	auipc	a5,0xd
   13f88:	a807aa23          	sw	zero,-1388(a5) # 20a18 <errno>
   13f8c:	00112623          	sw	ra,12(sp)
   13f90:	ffffc097          	auipc	ra,0xffffc
   13f94:	5b0080e7          	jalr	1456(ra) # 10540 <_isatty>
   13f98:	fff00793          	li	a5,-1
   13f9c:	00f51a63          	bne	a0,a5,13fb0 <_isatty_r+0x3c>
   13fa0:	0000d797          	auipc	a5,0xd
   13fa4:	a787a783          	lw	a5,-1416(a5) # 20a18 <errno>
   13fa8:	00078463          	beqz	a5,13fb0 <_isatty_r+0x3c>
   13fac:	00f42023          	sw	a5,0(s0)
   13fb0:	00c12083          	lw	ra,12(sp)
   13fb4:	00812403          	lw	s0,8(sp)
   13fb8:	01010113          	addi	sp,sp,16
   13fbc:	00008067          	ret

00013fc0 <_lseek_r>:
   13fc0:	ff010113          	addi	sp,sp,-16
   13fc4:	00812423          	sw	s0,8(sp)
   13fc8:	00050413          	mv	s0,a0
   13fcc:	00058513          	mv	a0,a1
   13fd0:	00060593          	mv	a1,a2
   13fd4:	00068613          	mv	a2,a3
   13fd8:	0000d797          	auipc	a5,0xd
   13fdc:	a407a023          	sw	zero,-1472(a5) # 20a18 <errno>
   13fe0:	00112623          	sw	ra,12(sp)
   13fe4:	ffffc097          	auipc	ra,0xffffc
   13fe8:	564080e7          	jalr	1380(ra) # 10548 <_lseek>
   13fec:	fff00793          	li	a5,-1
   13ff0:	00f51a63          	bne	a0,a5,14004 <_lseek_r+0x44>
   13ff4:	0000d797          	auipc	a5,0xd
   13ff8:	a247a783          	lw	a5,-1500(a5) # 20a18 <errno>
   13ffc:	00078463          	beqz	a5,14004 <_lseek_r+0x44>
   14000:	00f42023          	sw	a5,0(s0)
   14004:	00c12083          	lw	ra,12(sp)
   14008:	00812403          	lw	s0,8(sp)
   1400c:	01010113          	addi	sp,sp,16
   14010:	00008067          	ret

00014014 <_read_r>:
   14014:	ff010113          	addi	sp,sp,-16
   14018:	00812423          	sw	s0,8(sp)
   1401c:	00050413          	mv	s0,a0
   14020:	00058513          	mv	a0,a1
   14024:	00060593          	mv	a1,a2
   14028:	00068613          	mv	a2,a3
   1402c:	0000d797          	auipc	a5,0xd
   14030:	9e07a623          	sw	zero,-1556(a5) # 20a18 <errno>
   14034:	00112623          	sw	ra,12(sp)
   14038:	ffffc097          	auipc	ra,0xffffc
   1403c:	518080e7          	jalr	1304(ra) # 10550 <_read>
   14040:	fff00793          	li	a5,-1
   14044:	00f51a63          	bne	a0,a5,14058 <_read_r+0x44>
   14048:	0000d797          	auipc	a5,0xd
   1404c:	9d07a783          	lw	a5,-1584(a5) # 20a18 <errno>
   14050:	00078463          	beqz	a5,14058 <_read_r+0x44>
   14054:	00f42023          	sw	a5,0(s0)
   14058:	00c12083          	lw	ra,12(sp)
   1405c:	00812403          	lw	s0,8(sp)
   14060:	01010113          	addi	sp,sp,16
   14064:	00008067          	ret

00014068 <_sbrk_r>:
   14068:	ff010113          	addi	sp,sp,-16
   1406c:	00812423          	sw	s0,8(sp)
   14070:	00050413          	mv	s0,a0
   14074:	00058513          	mv	a0,a1
   14078:	0000d797          	auipc	a5,0xd
   1407c:	9a07a023          	sw	zero,-1632(a5) # 20a18 <errno>
   14080:	00112623          	sw	ra,12(sp)
   14084:	ffffc097          	auipc	ra,0xffffc
   14088:	4d4080e7          	jalr	1236(ra) # 10558 <_sbrk>
   1408c:	fff00793          	li	a5,-1
   14090:	00f51a63          	bne	a0,a5,140a4 <_sbrk_r+0x3c>
   14094:	0000d797          	auipc	a5,0xd
   14098:	9847a783          	lw	a5,-1660(a5) # 20a18 <errno>
   1409c:	00078463          	beqz	a5,140a4 <_sbrk_r+0x3c>
   140a0:	00f42023          	sw	a5,0(s0)
   140a4:	00c12083          	lw	ra,12(sp)
   140a8:	00812403          	lw	s0,8(sp)
   140ac:	01010113          	addi	sp,sp,16
   140b0:	00008067          	ret

000140b4 <_write_r>:
   140b4:	ff010113          	addi	sp,sp,-16
   140b8:	00812423          	sw	s0,8(sp)
   140bc:	00050413          	mv	s0,a0
   140c0:	00058513          	mv	a0,a1
   140c4:	00060593          	mv	a1,a2
   140c8:	00068613          	mv	a2,a3
   140cc:	0000d797          	auipc	a5,0xd
   140d0:	9407a623          	sw	zero,-1716(a5) # 20a18 <errno>
   140d4:	00112623          	sw	ra,12(sp)
   140d8:	ffffc097          	auipc	ra,0xffffc
   140dc:	4c8080e7          	jalr	1224(ra) # 105a0 <_write>
   140e0:	fff00793          	li	a5,-1
   140e4:	00f51a63          	bne	a0,a5,140f8 <_write_r+0x44>
   140e8:	0000d797          	auipc	a5,0xd
   140ec:	9307a783          	lw	a5,-1744(a5) # 20a18 <errno>
   140f0:	00078463          	beqz	a5,140f8 <_write_r+0x44>
   140f4:	00f42023          	sw	a5,0(s0)
   140f8:	00c12083          	lw	ra,12(sp)
   140fc:	00812403          	lw	s0,8(sp)
   14100:	01010113          	addi	sp,sp,16
   14104:	00008067          	ret

00014108 <__udivdi3>:
   14108:	00060813          	mv	a6,a2
   1410c:	00050793          	mv	a5,a0
   14110:	00058893          	mv	a7,a1
   14114:	0c069c63          	bnez	a3,141ec <__udivdi3+0xe4>
   14118:	22c5fa63          	bgeu	a1,a2,1434c <__udivdi3+0x244>
   1411c:	00010737          	lui	a4,0x10
   14120:	36e66863          	bltu	a2,a4,14490 <__udivdi3+0x388>
   14124:	01000737          	lui	a4,0x1000
   14128:	01800313          	li	t1,24
   1412c:	00e67463          	bgeu	a2,a4,14134 <__udivdi3+0x2c>
   14130:	01000313          	li	t1,16
   14134:	006656b3          	srl	a3,a2,t1
   14138:	0000c717          	auipc	a4,0xc
   1413c:	7e070713          	addi	a4,a4,2016 # 20918 <__clz_tab>
   14140:	00d70733          	add	a4,a4,a3
   14144:	00074703          	lbu	a4,0(a4)
   14148:	02000693          	li	a3,32
   1414c:	00670733          	add	a4,a4,t1
   14150:	00d70e63          	beq	a4,a3,1416c <__udivdi3+0x64>
   14154:	40e686b3          	sub	a3,a3,a4
   14158:	00d598b3          	sll	a7,a1,a3
   1415c:	00e55733          	srl	a4,a0,a4
   14160:	00d61833          	sll	a6,a2,a3
   14164:	00d517b3          	sll	a5,a0,a3
   14168:	011768b3          	or	a7,a4,a7
   1416c:	01085613          	srli	a2,a6,0x10
   14170:	02c8d533          	divu	a0,a7,a2
   14174:	01081693          	slli	a3,a6,0x10
   14178:	0106d693          	srli	a3,a3,0x10
   1417c:	0107d713          	srli	a4,a5,0x10
   14180:	02c8f8b3          	remu	a7,a7,a2
   14184:	02a685b3          	mul	a1,a3,a0
   14188:	01089893          	slli	a7,a7,0x10
   1418c:	01176733          	or	a4,a4,a7
   14190:	00b77c63          	bgeu	a4,a1,141a8 <__udivdi3+0xa0>
   14194:	00e808b3          	add	a7,a6,a4
   14198:	00088713          	mv	a4,a7
   1419c:	00b8f463          	bgeu	a7,a1,141a4 <__udivdi3+0x9c>
   141a0:	3908f463          	bgeu	a7,a6,14528 <__udivdi3+0x420>
   141a4:	fff50513          	addi	a0,a0,-1
   141a8:	40b70733          	sub	a4,a4,a1
   141ac:	02c755b3          	divu	a1,a4,a2
   141b0:	01079793          	slli	a5,a5,0x10
   141b4:	0107d793          	srli	a5,a5,0x10
   141b8:	02c77733          	remu	a4,a4,a2
   141bc:	02b686b3          	mul	a3,a3,a1
   141c0:	01071713          	slli	a4,a4,0x10
   141c4:	00e7e7b3          	or	a5,a5,a4
   141c8:	00d7fa63          	bgeu	a5,a3,141dc <__udivdi3+0xd4>
   141cc:	00f807b3          	add	a5,a6,a5
   141d0:	00d7f463          	bgeu	a5,a3,141d8 <__udivdi3+0xd0>
   141d4:	3507f663          	bgeu	a5,a6,14520 <__udivdi3+0x418>
   141d8:	fff58593          	addi	a1,a1,-1
   141dc:	01051513          	slli	a0,a0,0x10
   141e0:	00b56533          	or	a0,a0,a1
   141e4:	00000593          	li	a1,0
   141e8:	00008067          	ret
   141ec:	00d5f863          	bgeu	a1,a3,141fc <__udivdi3+0xf4>
   141f0:	00000593          	li	a1,0
   141f4:	00000513          	li	a0,0
   141f8:	00008067          	ret
   141fc:	000107b7          	lui	a5,0x10
   14200:	2af6e663          	bltu	a3,a5,144ac <__udivdi3+0x3a4>
   14204:	01000737          	lui	a4,0x1000
   14208:	01800793          	li	a5,24
   1420c:	00e6f463          	bgeu	a3,a4,14214 <__udivdi3+0x10c>
   14210:	01000793          	li	a5,16
   14214:	00f6d833          	srl	a6,a3,a5
   14218:	0000c717          	auipc	a4,0xc
   1421c:	70070713          	addi	a4,a4,1792 # 20918 <__clz_tab>
   14220:	01070733          	add	a4,a4,a6
   14224:	00074703          	lbu	a4,0(a4)
   14228:	02000813          	li	a6,32
   1422c:	00f70733          	add	a4,a4,a5
   14230:	29070663          	beq	a4,a6,144bc <__udivdi3+0x3b4>
   14234:	40e80833          	sub	a6,a6,a4
   14238:	00e658b3          	srl	a7,a2,a4
   1423c:	010696b3          	sll	a3,a3,a6
   14240:	00d8e8b3          	or	a7,a7,a3
   14244:	00e5d333          	srl	t1,a1,a4
   14248:	0108de93          	srli	t4,a7,0x10
   1424c:	03d357b3          	divu	a5,t1,t4
   14250:	01089e13          	slli	t3,a7,0x10
   14254:	010595b3          	sll	a1,a1,a6
   14258:	010e5e13          	srli	t3,t3,0x10
   1425c:	00e55733          	srl	a4,a0,a4
   14260:	00b76733          	or	a4,a4,a1
   14264:	01075693          	srli	a3,a4,0x10
   14268:	01061633          	sll	a2,a2,a6
   1426c:	03d37333          	remu	t1,t1,t4
   14270:	02fe05b3          	mul	a1,t3,a5
   14274:	01031313          	slli	t1,t1,0x10
   14278:	0066e6b3          	or	a3,a3,t1
   1427c:	00b6fc63          	bgeu	a3,a1,14294 <__udivdi3+0x18c>
   14280:	00d88333          	add	t1,a7,a3
   14284:	00030693          	mv	a3,t1
   14288:	00b37463          	bgeu	t1,a1,14290 <__udivdi3+0x188>
   1428c:	2d137c63          	bgeu	t1,a7,14564 <__udivdi3+0x45c>
   14290:	fff78793          	addi	a5,a5,-1 # ffff <__HEAP_SIZE+0xdfff>
   14294:	40b686b3          	sub	a3,a3,a1
   14298:	03d6d333          	divu	t1,a3,t4
   1429c:	01071713          	slli	a4,a4,0x10
   142a0:	01075713          	srli	a4,a4,0x10
   142a4:	03d6f6b3          	remu	a3,a3,t4
   142a8:	026e05b3          	mul	a1,t3,t1
   142ac:	01069693          	slli	a3,a3,0x10
   142b0:	00d76733          	or	a4,a4,a3
   142b4:	00b77c63          	bgeu	a4,a1,142cc <__udivdi3+0x1c4>
   142b8:	00e886b3          	add	a3,a7,a4
   142bc:	00068713          	mv	a4,a3
   142c0:	00b6f463          	bgeu	a3,a1,142c8 <__udivdi3+0x1c0>
   142c4:	2916f463          	bgeu	a3,a7,1454c <__udivdi3+0x444>
   142c8:	fff30313          	addi	t1,t1,-1
   142cc:	01079793          	slli	a5,a5,0x10
   142d0:	0067e6b3          	or	a3,a5,t1
   142d4:	40b70733          	sub	a4,a4,a1
   142d8:	01061793          	slli	a5,a2,0x10
   142dc:	01031593          	slli	a1,t1,0x10
   142e0:	0107d793          	srli	a5,a5,0x10
   142e4:	0105d593          	srli	a1,a1,0x10
   142e8:	0106d313          	srli	t1,a3,0x10
   142ec:	01065613          	srli	a2,a2,0x10
   142f0:	02f30e33          	mul	t3,t1,a5
   142f4:	02f588b3          	mul	a7,a1,a5
   142f8:	02c585b3          	mul	a1,a1,a2
   142fc:	0108d793          	srli	a5,a7,0x10
   14300:	01c585b3          	add	a1,a1,t3
   14304:	00b787b3          	add	a5,a5,a1
   14308:	02c30333          	mul	t1,t1,a2
   1430c:	01c7f663          	bgeu	a5,t3,14318 <__udivdi3+0x210>
   14310:	00010637          	lui	a2,0x10
   14314:	00c30333          	add	t1,t1,a2
   14318:	0107d613          	srli	a2,a5,0x10
   1431c:	00660633          	add	a2,a2,t1
   14320:	02c76063          	bltu	a4,a2,14340 <__udivdi3+0x238>
   14324:	01089893          	slli	a7,a7,0x10
   14328:	0108d893          	srli	a7,a7,0x10
   1432c:	01079793          	slli	a5,a5,0x10
   14330:	01051533          	sll	a0,a0,a6
   14334:	011787b3          	add	a5,a5,a7
   14338:	1ef57e63          	bgeu	a0,a5,14534 <__udivdi3+0x42c>
   1433c:	1ec71c63          	bne	a4,a2,14534 <__udivdi3+0x42c>
   14340:	fff68513          	addi	a0,a3,-1
   14344:	00000593          	li	a1,0
   14348:	00008067          	ret
   1434c:	14060a63          	beqz	a2,144a0 <__udivdi3+0x398>
   14350:	00010737          	lui	a4,0x10
   14354:	18e67c63          	bgeu	a2,a4,144ec <__udivdi3+0x3e4>
   14358:	10063893          	sltiu	a7,a2,256
   1435c:	0018b893          	seqz	a7,a7
   14360:	00389893          	slli	a7,a7,0x3
   14364:	011656b3          	srl	a3,a2,a7
   14368:	0000c717          	auipc	a4,0xc
   1436c:	5b070713          	addi	a4,a4,1456 # 20918 <__clz_tab>
   14370:	00d70733          	add	a4,a4,a3
   14374:	00074703          	lbu	a4,0(a4)
   14378:	02000693          	li	a3,32
   1437c:	01170733          	add	a4,a4,a7
   14380:	14d70a63          	beq	a4,a3,144d4 <__udivdi3+0x3cc>
   14384:	40e687b3          	sub	a5,a3,a4
   14388:	00f61833          	sll	a6,a2,a5
   1438c:	00e5d333          	srl	t1,a1,a4
   14390:	01085893          	srli	a7,a6,0x10
   14394:	03135e33          	divu	t3,t1,a7
   14398:	01081613          	slli	a2,a6,0x10
   1439c:	00f595b3          	sll	a1,a1,a5
   143a0:	01065613          	srli	a2,a2,0x10
   143a4:	00e55733          	srl	a4,a0,a4
   143a8:	00b76733          	or	a4,a4,a1
   143ac:	01075693          	srli	a3,a4,0x10
   143b0:	00f517b3          	sll	a5,a0,a5
   143b4:	03137333          	remu	t1,t1,a7
   143b8:	03c605b3          	mul	a1,a2,t3
   143bc:	01031313          	slli	t1,t1,0x10
   143c0:	0066e6b3          	or	a3,a3,t1
   143c4:	00b6fc63          	bgeu	a3,a1,143dc <__udivdi3+0x2d4>
   143c8:	00d80533          	add	a0,a6,a3
   143cc:	00050693          	mv	a3,a0
   143d0:	00b57463          	bgeu	a0,a1,143d8 <__udivdi3+0x2d0>
   143d4:	17057663          	bgeu	a0,a6,14540 <__udivdi3+0x438>
   143d8:	fffe0e13          	addi	t3,t3,-1
   143dc:	40b686b3          	sub	a3,a3,a1
   143e0:	0316d533          	divu	a0,a3,a7
   143e4:	01071713          	slli	a4,a4,0x10
   143e8:	01075713          	srli	a4,a4,0x10
   143ec:	0316f6b3          	remu	a3,a3,a7
   143f0:	02a60333          	mul	t1,a2,a0
   143f4:	01069693          	slli	a3,a3,0x10
   143f8:	00d76733          	or	a4,a4,a3
   143fc:	00677c63          	bgeu	a4,t1,14414 <__udivdi3+0x30c>
   14400:	00e806b3          	add	a3,a6,a4
   14404:	00068713          	mv	a4,a3
   14408:	0066f463          	bgeu	a3,t1,14410 <__udivdi3+0x308>
   1440c:	1506f663          	bgeu	a3,a6,14558 <__udivdi3+0x450>
   14410:	fff50513          	addi	a0,a0,-1
   14414:	010e1593          	slli	a1,t3,0x10
   14418:	00a5e5b3          	or	a1,a1,a0
   1441c:	40670733          	sub	a4,a4,t1
   14420:	03175533          	divu	a0,a4,a7
   14424:	0107d693          	srli	a3,a5,0x10
   14428:	03177733          	remu	a4,a4,a7
   1442c:	02c50333          	mul	t1,a0,a2
   14430:	01071713          	slli	a4,a4,0x10
   14434:	00e6e733          	or	a4,a3,a4
   14438:	00677c63          	bgeu	a4,t1,14450 <__udivdi3+0x348>
   1443c:	00e806b3          	add	a3,a6,a4
   14440:	00068713          	mv	a4,a3
   14444:	0066f463          	bgeu	a3,t1,1444c <__udivdi3+0x344>
   14448:	0d06f663          	bgeu	a3,a6,14514 <__udivdi3+0x40c>
   1444c:	fff50513          	addi	a0,a0,-1
   14450:	40670733          	sub	a4,a4,t1
   14454:	031756b3          	divu	a3,a4,a7
   14458:	01079793          	slli	a5,a5,0x10
   1445c:	0107d793          	srli	a5,a5,0x10
   14460:	03177733          	remu	a4,a4,a7
   14464:	02c68633          	mul	a2,a3,a2
   14468:	01071713          	slli	a4,a4,0x10
   1446c:	00e7e7b3          	or	a5,a5,a4
   14470:	00c7fa63          	bgeu	a5,a2,14484 <__udivdi3+0x37c>
   14474:	00f807b3          	add	a5,a6,a5
   14478:	00c7f463          	bgeu	a5,a2,14480 <__udivdi3+0x378>
   1447c:	0907f863          	bgeu	a5,a6,1450c <__udivdi3+0x404>
   14480:	fff68693          	addi	a3,a3,-1
   14484:	01051513          	slli	a0,a0,0x10
   14488:	00d56533          	or	a0,a0,a3
   1448c:	00008067          	ret
   14490:	10063313          	sltiu	t1,a2,256
   14494:	00133313          	seqz	t1,t1
   14498:	00331313          	slli	t1,t1,0x3
   1449c:	c99ff06f          	j	14134 <__udivdi3+0x2c>
   144a0:	00000693          	li	a3,0
   144a4:	00000893          	li	a7,0
   144a8:	ec1ff06f          	j	14368 <__udivdi3+0x260>
   144ac:	1006b793          	sltiu	a5,a3,256
   144b0:	0017b793          	seqz	a5,a5
   144b4:	00379793          	slli	a5,a5,0x3
   144b8:	d5dff06f          	j	14214 <__udivdi3+0x10c>
   144bc:	00c53633          	sltu	a2,a0,a2
   144c0:	00b6b6b3          	sltu	a3,a3,a1
   144c4:	00163613          	seqz	a2,a2
   144c8:	00c6e533          	or	a0,a3,a2
   144cc:	00000593          	li	a1,0
   144d0:	00008067          	ret
   144d4:	40c58733          	sub	a4,a1,a2
   144d8:	01065893          	srli	a7,a2,0x10
   144dc:	01061613          	slli	a2,a2,0x10
   144e0:	01065613          	srli	a2,a2,0x10
   144e4:	00100593          	li	a1,1
   144e8:	f39ff06f          	j	14420 <__udivdi3+0x318>
   144ec:	01000737          	lui	a4,0x1000
   144f0:	00e67863          	bgeu	a2,a4,14500 <__udivdi3+0x3f8>
   144f4:	01065693          	srli	a3,a2,0x10
   144f8:	01000893          	li	a7,16
   144fc:	e6dff06f          	j	14368 <__udivdi3+0x260>
   14500:	01865693          	srli	a3,a2,0x18
   14504:	01800893          	li	a7,24
   14508:	e61ff06f          	j	14368 <__udivdi3+0x260>
   1450c:	ffe68693          	addi	a3,a3,-2
   14510:	f75ff06f          	j	14484 <__udivdi3+0x37c>
   14514:	ffe50513          	addi	a0,a0,-2
   14518:	01068733          	add	a4,a3,a6
   1451c:	f35ff06f          	j	14450 <__udivdi3+0x348>
   14520:	ffe58593          	addi	a1,a1,-2
   14524:	cb9ff06f          	j	141dc <__udivdi3+0xd4>
   14528:	ffe50513          	addi	a0,a0,-2
   1452c:	01088733          	add	a4,a7,a6
   14530:	c79ff06f          	j	141a8 <__udivdi3+0xa0>
   14534:	00068513          	mv	a0,a3
   14538:	00000593          	li	a1,0
   1453c:	00008067          	ret
   14540:	ffee0e13          	addi	t3,t3,-2
   14544:	010506b3          	add	a3,a0,a6
   14548:	e95ff06f          	j	143dc <__udivdi3+0x2d4>
   1454c:	ffe30313          	addi	t1,t1,-2
   14550:	01168733          	add	a4,a3,a7
   14554:	d79ff06f          	j	142cc <__udivdi3+0x1c4>
   14558:	ffe50513          	addi	a0,a0,-2
   1455c:	01068733          	add	a4,a3,a6
   14560:	eb5ff06f          	j	14414 <__udivdi3+0x30c>
   14564:	ffe78793          	addi	a5,a5,-2
   14568:	011306b3          	add	a3,t1,a7
   1456c:	d29ff06f          	j	14294 <__udivdi3+0x18c>
