
D:\Desktop\OpenClaw_Workspace\Working\SDK\demos\newlib\coremark\build_clang_O3\coremark_clang_o3.elf:     file format elf32-littleriscv


Disassembly of section .text:

00010000 <_reset_vector>:
   10000:	1000006f          	j	10100 <_start>
	...

00010080 <__vector_table>:
   10080:	0c40006f 3380006f 3340006f 1f80006f     o.@.o..3o.@3o...
   10090:	32c0006f 3280006f 3240006f 14c0006f     o..2o..2o.@2o...
   100a0:	31c0006f 3180006f 3140006f 2740006f     o..1o..1o.@1o.@'
   100b0:	30c0006f 3080006f 3040006f 3000006f     o..0o..0o.@0o..0
   100c0:	2fc0006f 2f80006f 2f40006f 2f00006f     o../o../o.@/o../
   100d0:	2ec0006f 2e80006f 2e40006f 2e00006f     o...o...o.@.o...
   100e0:	2dc0006f 2d80006f 2d40006f 2d00006f     o..-o..-o.@-o..-
   100f0:	2cc0006f 2c80006f 2c40006f 2c00006f     o..,o..,o.@,o..,

00010100 <_start>:
   10100:	00010197          	auipc	gp,0x10
   10104:	76818193          	addi	gp,gp,1896 # 20868 <__global_pointer$>
   10108:	00020117          	auipc	sp,0x20
   1010c:	ef810113          	addi	sp,sp,-264 # 30000 <__stack_top__>
   10110:	00011517          	auipc	a0,0x11
   10114:	90850513          	addi	a0,a0,-1784 # 20a18 <errno>
   10118:	00011597          	auipc	a1,0x11
   1011c:	24058593          	addi	a1,a1,576 # 21358 <__bss_end>
   10120:	00b50863          	beq	a0,a1,10130 <_start+0x30>
   10124:	00052023          	sw	zero,0(a0)
   10128:	00450513          	addi	a0,a0,4
   1012c:	feb56ce3          	bltu	a0,a1,10124 <_start+0x24>
   10130:	00000097          	auipc	ra,0x0
   10134:	2b4080e7          	jalr	692(ra) # 103e4 <_init>
   10138:	00001097          	auipc	ra,0x1
   1013c:	eb4080e7          	jalr	-332(ra) # 10fec <main>
   10140:	0000006f          	j	10140 <_start+0x40>

00010144 <exc_entry>:
   10144:	fb010113          	addi	sp,sp,-80
   10148:	00112023          	sw	ra,0(sp)
   1014c:	00412223          	sw	tp,4(sp)
   10150:	00512423          	sw	t0,8(sp)
   10154:	00612623          	sw	t1,12(sp)
   10158:	00712823          	sw	t2,16(sp)
   1015c:	00a12a23          	sw	a0,20(sp)
   10160:	00b12c23          	sw	a1,24(sp)
   10164:	00c12e23          	sw	a2,28(sp)
   10168:	02d12023          	sw	a3,32(sp)
   1016c:	02e12223          	sw	a4,36(sp)
   10170:	02f12423          	sw	a5,40(sp)
   10174:	03012623          	sw	a6,44(sp)
   10178:	03112823          	sw	a7,48(sp)
   1017c:	03c12a23          	sw	t3,52(sp)
   10180:	03d12c23          	sw	t4,56(sp)
   10184:	03e12e23          	sw	t5,60(sp)
   10188:	05f12023          	sw	t6,64(sp)
   1018c:	34202573          	csrr	a0,mcause
   10190:	341025f3          	csrr	a1,mepc
   10194:	00000097          	auipc	ra,0x0
   10198:	390080e7          	jalr	912(ra) # 10524 <serr_handler>
   1019c:	00012083          	lw	ra,0(sp)
   101a0:	00412203          	lw	tp,4(sp)
   101a4:	00812283          	lw	t0,8(sp)
   101a8:	00c12303          	lw	t1,12(sp)
   101ac:	01012383          	lw	t2,16(sp)
   101b0:	01412503          	lw	a0,20(sp)
   101b4:	01812583          	lw	a1,24(sp)
   101b8:	01c12603          	lw	a2,28(sp)
   101bc:	02012683          	lw	a3,32(sp)
   101c0:	02412703          	lw	a4,36(sp)
   101c4:	02812783          	lw	a5,40(sp)
   101c8:	02c12803          	lw	a6,44(sp)
   101cc:	03012883          	lw	a7,48(sp)
   101d0:	03412e03          	lw	t3,52(sp)
   101d4:	03812e83          	lw	t4,56(sp)
   101d8:	03c12f03          	lw	t5,60(sp)
   101dc:	04012f83          	lw	t6,64(sp)
   101e0:	05010113          	addi	sp,sp,80
   101e4:	30200073          	mret

000101e8 <irq_timer_entry>:
   101e8:	fb010113          	addi	sp,sp,-80
   101ec:	00112023          	sw	ra,0(sp)
   101f0:	00412223          	sw	tp,4(sp)
   101f4:	00512423          	sw	t0,8(sp)
   101f8:	00612623          	sw	t1,12(sp)
   101fc:	00712823          	sw	t2,16(sp)
   10200:	00a12a23          	sw	a0,20(sp)
   10204:	00b12c23          	sw	a1,24(sp)
   10208:	00c12e23          	sw	a2,28(sp)
   1020c:	02d12023          	sw	a3,32(sp)
   10210:	02e12223          	sw	a4,36(sp)
   10214:	02f12423          	sw	a5,40(sp)
   10218:	03012623          	sw	a6,44(sp)
   1021c:	03112823          	sw	a7,48(sp)
   10220:	03c12a23          	sw	t3,52(sp)
   10224:	03d12c23          	sw	t4,56(sp)
   10228:	03e12e23          	sw	t5,60(sp)
   1022c:	05f12023          	sw	t6,64(sp)
   10230:	00000097          	auipc	ra,0x0
   10234:	2ec080e7          	jalr	748(ra) # 1051c <tmr_irq_handler>
   10238:	00012083          	lw	ra,0(sp)
   1023c:	00412203          	lw	tp,4(sp)
   10240:	00812283          	lw	t0,8(sp)
   10244:	00c12303          	lw	t1,12(sp)
   10248:	01012383          	lw	t2,16(sp)
   1024c:	01412503          	lw	a0,20(sp)
   10250:	01812583          	lw	a1,24(sp)
   10254:	01c12603          	lw	a2,28(sp)
   10258:	02012683          	lw	a3,32(sp)
   1025c:	02412703          	lw	a4,36(sp)
   10260:	02812783          	lw	a5,40(sp)
   10264:	02c12803          	lw	a6,44(sp)
   10268:	03012883          	lw	a7,48(sp)
   1026c:	03412e03          	lw	t3,52(sp)
   10270:	03812e83          	lw	t4,56(sp)
   10274:	03c12f03          	lw	t5,60(sp)
   10278:	04012f83          	lw	t6,64(sp)
   1027c:	05010113          	addi	sp,sp,80
   10280:	30200073          	mret

00010284 <irq_software_entry>:
   10284:	fb010113          	addi	sp,sp,-80
   10288:	00112023          	sw	ra,0(sp)
   1028c:	00412223          	sw	tp,4(sp)
   10290:	00512423          	sw	t0,8(sp)
   10294:	00612623          	sw	t1,12(sp)
   10298:	00712823          	sw	t2,16(sp)
   1029c:	00a12a23          	sw	a0,20(sp)
   102a0:	00b12c23          	sw	a1,24(sp)
   102a4:	00c12e23          	sw	a2,28(sp)
   102a8:	02d12023          	sw	a3,32(sp)
   102ac:	02e12223          	sw	a4,36(sp)
   102b0:	02f12423          	sw	a5,40(sp)
   102b4:	03012623          	sw	a6,44(sp)
   102b8:	03112823          	sw	a7,48(sp)
   102bc:	03c12a23          	sw	t3,52(sp)
   102c0:	03d12c23          	sw	t4,56(sp)
   102c4:	03e12e23          	sw	t5,60(sp)
   102c8:	05f12023          	sw	t6,64(sp)
   102cc:	00000097          	auipc	ra,0x0
   102d0:	24c080e7          	jalr	588(ra) # 10518 <sw_irq_handler>
   102d4:	00012083          	lw	ra,0(sp)
   102d8:	00412203          	lw	tp,4(sp)
   102dc:	00812283          	lw	t0,8(sp)
   102e0:	00c12303          	lw	t1,12(sp)
   102e4:	01012383          	lw	t2,16(sp)
   102e8:	01412503          	lw	a0,20(sp)
   102ec:	01812583          	lw	a1,24(sp)
   102f0:	01c12603          	lw	a2,28(sp)
   102f4:	02012683          	lw	a3,32(sp)
   102f8:	02412703          	lw	a4,36(sp)
   102fc:	02812783          	lw	a5,40(sp)
   10300:	02c12803          	lw	a6,44(sp)
   10304:	03012883          	lw	a7,48(sp)
   10308:	03412e03          	lw	t3,52(sp)
   1030c:	03812e83          	lw	t4,56(sp)
   10310:	03c12f03          	lw	t5,60(sp)
   10314:	04012f83          	lw	t6,64(sp)
   10318:	05010113          	addi	sp,sp,80
   1031c:	30200073          	mret

00010320 <irq_external_entry>:
   10320:	fb010113          	addi	sp,sp,-80
   10324:	00112023          	sw	ra,0(sp)
   10328:	00412223          	sw	tp,4(sp)
   1032c:	00512423          	sw	t0,8(sp)
   10330:	00612623          	sw	t1,12(sp)
   10334:	00712823          	sw	t2,16(sp)
   10338:	00a12a23          	sw	a0,20(sp)
   1033c:	00b12c23          	sw	a1,24(sp)
   10340:	00c12e23          	sw	a2,28(sp)
   10344:	02d12023          	sw	a3,32(sp)
   10348:	02e12223          	sw	a4,36(sp)
   1034c:	02f12423          	sw	a5,40(sp)
   10350:	03012623          	sw	a6,44(sp)
   10354:	03112823          	sw	a7,48(sp)
   10358:	03c12a23          	sw	t3,52(sp)
   1035c:	03d12c23          	sw	t4,56(sp)
   10360:	03e12e23          	sw	t5,60(sp)
   10364:	05f12023          	sw	t6,64(sp)
   10368:	00000097          	auipc	ra,0x0
   1036c:	1b8080e7          	jalr	440(ra) # 10520 <ext_irq_handler>
   10370:	00012083          	lw	ra,0(sp)
   10374:	00412203          	lw	tp,4(sp)
   10378:	00812283          	lw	t0,8(sp)
   1037c:	00c12303          	lw	t1,12(sp)
   10380:	01012383          	lw	t2,16(sp)
   10384:	01412503          	lw	a0,20(sp)
   10388:	01812583          	lw	a1,24(sp)
   1038c:	01c12603          	lw	a2,28(sp)
   10390:	02012683          	lw	a3,32(sp)
   10394:	02412703          	lw	a4,36(sp)
   10398:	02812783          	lw	a5,40(sp)
   1039c:	02c12803          	lw	a6,44(sp)
   103a0:	03012883          	lw	a7,48(sp)
   103a4:	03412e03          	lw	t3,52(sp)
   103a8:	03812e83          	lw	t4,56(sp)
   103ac:	03c12f03          	lw	t5,60(sp)
   103b0:	04012f83          	lw	t6,64(sp)
   103b4:	05010113          	addi	sp,sp,80
   103b8:	30200073          	mret

000103bc <irq_unhandled>:
   103bc:	10500073          	wfi
   103c0:	ffdff06f          	j	103bc <irq_unhandled>

000103c4 <memset>:
   103c4:	00050313          	mv	t1,a0
   103c8:	00060a63          	beqz	a2,103dc <memset+0x18>
   103cc:	00b30023          	sb	a1,0(t1)
   103d0:	fff60613          	addi	a2,a2,-1
   103d4:	00130313          	addi	t1,t1,1
   103d8:	fe061ae3          	bnez	a2,103cc <memset+0x8>
   103dc:	00008067          	ret

000103e0 <board_init>:
   103e0:	00008067          	ret

000103e4 <_init>:
   103e4:	ff010113          	addi	sp,sp,-16
   103e8:	00112623          	sw	ra,12(sp)
   103ec:	00812423          	sw	s0,8(sp)
   103f0:	00912223          	sw	s1,4(sp)
   103f4:	3060d073          	csrwi	mcounteren,1
   103f8:	00021437          	lui	s0,0x21
   103fc:	04c4b537          	lui	a0,0x4c4b
   10400:	40050493          	addi	s1,a0,1024 # 4c4b400 <__stack_top__+0x4c1b400>
   10404:	a2942823          	sw	s1,-1488(s0) # 20a30 <g_cpu_freq_hz>
   10408:	0001c537          	lui	a0,0x1c
   1040c:	20050513          	addi	a0,a0,512 # 1c200 <_etext+0x7a6c>
   10410:	00000097          	auipc	ra,0x0
   10414:	040080e7          	jalr	64(ra) # 10450 <uart_init>
   10418:	00000517          	auipc	a0,0x0
   1041c:	c6850513          	addi	a0,a0,-920 # 10080 <__vector_table>
   10420:	00156513          	ori	a0,a0,1
   10424:	30551073          	csrw	mtvec,a0
   10428:	00000097          	auipc	ra,0x0
   1042c:	fb8080e7          	jalr	-72(ra) # 103e0 <board_init>
   10430:	3fd00513          	li	a0,1021
   10434:	30652073          	csrs	mcounteren,a0
   10438:	a2942823          	sw	s1,-1488(s0)
   1043c:	00c12083          	lw	ra,12(sp)
   10440:	00812403          	lw	s0,8(sp)
   10444:	00412483          	lw	s1,4(sp)
   10448:	01010113          	addi	sp,sp,16
   1044c:	00008067          	ret

00010450 <uart_init>:
   10450:	ff010113          	addi	sp,sp,-16
   10454:	00112623          	sw	ra,12(sp)
   10458:	00812423          	sw	s0,8(sp)
   1045c:	00912223          	sw	s1,4(sp)
   10460:	00451413          	slli	s0,a0,0x4
   10464:	02626537          	lui	a0,0x2626
   10468:	04c4b5b7          	lui	a1,0x4c4b
   1046c:	80050513          	addi	a0,a0,-2048 # 2625800 <__stack_top__+0x25f5800>
   10470:	40058493          	addi	s1,a1,1024 # 4c4b400 <__stack_top__+0x4c1b400>
   10474:	00040593          	mv	a1,s0
   10478:	00048613          	mv	a2,s1
   1047c:	00000693          	li	a3,0
   10480:	00004097          	auipc	ra,0x4
   10484:	eac080e7          	jalr	-340(ra) # 1432c <__udivdi3>
   10488:	0284d5b3          	divu	a1,s1,s0
   1048c:	e0010637          	lui	a2,0xe0010
   10490:	08000693          	li	a3,128
   10494:	02a62223          	sw	a0,36(a2) # e0010024 <__stack_top__+0xdffe0024>
   10498:	00300513          	li	a0,3
   1049c:	00d62623          	sw	a3,12(a2)
   104a0:	0ff5f593          	zext.b	a1,a1
   104a4:	00b62023          	sw	a1,0(a2)
   104a8:	00062223          	sw	zero,4(a2)
   104ac:	00a62623          	sw	a0,12(a2)
   104b0:	00c12083          	lw	ra,12(sp)
   104b4:	00812403          	lw	s0,8(sp)
   104b8:	00412483          	lw	s1,4(sp)
   104bc:	01010113          	addi	sp,sp,16
   104c0:	00008067          	ret

000104c4 <uart_puts>:
   104c4:	e00105b7          	lui	a1,0xe0010
   104c8:	00a00613          	li	a2,10
   104cc:	00d00693          	li	a3,13
   104d0:	00054703          	lbu	a4,0(a0)
   104d4:	00c70663          	beq	a4,a2,104e0 <uart_puts+0x1c>
   104d8:	00071e63          	bnez	a4,104f4 <uart_puts+0x30>
   104dc:	0380006f          	j	10514 <uart_puts+0x50>
   104e0:	0145a703          	lw	a4,20(a1) # e0010014 <__stack_top__+0xdffe0014>
   104e4:	02077713          	andi	a4,a4,32
   104e8:	fe070ce3          	beqz	a4,104e0 <uart_puts+0x1c>
   104ec:	00d5a023          	sw	a3,0(a1)
   104f0:	00054703          	lbu	a4,0(a0)
   104f4:	0145a783          	lw	a5,20(a1)
   104f8:	0207f793          	andi	a5,a5,32
   104fc:	fe078ce3          	beqz	a5,104f4 <uart_puts+0x30>
   10500:	00150513          	addi	a0,a0,1
   10504:	00e5a023          	sw	a4,0(a1)
   10508:	00054703          	lbu	a4,0(a0)
   1050c:	fcc716e3          	bne	a4,a2,104d8 <uart_puts+0x14>
   10510:	fd1ff06f          	j	104e0 <uart_puts+0x1c>
   10514:	00008067          	ret

00010518 <sw_irq_handler>:
   10518:	00008067          	ret

0001051c <tmr_irq_handler>:
   1051c:	00008067          	ret

00010520 <ext_irq_handler>:
   10520:	00008067          	ret

00010524 <serr_handler>:
   10524:	0000006f          	j	10524 <serr_handler>

00010528 <_close>:
   10528:	fff00513          	li	a0,-1
   1052c:	00008067          	ret

00010530 <_fstat>:
   10530:	00002537          	lui	a0,0x2
   10534:	00a5a223          	sw	a0,4(a1)
   10538:	00000513          	li	a0,0
   1053c:	00008067          	ret

00010540 <_isatty>:
   10540:	00100513          	li	a0,1
   10544:	00008067          	ret

00010548 <_lseek>:
   10548:	00000513          	li	a0,0
   1054c:	00008067          	ret

00010550 <_read>:
   10550:	00000513          	li	a0,0
   10554:	00008067          	ret

00010558 <_sbrk>:
   10558:	00050593          	mv	a1,a0
   1055c:	00020537          	lui	a0,0x20
   10560:	00052503          	lw	a0,0(a0) # 20000 <heap_ptr>
   10564:	00b505b3          	add	a1,a0,a1
   10568:	00023637          	lui	a2,0x23
   1056c:	35860613          	addi	a2,a2,856 # 23358 <__heap_end>
   10570:	00b66e63          	bltu	a2,a1,1058c <_sbrk+0x34>
   10574:	00021637          	lui	a2,0x21
   10578:	35860613          	addi	a2,a2,856 # 21358 <__bss_end>
   1057c:	00c5e863          	bltu	a1,a2,1058c <_sbrk+0x34>
   10580:	00020637          	lui	a2,0x20
   10584:	00b62023          	sw	a1,0(a2) # 20000 <heap_ptr>
   10588:	00008067          	ret
   1058c:	00021537          	lui	a0,0x21
   10590:	00c00593          	li	a1,12
   10594:	a0b52c23          	sw	a1,-1512(a0) # 20a18 <errno>
   10598:	fff00513          	li	a0,-1
   1059c:	00008067          	ret

000105a0 <_write>:
   105a0:	ffd50513          	addi	a0,a0,-3
   105a4:	ffe00693          	li	a3,-2
   105a8:	00d57663          	bgeu	a0,a3,105b4 <_write+0x14>
   105ac:	fff00513          	li	a0,-1
   105b0:	00008067          	ret
   105b4:	02060663          	beqz	a2,105e0 <_write+0x40>
   105b8:	00000513          	li	a0,0
   105bc:	e00106b7          	lui	a3,0xe0010
   105c0:	00a58733          	add	a4,a1,a0
   105c4:	00074703          	lbu	a4,0(a4)
   105c8:	0146a783          	lw	a5,20(a3) # e0010014 <__stack_top__+0xdffe0014>
   105cc:	0207f793          	andi	a5,a5,32
   105d0:	fe078ce3          	beqz	a5,105c8 <_write+0x28>
   105d4:	00150513          	addi	a0,a0,1
   105d8:	00e6a023          	sw	a4,0(a3)
   105dc:	fec512e3          	bne	a0,a2,105c0 <_write+0x20>
   105e0:	00060513          	mv	a0,a2
   105e4:	00008067          	ret

000105e8 <print_fixed_scaled>:
   105e8:	0cb05463          	blez	a1,106b0 <print_fixed_scaled+0xc8>
   105ec:	fe010113          	addi	sp,sp,-32
   105f0:	00112e23          	sw	ra,28(sp)
   105f4:	00812c23          	sw	s0,24(sp)
   105f8:	00912a23          	sw	s1,20(sp)
   105fc:	01212823          	sw	s2,16(sp)
   10600:	01312623          	sw	s3,12(sp)
   10604:	00058413          	mv	s0,a1
   10608:	00050493          	mv	s1,a0
   1060c:	00055a63          	bgez	a0,10620 <print_fixed_scaled+0x38>
   10610:	02d00513          	li	a0,45
   10614:	00002097          	auipc	ra,0x2
   10618:	024080e7          	jalr	36(ra) # 12638 <putchar>
   1061c:	409004b3          	neg	s1,s1
   10620:	0284d933          	divu	s2,s1,s0
   10624:	00020537          	lui	a0,0x20
   10628:	06c50513          	addi	a0,a0,108 # 2006c <_impure_ptr+0x4>
   1062c:	00090593          	mv	a1,s2
   10630:	00002097          	auipc	ra,0x2
   10634:	fb4080e7          	jalr	-76(ra) # 125e4 <iprintf>
   10638:	02890533          	mul	a0,s2,s0
   1063c:	40a48933          	sub	s2,s1,a0
   10640:	04090c63          	beqz	s2,10698 <print_fixed_scaled+0xb0>
   10644:	02e00513          	li	a0,46
   10648:	00002097          	auipc	ra,0x2
   1064c:	ff0080e7          	jalr	-16(ra) # 12638 <putchar>
   10650:	ccccd4b7          	lui	s1,0xccccd
   10654:	ccd48493          	addi	s1,s1,-819 # cccccccd <__stack_top__+0xccc9cccd>
   10658:	00191513          	slli	a0,s2,0x1
   1065c:	00391913          	slli	s2,s2,0x3
   10660:	00a90933          	add	s2,s2,a0
   10664:	028959b3          	divu	s3,s2,s0
   10668:	0299b533          	mulhu	a0,s3,s1
   1066c:	ff857593          	andi	a1,a0,-8
   10670:	00255513          	srli	a0,a0,0x2
   10674:	ffe57513          	andi	a0,a0,-2
   10678:	40b985b3          	sub	a1,s3,a1
   1067c:	40a585b3          	sub	a1,a1,a0
   10680:	03058513          	addi	a0,a1,48
   10684:	00002097          	auipc	ra,0x2
   10688:	fb4080e7          	jalr	-76(ra) # 12638 <putchar>
   1068c:	02898533          	mul	a0,s3,s0
   10690:	40a90933          	sub	s2,s2,a0
   10694:	fc0912e3          	bnez	s2,10658 <print_fixed_scaled+0x70>
   10698:	01c12083          	lw	ra,28(sp)
   1069c:	01812403          	lw	s0,24(sp)
   106a0:	01412483          	lw	s1,20(sp)
   106a4:	01012903          	lw	s2,16(sp)
   106a8:	00c12983          	lw	s3,12(sp)
   106ac:	02010113          	addi	sp,sp,32
   106b0:	00008067          	ret

000106b4 <core_bench_list>:
   106b4:	fb010113          	addi	sp,sp,-80
   106b8:	04112623          	sw	ra,76(sp)
   106bc:	04812423          	sw	s0,72(sp)
   106c0:	04912223          	sw	s1,68(sp)
   106c4:	05212023          	sw	s2,64(sp)
   106c8:	03312e23          	sw	s3,60(sp)
   106cc:	03412c23          	sw	s4,56(sp)
   106d0:	03512a23          	sw	s5,52(sp)
   106d4:	03612823          	sw	s6,48(sp)
   106d8:	03712623          	sw	s7,44(sp)
   106dc:	03812423          	sw	s8,40(sp)
   106e0:	03912223          	sw	s9,36(sp)
   106e4:	03a12023          	sw	s10,32(sp)
   106e8:	01b12e23          	sw	s11,28(sp)
   106ec:	00050493          	mv	s1,a0
   106f0:	00451503          	lh	a0,4(a0)
   106f4:	0244aa03          	lw	s4,36(s1)
   106f8:	10a05e63          	blez	a0,10814 <core_bench_list+0x160>
   106fc:	00000793          	li	a5,0
   10700:	00000613          	li	a2,0
   10704:	00000713          	li	a4,0
   10708:	00000693          	li	a3,0
   1070c:	00058393          	mv	t2,a1
   10710:	03c0006f          	j	1074c <core_bench_list+0x98>
   10714:	000a2803          	lw	a6,0(s4)
   10718:	00482803          	lw	a6,4(a6)
   1071c:	00184803          	lbu	a6,1(a6)
   10720:	00168693          	addi	a3,a3,1
   10724:	00187893          	andi	a7,a6,1
   10728:	00c88633          	add	a2,a7,a2
   1072c:	fff3c813          	not	a6,t2
   10730:	00178793          	addi	a5,a5,1
   10734:	01081813          	slli	a6,a6,0x10
   10738:	01079893          	slli	a7,a5,0x10
   1073c:	01f85813          	srli	a6,a6,0x1f
   10740:	4108d893          	srai	a7,a7,0x10
   10744:	010383b3          	add	t2,t2,a6
   10748:	0aa8d263          	bge	a7,a0,107ec <core_bench_list+0x138>
   1074c:	01039893          	slli	a7,t2,0x10
   10750:	000a0813          	mv	a6,s4
   10754:	0208c263          	bltz	a7,10778 <core_bench_list+0xc4>
   10758:	0108d893          	srli	a7,a7,0x10
   1075c:	000a0813          	mv	a6,s4
   10760:	00482283          	lw	t0,4(a6)
   10764:	0022d283          	lhu	t0,2(t0)
   10768:	03128463          	beq	t0,a7,10790 <core_bench_list+0xdc>
   1076c:	00082803          	lw	a6,0(a6)
   10770:	fe0818e3          	bnez	a6,10760 <core_bench_list+0xac>
   10774:	01c0006f          	j	10790 <core_bench_list+0xdc>
   10778:	00482883          	lw	a7,4(a6)
   1077c:	0008c883          	lbu	a7,0(a7)
   10780:	0ff7f293          	zext.b	t0,a5
   10784:	00588663          	beq	a7,t0,10790 <core_bench_list+0xdc>
   10788:	00082803          	lw	a6,0(a6)
   1078c:	fe0816e3          	bnez	a6,10778 <core_bench_list+0xc4>
   10790:	020a0063          	beqz	s4,107b0 <core_bench_list+0xfc>
   10794:	000a0893          	mv	a7,s4
   10798:	00000a13          	li	s4,0
   1079c:	000a0293          	mv	t0,s4
   107a0:	00088a13          	mv	s4,a7
   107a4:	0008a883          	lw	a7,0(a7)
   107a8:	005a2023          	sw	t0,0(s4)
   107ac:	fe0898e3          	bnez	a7,1079c <core_bench_list+0xe8>
   107b0:	f60802e3          	beqz	a6,10714 <core_bench_list+0x60>
   107b4:	00482883          	lw	a7,4(a6)
   107b8:	00089883          	lh	a7,0(a7)
   107bc:	00082283          	lw	t0,0(a6)
   107c0:	0098d313          	srli	t1,a7,0x9
   107c4:	0068f8b3          	and	a7,a7,t1
   107c8:	00170713          	addi	a4,a4,1
   107cc:	0018f893          	andi	a7,a7,1
   107d0:	f4028ce3          	beqz	t0,10728 <core_bench_list+0x74>
   107d4:	0002a303          	lw	t1,0(t0)
   107d8:	00682023          	sw	t1,0(a6)
   107dc:	000a2803          	lw	a6,0(s4)
   107e0:	0102a023          	sw	a6,0(t0)
   107e4:	005a2023          	sw	t0,0(s4)
   107e8:	f41ff06f          	j	10728 <core_bench_list+0x74>
   107ec:	fff50513          	addi	a0,a0,-1
   107f0:	00271713          	slli	a4,a4,0x2
   107f4:	0ff57513          	zext.b	a0,a0
   107f8:	00a12223          	sw	a0,4(sp)
   107fc:	40d70733          	sub	a4,a4,a3
   10800:	00c70633          	add	a2,a4,a2
   10804:	00c12623          	sw	a2,12(sp)
   10808:	00712423          	sw	t2,8(sp)
   1080c:	00b04a63          	bgtz	a1,10820 <core_bench_list+0x16c>
   10810:	2840006f          	j	10a94 <core_bench_list+0x3e0>
   10814:	00012623          	sw	zero,12(sp)
   10818:	00b12423          	sw	a1,8(sp)
   1081c:	26b05c63          	blez	a1,10a94 <core_bench_list+0x3e0>
   10820:	00100b93          	li	s7,1
   10824:	00100413          	li	s0,1
   10828:	0140006f          	j	1083c <core_bench_list+0x188>
   1082c:	000d2023          	sw	zero,0(s10)
   10830:	00141413          	slli	s0,s0,0x1
   10834:	01812a03          	lw	s4,24(sp)
   10838:	24058e63          	beqz	a1,10a94 <core_bench_list+0x3e0>
   1083c:	00000513          	li	a0,0
   10840:	00000d13          	li	s10,0
   10844:	40800db3          	neg	s11,s0
   10848:	00012c23          	sw	zero,24(sp)
   1084c:	00812823          	sw	s0,16(sp)
   10850:	0140006f          	j	10864 <core_bench_list+0x1b0>
   10854:	01012403          	lw	s0,16(sp)
   10858:	01412583          	lw	a1,20(sp)
   1085c:	00158513          	addi	a0,a1,1
   10860:	fc0a06e3          	beqz	s4,1082c <core_bench_list+0x178>
   10864:	00050613          	mv	a2,a0
   10868:	00100c13          	li	s8,1
   1086c:	000a0513          	mv	a0,s4
   10870:	00052503          	lw	a0,0(a0)
   10874:	00050a63          	beqz	a0,10888 <core_bench_list+0x1d4>
   10878:	001c0c13          	addi	s8,s8,1
   1087c:	018d85b3          	add	a1,s11,s8
   10880:	ff7598e3          	bne	a1,s7,10870 <core_bench_list+0x1bc>
   10884:	00040c13          	mv	s8,s0
   10888:	00c12a23          	sw	a2,20(sp)
   1088c:	000a0b13          	mv	s6,s4
   10890:	00050a13          	mv	s4,a0
   10894:	03804463          	bgtz	s8,108bc <core_bench_list+0x208>
   10898:	0180006f          	j	108b0 <core_bench_list+0x1fc>
   1089c:	00c12c23          	sw	a2,24(sp)
   108a0:	00060d13          	mv	s10,a2
   108a4:	00058b13          	mv	s6,a1
   108a8:	00050a13          	mv	s4,a0
   108ac:	01804863          	bgtz	s8,108bc <core_bench_list+0x208>
   108b0:	fa8052e3          	blez	s0,10854 <core_bench_list+0x1a0>
   108b4:	fa0a00e3          	beqz	s4,10854 <core_bench_list+0x1a0>
   108b8:	1a0c0863          	beqz	s8,10a68 <core_bench_list+0x3b4>
   108bc:	08040863          	beqz	s0,1094c <core_bench_list+0x298>
   108c0:	080a0663          	beqz	s4,1094c <core_bench_list+0x298>
   108c4:	004b2a83          	lw	s5,4(s6)
   108c8:	000ad983          	lhu	s3,0(s5)
   108cc:	004a2c83          	lw	s9,4(s4)
   108d0:	0809f513          	andi	a0,s3,128
   108d4:	06051063          	bnez	a0,10934 <core_bench_list+0x280>
   108d8:	0079f513          	andi	a0,s3,7
   108dc:	01999593          	slli	a1,s3,0x19
   108e0:	01c5d593          	srli	a1,a1,0x1c
   108e4:	00459713          	slli	a4,a1,0x4
   108e8:	00b76733          	or	a4,a4,a1
   108ec:	07750c63          	beq	a0,s7,10964 <core_bench_list+0x2b0>
   108f0:	00098913          	mv	s2,s3
   108f4:	08051a63          	bnez	a0,10988 <core_bench_list+0x2d4>
   108f8:	02200513          	li	a0,34
   108fc:	00e56463          	bltu	a0,a4,10904 <core_bench_list+0x250>
   10900:	02200713          	li	a4,34
   10904:	00049603          	lh	a2,0(s1)
   10908:	00249683          	lh	a3,2(s1)
   1090c:	0144a583          	lw	a1,20(s1)
   10910:	0184a503          	lw	a0,24(s1)
   10914:	0384d783          	lhu	a5,56(s1)
   10918:	00001097          	auipc	ra,0x1
   1091c:	5b4080e7          	jalr	1460(ra) # 11ecc <core_bench_state>
   10920:	03e4d583          	lhu	a1,62(s1)
   10924:	00050913          	mv	s2,a0
   10928:	06059063          	bnez	a1,10988 <core_bench_list+0x2d4>
   1092c:	03249f23          	sh	s2,62(s1)
   10930:	0580006f          	j	10988 <core_bench_list+0x2d4>
   10934:	07f9f913          	andi	s2,s3,127
   10938:	000cda83          	lhu	s5,0(s9)
   1093c:	080af513          	andi	a0,s5,128
   10940:	06050e63          	beqz	a0,109bc <core_bench_list+0x308>
   10944:	07faf513          	andi	a0,s5,127
   10948:	13256063          	bltu	a0,s2,10a68 <core_bench_list+0x3b4>
   1094c:	000b2583          	lw	a1,0(s6)
   10950:	fffc0c13          	addi	s8,s8,-1
   10954:	000a0513          	mv	a0,s4
   10958:	000b0613          	mv	a2,s6
   1095c:	120d1063          	bnez	s10,10a7c <core_bench_list+0x3c8>
   10960:	f3dff06f          	j	1089c <core_bench_list+0x1e8>
   10964:	0384d603          	lhu	a2,56(s1)
   10968:	02848513          	addi	a0,s1,40
   1096c:	00070593          	mv	a1,a4
   10970:	00001097          	auipc	ra,0x1
   10974:	ea4080e7          	jalr	-348(ra) # 11814 <core_bench_matrix>
   10978:	03c4d583          	lhu	a1,60(s1)
   1097c:	00050913          	mv	s2,a0
   10980:	00059463          	bnez	a1,10988 <core_bench_list+0x2d4>
   10984:	03249e23          	sh	s2,60(s1)
   10988:	0384d583          	lhu	a1,56(s1)
   1098c:	00090513          	mv	a0,s2
   10990:	00002097          	auipc	ra,0x2
   10994:	b48080e7          	jalr	-1208(ra) # 124d8 <crcu16>
   10998:	02a49c23          	sh	a0,56(s1)
   1099c:	07f97913          	andi	s2,s2,127
   109a0:	f009f513          	andi	a0,s3,-256
   109a4:	01256533          	or	a0,a0,s2
   109a8:	08050513          	addi	a0,a0,128
   109ac:	00aa9023          	sh	a0,0(s5)
   109b0:	000cda83          	lhu	s5,0(s9)
   109b4:	080af513          	andi	a0,s5,128
   109b8:	f80516e3          	bnez	a0,10944 <core_bench_list+0x290>
   109bc:	007af513          	andi	a0,s5,7
   109c0:	019a9593          	slli	a1,s5,0x19
   109c4:	01c5d593          	srli	a1,a1,0x1c
   109c8:	00459713          	slli	a4,a1,0x4
   109cc:	00b76733          	or	a4,a4,a1
   109d0:	05750463          	beq	a0,s7,10a18 <core_bench_list+0x364>
   109d4:	000a8993          	mv	s3,s5
   109d8:	06051263          	bnez	a0,10a3c <core_bench_list+0x388>
   109dc:	02200513          	li	a0,34
   109e0:	00e56463          	bltu	a0,a4,109e8 <core_bench_list+0x334>
   109e4:	02200713          	li	a4,34
   109e8:	00049603          	lh	a2,0(s1)
   109ec:	00249683          	lh	a3,2(s1)
   109f0:	0144a583          	lw	a1,20(s1)
   109f4:	0184a503          	lw	a0,24(s1)
   109f8:	0384d783          	lhu	a5,56(s1)
   109fc:	00001097          	auipc	ra,0x1
   10a00:	4d0080e7          	jalr	1232(ra) # 11ecc <core_bench_state>
   10a04:	03e4d583          	lhu	a1,62(s1)
   10a08:	00050993          	mv	s3,a0
   10a0c:	02059863          	bnez	a1,10a3c <core_bench_list+0x388>
   10a10:	03349f23          	sh	s3,62(s1)
   10a14:	0280006f          	j	10a3c <core_bench_list+0x388>
   10a18:	0384d603          	lhu	a2,56(s1)
   10a1c:	02848513          	addi	a0,s1,40
   10a20:	00070593          	mv	a1,a4
   10a24:	00001097          	auipc	ra,0x1
   10a28:	df0080e7          	jalr	-528(ra) # 11814 <core_bench_matrix>
   10a2c:	03c4d583          	lhu	a1,60(s1)
   10a30:	00050993          	mv	s3,a0
   10a34:	00059463          	bnez	a1,10a3c <core_bench_list+0x388>
   10a38:	03349e23          	sh	s3,60(s1)
   10a3c:	0384d583          	lhu	a1,56(s1)
   10a40:	00098513          	mv	a0,s3
   10a44:	00002097          	auipc	ra,0x2
   10a48:	a94080e7          	jalr	-1388(ra) # 124d8 <crcu16>
   10a4c:	02a49c23          	sh	a0,56(s1)
   10a50:	07f9f513          	andi	a0,s3,127
   10a54:	f00af593          	andi	a1,s5,-256
   10a58:	00a5e5b3          	or	a1,a1,a0
   10a5c:	08058593          	addi	a1,a1,128
   10a60:	00bc9023          	sh	a1,0(s9)
   10a64:	ef2574e3          	bgeu	a0,s2,1094c <core_bench_list+0x298>
   10a68:	000a2503          	lw	a0,0(s4)
   10a6c:	fff40413          	addi	s0,s0,-1
   10a70:	000b0593          	mv	a1,s6
   10a74:	000a0613          	mv	a2,s4
   10a78:	e20d02e3          	beqz	s10,1089c <core_bench_list+0x1e8>
   10a7c:	00cd2023          	sw	a2,0(s10)
   10a80:	00058b13          	mv	s6,a1
   10a84:	00050a13          	mv	s4,a0
   10a88:	00060d13          	mv	s10,a2
   10a8c:	e38048e3          	bgtz	s8,108bc <core_bench_list+0x208>
   10a90:	e21ff06f          	j	108b0 <core_bench_list+0x1fc>
   10a94:	000a2603          	lw	a2,0(s4)
   10a98:	00062403          	lw	s0,0(a2)
   10a9c:	00462583          	lw	a1,4(a2)
   10aa0:	00042683          	lw	a3,0(s0)
   10aa4:	00442703          	lw	a4,4(s0)
   10aa8:	00812503          	lw	a0,8(sp)
   10aac:	01051513          	slli	a0,a0,0x10
   10ab0:	00d62023          	sw	a3,0(a2)
   10ab4:	00e62223          	sw	a4,4(a2)
   10ab8:	00042023          	sw	zero,0(s0)
   10abc:	00b42223          	sw	a1,4(s0)
   10ac0:	02054463          	bltz	a0,10ae8 <core_bench_list+0x434>
   10ac4:	01055513          	srli	a0,a0,0x10
   10ac8:	000a0493          	mv	s1,s4
   10acc:	00c12f83          	lw	t6,12(sp)
   10ad0:	0044a603          	lw	a2,4(s1)
   10ad4:	00265603          	lhu	a2,2(a2)
   10ad8:	04a60063          	beq	a2,a0,10b18 <core_bench_list+0x464>
   10adc:	0004a483          	lw	s1,0(s1)
   10ae0:	fe0498e3          	bnez	s1,10ad0 <core_bench_list+0x41c>
   10ae4:	02c0006f          	j	10b10 <core_bench_list+0x45c>
   10ae8:	00412503          	lw	a0,4(sp)
   10aec:	01051513          	slli	a0,a0,0x10
   10af0:	01055513          	srli	a0,a0,0x10
   10af4:	000a0493          	mv	s1,s4
   10af8:	00c12f83          	lw	t6,12(sp)
   10afc:	0044a603          	lw	a2,4(s1)
   10b00:	00064603          	lbu	a2,0(a2)
   10b04:	00a60a63          	beq	a2,a0,10b18 <core_bench_list+0x464>
   10b08:	0004a483          	lw	s1,0(s1)
   10b0c:	fe0498e3          	bnez	s1,10afc <core_bench_list+0x448>
   10b10:	000a2483          	lw	s1,0(s4)
   10b14:	02048663          	beqz	s1,10b40 <core_bench_list+0x48c>
   10b18:	004a2503          	lw	a0,4(s4)
   10b1c:	00051503          	lh	a0,0(a0)
   10b20:	010f9593          	slli	a1,t6,0x10
   10b24:	0105d593          	srli	a1,a1,0x10
   10b28:	00002097          	auipc	ra,0x2
   10b2c:	a70080e7          	jalr	-1424(ra) # 12598 <crc16>
   10b30:	0004a483          	lw	s1,0(s1)
   10b34:	00050f93          	mv	t6,a0
   10b38:	fe0490e3          	bnez	s1,10b18 <core_bench_list+0x464>
   10b3c:	00442583          	lw	a1,4(s0)
   10b40:	000a2603          	lw	a2,0(s4)
   10b44:	00062503          	lw	a0,0(a2)
   10b48:	00462683          	lw	a3,4(a2)
   10b4c:	00a42023          	sw	a0,0(s0)
   10b50:	00d42223          	sw	a3,4(s0)
   10b54:	00100513          	li	a0,1
   10b58:	00862023          	sw	s0,0(a2)
   10b5c:	00b62223          	sw	a1,4(a2)
   10b60:	00100593          	li	a1,1
   10b64:	0100006f          	j	10b74 <core_bench_list+0x4c0>
   10b68:	0006a023          	sw	zero,0(a3)
   10b6c:	00159593          	slli	a1,a1,0x1
   10b70:	0e078663          	beqz	a5,10c5c <core_bench_list+0x5a8>
   10b74:	00000613          	li	a2,0
   10b78:	00000693          	li	a3,0
   10b7c:	40b00733          	neg	a4,a1
   10b80:	000a0293          	mv	t0,s4
   10b84:	00000a13          	li	s4,0
   10b88:	0080006f          	j	10b90 <core_bench_list+0x4dc>
   10b8c:	fc028ee3          	beqz	t0,10b68 <core_bench_list+0x4b4>
   10b90:	00060793          	mv	a5,a2
   10b94:	00160613          	addi	a2,a2,1
   10b98:	00100813          	li	a6,1
   10b9c:	00028313          	mv	t1,t0
   10ba0:	00032303          	lw	t1,0(t1)
   10ba4:	00030a63          	beqz	t1,10bb8 <core_bench_list+0x504>
   10ba8:	00180813          	addi	a6,a6,1
   10bac:	010708b3          	add	a7,a4,a6
   10bb0:	fea898e3          	bne	a7,a0,10ba0 <core_bench_list+0x4ec>
   10bb4:	00058813          	mv	a6,a1
   10bb8:	00058893          	mv	a7,a1
   10bbc:	00028393          	mv	t2,t0
   10bc0:	00030293          	mv	t0,t1
   10bc4:	03004463          	bgtz	a6,10bec <core_bench_list+0x538>
   10bc8:	0180006f          	j	10be0 <core_bench_list+0x52c>
   10bcc:	000e8a13          	mv	s4,t4
   10bd0:	000e8693          	mv	a3,t4
   10bd4:	000e0393          	mv	t2,t3
   10bd8:	00030293          	mv	t0,t1
   10bdc:	01004863          	bgtz	a6,10bec <core_bench_list+0x538>
   10be0:	fb1056e3          	blez	a7,10b8c <core_bench_list+0x4d8>
   10be4:	fa0284e3          	beqz	t0,10b8c <core_bench_list+0x4d8>
   10be8:	02080863          	beqz	a6,10c18 <core_bench_list+0x564>
   10bec:	04088263          	beqz	a7,10c30 <core_bench_list+0x57c>
   10bf0:	04028063          	beqz	t0,10c30 <core_bench_list+0x57c>
   10bf4:	0043a303          	lw	t1,4(t2)
   10bf8:	00134e03          	lbu	t3,1(t1)
   10bfc:	0042ae83          	lw	t4,4(t0)
   10c00:	01c30023          	sb	t3,0(t1)
   10c04:	001ece03          	lbu	t3,1(t4)
   10c08:	002e9f03          	lh	t5,2(t4)
   10c0c:	01ce8023          	sb	t3,0(t4)
   10c10:	00231303          	lh	t1,2(t1)
   10c14:	006f5e63          	bge	t5,t1,10c30 <core_bench_list+0x57c>
   10c18:	0002a303          	lw	t1,0(t0)
   10c1c:	fff88893          	addi	a7,a7,-1
   10c20:	00038e13          	mv	t3,t2
   10c24:	00028e93          	mv	t4,t0
   10c28:	00069e63          	bnez	a3,10c44 <core_bench_list+0x590>
   10c2c:	fa1ff06f          	j	10bcc <core_bench_list+0x518>
   10c30:	0003ae03          	lw	t3,0(t2)
   10c34:	fff80813          	addi	a6,a6,-1
   10c38:	00028313          	mv	t1,t0
   10c3c:	00038e93          	mv	t4,t2
   10c40:	f80686e3          	beqz	a3,10bcc <core_bench_list+0x518>
   10c44:	01d6a023          	sw	t4,0(a3)
   10c48:	000e0393          	mv	t2,t3
   10c4c:	00030293          	mv	t0,t1
   10c50:	000e8693          	mv	a3,t4
   10c54:	f9004ce3          	bgtz	a6,10bec <core_bench_list+0x538>
   10c58:	f89ff06f          	j	10be0 <core_bench_list+0x52c>
   10c5c:	000a2403          	lw	s0,0(s4)
   10c60:	02040463          	beqz	s0,10c88 <core_bench_list+0x5d4>
   10c64:	004a2503          	lw	a0,4(s4)
   10c68:	00051503          	lh	a0,0(a0)
   10c6c:	010f9593          	slli	a1,t6,0x10
   10c70:	0105d593          	srli	a1,a1,0x10
   10c74:	00002097          	auipc	ra,0x2
   10c78:	924080e7          	jalr	-1756(ra) # 12598 <crc16>
   10c7c:	00042403          	lw	s0,0(s0)
   10c80:	00050f93          	mv	t6,a0
   10c84:	fe0410e3          	bnez	s0,10c64 <core_bench_list+0x5b0>
   10c88:	010f9513          	slli	a0,t6,0x10
   10c8c:	01055513          	srli	a0,a0,0x10
   10c90:	04c12083          	lw	ra,76(sp)
   10c94:	04812403          	lw	s0,72(sp)
   10c98:	04412483          	lw	s1,68(sp)
   10c9c:	04012903          	lw	s2,64(sp)
   10ca0:	03c12983          	lw	s3,60(sp)
   10ca4:	03812a03          	lw	s4,56(sp)
   10ca8:	03412a83          	lw	s5,52(sp)
   10cac:	03012b03          	lw	s6,48(sp)
   10cb0:	02c12b83          	lw	s7,44(sp)
   10cb4:	02812c03          	lw	s8,40(sp)
   10cb8:	02412c83          	lw	s9,36(sp)
   10cbc:	02012d03          	lw	s10,32(sp)
   10cc0:	01c12d83          	lw	s11,28(sp)
   10cc4:	05010113          	addi	sp,sp,80
   10cc8:	00008067          	ret

00010ccc <core_list_init>:
   10ccc:	00008737          	lui	a4,0x8
   10cd0:	ccccd7b7          	lui	a5,0xccccd
   10cd4:	00858813          	addi	a6,a1,8
   10cd8:	00300293          	li	t0,3
   10cdc:	fff70713          	addi	a4,a4,-1 # 7fff <__HEAP_SIZE+0x5fff>
   10ce0:	ccd78793          	addi	a5,a5,-819 # cccccccd <__stack_top__+0xccc9cccd>
   10ce4:	02f53533          	mulhu	a0,a0,a5
   10ce8:	08170893          	addi	a7,a4,129
   10cec:	00455513          	srli	a0,a0,0x4
   10cf0:	ffe50513          	addi	a0,a0,-2
   10cf4:	00351793          	slli	a5,a0,0x3
   10cf8:	00f587b3          	add	a5,a1,a5
   10cfc:	01179023          	sh	a7,0(a5)
   10d00:	00079123          	sh	zero,2(a5)
   10d04:	0005a023          	sw	zero,0(a1)
   10d08:	00f5a223          	sw	a5,4(a1)
   10d0c:	00478893          	addi	a7,a5,4
   10d10:	02556a63          	bltu	a0,t0,10d44 <core_list_init+0x78>
   10d14:	0115a623          	sw	a7,12(a1)
   10d18:	00878893          	addi	a7,a5,8
   10d1c:	fff00293          	li	t0,-1
   10d20:	00080693          	mv	a3,a6
   10d24:	01058313          	addi	t1,a1,16
   10d28:	0105a023          	sw	a6,0(a1)
   10d2c:	00579223          	sh	t0,4(a5)
   10d30:	00e79323          	sh	a4,6(a5)
   10d34:	0005a423          	sw	zero,8(a1)
   10d38:	00030813          	mv	a6,t1
   10d3c:	00051863          	bnez	a0,10d4c <core_list_init+0x80>
   10d40:	0780006f          	j	10db8 <core_list_init+0xec>
   10d44:	00000693          	li	a3,0
   10d48:	06050863          	beqz	a0,10db8 <core_list_init+0xec>
   10d4c:	00000293          	li	t0,0
   10d50:	00251313          	slli	t1,a0,0x2
   10d54:	00678333          	add	t1,a5,t1
   10d58:	00c0006f          	j	10d64 <core_list_init+0x98>
   10d5c:	00128293          	addi	t0,t0,1
   10d60:	04550c63          	beq	a0,t0,10db8 <core_list_init+0xec>
   10d64:	00880e13          	addi	t3,a6,8
   10d68:	fefe7ae3          	bgeu	t3,a5,10d5c <core_list_init+0x90>
   10d6c:	00488393          	addi	t2,a7,4
   10d70:	fe63f6e3          	bgeu	t2,t1,10d5c <core_list_init+0x90>
   10d74:	00564eb3          	xor	t4,a2,t0
   10d78:	0072ff13          	andi	t5,t0,7
   10d7c:	00d82023          	sw	a3,0(a6)
   10d80:	0105a023          	sw	a6,0(a1)
   10d84:	01182223          	sw	a7,4(a6)
   10d88:	01ce9e93          	slli	t4,t4,0x1c
   10d8c:	019ed693          	srli	a3,t4,0x19
   10d90:	01e6e6b3          	or	a3,a3,t5
   10d94:	00869e93          	slli	t4,a3,0x8
   10d98:	00dee6b3          	or	a3,t4,a3
   10d9c:	00d89023          	sh	a3,0(a7)
   10da0:	00e89123          	sh	a4,2(a7)
   10da4:	00080693          	mv	a3,a6
   10da8:	00128293          	addi	t0,t0,1
   10dac:	000e0813          	mv	a6,t3
   10db0:	00038893          	mv	a7,t2
   10db4:	fa5518e3          	bne	a0,t0,10d64 <core_list_init+0x98>
   10db8:	0006a783          	lw	a5,0(a3)
   10dbc:	04078e63          	beqz	a5,10e18 <core_list_init+0x14c>
   10dc0:	ccccd737          	lui	a4,0xccccd
   10dc4:	ccd70713          	addi	a4,a4,-819 # cccccccd <__stack_top__+0xccc9cccd>
   10dc8:	02e53533          	mulhu	a0,a0,a4
   10dcc:	00255513          	srli	a0,a0,0x2
   10dd0:	00200713          	li	a4,2
   10dd4:	01c0006f          	j	10df0 <core_list_init+0x124>
   10dd8:	0046a683          	lw	a3,4(a3)
   10ddc:	00082783          	lw	a5,0(a6)
   10de0:	01169123          	sh	a7,2(a3)
   10de4:	00170713          	addi	a4,a4,1
   10de8:	00080693          	mv	a3,a6
   10dec:	02078663          	beqz	a5,10e18 <core_list_init+0x14c>
   10df0:	fff70893          	addi	a7,a4,-1
   10df4:	00078813          	mv	a6,a5
   10df8:	fea8e0e3          	bltu	a7,a0,10dd8 <core_list_init+0x10c>
   10dfc:	011647b3          	xor	a5,a2,a7
   10e00:	01d71893          	slli	a7,a4,0x1d
   10e04:	01279793          	slli	a5,a5,0x12
   10e08:	0127d793          	srli	a5,a5,0x12
   10e0c:	0158d893          	srli	a7,a7,0x15
   10e10:	00f8e8b3          	or	a7,a7,a5
   10e14:	fc5ff06f          	j	10dd8 <core_list_init+0x10c>
   10e18:	00100513          	li	a0,1
   10e1c:	00100613          	li	a2,1
   10e20:	0100006f          	j	10e30 <core_list_init+0x164>
   10e24:	00072023          	sw	zero,0(a4)
   10e28:	00161613          	slli	a2,a2,0x1
   10e2c:	0e080663          	beqz	a6,10f18 <core_list_init+0x24c>
   10e30:	00000693          	li	a3,0
   10e34:	00000713          	li	a4,0
   10e38:	40c007b3          	neg	a5,a2
   10e3c:	00058313          	mv	t1,a1
   10e40:	00000593          	li	a1,0
   10e44:	0080006f          	j	10e4c <core_list_init+0x180>
   10e48:	fc030ee3          	beqz	t1,10e24 <core_list_init+0x158>
   10e4c:	00068813          	mv	a6,a3
   10e50:	00168693          	addi	a3,a3,1
   10e54:	00100893          	li	a7,1
   10e58:	00030393          	mv	t2,t1
   10e5c:	0003a383          	lw	t2,0(t2)
   10e60:	00038a63          	beqz	t2,10e74 <core_list_init+0x1a8>
   10e64:	00188893          	addi	a7,a7,1
   10e68:	011782b3          	add	t0,a5,a7
   10e6c:	fea298e3          	bne	t0,a0,10e5c <core_list_init+0x190>
   10e70:	00060893          	mv	a7,a2
   10e74:	00060293          	mv	t0,a2
   10e78:	00030e13          	mv	t3,t1
   10e7c:	00038313          	mv	t1,t2
   10e80:	03104463          	bgtz	a7,10ea8 <core_list_init+0x1dc>
   10e84:	0180006f          	j	10e9c <core_list_init+0x1d0>
   10e88:	000f0593          	mv	a1,t5
   10e8c:	000f0713          	mv	a4,t5
   10e90:	000e8e13          	mv	t3,t4
   10e94:	00038313          	mv	t1,t2
   10e98:	01104863          	bgtz	a7,10ea8 <core_list_init+0x1dc>
   10e9c:	fa5056e3          	blez	t0,10e48 <core_list_init+0x17c>
   10ea0:	fa0304e3          	beqz	t1,10e48 <core_list_init+0x17c>
   10ea4:	02088863          	beqz	a7,10ed4 <core_list_init+0x208>
   10ea8:	04028263          	beqz	t0,10eec <core_list_init+0x220>
   10eac:	04030063          	beqz	t1,10eec <core_list_init+0x220>
   10eb0:	004e2383          	lw	t2,4(t3)
   10eb4:	0013ce83          	lbu	t4,1(t2)
   10eb8:	00432f03          	lw	t5,4(t1)
   10ebc:	01d38023          	sb	t4,0(t2)
   10ec0:	001f4e83          	lbu	t4,1(t5)
   10ec4:	002f1f83          	lh	t6,2(t5)
   10ec8:	01df0023          	sb	t4,0(t5)
   10ecc:	00239383          	lh	t2,2(t2)
   10ed0:	007fde63          	bge	t6,t2,10eec <core_list_init+0x220>
   10ed4:	00032383          	lw	t2,0(t1)
   10ed8:	fff28293          	addi	t0,t0,-1
   10edc:	000e0e93          	mv	t4,t3
   10ee0:	00030f13          	mv	t5,t1
   10ee4:	00071e63          	bnez	a4,10f00 <core_list_init+0x234>
   10ee8:	fa1ff06f          	j	10e88 <core_list_init+0x1bc>
   10eec:	000e2e83          	lw	t4,0(t3)
   10ef0:	fff88893          	addi	a7,a7,-1
   10ef4:	00030393          	mv	t2,t1
   10ef8:	000e0f13          	mv	t5,t3
   10efc:	f80706e3          	beqz	a4,10e88 <core_list_init+0x1bc>
   10f00:	01e72023          	sw	t5,0(a4)
   10f04:	000e8e13          	mv	t3,t4
   10f08:	00038313          	mv	t1,t2
   10f0c:	000f0713          	mv	a4,t5
   10f10:	f9104ce3          	bgtz	a7,10ea8 <core_list_init+0x1dc>
   10f14:	f89ff06f          	j	10e9c <core_list_init+0x1d0>
   10f18:	00058513          	mv	a0,a1
   10f1c:	00008067          	ret

00010f20 <iterate>:
   10f20:	ff010113          	addi	sp,sp,-16
   10f24:	00112623          	sw	ra,12(sp)
   10f28:	00812423          	sw	s0,8(sp)
   10f2c:	00912223          	sw	s1,4(sp)
   10f30:	01c52483          	lw	s1,28(a0)
   10f34:	02052c23          	sw	zero,56(a0)
   10f38:	02052e23          	sw	zero,60(a0)
   10f3c:	08048c63          	beqz	s1,10fd4 <iterate+0xb4>
   10f40:	00050413          	mv	s0,a0
   10f44:	00100593          	li	a1,1
   10f48:	fffff097          	auipc	ra,0xfffff
   10f4c:	76c080e7          	jalr	1900(ra) # 106b4 <core_bench_list>
   10f50:	03845583          	lhu	a1,56(s0)
   10f54:	00001097          	auipc	ra,0x1
   10f58:	584080e7          	jalr	1412(ra) # 124d8 <crcu16>
   10f5c:	02a41c23          	sh	a0,56(s0)
   10f60:	fff00593          	li	a1,-1
   10f64:	00040513          	mv	a0,s0
   10f68:	fffff097          	auipc	ra,0xfffff
   10f6c:	74c080e7          	jalr	1868(ra) # 106b4 <core_bench_list>
   10f70:	03845583          	lhu	a1,56(s0)
   10f74:	00001097          	auipc	ra,0x1
   10f78:	564080e7          	jalr	1380(ra) # 124d8 <crcu16>
   10f7c:	fff48493          	addi	s1,s1,-1
   10f80:	02a41c23          	sh	a0,56(s0)
   10f84:	02a41d23          	sh	a0,58(s0)
   10f88:	04048663          	beqz	s1,10fd4 <iterate+0xb4>
   10f8c:	00100593          	li	a1,1
   10f90:	00040513          	mv	a0,s0
   10f94:	fffff097          	auipc	ra,0xfffff
   10f98:	720080e7          	jalr	1824(ra) # 106b4 <core_bench_list>
   10f9c:	03845583          	lhu	a1,56(s0)
   10fa0:	00001097          	auipc	ra,0x1
   10fa4:	538080e7          	jalr	1336(ra) # 124d8 <crcu16>
   10fa8:	02a41c23          	sh	a0,56(s0)
   10fac:	fff00593          	li	a1,-1
   10fb0:	00040513          	mv	a0,s0
   10fb4:	fffff097          	auipc	ra,0xfffff
   10fb8:	700080e7          	jalr	1792(ra) # 106b4 <core_bench_list>
   10fbc:	03845583          	lhu	a1,56(s0)
   10fc0:	00001097          	auipc	ra,0x1
   10fc4:	518080e7          	jalr	1304(ra) # 124d8 <crcu16>
   10fc8:	fff48493          	addi	s1,s1,-1
   10fcc:	02a41c23          	sh	a0,56(s0)
   10fd0:	fa049ee3          	bnez	s1,10f8c <iterate+0x6c>
   10fd4:	00000513          	li	a0,0
   10fd8:	00c12083          	lw	ra,12(sp)
   10fdc:	00812403          	lw	s0,8(sp)
   10fe0:	00412483          	lw	s1,4(sp)
   10fe4:	01010113          	addi	sp,sp,16
   10fe8:	00008067          	ret

00010fec <main>:
   10fec:	f9010113          	addi	sp,sp,-112
   10ff0:	06112623          	sw	ra,108(sp)
   10ff4:	06812423          	sw	s0,104(sp)
   10ff8:	06912223          	sw	s1,100(sp)
   10ffc:	07212023          	sw	s2,96(sp)
   11000:	05312e23          	sw	s3,92(sp)
   11004:	05412c23          	sw	s4,88(sp)
   11008:	05512a23          	sw	s5,84(sp)
   1100c:	04012823          	sw	zero,80(sp)
   11010:	04810513          	addi	a0,sp,72
   11014:	05010593          	addi	a1,sp,80
   11018:	04c10613          	addi	a2,sp,76
   1101c:	00001097          	auipc	ra,0x1
   11020:	ea0080e7          	jalr	-352(ra) # 11ebc <portable_init>
   11024:	00100513          	li	a0,1
   11028:	00001097          	auipc	ra,0x1
   1102c:	480080e7          	jalr	1152(ra) # 124a8 <get_seed_32>
   11030:	00a11223          	sh	a0,4(sp)
   11034:	00200513          	li	a0,2
   11038:	00001097          	auipc	ra,0x1
   1103c:	470080e7          	jalr	1136(ra) # 124a8 <get_seed_32>
   11040:	00a11323          	sh	a0,6(sp)
   11044:	00300513          	li	a0,3
   11048:	00001097          	auipc	ra,0x1
   1104c:	460080e7          	jalr	1120(ra) # 124a8 <get_seed_32>
   11050:	00a11423          	sh	a0,8(sp)
   11054:	00400513          	li	a0,4
   11058:	00001097          	auipc	ra,0x1
   1105c:	450080e7          	jalr	1104(ra) # 124a8 <get_seed_32>
   11060:	02a12023          	sw	a0,32(sp)
   11064:	00500513          	li	a0,5
   11068:	00001097          	auipc	ra,0x1
   1106c:	440080e7          	jalr	1088(ra) # 124a8 <get_seed_32>
   11070:	00051463          	bnez	a0,11078 <main+0x8c>
   11074:	00700513          	li	a0,7
   11078:	00415603          	lhu	a2,4(sp)
   1107c:	00615683          	lhu	a3,6(sp)
   11080:	00815583          	lhu	a1,8(sp)
   11084:	02a12223          	sw	a0,36(sp)
   11088:	00061863          	bnez	a2,11098 <main+0xac>
   1108c:	00069663          	bnez	a3,11098 <main+0xac>
   11090:	00000713          	li	a4,0
   11094:	00058e63          	beqz	a1,110b0 <main+0xc4>
   11098:	00100713          	li	a4,1
   1109c:	02e61463          	bne	a2,a4,110c4 <main+0xd8>
   110a0:	02069263          	bnez	a3,110c4 <main+0xd8>
   110a4:	02059063          	bnez	a1,110c4 <main+0xd8>
   110a8:	00003737          	lui	a4,0x3
   110ac:	41570713          	addi	a4,a4,1045 # 3415 <__HEAP_SIZE+0x1415>
   110b0:	06600593          	li	a1,102
   110b4:	00e11223          	sh	a4,4(sp)
   110b8:	00e11323          	sh	a4,6(sp)
   110bc:	00b11423          	sh	a1,8(sp)
   110c0:	00070613          	mv	a2,a4
   110c4:	00000713          	li	a4,0
   110c8:	00157593          	andi	a1,a0,1
   110cc:	01e51693          	slli	a3,a0,0x1e
   110d0:	01d51793          	slli	a5,a0,0x1d
   110d4:	01f6d693          	srli	a3,a3,0x1f
   110d8:	01f7d793          	srli	a5,a5,0x1f
   110dc:	00b686b3          	add	a3,a3,a1
   110e0:	00d786b3          	add	a3,a5,a3
   110e4:	7d000793          	li	a5,2000
   110e8:	02d7d6b3          	divu	a3,a5,a3
   110ec:	000217b7          	lui	a5,0x21
   110f0:	a3478793          	addi	a5,a5,-1484 # 20a34 <static_memblk>
   110f4:	00f12623          	sw	a5,12(sp)
   110f8:	00d12e23          	sw	a3,28(sp)
   110fc:	04011223          	sh	zero,68(sp)
   11100:	1a059c63          	bnez	a1,112b8 <main+0x2cc>
   11104:	00257813          	andi	a6,a0,2
   11108:	1c081063          	bnez	a6,112c8 <main+0x2dc>
   1110c:	00457893          	andi	a7,a0,4
   11110:	1c089863          	bnez	a7,112e0 <main+0x2f4>
   11114:	1c059e63          	bnez	a1,112f0 <main+0x304>
   11118:	02080663          	beqz	a6,11144 <main+0x158>
   1111c:	00411603          	lh	a2,4(sp)
   11120:	00611703          	lh	a4,6(sp)
   11124:	01412583          	lw	a1,20(sp)
   11128:	01c12503          	lw	a0,28(sp)
   1112c:	02c10693          	addi	a3,sp,44
   11130:	01071713          	slli	a4,a4,0x10
   11134:	00c76633          	or	a2,a4,a2
   11138:	00001097          	auipc	ra,0x1
   1113c:	bd4080e7          	jalr	-1068(ra) # 11d0c <core_init_matrix>
   11140:	02412503          	lw	a0,36(sp)
   11144:	00457513          	andi	a0,a0,4
   11148:	00050c63          	beqz	a0,11160 <main+0x174>
   1114c:	00411583          	lh	a1,4(sp)
   11150:	01812603          	lw	a2,24(sp)
   11154:	01c12503          	lw	a0,28(sp)
   11158:	00001097          	auipc	ra,0x1
   1115c:	28c080e7          	jalr	652(ra) # 123e4 <core_init_state>
   11160:	02012503          	lw	a0,32(sp)
   11164:	06051463          	bnez	a0,111cc <main+0x1e0>
   11168:	00100513          	li	a0,1
   1116c:	02a12023          	sw	a0,32(sp)
   11170:	02012503          	lw	a0,32(sp)
   11174:	00151593          	slli	a1,a0,0x1
   11178:	00351513          	slli	a0,a0,0x3
   1117c:	00b50533          	add	a0,a0,a1
   11180:	02a12023          	sw	a0,32(sp)
   11184:	00001097          	auipc	ra,0x1
   11188:	ca0080e7          	jalr	-864(ra) # 11e24 <start_time>
   1118c:	00410513          	addi	a0,sp,4
   11190:	00000097          	auipc	ra,0x0
   11194:	d90080e7          	jalr	-624(ra) # 10f20 <iterate>
   11198:	00001097          	auipc	ra,0x1
   1119c:	cac080e7          	jalr	-852(ra) # 11e44 <stop_time>
   111a0:	00001097          	auipc	ra,0x1
   111a4:	cc8080e7          	jalr	-824(ra) # 11e68 <get_time>
   111a8:	00001097          	auipc	ra,0x1
   111ac:	cec080e7          	jalr	-788(ra) # 11e94 <time_in_secs>
   111b0:	fc0500e3          	beqz	a0,11170 <main+0x184>
   111b4:	00a00593          	li	a1,10
   111b8:	02a5d533          	divu	a0,a1,a0
   111bc:	02012583          	lw	a1,32(sp)
   111c0:	00150513          	addi	a0,a0,1
   111c4:	02a58533          	mul	a0,a1,a0
   111c8:	02a12023          	sw	a0,32(sp)
   111cc:	00001097          	auipc	ra,0x1
   111d0:	c58080e7          	jalr	-936(ra) # 11e24 <start_time>
   111d4:	00410513          	addi	a0,sp,4
   111d8:	00000097          	auipc	ra,0x0
   111dc:	d48080e7          	jalr	-696(ra) # 10f20 <iterate>
   111e0:	00001097          	auipc	ra,0x1
   111e4:	c64080e7          	jalr	-924(ra) # 11e44 <stop_time>
   111e8:	00001097          	auipc	ra,0x1
   111ec:	c80080e7          	jalr	-896(ra) # 11e68 <get_time>
   111f0:	00050493          	mv	s1,a0
   111f4:	00411503          	lh	a0,4(sp)
   111f8:	00058993          	mv	s3,a1
   111fc:	00000593          	li	a1,0
   11200:	00001097          	auipc	ra,0x1
   11204:	398080e7          	jalr	920(ra) # 12598 <crc16>
   11208:	00611583          	lh	a1,6(sp)
   1120c:	00050613          	mv	a2,a0
   11210:	00058513          	mv	a0,a1
   11214:	00060593          	mv	a1,a2
   11218:	00001097          	auipc	ra,0x1
   1121c:	380080e7          	jalr	896(ra) # 12598 <crc16>
   11220:	00811583          	lh	a1,8(sp)
   11224:	00050613          	mv	a2,a0
   11228:	00058513          	mv	a0,a1
   1122c:	00060593          	mv	a1,a2
   11230:	00001097          	auipc	ra,0x1
   11234:	368080e7          	jalr	872(ra) # 12598 <crc16>
   11238:	01c11583          	lh	a1,28(sp)
   1123c:	00050613          	mv	a2,a0
   11240:	00058513          	mv	a0,a1
   11244:	00060593          	mv	a1,a2
   11248:	00001097          	auipc	ra,0x1
   1124c:	350080e7          	jalr	848(ra) # 12598 <crc16>
   11250:	00050413          	mv	s0,a0
   11254:	00010ab7          	lui	s5,0x10
   11258:	00008537          	lui	a0,0x8
   1125c:	b0450513          	addi	a0,a0,-1276 # 7b04 <__HEAP_SIZE+0x5b04>
   11260:	fffa8a93          	addi	s5,s5,-1 # ffff <__HEAP_SIZE+0xdfff>
   11264:	0a855e63          	bge	a0,s0,11320 <main+0x334>
   11268:	0000f537          	lui	a0,0xf
   1126c:	9f550513          	addi	a0,a0,-1547 # e9f5 <__HEAP_SIZE+0xc9f5>
   11270:	0ea40a63          	beq	s0,a0,11364 <main+0x378>
   11274:	00009537          	lui	a0,0x9
   11278:	a0250513          	addi	a0,a0,-1534 # 8a02 <__HEAP_SIZE+0x6a02>
   1127c:	10a40a63          	beq	s0,a0,11390 <main+0x3a4>
   11280:	00008537          	lui	a0,0x8
   11284:	b0550513          	addi	a0,a0,-1275 # 7b05 <__HEAP_SIZE+0x5b05>
   11288:	22a41463          	bne	s0,a0,114b0 <main+0x4c4>
   1128c:	00100913          	li	s2,1
   11290:	00020537          	lui	a0,0x20
   11294:	3bd50513          	addi	a0,a0,957 # 203bd <_impure_ptr+0x355>
   11298:	00001097          	auipc	ra,0x1
   1129c:	51c080e7          	jalr	1308(ra) # 127b4 <puts>
   112a0:	02412503          	lw	a0,36(sp)
   112a4:	00191913          	slli	s2,s2,0x1
   112a8:	00157593          	andi	a1,a0,1
   112ac:	04011223          	sh	zero,68(sp)
   112b0:	14058463          	beqz	a1,113f8 <main+0x40c>
   112b4:	12c0006f          	j	113e0 <main+0x3f4>
   112b8:	00f12823          	sw	a5,16(sp)
   112bc:	00100713          	li	a4,1
   112c0:	00257813          	andi	a6,a0,2
   112c4:	e40804e3          	beqz	a6,1110c <main+0x120>
   112c8:	02e688b3          	mul	a7,a3,a4
   112cc:	011788b3          	add	a7,a5,a7
   112d0:	01112a23          	sw	a7,20(sp)
   112d4:	00170713          	addi	a4,a4,1
   112d8:	00457893          	andi	a7,a0,4
   112dc:	e2088ce3          	beqz	a7,11114 <main+0x128>
   112e0:	02e68733          	mul	a4,a3,a4
   112e4:	00e78733          	add	a4,a5,a4
   112e8:	00e12c23          	sw	a4,24(sp)
   112ec:	e20586e3          	beqz	a1,11118 <main+0x12c>
   112f0:	01012583          	lw	a1,16(sp)
   112f4:	01061613          	slli	a2,a2,0x10
   112f8:	41065613          	srai	a2,a2,0x10
   112fc:	00068513          	mv	a0,a3
   11300:	00000097          	auipc	ra,0x0
   11304:	9cc080e7          	jalr	-1588(ra) # 10ccc <core_list_init>
   11308:	00050593          	mv	a1,a0
   1130c:	02412503          	lw	a0,36(sp)
   11310:	02b12423          	sw	a1,40(sp)
   11314:	00257813          	andi	a6,a0,2
   11318:	e00812e3          	bnez	a6,1111c <main+0x130>
   1131c:	e29ff06f          	j	11144 <main+0x158>
   11320:	00002537          	lui	a0,0x2
   11324:	8f250513          	addi	a0,a0,-1806 # 18f2 <__STACK_SIZE+0x8f2>
   11328:	08a40863          	beq	s0,a0,113b8 <main+0x3cc>
   1132c:	00005537          	lui	a0,0x5
   11330:	eaf50513          	addi	a0,a0,-337 # 4eaf <__HEAP_SIZE+0x2eaf>
   11334:	16a41e63          	bne	s0,a0,114b0 <main+0x4c4>
   11338:	00200913          	li	s2,2
   1133c:	00020537          	lui	a0,0x20
   11340:	38d50513          	addi	a0,a0,909 # 2038d <_impure_ptr+0x325>
   11344:	00001097          	auipc	ra,0x1
   11348:	470080e7          	jalr	1136(ra) # 127b4 <puts>
   1134c:	02412503          	lw	a0,36(sp)
   11350:	00191913          	slli	s2,s2,0x1
   11354:	00157593          	andi	a1,a0,1
   11358:	04011223          	sh	zero,68(sp)
   1135c:	08058e63          	beqz	a1,113f8 <main+0x40c>
   11360:	0800006f          	j	113e0 <main+0x3f4>
   11364:	00300913          	li	s2,3
   11368:	00020537          	lui	a0,0x20
   1136c:	36150513          	addi	a0,a0,865 # 20361 <_impure_ptr+0x2f9>
   11370:	00001097          	auipc	ra,0x1
   11374:	444080e7          	jalr	1092(ra) # 127b4 <puts>
   11378:	02412503          	lw	a0,36(sp)
   1137c:	00191913          	slli	s2,s2,0x1
   11380:	00157593          	andi	a1,a0,1
   11384:	04011223          	sh	zero,68(sp)
   11388:	06058863          	beqz	a1,113f8 <main+0x40c>
   1138c:	0540006f          	j	113e0 <main+0x3f4>
   11390:	00020537          	lui	a0,0x20
   11394:	3e850513          	addi	a0,a0,1000 # 203e8 <_impure_ptr+0x380>
   11398:	00001097          	auipc	ra,0x1
   1139c:	41c080e7          	jalr	1052(ra) # 127b4 <puts>
   113a0:	02412503          	lw	a0,36(sp)
   113a4:	00000913          	li	s2,0
   113a8:	00157593          	andi	a1,a0,1
   113ac:	04011223          	sh	zero,68(sp)
   113b0:	02059863          	bnez	a1,113e0 <main+0x3f4>
   113b4:	0440006f          	j	113f8 <main+0x40c>
   113b8:	00400913          	li	s2,4
   113bc:	00020537          	lui	a0,0x20
   113c0:	33650513          	addi	a0,a0,822 # 20336 <_impure_ptr+0x2ce>
   113c4:	00001097          	auipc	ra,0x1
   113c8:	3f0080e7          	jalr	1008(ra) # 127b4 <puts>
   113cc:	02412503          	lw	a0,36(sp)
   113d0:	00191913          	slli	s2,s2,0x1
   113d4:	00157593          	andi	a1,a0,1
   113d8:	04011223          	sh	zero,68(sp)
   113dc:	00058e63          	beqz	a1,113f8 <main+0x40c>
   113e0:	000205b7          	lui	a1,0x20
   113e4:	5a458593          	addi	a1,a1,1444 # 205a4 <list_known_crc>
   113e8:	012585b3          	add	a1,a1,s2
   113ec:	03e15603          	lhu	a2,62(sp)
   113f0:	0005d683          	lhu	a3,0(a1)
   113f4:	00d61a63          	bne	a2,a3,11408 <main+0x41c>
   113f8:	00000a93          	li	s5,0
   113fc:	00257593          	andi	a1,a0,2
   11400:	02059a63          	bnez	a1,11434 <main+0x448>
   11404:	06c0006f          	j	11470 <main+0x484>
   11408:	00020537          	lui	a0,0x20
   1140c:	08150513          	addi	a0,a0,129 # 20081 <_impure_ptr+0x19>
   11410:	00000593          	li	a1,0
   11414:	00001097          	auipc	ra,0x1
   11418:	1d0080e7          	jalr	464(ra) # 125e4 <iprintf>
   1141c:	04411a83          	lh	s5,68(sp)
   11420:	02412503          	lw	a0,36(sp)
   11424:	001a8a93          	addi	s5,s5,1
   11428:	05511223          	sh	s5,68(sp)
   1142c:	00257593          	andi	a1,a0,2
   11430:	04058063          	beqz	a1,11470 <main+0x484>
   11434:	000205b7          	lui	a1,0x20
   11438:	5ae58593          	addi	a1,a1,1454 # 205ae <matrix_known_crc>
   1143c:	012585b3          	add	a1,a1,s2
   11440:	04015603          	lhu	a2,64(sp)
   11444:	0005d683          	lhu	a3,0(a1)
   11448:	02d60463          	beq	a2,a3,11470 <main+0x484>
   1144c:	00020537          	lui	a0,0x20
   11450:	0b050513          	addi	a0,a0,176 # 200b0 <_impure_ptr+0x48>
   11454:	00000593          	li	a1,0
   11458:	00001097          	auipc	ra,0x1
   1145c:	18c080e7          	jalr	396(ra) # 125e4 <iprintf>
   11460:	04411a83          	lh	s5,68(sp)
   11464:	02412503          	lw	a0,36(sp)
   11468:	001a8a93          	addi	s5,s5,1
   1146c:	05511223          	sh	s5,68(sp)
   11470:	00457513          	andi	a0,a0,4
   11474:	02050e63          	beqz	a0,114b0 <main+0x4c4>
   11478:	00020537          	lui	a0,0x20
   1147c:	5b850513          	addi	a0,a0,1464 # 205b8 <state_known_crc>
   11480:	01250533          	add	a0,a0,s2
   11484:	04215603          	lhu	a2,66(sp)
   11488:	00055683          	lhu	a3,0(a0)
   1148c:	02d60263          	beq	a2,a3,114b0 <main+0x4c4>
   11490:	00020537          	lui	a0,0x20
   11494:	0e150513          	addi	a0,a0,225 # 200e1 <_impure_ptr+0x79>
   11498:	00000593          	li	a1,0
   1149c:	00001097          	auipc	ra,0x1
   114a0:	148080e7          	jalr	328(ra) # 125e4 <iprintf>
   114a4:	04411a83          	lh	s5,68(sp)
   114a8:	001a8a93          	addi	s5,s5,1
   114ac:	05511223          	sh	s5,68(sp)
   114b0:	00001097          	auipc	ra,0x1
   114b4:	12c080e7          	jalr	300(ra) # 125dc <check_data_types>
   114b8:	01c12583          	lw	a1,28(sp)
   114bc:	00050913          	mv	s2,a0
   114c0:	00020537          	lui	a0,0x20
   114c4:	11150513          	addi	a0,a0,273 # 20111 <_impure_ptr+0xa9>
   114c8:	00001097          	auipc	ra,0x1
   114cc:	11c080e7          	jalr	284(ra) # 125e4 <iprintf>
   114d0:	00020537          	lui	a0,0x20
   114d4:	12950513          	addi	a0,a0,297 # 20129 <_impure_ptr+0xc1>
   114d8:	00048593          	mv	a1,s1
   114dc:	00001097          	auipc	ra,0x1
   114e0:	108080e7          	jalr	264(ra) # 125e4 <iprintf>
   114e4:	000f4537          	lui	a0,0xf4
   114e8:	24050513          	addi	a0,a0,576 # f4240 <__stack_top__+0xc4240>
   114ec:	02a985b3          	mul	a1,s3,a0
   114f0:	02a4b633          	mulhu	a2,s1,a0
   114f4:	00b605b3          	add	a1,a2,a1
   114f8:	02a48533          	mul	a0,s1,a0
   114fc:	04c4b637          	lui	a2,0x4c4b
   11500:	40060613          	addi	a2,a2,1024 # 4c4b400 <__stack_top__+0x4c1b400>
   11504:	00000693          	li	a3,0
   11508:	00003097          	auipc	ra,0x3
   1150c:	e24080e7          	jalr	-476(ra) # 1432c <__udivdi3>
   11510:	00050993          	mv	s3,a0
   11514:	00020537          	lui	a0,0x20
   11518:	14150513          	addi	a0,a0,321 # 20141 <_impure_ptr+0xd9>
   1151c:	00098593          	mv	a1,s3
   11520:	00001097          	auipc	ra,0x1
   11524:	0c4080e7          	jalr	196(ra) # 125e4 <iprintf>
   11528:	0c098e63          	beqz	s3,11604 <main+0x618>
   1152c:	02012503          	lw	a0,32(sp)
   11530:	0ba00593          	li	a1,186
   11534:	43b74637          	lui	a2,0x43b74
   11538:	02b505b3          	mul	a1,a0,a1
   1153c:	02c536b3          	mulhu	a3,a0,a2
   11540:	00b685b3          	add	a1,a3,a1
   11544:	02c50533          	mul	a0,a0,a2
   11548:	00048613          	mv	a2,s1
   1154c:	00000693          	li	a3,0
   11550:	00003097          	auipc	ra,0x3
   11554:	ddc080e7          	jalr	-548(ra) # 1432c <__udivdi3>
   11558:	00050493          	mv	s1,a0
   1155c:	00058993          	mv	s3,a1
   11560:	00020537          	lui	a0,0x20
   11564:	15850513          	addi	a0,a0,344 # 20158 <_impure_ptr+0xf0>
   11568:	00001097          	auipc	ra,0x1
   1156c:	07c080e7          	jalr	124(ra) # 125e4 <iprintf>
   11570:	00002a37          	lui	s4,0x2
   11574:	710a0a13          	addi	s4,s4,1808 # 2710 <__HEAP_SIZE+0x710>
   11578:	00048513          	mv	a0,s1
   1157c:	000a0593          	mv	a1,s4
   11580:	fffff097          	auipc	ra,0xfffff
   11584:	068080e7          	jalr	104(ra) # 105e8 <print_fixed_scaled>
   11588:	00a00513          	li	a0,10
   1158c:	00001097          	auipc	ra,0x1
   11590:	0ac080e7          	jalr	172(ra) # 12638 <putchar>
   11594:	01c99513          	slli	a0,s3,0x1c
   11598:	0044d493          	srli	s1,s1,0x4
   1159c:	0049d593          	srli	a1,s3,0x4
   115a0:	ccccd637          	lui	a2,0xccccd
   115a4:	00a4e533          	or	a0,s1,a0
   115a8:	ccd60613          	addi	a2,a2,-819 # cccccccd <__stack_top__+0xccc9cccd>
   115ac:	00b505b3          	add	a1,a0,a1
   115b0:	00a5b6b3          	sltu	a3,a1,a0
   115b4:	00d585b3          	add	a1,a1,a3
   115b8:	02c5b6b3          	mulhu	a3,a1,a2
   115bc:	0026d713          	srli	a4,a3,0x2
   115c0:	ffc6f693          	andi	a3,a3,-4
   115c4:	00e686b3          	add	a3,a3,a4
   115c8:	40b50533          	sub	a0,a0,a1
   115cc:	00d50533          	add	a0,a0,a3
   115d0:	02c504b3          	mul	s1,a0,a2
   115d4:	00020537          	lui	a0,0x20
   115d8:	16c50513          	addi	a0,a0,364 # 2016c <_impure_ptr+0x104>
   115dc:	00001097          	auipc	ra,0x1
   115e0:	008080e7          	jalr	8(ra) # 125e4 <iprintf>
   115e4:	00048513          	mv	a0,s1
   115e8:	000a0593          	mv	a1,s4
   115ec:	fffff097          	auipc	ra,0xfffff
   115f0:	ffc080e7          	jalr	-4(ra) # 105e8 <print_fixed_scaled>
   115f4:	00a00513          	li	a0,10
   115f8:	00001097          	auipc	ra,0x1
   115fc:	040080e7          	jalr	64(ra) # 12638 <putchar>
   11600:	0240006f          	j	11624 <main+0x638>
   11604:	00020537          	lui	a0,0x20
   11608:	41450513          	addi	a0,a0,1044 # 20414 <_impure_ptr+0x3ac>
   1160c:	00001097          	auipc	ra,0x1
   11610:	1a8080e7          	jalr	424(ra) # 127b4 <puts>
   11614:	00020537          	lui	a0,0x20
   11618:	43c50513          	addi	a0,a0,1084 # 2043c <_impure_ptr+0x3d4>
   1161c:	00001097          	auipc	ra,0x1
   11620:	198080e7          	jalr	408(ra) # 127b4 <puts>
   11624:	bc6024f3          	csrr	s1,0xbc6
   11628:	bc9029f3          	csrr	s3,0xbc9
   1162c:	00020537          	lui	a0,0x20
   11630:	18050513          	addi	a0,a0,384 # 20180 <_impure_ptr+0x118>
   11634:	00048593          	mv	a1,s1
   11638:	00001097          	auipc	ra,0x1
   1163c:	fac080e7          	jalr	-84(ra) # 125e4 <iprintf>
   11640:	00020537          	lui	a0,0x20
   11644:	19650513          	addi	a0,a0,406 # 20196 <_impure_ptr+0x12e>
   11648:	00098593          	mv	a1,s3
   1164c:	00001097          	auipc	ra,0x1
   11650:	f98080e7          	jalr	-104(ra) # 125e4 <iprintf>
   11654:	04048a63          	beqz	s1,116a8 <main+0x6bc>
   11658:	413489b3          	sub	s3,s1,s3
   1165c:	00020537          	lui	a0,0x20
   11660:	1ac50513          	addi	a0,a0,428 # 201ac <_impure_ptr+0x144>
   11664:	00001097          	auipc	ra,0x1
   11668:	f80080e7          	jalr	-128(ra) # 125e4 <iprintf>
   1166c:	00002537          	lui	a0,0x2
   11670:	71050593          	addi	a1,a0,1808 # 2710 <__HEAP_SIZE+0x710>
   11674:	02b98533          	mul	a0,s3,a1
   11678:	02b9b5b3          	mulhu	a1,s3,a1
   1167c:	00048613          	mv	a2,s1
   11680:	00000693          	li	a3,0
   11684:	00003097          	auipc	ra,0x3
   11688:	ca8080e7          	jalr	-856(ra) # 1432c <__udivdi3>
   1168c:	06400593          	li	a1,100
   11690:	fffff097          	auipc	ra,0xfffff
   11694:	f58080e7          	jalr	-168(ra) # 105e8 <print_fixed_scaled>
   11698:	00020537          	lui	a0,0x20
   1169c:	1bf50513          	addi	a0,a0,447 # 201bf <_impure_ptr+0x157>
   116a0:	00001097          	auipc	ra,0x1
   116a4:	f44080e7          	jalr	-188(ra) # 125e4 <iprintf>
   116a8:	02012583          	lw	a1,32(sp)
   116ac:	00020537          	lui	a0,0x20
   116b0:	1c350513          	addi	a0,a0,451 # 201c3 <_impure_ptr+0x15b>
   116b4:	00001097          	auipc	ra,0x1
   116b8:	f30080e7          	jalr	-208(ra) # 125e4 <iprintf>
   116bc:	00020537          	lui	a0,0x20
   116c0:	1db50513          	addi	a0,a0,475 # 201db <_impure_ptr+0x173>
   116c4:	000205b7          	lui	a1,0x20
   116c8:	1f258593          	addi	a1,a1,498 # 201f2 <_impure_ptr+0x18a>
   116cc:	00001097          	auipc	ra,0x1
   116d0:	f18080e7          	jalr	-232(ra) # 125e4 <iprintf>
   116d4:	00020537          	lui	a0,0x20
   116d8:	25250513          	addi	a0,a0,594 # 20252 <_impure_ptr+0x1ea>
   116dc:	000205b7          	lui	a1,0x20
   116e0:	26958593          	addi	a1,a1,617 # 20269 <_impure_ptr+0x201>
   116e4:	00001097          	auipc	ra,0x1
   116e8:	f00080e7          	jalr	-256(ra) # 125e4 <iprintf>
   116ec:	00020537          	lui	a0,0x20
   116f0:	28d50513          	addi	a0,a0,653 # 2028d <_impure_ptr+0x225>
   116f4:	000205b7          	lui	a1,0x20
   116f8:	2a458593          	addi	a1,a1,676 # 202a4 <_impure_ptr+0x23c>
   116fc:	00001097          	auipc	ra,0x1
   11700:	ee8080e7          	jalr	-280(ra) # 125e4 <iprintf>
   11704:	00020537          	lui	a0,0x20
   11708:	2ab50513          	addi	a0,a0,683 # 202ab <_impure_ptr+0x243>
   1170c:	00040593          	mv	a1,s0
   11710:	00001097          	auipc	ra,0x1
   11714:	ed4080e7          	jalr	-300(ra) # 125e4 <iprintf>
   11718:	02412503          	lw	a0,36(sp)
   1171c:	00157593          	andi	a1,a0,1
   11720:	06059263          	bnez	a1,11784 <main+0x798>
   11724:	00257593          	andi	a1,a0,2
   11728:	08059063          	bnez	a1,117a8 <main+0x7bc>
   1172c:	00457513          	andi	a0,a0,4
   11730:	00050e63          	beqz	a0,1174c <main+0x760>
   11734:	04215603          	lhu	a2,66(sp)
   11738:	00020537          	lui	a0,0x20
   1173c:	2fe50513          	addi	a0,a0,766 # 202fe <_impure_ptr+0x296>
   11740:	00000593          	li	a1,0
   11744:	00001097          	auipc	ra,0x1
   11748:	ea0080e7          	jalr	-352(ra) # 125e4 <iprintf>
   1174c:	03c15603          	lhu	a2,60(sp)
   11750:	012a8433          	add	s0,s5,s2
   11754:	01041413          	slli	s0,s0,0x10
   11758:	41045493          	srai	s1,s0,0x10
   1175c:	00020537          	lui	a0,0x20
   11760:	31a50513          	addi	a0,a0,794 # 2031a <_impure_ptr+0x2b2>
   11764:	00000593          	li	a1,0
   11768:	00001097          	auipc	ra,0x1
   1176c:	e7c080e7          	jalr	-388(ra) # 125e4 <iprintf>
   11770:	06904063          	bgtz	s1,117d0 <main+0x7e4>
   11774:	00020537          	lui	a0,0x20
   11778:	4ab50513          	addi	a0,a0,1195 # 204ab <_impure_ptr+0x443>
   1177c:	06040063          	beqz	s0,117dc <main+0x7f0>
   11780:	0640006f          	j	117e4 <main+0x7f8>
   11784:	03e15603          	lhu	a2,62(sp)
   11788:	00020537          	lui	a0,0x20
   1178c:	2c650513          	addi	a0,a0,710 # 202c6 <_impure_ptr+0x25e>
   11790:	00000593          	li	a1,0
   11794:	00001097          	auipc	ra,0x1
   11798:	e50080e7          	jalr	-432(ra) # 125e4 <iprintf>
   1179c:	02412503          	lw	a0,36(sp)
   117a0:	00257593          	andi	a1,a0,2
   117a4:	f80584e3          	beqz	a1,1172c <main+0x740>
   117a8:	04015603          	lhu	a2,64(sp)
   117ac:	00020537          	lui	a0,0x20
   117b0:	2e250513          	addi	a0,a0,738 # 202e2 <_impure_ptr+0x27a>
   117b4:	00000593          	li	a1,0
   117b8:	00001097          	auipc	ra,0x1
   117bc:	e2c080e7          	jalr	-468(ra) # 125e4 <iprintf>
   117c0:	02412503          	lw	a0,36(sp)
   117c4:	00457513          	andi	a0,a0,4
   117c8:	f60516e3          	bnez	a0,11734 <main+0x748>
   117cc:	f81ff06f          	j	1174c <main+0x760>
   117d0:	00020537          	lui	a0,0x20
   117d4:	49b50513          	addi	a0,a0,1179 # 2049b <_impure_ptr+0x433>
   117d8:	00041663          	bnez	s0,117e4 <main+0x7f8>
   117dc:	00020537          	lui	a0,0x20
   117e0:	45350513          	addi	a0,a0,1107 # 20453 <_impure_ptr+0x3eb>
   117e4:	00001097          	auipc	ra,0x1
   117e8:	fd0080e7          	jalr	-48(ra) # 127b4 <puts>
   117ec:	00000513          	li	a0,0
   117f0:	06c12083          	lw	ra,108(sp)
   117f4:	06812403          	lw	s0,104(sp)
   117f8:	06412483          	lw	s1,100(sp)
   117fc:	06012903          	lw	s2,96(sp)
   11800:	05c12983          	lw	s3,92(sp)
   11804:	05812a03          	lw	s4,88(sp)
   11808:	05412a83          	lw	s5,84(sp)
   1180c:	07010113          	addi	sp,sp,112
   11810:	00008067          	ret

00011814 <core_bench_matrix>:
   11814:	ff010113          	addi	sp,sp,-16
   11818:	00112623          	sw	ra,12(sp)
   1181c:	00812423          	sw	s0,8(sp)
   11820:	00060413          	mv	s0,a2
   11824:	00052703          	lw	a4,0(a0)
   11828:	00452603          	lw	a2,4(a0)
   1182c:	00852683          	lw	a3,8(a0)
   11830:	00c52783          	lw	a5,12(a0)
   11834:	00058813          	mv	a6,a1
   11838:	00070513          	mv	a0,a4
   1183c:	00078593          	mv	a1,a5
   11840:	00080713          	mv	a4,a6
   11844:	00000097          	auipc	ra,0x0
   11848:	020080e7          	jalr	32(ra) # 11864 <matrix_test>
   1184c:	00040593          	mv	a1,s0
   11850:	00c12083          	lw	ra,12(sp)
   11854:	00812403          	lw	s0,8(sp)
   11858:	01010113          	addi	sp,sp,16
   1185c:	00001317          	auipc	t1,0x1
   11860:	d3c30067          	jr	-708(t1) # 12598 <crc16>

00011864 <matrix_test>:
   11864:	fd010113          	addi	sp,sp,-48
   11868:	02112623          	sw	ra,44(sp)
   1186c:	02812423          	sw	s0,40(sp)
   11870:	02912223          	sw	s1,36(sp)
   11874:	03212023          	sw	s2,32(sp)
   11878:	01312e23          	sw	s3,28(sp)
   1187c:	01412c23          	sw	s4,24(sp)
   11880:	01512a23          	sw	s5,20(sp)
   11884:	01612823          	sw	s6,16(sp)
   11888:	01712623          	sw	s7,12(sp)
   1188c:	40050863          	beqz	a0,11c9c <matrix_test+0x438>
   11890:	00070413          	mv	s0,a4
   11894:	00068a13          	mv	s4,a3
   11898:	00060493          	mv	s1,a2
   1189c:	00058993          	mv	s3,a1
   118a0:	00050913          	mv	s2,a0
   118a4:	00000513          	li	a0,0
   118a8:	fffff5b7          	lui	a1,0xfffff
   118ac:	00b76b33          	or	s6,a4,a1
   118b0:	00191a93          	slli	s5,s2,0x1
   118b4:	00060593          	mv	a1,a2
   118b8:	00058613          	mv	a2,a1
   118bc:	00090693          	mv	a3,s2
   118c0:	00061703          	lh	a4,0(a2)
   118c4:	fff68693          	addi	a3,a3,-1
   118c8:	00870733          	add	a4,a4,s0
   118cc:	00e61023          	sh	a4,0(a2)
   118d0:	00260613          	addi	a2,a2,2
   118d4:	fe0696e3          	bnez	a3,118c0 <matrix_test+0x5c>
   118d8:	00150513          	addi	a0,a0,1
   118dc:	015585b3          	add	a1,a1,s5
   118e0:	fd251ce3          	bne	a0,s2,118b8 <matrix_test+0x54>
   118e4:	00000513          	li	a0,0
   118e8:	00291b93          	slli	s7,s2,0x2
   118ec:	00048593          	mv	a1,s1
   118f0:	00098613          	mv	a2,s3
   118f4:	00058693          	mv	a3,a1
   118f8:	00060713          	mv	a4,a2
   118fc:	00090793          	mv	a5,s2
   11900:	00069803          	lh	a6,0(a3)
   11904:	fff78793          	addi	a5,a5,-1
   11908:	02880833          	mul	a6,a6,s0
   1190c:	01072023          	sw	a6,0(a4)
   11910:	00470713          	addi	a4,a4,4
   11914:	00268693          	addi	a3,a3,2
   11918:	fe0794e3          	bnez	a5,11900 <matrix_test+0x9c>
   1191c:	00150513          	addi	a0,a0,1
   11920:	01760633          	add	a2,a2,s7
   11924:	015585b3          	add	a1,a1,s5
   11928:	fd2516e3          	bne	a0,s2,118f4 <matrix_test+0x90>
   1192c:	00000593          	li	a1,0
   11930:	00000513          	li	a0,0
   11934:	00000693          	li	a3,0
   11938:	00000713          	li	a4,0
   1193c:	00098613          	mv	a2,s3
   11940:	0100006f          	j	11950 <matrix_test+0xec>
   11944:	00158593          	addi	a1,a1,1 # fffff001 <__stack_top__+0xfffcf001>
   11948:	01760633          	add	a2,a2,s7
   1194c:	05258a63          	beq	a1,s2,119a0 <matrix_test+0x13c>
   11950:	00060793          	mv	a5,a2
   11954:	00090813          	mv	a6,s2
   11958:	00068893          	mv	a7,a3
   1195c:	0300006f          	j	1198c <matrix_test+0x128>
   11960:	00a00893          	li	a7,10
   11964:	00eb22b3          	slt	t0,s6,a4
   11968:	00a88533          	add	a0,a7,a0
   1196c:	fff80813          	addi	a6,a6,-1
   11970:	fff28293          	addi	t0,t0,-1
   11974:	01051513          	slli	a0,a0,0x10
   11978:	00e2f733          	and	a4,t0,a4
   1197c:	41055513          	srai	a0,a0,0x10
   11980:	00478793          	addi	a5,a5,4
   11984:	00068893          	mv	a7,a3
   11988:	fa080ee3          	beqz	a6,11944 <matrix_test+0xe0>
   1198c:	0007a683          	lw	a3,0(a5)
   11990:	00e68733          	add	a4,a3,a4
   11994:	fceb46e3          	blt	s6,a4,11960 <matrix_test+0xfc>
   11998:	00d8a8b3          	slt	a7,a7,a3
   1199c:	fc9ff06f          	j	11964 <matrix_test+0x100>
   119a0:	00000593          	li	a1,0
   119a4:	00001097          	auipc	ra,0x1
   119a8:	bf4080e7          	jalr	-1036(ra) # 12598 <crc16>
   119ac:	00050593          	mv	a1,a0
   119b0:	00000513          	li	a0,0
   119b4:	015a0633          	add	a2,s4,s5
   119b8:	00048693          	mv	a3,s1
   119bc:	00000713          	li	a4,0
   119c0:	00068793          	mv	a5,a3
   119c4:	000a0813          	mv	a6,s4
   119c8:	00079883          	lh	a7,0(a5)
   119cc:	00081283          	lh	t0,0(a6)
   119d0:	00280813          	addi	a6,a6,2
   119d4:	031288b3          	mul	a7,t0,a7
   119d8:	00e88733          	add	a4,a7,a4
   119dc:	00278793          	addi	a5,a5,2
   119e0:	fec814e3          	bne	a6,a2,119c8 <matrix_test+0x164>
   119e4:	00251793          	slli	a5,a0,0x2
   119e8:	00150513          	addi	a0,a0,1
   119ec:	00f987b3          	add	a5,s3,a5
   119f0:	00e7a023          	sw	a4,0(a5)
   119f4:	015686b3          	add	a3,a3,s5
   119f8:	fd2512e3          	bne	a0,s2,119bc <matrix_test+0x158>
   119fc:	00000613          	li	a2,0
   11a00:	00000513          	li	a0,0
   11a04:	00000713          	li	a4,0
   11a08:	00000793          	li	a5,0
   11a0c:	00098693          	mv	a3,s3
   11a10:	0100006f          	j	11a20 <matrix_test+0x1bc>
   11a14:	00160613          	addi	a2,a2,1
   11a18:	017686b3          	add	a3,a3,s7
   11a1c:	05260a63          	beq	a2,s2,11a70 <matrix_test+0x20c>
   11a20:	00068813          	mv	a6,a3
   11a24:	00090893          	mv	a7,s2
   11a28:	00070293          	mv	t0,a4
   11a2c:	0300006f          	j	11a5c <matrix_test+0x1f8>
   11a30:	00a00293          	li	t0,10
   11a34:	00fb2333          	slt	t1,s6,a5
   11a38:	00a28533          	add	a0,t0,a0
   11a3c:	fff88893          	addi	a7,a7,-1
   11a40:	fff30313          	addi	t1,t1,-1
   11a44:	01051513          	slli	a0,a0,0x10
   11a48:	00f377b3          	and	a5,t1,a5
   11a4c:	41055513          	srai	a0,a0,0x10
   11a50:	00480813          	addi	a6,a6,4
   11a54:	00070293          	mv	t0,a4
   11a58:	fa088ee3          	beqz	a7,11a14 <matrix_test+0x1b0>
   11a5c:	00082703          	lw	a4,0(a6)
   11a60:	00f707b3          	add	a5,a4,a5
   11a64:	fcfb46e3          	blt	s6,a5,11a30 <matrix_test+0x1cc>
   11a68:	00e2a2b3          	slt	t0,t0,a4
   11a6c:	fc9ff06f          	j	11a34 <matrix_test+0x1d0>
   11a70:	00001097          	auipc	ra,0x1
   11a74:	b28080e7          	jalr	-1240(ra) # 12598 <crc16>
   11a78:	00050593          	mv	a1,a0
   11a7c:	00000513          	li	a0,0
   11a80:	00048613          	mv	a2,s1
   11a84:	00000693          	li	a3,0
   11a88:	03250733          	mul	a4,a0,s2
   11a8c:	00271713          	slli	a4,a4,0x2
   11a90:	00e98733          	add	a4,s3,a4
   11a94:	000a0793          	mv	a5,s4
   11a98:	00000813          	li	a6,0
   11a9c:	00060893          	mv	a7,a2
   11aa0:	00078293          	mv	t0,a5
   11aa4:	00090313          	mv	t1,s2
   11aa8:	00089383          	lh	t2,0(a7)
   11aac:	00029e03          	lh	t3,0(t0)
   11ab0:	fff30313          	addi	t1,t1,-1
   11ab4:	015282b3          	add	t0,t0,s5
   11ab8:	027e03b3          	mul	t2,t3,t2
   11abc:	01038833          	add	a6,t2,a6
   11ac0:	00288893          	addi	a7,a7,2
   11ac4:	fe0312e3          	bnez	t1,11aa8 <matrix_test+0x244>
   11ac8:	00269893          	slli	a7,a3,0x2
   11acc:	00168693          	addi	a3,a3,1
   11ad0:	011708b3          	add	a7,a4,a7
   11ad4:	0108a023          	sw	a6,0(a7)
   11ad8:	00278793          	addi	a5,a5,2
   11adc:	fb269ee3          	bne	a3,s2,11a98 <matrix_test+0x234>
   11ae0:	00150513          	addi	a0,a0,1
   11ae4:	01560633          	add	a2,a2,s5
   11ae8:	f9251ee3          	bne	a0,s2,11a84 <matrix_test+0x220>
   11aec:	00000613          	li	a2,0
   11af0:	00000513          	li	a0,0
   11af4:	00000713          	li	a4,0
   11af8:	00000793          	li	a5,0
   11afc:	00098693          	mv	a3,s3
   11b00:	0100006f          	j	11b10 <matrix_test+0x2ac>
   11b04:	00160613          	addi	a2,a2,1
   11b08:	017686b3          	add	a3,a3,s7
   11b0c:	05260a63          	beq	a2,s2,11b60 <matrix_test+0x2fc>
   11b10:	00068813          	mv	a6,a3
   11b14:	00090893          	mv	a7,s2
   11b18:	00070293          	mv	t0,a4
   11b1c:	0300006f          	j	11b4c <matrix_test+0x2e8>
   11b20:	00a00293          	li	t0,10
   11b24:	00fb2333          	slt	t1,s6,a5
   11b28:	00a28533          	add	a0,t0,a0
   11b2c:	fff88893          	addi	a7,a7,-1
   11b30:	fff30313          	addi	t1,t1,-1
   11b34:	01051513          	slli	a0,a0,0x10
   11b38:	00f377b3          	and	a5,t1,a5
   11b3c:	41055513          	srai	a0,a0,0x10
   11b40:	00480813          	addi	a6,a6,4
   11b44:	00070293          	mv	t0,a4
   11b48:	fa088ee3          	beqz	a7,11b04 <matrix_test+0x2a0>
   11b4c:	00082703          	lw	a4,0(a6)
   11b50:	00f707b3          	add	a5,a4,a5
   11b54:	fcfb46e3          	blt	s6,a5,11b20 <matrix_test+0x2bc>
   11b58:	00e2a2b3          	slt	t0,t0,a4
   11b5c:	fc9ff06f          	j	11b24 <matrix_test+0x2c0>
   11b60:	00001097          	auipc	ra,0x1
   11b64:	a38080e7          	jalr	-1480(ra) # 12598 <crc16>
   11b68:	00050593          	mv	a1,a0
   11b6c:	00000513          	li	a0,0
   11b70:	00048613          	mv	a2,s1
   11b74:	00000693          	li	a3,0
   11b78:	03250733          	mul	a4,a0,s2
   11b7c:	00271713          	slli	a4,a4,0x2
   11b80:	00e98733          	add	a4,s3,a4
   11b84:	000a0793          	mv	a5,s4
   11b88:	00000813          	li	a6,0
   11b8c:	00060893          	mv	a7,a2
   11b90:	00078293          	mv	t0,a5
   11b94:	00090313          	mv	t1,s2
   11b98:	0008d383          	lhu	t2,0(a7)
   11b9c:	0002de03          	lhu	t3,0(t0)
   11ba0:	fff30313          	addi	t1,t1,-1
   11ba4:	015282b3          	add	t0,t0,s5
   11ba8:	027e03b3          	mul	t2,t3,t2
   11bac:	01a39e13          	slli	t3,t2,0x1a
   11bb0:	01439393          	slli	t2,t2,0x14
   11bb4:	01ce5e13          	srli	t3,t3,0x1c
   11bb8:	0193d393          	srli	t2,t2,0x19
   11bbc:	027e03b3          	mul	t2,t3,t2
   11bc0:	01038833          	add	a6,t2,a6
   11bc4:	00288893          	addi	a7,a7,2
   11bc8:	fc0318e3          	bnez	t1,11b98 <matrix_test+0x334>
   11bcc:	00269893          	slli	a7,a3,0x2
   11bd0:	00168693          	addi	a3,a3,1
   11bd4:	011708b3          	add	a7,a4,a7
   11bd8:	0108a023          	sw	a6,0(a7)
   11bdc:	00278793          	addi	a5,a5,2
   11be0:	fb2694e3          	bne	a3,s2,11b88 <matrix_test+0x324>
   11be4:	00150513          	addi	a0,a0,1
   11be8:	01560633          	add	a2,a2,s5
   11bec:	f92514e3          	bne	a0,s2,11b74 <matrix_test+0x310>
   11bf0:	00000613          	li	a2,0
   11bf4:	00000513          	li	a0,0
   11bf8:	00000693          	li	a3,0
   11bfc:	00000813          	li	a6,0
   11c00:	0100006f          	j	11c10 <matrix_test+0x3ac>
   11c04:	00160613          	addi	a2,a2,1
   11c08:	017989b3          	add	s3,s3,s7
   11c0c:	05260a63          	beq	a2,s2,11c60 <matrix_test+0x3fc>
   11c10:	00098713          	mv	a4,s3
   11c14:	00090793          	mv	a5,s2
   11c18:	00068893          	mv	a7,a3
   11c1c:	0300006f          	j	11c4c <matrix_test+0x3e8>
   11c20:	00a00893          	li	a7,10
   11c24:	010b22b3          	slt	t0,s6,a6
   11c28:	00a88533          	add	a0,a7,a0
   11c2c:	fff78793          	addi	a5,a5,-1
   11c30:	fff28293          	addi	t0,t0,-1
   11c34:	01051513          	slli	a0,a0,0x10
   11c38:	0102f833          	and	a6,t0,a6
   11c3c:	41055513          	srai	a0,a0,0x10
   11c40:	00470713          	addi	a4,a4,4
   11c44:	00068893          	mv	a7,a3
   11c48:	fa078ee3          	beqz	a5,11c04 <matrix_test+0x3a0>
   11c4c:	00072683          	lw	a3,0(a4)
   11c50:	01068833          	add	a6,a3,a6
   11c54:	fd0b46e3          	blt	s6,a6,11c20 <matrix_test+0x3bc>
   11c58:	00d8a8b3          	slt	a7,a7,a3
   11c5c:	fc9ff06f          	j	11c24 <matrix_test+0x3c0>
   11c60:	00001097          	auipc	ra,0x1
   11c64:	938080e7          	jalr	-1736(ra) # 12598 <crc16>
   11c68:	00000593          	li	a1,0
   11c6c:	00048613          	mv	a2,s1
   11c70:	00090693          	mv	a3,s2
   11c74:	00061703          	lh	a4,0(a2)
   11c78:	fff68693          	addi	a3,a3,-1
   11c7c:	40870733          	sub	a4,a4,s0
   11c80:	00e61023          	sh	a4,0(a2)
   11c84:	00260613          	addi	a2,a2,2
   11c88:	fe0696e3          	bnez	a3,11c74 <matrix_test+0x410>
   11c8c:	00158593          	addi	a1,a1,1
   11c90:	015484b3          	add	s1,s1,s5
   11c94:	fd259ce3          	bne	a1,s2,11c6c <matrix_test+0x408>
   11c98:	0400006f          	j	11cd8 <matrix_test+0x474>
   11c9c:	00000593          	li	a1,0
   11ca0:	00001097          	auipc	ra,0x1
   11ca4:	8f8080e7          	jalr	-1800(ra) # 12598 <crc16>
   11ca8:	00050593          	mv	a1,a0
   11cac:	00000513          	li	a0,0
   11cb0:	00001097          	auipc	ra,0x1
   11cb4:	8e8080e7          	jalr	-1816(ra) # 12598 <crc16>
   11cb8:	00050593          	mv	a1,a0
   11cbc:	00000513          	li	a0,0
   11cc0:	00001097          	auipc	ra,0x1
   11cc4:	8d8080e7          	jalr	-1832(ra) # 12598 <crc16>
   11cc8:	00050593          	mv	a1,a0
   11ccc:	00000513          	li	a0,0
   11cd0:	00001097          	auipc	ra,0x1
   11cd4:	8c8080e7          	jalr	-1848(ra) # 12598 <crc16>
   11cd8:	01051513          	slli	a0,a0,0x10
   11cdc:	41055513          	srai	a0,a0,0x10
   11ce0:	02c12083          	lw	ra,44(sp)
   11ce4:	02812403          	lw	s0,40(sp)
   11ce8:	02412483          	lw	s1,36(sp)
   11cec:	02012903          	lw	s2,32(sp)
   11cf0:	01c12983          	lw	s3,28(sp)
   11cf4:	01812a03          	lw	s4,24(sp)
   11cf8:	01412a83          	lw	s5,20(sp)
   11cfc:	01012b03          	lw	s6,16(sp)
   11d00:	00c12b83          	lw	s7,12(sp)
   11d04:	03010113          	addi	sp,sp,48
   11d08:	00008067          	ret

00011d0c <core_init_matrix>:
   11d0c:	04050263          	beqz	a0,11d50 <core_init_matrix+0x44>
   11d10:	00050713          	mv	a4,a0
   11d14:	fff00513          	li	a0,-1
   11d18:	00800793          	li	a5,8
   11d1c:	00250813          	addi	a6,a0,2
   11d20:	03078833          	mul	a6,a5,a6
   11d24:	00150513          	addi	a0,a0,1
   11d28:	00878793          	addi	a5,a5,8
   11d2c:	fee868e3          	bltu	a6,a4,11d1c <core_init_matrix+0x10>
   11d30:	00358593          	addi	a1,a1,3
   11d34:	02a507b3          	mul	a5,a0,a0
   11d38:	ffc5f593          	andi	a1,a1,-4
   11d3c:	00179713          	slli	a4,a5,0x1
   11d40:	00e58733          	add	a4,a1,a4
   11d44:	02051063          	bnez	a0,11d64 <core_init_matrix+0x58>
   11d48:	00000793          	li	a5,0
   11d4c:	0b40006f          	j	11e00 <core_init_matrix+0xf4>
   11d50:	00358593          	addi	a1,a1,3
   11d54:	fff00513          	li	a0,-1
   11d58:	ffc5f593          	andi	a1,a1,-4
   11d5c:	00258713          	addi	a4,a1,2
   11d60:	00100793          	li	a5,1
   11d64:	ff010113          	addi	sp,sp,-16
   11d68:	00812623          	sw	s0,12(sp)
   11d6c:	00912423          	sw	s1,8(sp)
   11d70:	00000813          	li	a6,0
   11d74:	00163e13          	seqz	t3,a2
   11d78:	00151893          	slli	a7,a0,0x1
   11d7c:	00100293          	li	t0,1
   11d80:	01c60e33          	add	t3,a2,t3
   11d84:	ffff0637          	lui	a2,0xffff0
   11d88:	00070313          	mv	t1,a4
   11d8c:	00058393          	mv	t2,a1
   11d90:	00129e93          	slli	t4,t0,0x1
   11d94:	00030f13          	mv	t5,t1
   11d98:	00038f93          	mv	t6,t2
   11d9c:	00050413          	mv	s0,a0
   11da0:	025e0e33          	mul	t3,t3,t0
   11da4:	fff40413          	addi	s0,s0,-1
   11da8:	41fe5493          	srai	s1,t3,0x1f
   11dac:	0104d493          	srli	s1,s1,0x10
   11db0:	009e04b3          	add	s1,t3,s1
   11db4:	00c4f4b3          	and	s1,s1,a2
   11db8:	409e0e33          	sub	t3,t3,s1
   11dbc:	01c284b3          	add	s1,t0,t3
   11dc0:	009f1023          	sh	s1,0(t5)
   11dc4:	01ce84b3          	add	s1,t4,t3
   11dc8:	00128293          	addi	t0,t0,1
   11dcc:	0ff4f493          	zext.b	s1,s1
   11dd0:	002f0f13          	addi	t5,t5,2
   11dd4:	009f9023          	sh	s1,0(t6)
   11dd8:	002f8f93          	addi	t6,t6,2
   11ddc:	002e8e93          	addi	t4,t4,2
   11de0:	fc0410e3          	bnez	s0,11da0 <core_init_matrix+0x94>
   11de4:	00180813          	addi	a6,a6,1
   11de8:	011383b3          	add	t2,t2,a7
   11dec:	01130333          	add	t1,t1,a7
   11df0:	faa810e3          	bne	a6,a0,11d90 <core_init_matrix+0x84>
   11df4:	00c12403          	lw	s0,12(sp)
   11df8:	00812483          	lw	s1,8(sp)
   11dfc:	01010113          	addi	sp,sp,16
   11e00:	00179793          	slli	a5,a5,0x1
   11e04:	00f707b3          	add	a5,a4,a5
   11e08:	00378793          	addi	a5,a5,3
   11e0c:	ffc7f793          	andi	a5,a5,-4
   11e10:	00a6a023          	sw	a0,0(a3)
   11e14:	00b6a223          	sw	a1,4(a3)
   11e18:	00e6a423          	sw	a4,8(a3)
   11e1c:	00f6a623          	sw	a5,12(a3)
   11e20:	00008067          	ret

00011e24 <start_time>:
   11e24:	b8002573          	csrr	a0,mcycleh
   11e28:	b00025f3          	csrr	a1,mcycle
   11e2c:	b8002673          	csrr	a2,mcycleh
   11e30:	fec51ae3          	bne	a0,a2,11e24 <start_time>
   11e34:	00021637          	lui	a2,0x21
   11e38:	20a62a23          	sw	a0,532(a2) # 21214 <t0+0x4>
   11e3c:	20b62823          	sw	a1,528(a2)
   11e40:	00008067          	ret

00011e44 <stop_time>:
   11e44:	b8002573          	csrr	a0,mcycleh
   11e48:	b00025f3          	csrr	a1,mcycle
   11e4c:	b8002673          	csrr	a2,mcycleh
   11e50:	fec51ae3          	bne	a0,a2,11e44 <stop_time>
   11e54:	00021637          	lui	a2,0x21
   11e58:	21060613          	addi	a2,a2,528 # 21210 <t0>
   11e5c:	00b62423          	sw	a1,8(a2)
   11e60:	00a62623          	sw	a0,12(a2)
   11e64:	00008067          	ret

00011e68 <get_time>:
   11e68:	00021537          	lui	a0,0x21
   11e6c:	21050513          	addi	a0,a0,528 # 21210 <t0>
   11e70:	00052603          	lw	a2,0(a0)
   11e74:	00452583          	lw	a1,4(a0)
   11e78:	00852683          	lw	a3,8(a0)
   11e7c:	00c52503          	lw	a0,12(a0)
   11e80:	00c6b733          	sltu	a4,a3,a2
   11e84:	40b50533          	sub	a0,a0,a1
   11e88:	40e505b3          	sub	a1,a0,a4
   11e8c:	40c68533          	sub	a0,a3,a2
   11e90:	00008067          	ret

00011e94 <time_in_secs>:
   11e94:	ff010113          	addi	sp,sp,-16
   11e98:	00112623          	sw	ra,12(sp)
   11e9c:	04c4b637          	lui	a2,0x4c4b
   11ea0:	40060613          	addi	a2,a2,1024 # 4c4b400 <__stack_top__+0x4c1b400>
   11ea4:	00000693          	li	a3,0
   11ea8:	00002097          	auipc	ra,0x2
   11eac:	484080e7          	jalr	1156(ra) # 1432c <__udivdi3>
   11eb0:	00c12083          	lw	ra,12(sp)
   11eb4:	01010113          	addi	sp,sp,16
   11eb8:	00008067          	ret

00011ebc <portable_init>:
   11ebc:	00020537          	lui	a0,0x20
   11ec0:	50d50513          	addi	a0,a0,1293 # 2050d <_impure_ptr+0x4a5>
   11ec4:	ffffe317          	auipc	t1,0xffffe
   11ec8:	60030067          	jr	1536(t1) # 104c4 <uart_puts>

00011ecc <core_bench_state>:
   11ecc:	f9010113          	addi	sp,sp,-112
   11ed0:	06112623          	sw	ra,108(sp)
   11ed4:	06812423          	sw	s0,104(sp)
   11ed8:	06912223          	sw	s1,100(sp)
   11edc:	07212023          	sw	s2,96(sp)
   11ee0:	05312e23          	sw	s3,92(sp)
   11ee4:	05412c23          	sw	s4,88(sp)
   11ee8:	05512a23          	sw	s5,84(sp)
   11eec:	05612823          	sw	s6,80(sp)
   11ef0:	05712623          	sw	s7,76(sp)
   11ef4:	00078413          	mv	s0,a5
   11ef8:	00070493          	mv	s1,a4
   11efc:	00068993          	mv	s3,a3
   11f00:	00060a93          	mv	s5,a2
   11f04:	00058913          	mv	s2,a1
   11f08:	00050a13          	mv	s4,a0
   11f0c:	00b12423          	sw	a1,8(sp)
   11f10:	00012623          	sw	zero,12(sp)
   11f14:	00012823          	sw	zero,16(sp)
   11f18:	00012a23          	sw	zero,20(sp)
   11f1c:	00012c23          	sw	zero,24(sp)
   11f20:	00012e23          	sw	zero,28(sp)
   11f24:	02012023          	sw	zero,32(sp)
   11f28:	02012223          	sw	zero,36(sp)
   11f2c:	02012423          	sw	zero,40(sp)
   11f30:	02012623          	sw	zero,44(sp)
   11f34:	02012823          	sw	zero,48(sp)
   11f38:	02012a23          	sw	zero,52(sp)
   11f3c:	02012c23          	sw	zero,56(sp)
   11f40:	0005cb83          	lbu	s7,0(a1)
   11f44:	02012e23          	sw	zero,60(sp)
   11f48:	04012023          	sw	zero,64(sp)
   11f4c:	04012223          	sw	zero,68(sp)
   11f50:	04012423          	sw	zero,72(sp)
   11f54:	020b8c63          	beqz	s7,11f8c <core_bench_state+0xc0>
   11f58:	02c10b13          	addi	s6,sp,44
   11f5c:	00810513          	addi	a0,sp,8
   11f60:	00c10593          	addi	a1,sp,12
   11f64:	00000097          	auipc	ra,0x0
   11f68:	268080e7          	jalr	616(ra) # 121cc <core_state_transition>
   11f6c:	00812583          	lw	a1,8(sp)
   11f70:	00251513          	slli	a0,a0,0x2
   11f74:	00ab0533          	add	a0,s6,a0
   11f78:	00052603          	lw	a2,0(a0)
   11f7c:	0005c583          	lbu	a1,0(a1)
   11f80:	00160613          	addi	a2,a2,1
   11f84:	00c52023          	sw	a2,0(a0)
   11f88:	fc059ae3          	bnez	a1,11f5c <core_bench_state+0x90>
   11f8c:	01490b33          	add	s6,s2,s4
   11f90:	020a0a63          	beqz	s4,11fc4 <core_bench_state+0xf8>
   11f94:	0ffaf513          	zext.b	a0,s5
   11f98:	02c00593          	li	a1,44
   11f9c:	00090613          	mv	a2,s2
   11fa0:	00c0006f          	j	11fac <core_bench_state+0xe0>
   11fa4:	00960633          	add	a2,a2,s1
   11fa8:	01667c63          	bgeu	a2,s6,11fc0 <core_bench_state+0xf4>
   11fac:	00064683          	lbu	a3,0(a2)
   11fb0:	feb68ae3          	beq	a3,a1,11fa4 <core_bench_state+0xd8>
   11fb4:	00a6c6b3          	xor	a3,a3,a0
   11fb8:	00d60023          	sb	a3,0(a2)
   11fbc:	fe9ff06f          	j	11fa4 <core_bench_state+0xd8>
   11fc0:	00094b83          	lbu	s7,0(s2)
   11fc4:	01212423          	sw	s2,8(sp)
   11fc8:	020b8c63          	beqz	s7,12000 <core_bench_state+0x134>
   11fcc:	02c10a93          	addi	s5,sp,44
   11fd0:	00810513          	addi	a0,sp,8
   11fd4:	00c10593          	addi	a1,sp,12
   11fd8:	00000097          	auipc	ra,0x0
   11fdc:	1f4080e7          	jalr	500(ra) # 121cc <core_state_transition>
   11fe0:	00812583          	lw	a1,8(sp)
   11fe4:	00251513          	slli	a0,a0,0x2
   11fe8:	00aa8533          	add	a0,s5,a0
   11fec:	00052603          	lw	a2,0(a0)
   11ff0:	0005c583          	lbu	a1,0(a1)
   11ff4:	00160613          	addi	a2,a2,1
   11ff8:	00c52023          	sw	a2,0(a0)
   11ffc:	fc059ae3          	bnez	a1,11fd0 <core_bench_state+0x104>
   12000:	020a0663          	beqz	s4,1202c <core_bench_state+0x160>
   12004:	0ff9f513          	zext.b	a0,s3
   12008:	02c00593          	li	a1,44
   1200c:	00c0006f          	j	12018 <core_bench_state+0x14c>
   12010:	00990933          	add	s2,s2,s1
   12014:	01697c63          	bgeu	s2,s6,1202c <core_bench_state+0x160>
   12018:	00094603          	lbu	a2,0(s2)
   1201c:	feb60ae3          	beq	a2,a1,12010 <core_bench_state+0x144>
   12020:	00a64633          	xor	a2,a2,a0
   12024:	00c90023          	sb	a2,0(s2)
   12028:	fe9ff06f          	j	12010 <core_bench_state+0x144>
   1202c:	02c12503          	lw	a0,44(sp)
   12030:	00040593          	mv	a1,s0
   12034:	00000097          	auipc	ra,0x0
   12038:	4e4080e7          	jalr	1252(ra) # 12518 <crcu32>
   1203c:	00c12583          	lw	a1,12(sp)
   12040:	00050613          	mv	a2,a0
   12044:	00058513          	mv	a0,a1
   12048:	00060593          	mv	a1,a2
   1204c:	00000097          	auipc	ra,0x0
   12050:	4cc080e7          	jalr	1228(ra) # 12518 <crcu32>
   12054:	03012583          	lw	a1,48(sp)
   12058:	00050613          	mv	a2,a0
   1205c:	00058513          	mv	a0,a1
   12060:	00060593          	mv	a1,a2
   12064:	00000097          	auipc	ra,0x0
   12068:	4b4080e7          	jalr	1204(ra) # 12518 <crcu32>
   1206c:	01012583          	lw	a1,16(sp)
   12070:	00050613          	mv	a2,a0
   12074:	00058513          	mv	a0,a1
   12078:	00060593          	mv	a1,a2
   1207c:	00000097          	auipc	ra,0x0
   12080:	49c080e7          	jalr	1180(ra) # 12518 <crcu32>
   12084:	03412583          	lw	a1,52(sp)
   12088:	00050613          	mv	a2,a0
   1208c:	00058513          	mv	a0,a1
   12090:	00060593          	mv	a1,a2
   12094:	00000097          	auipc	ra,0x0
   12098:	484080e7          	jalr	1156(ra) # 12518 <crcu32>
   1209c:	01412583          	lw	a1,20(sp)
   120a0:	00050613          	mv	a2,a0
   120a4:	00058513          	mv	a0,a1
   120a8:	00060593          	mv	a1,a2
   120ac:	00000097          	auipc	ra,0x0
   120b0:	46c080e7          	jalr	1132(ra) # 12518 <crcu32>
   120b4:	03812583          	lw	a1,56(sp)
   120b8:	00050613          	mv	a2,a0
   120bc:	00058513          	mv	a0,a1
   120c0:	00060593          	mv	a1,a2
   120c4:	00000097          	auipc	ra,0x0
   120c8:	454080e7          	jalr	1108(ra) # 12518 <crcu32>
   120cc:	01812583          	lw	a1,24(sp)
   120d0:	00050613          	mv	a2,a0
   120d4:	00058513          	mv	a0,a1
   120d8:	00060593          	mv	a1,a2
   120dc:	00000097          	auipc	ra,0x0
   120e0:	43c080e7          	jalr	1084(ra) # 12518 <crcu32>
   120e4:	03c12583          	lw	a1,60(sp)
   120e8:	00050613          	mv	a2,a0
   120ec:	00058513          	mv	a0,a1
   120f0:	00060593          	mv	a1,a2
   120f4:	00000097          	auipc	ra,0x0
   120f8:	424080e7          	jalr	1060(ra) # 12518 <crcu32>
   120fc:	01c12583          	lw	a1,28(sp)
   12100:	00050613          	mv	a2,a0
   12104:	00058513          	mv	a0,a1
   12108:	00060593          	mv	a1,a2
   1210c:	00000097          	auipc	ra,0x0
   12110:	40c080e7          	jalr	1036(ra) # 12518 <crcu32>
   12114:	04012583          	lw	a1,64(sp)
   12118:	00050613          	mv	a2,a0
   1211c:	00058513          	mv	a0,a1
   12120:	00060593          	mv	a1,a2
   12124:	00000097          	auipc	ra,0x0
   12128:	3f4080e7          	jalr	1012(ra) # 12518 <crcu32>
   1212c:	02012583          	lw	a1,32(sp)
   12130:	00050613          	mv	a2,a0
   12134:	00058513          	mv	a0,a1
   12138:	00060593          	mv	a1,a2
   1213c:	00000097          	auipc	ra,0x0
   12140:	3dc080e7          	jalr	988(ra) # 12518 <crcu32>
   12144:	04412583          	lw	a1,68(sp)
   12148:	00050613          	mv	a2,a0
   1214c:	00058513          	mv	a0,a1
   12150:	00060593          	mv	a1,a2
   12154:	00000097          	auipc	ra,0x0
   12158:	3c4080e7          	jalr	964(ra) # 12518 <crcu32>
   1215c:	02412583          	lw	a1,36(sp)
   12160:	00050613          	mv	a2,a0
   12164:	00058513          	mv	a0,a1
   12168:	00060593          	mv	a1,a2
   1216c:	00000097          	auipc	ra,0x0
   12170:	3ac080e7          	jalr	940(ra) # 12518 <crcu32>
   12174:	04812583          	lw	a1,72(sp)
   12178:	00050613          	mv	a2,a0
   1217c:	00058513          	mv	a0,a1
   12180:	00060593          	mv	a1,a2
   12184:	00000097          	auipc	ra,0x0
   12188:	394080e7          	jalr	916(ra) # 12518 <crcu32>
   1218c:	02812583          	lw	a1,40(sp)
   12190:	00050613          	mv	a2,a0
   12194:	00058513          	mv	a0,a1
   12198:	00060593          	mv	a1,a2
   1219c:	06c12083          	lw	ra,108(sp)
   121a0:	06812403          	lw	s0,104(sp)
   121a4:	06412483          	lw	s1,100(sp)
   121a8:	06012903          	lw	s2,96(sp)
   121ac:	05c12983          	lw	s3,92(sp)
   121b0:	05812a03          	lw	s4,88(sp)
   121b4:	05412a83          	lw	s5,84(sp)
   121b8:	05012b03          	lw	s6,80(sp)
   121bc:	04c12b83          	lw	s7,76(sp)
   121c0:	07010113          	addi	sp,sp,112
   121c4:	00000317          	auipc	t1,0x0
   121c8:	35430067          	jr	852(t1) # 12518 <crcu32>

000121cc <core_state_transition>:
   121cc:	ff010113          	addi	sp,sp,-16
   121d0:	00812623          	sw	s0,12(sp)
   121d4:	00052683          	lw	a3,0(a0)
   121d8:	0006cf83          	lbu	t6,0(a3)
   121dc:	160f8663          	beqz	t6,12348 <core_state_transition+0x17c>
   121e0:	00000613          	li	a2,0
   121e4:	00168693          	addi	a3,a3,1
   121e8:	02c00713          	li	a4,44
   121ec:	00700793          	li	a5,7
   121f0:	00100813          	li	a6,1
   121f4:	000208b7          	lui	a7,0x20
   121f8:	5c488893          	addi	a7,a7,1476 # 205c4 <state_known_crc+0xc>
   121fc:	ff500293          	li	t0,-11
   12200:	02b00313          	li	t1,43
   12204:	02d00393          	li	t2,45
   12208:	02e00e13          	li	t3,46
   1220c:	ff600e93          	li	t4,-10
   12210:	04500f13          	li	t5,69
   12214:	12ef8c63          	beq	t6,a4,1234c <core_state_transition+0x180>
   12218:	10c7e463          	bltu	a5,a2,12320 <core_state_transition+0x154>
   1221c:	00261413          	slli	s0,a2,0x2
   12220:	00888433          	add	s0,a7,s0
   12224:	00042403          	lw	s0,0(s0)
   12228:	00040067          	jr	s0
   1222c:	fc6f8613          	addi	a2,t6,-58
   12230:	0cc2e063          	bltu	t0,a2,122f0 <core_state_transition+0x124>
   12234:	00200613          	li	a2,2
   12238:	0a6f8e63          	beq	t6,t1,122f4 <core_state_transition+0x128>
   1223c:	0a7f8c63          	beq	t6,t2,122f4 <core_state_transition+0x128>
   12240:	0fcf9a63          	bne	t6,t3,12334 <core_state_transition+0x168>
   12244:	00500613          	li	a2,5
   12248:	0ac0006f          	j	122f4 <core_state_transition+0x128>
   1224c:	0185a603          	lw	a2,24(a1)
   12250:	fc6f8f93          	addi	t6,t6,-58
   12254:	00160613          	addi	a2,a2,1
   12258:	00c5ac23          	sw	a2,24(a1)
   1225c:	03dff663          	bgeu	t6,t4,12288 <core_state_transition+0xbc>
   12260:	1240006f          	j	12384 <core_state_transition+0x1b8>
   12264:	fc6f8613          	addi	a2,t6,-58
   12268:	07d67a63          	bgeu	a2,t4,122dc <core_state_transition+0x110>
   1226c:	0085a603          	lw	a2,8(a1)
   12270:	00160613          	addi	a2,a2,1
   12274:	00c5a423          	sw	a2,8(a1)
   12278:	0bcf8263          	beq	t6,t3,1231c <core_state_transition+0x150>
   1227c:	1080006f          	j	12384 <core_state_transition+0x1b8>
   12280:	fc6f8613          	addi	a2,t6,-58
   12284:	0ec2fa63          	bgeu	t0,a2,12378 <core_state_transition+0x1ac>
   12288:	00700613          	li	a2,7
   1228c:	0940006f          	j	12320 <core_state_transition+0x154>
   12290:	00c5a603          	lw	a2,12(a1)
   12294:	00160613          	addi	a2,a2,1
   12298:	00c5a623          	sw	a2,12(a1)
   1229c:	00600613          	li	a2,6
   122a0:	086f8063          	beq	t6,t1,12320 <core_state_transition+0x154>
   122a4:	067f8e63          	beq	t6,t2,12320 <core_state_transition+0x154>
   122a8:	0dc0006f          	j	12384 <core_state_transition+0x1b8>
   122ac:	05cf9c63          	bne	t6,t3,12304 <core_state_transition+0x138>
   122b0:	0105a603          	lw	a2,16(a1)
   122b4:	00160613          	addi	a2,a2,1
   122b8:	00c5a823          	sw	a2,16(a1)
   122bc:	0600006f          	j	1231c <core_state_transition+0x150>
   122c0:	0dfff613          	andi	a2,t6,223
   122c4:	05e61863          	bne	a2,t5,12314 <core_state_transition+0x148>
   122c8:	0145a603          	lw	a2,20(a1)
   122cc:	00160613          	addi	a2,a2,1
   122d0:	00c5aa23          	sw	a2,20(a1)
   122d4:	00300613          	li	a2,3
   122d8:	0480006f          	j	12320 <core_state_transition+0x154>
   122dc:	0085a603          	lw	a2,8(a1)
   122e0:	00160613          	addi	a2,a2,1
   122e4:	00c5a423          	sw	a2,8(a1)
   122e8:	00400613          	li	a2,4
   122ec:	0340006f          	j	12320 <core_state_transition+0x154>
   122f0:	00400613          	li	a2,4
   122f4:	0005af83          	lw	t6,0(a1)
   122f8:	001f8f93          	addi	t6,t6,1
   122fc:	01f5a023          	sw	t6,0(a1)
   12300:	0200006f          	j	12320 <core_state_transition+0x154>
   12304:	fc6f8613          	addi	a2,t6,-58
   12308:	0ac2fc63          	bgeu	t0,a2,123c0 <core_state_transition+0x1f4>
   1230c:	00400613          	li	a2,4
   12310:	0100006f          	j	12320 <core_state_transition+0x154>
   12314:	fc6f8613          	addi	a2,t6,-58
   12318:	08c2f263          	bgeu	t0,a2,1239c <core_state_transition+0x1d0>
   1231c:	00500613          	li	a2,5
   12320:	0006cf83          	lbu	t6,0(a3)
   12324:	00168693          	addi	a3,a3,1
   12328:	020f8c63          	beqz	t6,12360 <core_state_transition+0x194>
   1232c:	ef0614e3          	bne	a2,a6,12214 <core_state_transition+0x48>
   12330:	0300006f          	j	12360 <core_state_transition+0x194>
   12334:	0045a603          	lw	a2,4(a1)
   12338:	00160613          	addi	a2,a2,1
   1233c:	00c5a223          	sw	a2,4(a1)
   12340:	00100613          	li	a2,1
   12344:	fb1ff06f          	j	122f4 <core_state_transition+0x128>
   12348:	00000613          	li	a2,0
   1234c:	00d52023          	sw	a3,0(a0)
   12350:	00060513          	mv	a0,a2
   12354:	00c12403          	lw	s0,12(sp)
   12358:	01010113          	addi	sp,sp,16
   1235c:	00008067          	ret
   12360:	fff68693          	addi	a3,a3,-1
   12364:	00d52023          	sw	a3,0(a0)
   12368:	00060513          	mv	a0,a2
   1236c:	00c12403          	lw	s0,12(sp)
   12370:	01010113          	addi	sp,sp,16
   12374:	00008067          	ret
   12378:	0045a603          	lw	a2,4(a1)
   1237c:	00160613          	addi	a2,a2,1
   12380:	00c5a223          	sw	a2,4(a1)
   12384:	00100613          	li	a2,1
   12388:	00d52023          	sw	a3,0(a0)
   1238c:	00060513          	mv	a0,a2
   12390:	00c12403          	lw	s0,12(sp)
   12394:	01010113          	addi	sp,sp,16
   12398:	00008067          	ret
   1239c:	0145a603          	lw	a2,20(a1)
   123a0:	00160613          	addi	a2,a2,1
   123a4:	00c5aa23          	sw	a2,20(a1)
   123a8:	00100613          	li	a2,1
   123ac:	00d52023          	sw	a3,0(a0)
   123b0:	00060513          	mv	a0,a2
   123b4:	00c12403          	lw	s0,12(sp)
   123b8:	01010113          	addi	sp,sp,16
   123bc:	00008067          	ret
   123c0:	0105a603          	lw	a2,16(a1)
   123c4:	00160613          	addi	a2,a2,1
   123c8:	00c5a823          	sw	a2,16(a1)
   123cc:	00100613          	li	a2,1
   123d0:	00d52023          	sw	a3,0(a0)
   123d4:	00060513          	mv	a0,a2
   123d8:	00c12403          	lw	s0,12(sp)
   123dc:	01010113          	addi	sp,sp,16
   123e0:	00008067          	ret

000123e4 <core_init_state>:
   123e4:	fff50693          	addi	a3,a0,-1
   123e8:	00200713          	li	a4,2
   123ec:	08e6ec63          	bltu	a3,a4,12484 <core_init_state+0xa0>
   123f0:	00000313          	li	t1,0
   123f4:	00000293          	li	t0,0
   123f8:	00000893          	li	a7,0
   123fc:	00020737          	lui	a4,0x20
   12400:	62470713          	addi	a4,a4,1572 # 20624 <errpat+0x10>
   12404:	000207b7          	lui	a5,0x20
   12408:	64478793          	addi	a5,a5,1604 # 20644 <errpat+0x30>
   1240c:	02c00813          	li	a6,44
   12410:	03c0006f          	j	1244c <core_init_state+0x68>
   12414:	00158593          	addi	a1,a1,1
   12418:	0075f293          	andi	t0,a1,7
   1241c:	00229293          	slli	t0,t0,0x2
   12420:	00570333          	add	t1,a4,t0
   12424:	00032303          	lw	t1,0(t1)
   12428:	005782b3          	add	t0,a5,t0
   1242c:	0002a283          	lw	t0,0(t0)
   12430:	0015d393          	srli	t2,a1,0x1
   12434:	00c3f393          	andi	t2,t2,12
   12438:	00730333          	add	t1,t1,t2
   1243c:	00032303          	lw	t1,0(t1)
   12440:	005883b3          	add	t2,a7,t0
   12444:	00138393          	addi	t2,t2,1
   12448:	04d3f063          	bgeu	t2,a3,12488 <core_init_state+0xa4>
   1244c:	fc0284e3          	beqz	t0,12414 <core_init_state+0x30>
   12450:	011603b3          	add	t2,a2,a7
   12454:	005888b3          	add	a7,a7,t0
   12458:	01160e33          	add	t3,a2,a7
   1245c:	00038e93          	mv	t4,t2
   12460:	00034f03          	lbu	t5,0(t1)
   12464:	01ee8023          	sb	t5,0(t4)
   12468:	001e8e93          	addi	t4,t4,1
   1246c:	00130313          	addi	t1,t1,1
   12470:	ffce98e3          	bne	t4,t3,12460 <core_init_state+0x7c>
   12474:	005382b3          	add	t0,t2,t0
   12478:	01028023          	sb	a6,0(t0)
   1247c:	00188893          	addi	a7,a7,1
   12480:	f95ff06f          	j	12414 <core_init_state+0x30>
   12484:	00000893          	li	a7,0
   12488:	00a8fe63          	bgeu	a7,a0,124a4 <core_init_state+0xc0>
   1248c:	011605b3          	add	a1,a2,a7
   12490:	41150633          	sub	a2,a0,a7
   12494:	00058513          	mv	a0,a1
   12498:	00000593          	li	a1,0
   1249c:	ffffe317          	auipc	t1,0xffffe
   124a0:	f2830067          	jr	-216(t1) # 103c4 <memset>
   124a4:	00008067          	ret

000124a8 <get_seed_32>:
   124a8:	fff50513          	addi	a0,a0,-1
   124ac:	00400593          	li	a1,4
   124b0:	02a5e063          	bltu	a1,a0,124d0 <get_seed_32+0x28>
   124b4:	00251513          	slli	a0,a0,0x2
   124b8:	000215b7          	lui	a1,0x21
   124bc:	87058593          	addi	a1,a1,-1936 # 20870 <__global_pointer$+0x8>
   124c0:	00a58533          	add	a0,a1,a0
   124c4:	00052503          	lw	a0,0(a0)
   124c8:	00052503          	lw	a0,0(a0)
   124cc:	00008067          	ret
   124d0:	00000513          	li	a0,0
   124d4:	00008067          	ret

000124d8 <crcu16>:
   124d8:	00a5c533          	xor	a0,a1,a0
   124dc:	0ff57593          	zext.b	a1,a0
   124e0:	00159593          	slli	a1,a1,0x1
   124e4:	00020637          	lui	a2,0x20
   124e8:	67060613          	addi	a2,a2,1648 # 20670 <errpat+0x5c>
   124ec:	00b605b3          	add	a1,a2,a1
   124f0:	0005d583          	lhu	a1,0(a1)
   124f4:	00855513          	srli	a0,a0,0x8
   124f8:	0ff5f693          	zext.b	a3,a1
   124fc:	00a6c533          	xor	a0,a3,a0
   12500:	00151513          	slli	a0,a0,0x1
   12504:	00a60533          	add	a0,a2,a0
   12508:	00055503          	lhu	a0,0(a0)
   1250c:	0085d593          	srli	a1,a1,0x8
   12510:	00a5c533          	xor	a0,a1,a0
   12514:	00008067          	ret

00012518 <crcu32>:
   12518:	00a5c5b3          	xor	a1,a1,a0
   1251c:	0ff5f613          	zext.b	a2,a1
   12520:	00161613          	slli	a2,a2,0x1
   12524:	000206b7          	lui	a3,0x20
   12528:	67068693          	addi	a3,a3,1648 # 20670 <errpat+0x5c>
   1252c:	00c68633          	add	a2,a3,a2
   12530:	00065603          	lhu	a2,0(a2)
   12534:	01059593          	slli	a1,a1,0x10
   12538:	0185d593          	srli	a1,a1,0x18
   1253c:	0ff67713          	zext.b	a4,a2
   12540:	00b745b3          	xor	a1,a4,a1
   12544:	00159593          	slli	a1,a1,0x1
   12548:	00b685b3          	add	a1,a3,a1
   1254c:	00059583          	lh	a1,0(a1)
   12550:	00865613          	srli	a2,a2,0x8
   12554:	01055513          	srli	a0,a0,0x10
   12558:	00a5c533          	xor	a0,a1,a0
   1255c:	0ff57593          	zext.b	a1,a0
   12560:	00c5c5b3          	xor	a1,a1,a2
   12564:	00159593          	slli	a1,a1,0x1
   12568:	00b685b3          	add	a1,a3,a1
   1256c:	0005d583          	lhu	a1,0(a1)
   12570:	01051513          	slli	a0,a0,0x10
   12574:	01855513          	srli	a0,a0,0x18
   12578:	0ff5f613          	zext.b	a2,a1
   1257c:	00c54533          	xor	a0,a0,a2
   12580:	00151513          	slli	a0,a0,0x1
   12584:	00a68533          	add	a0,a3,a0
   12588:	00055503          	lhu	a0,0(a0)
   1258c:	0085d593          	srli	a1,a1,0x8
   12590:	00a5c533          	xor	a0,a1,a0
   12594:	00008067          	ret

00012598 <crc16>:
   12598:	00a5c533          	xor	a0,a1,a0
   1259c:	0ff57593          	zext.b	a1,a0
   125a0:	00159593          	slli	a1,a1,0x1
   125a4:	00020637          	lui	a2,0x20
   125a8:	67060613          	addi	a2,a2,1648 # 20670 <errpat+0x5c>
   125ac:	00b605b3          	add	a1,a2,a1
   125b0:	0005d583          	lhu	a1,0(a1)
   125b4:	01051513          	slli	a0,a0,0x10
   125b8:	01855513          	srli	a0,a0,0x18
   125bc:	0ff5f693          	zext.b	a3,a1
   125c0:	00a6c533          	xor	a0,a3,a0
   125c4:	00151513          	slli	a0,a0,0x1
   125c8:	00a60533          	add	a0,a2,a0
   125cc:	00055503          	lhu	a0,0(a0)
   125d0:	0085d593          	srli	a1,a1,0x8
   125d4:	00a5c533          	xor	a0,a1,a0
   125d8:	00008067          	ret

000125dc <check_data_types>:
   125dc:	00000513          	li	a0,0
   125e0:	00008067          	ret

000125e4 <iprintf>:
   125e4:	fc010113          	addi	sp,sp,-64
   125e8:	02f12a23          	sw	a5,52(sp)
   125ec:	0000e797          	auipc	a5,0xe
   125f0:	a7c7a783          	lw	a5,-1412(a5) # 20068 <_impure_ptr>
   125f4:	02c12423          	sw	a2,40(sp)
   125f8:	02d12623          	sw	a3,44(sp)
   125fc:	02b12223          	sw	a1,36(sp)
   12600:	02e12823          	sw	a4,48(sp)
   12604:	03012c23          	sw	a6,56(sp)
   12608:	03112e23          	sw	a7,60(sp)
   1260c:	0087a583          	lw	a1,8(a5)
   12610:	02410693          	addi	a3,sp,36
   12614:	00050613          	mv	a2,a0
   12618:	00078513          	mv	a0,a5
   1261c:	00112e23          	sw	ra,28(sp)
   12620:	00d12623          	sw	a3,12(sp)
   12624:	00001097          	auipc	ra,0x1
   12628:	83c080e7          	jalr	-1988(ra) # 12e60 <_vfiprintf_r>
   1262c:	01c12083          	lw	ra,28(sp)
   12630:	04010113          	addi	sp,sp,64
   12634:	00008067          	ret

00012638 <putchar>:
   12638:	00050593          	mv	a1,a0
   1263c:	0000e517          	auipc	a0,0xe
   12640:	a2c52503          	lw	a0,-1492(a0) # 20068 <_impure_ptr>
   12644:	00852603          	lw	a2,8(a0)
   12648:	00002317          	auipc	t1,0x2
   1264c:	85c30067          	jr	-1956(t1) # 13ea4 <_putc_r>

00012650 <_puts_r>:
   12650:	02052783          	lw	a5,32(a0)
   12654:	fe010113          	addi	sp,sp,-32
   12658:	00812c23          	sw	s0,24(sp)
   1265c:	00912a23          	sw	s1,20(sp)
   12660:	01212823          	sw	s2,16(sp)
   12664:	00112e23          	sw	ra,28(sp)
   12668:	01312623          	sw	s3,12(sp)
   1266c:	00852403          	lw	s0,8(a0)
   12670:	00050493          	mv	s1,a0
   12674:	00058913          	mv	s2,a1
   12678:	00079663          	bnez	a5,12684 <_puts_r+0x34>
   1267c:	00001097          	auipc	ra,0x1
   12680:	5c4080e7          	jalr	1476(ra) # 13c40 <__sinit>
   12684:	06442783          	lw	a5,100(s0)
   12688:	0017f793          	andi	a5,a5,1
   1268c:	00079e63          	bnez	a5,126a8 <_puts_r+0x58>
   12690:	00c45783          	lhu	a5,12(s0)
   12694:	2007f793          	andi	a5,a5,512
   12698:	00079863          	bnez	a5,126a8 <_puts_r+0x58>
   1269c:	05842503          	lw	a0,88(s0)
   126a0:	00000097          	auipc	ra,0x0
   126a4:	360080e7          	jalr	864(ra) # 12a00 <__retarget_lock_acquire_recursive>
   126a8:	00c45783          	lhu	a5,12(s0)
   126ac:	0087f793          	andi	a5,a5,8
   126b0:	00078663          	beqz	a5,126bc <_puts_r+0x6c>
   126b4:	01042783          	lw	a5,16(s0)
   126b8:	0c079e63          	bnez	a5,12794 <_puts_r+0x144>
   126bc:	00040593          	mv	a1,s0
   126c0:	00048513          	mv	a0,s1
   126c4:	00000097          	auipc	ra,0x0
   126c8:	210080e7          	jalr	528(ra) # 128d4 <__swsetup_r>
   126cc:	0c050463          	beqz	a0,12794 <_puts_r+0x144>
   126d0:	fff00493          	li	s1,-1
   126d4:	06442783          	lw	a5,100(s0)
   126d8:	0017f793          	andi	a5,a5,1
   126dc:	00079e63          	bnez	a5,126f8 <_puts_r+0xa8>
   126e0:	00c45783          	lhu	a5,12(s0)
   126e4:	2007f793          	andi	a5,a5,512
   126e8:	00079863          	bnez	a5,126f8 <_puts_r+0xa8>
   126ec:	05842503          	lw	a0,88(s0)
   126f0:	00000097          	auipc	ra,0x0
   126f4:	314080e7          	jalr	788(ra) # 12a04 <__retarget_lock_release_recursive>
   126f8:	01c12083          	lw	ra,28(sp)
   126fc:	01812403          	lw	s0,24(sp)
   12700:	01012903          	lw	s2,16(sp)
   12704:	00c12983          	lw	s3,12(sp)
   12708:	00048513          	mv	a0,s1
   1270c:	01412483          	lw	s1,20(sp)
   12710:	02010113          	addi	sp,sp,32
   12714:	00008067          	ret
   12718:	0007da63          	bgez	a5,1272c <_puts_r+0xdc>
   1271c:	01842703          	lw	a4,24(s0)
   12720:	04e7ce63          	blt	a5,a4,1277c <_puts_r+0x12c>
   12724:	ff658793          	addi	a5,a1,-10
   12728:	04078a63          	beqz	a5,1277c <_puts_r+0x12c>
   1272c:	00042783          	lw	a5,0(s0)
   12730:	00178713          	addi	a4,a5,1
   12734:	00e42023          	sw	a4,0(s0)
   12738:	00b78023          	sb	a1,0(a5)
   1273c:	00190913          	addi	s2,s2,1
   12740:	00842783          	lw	a5,8(s0)
   12744:	00094583          	lbu	a1,0(s2)
   12748:	fff78793          	addi	a5,a5,-1
   1274c:	00f42423          	sw	a5,8(s0)
   12750:	fc0594e3          	bnez	a1,12718 <_puts_r+0xc8>
   12754:	0407d463          	bgez	a5,1279c <_puts_r+0x14c>
   12758:	00040613          	mv	a2,s0
   1275c:	00a00593          	li	a1,10
   12760:	00048513          	mv	a0,s1
   12764:	00000097          	auipc	ra,0x0
   12768:	064080e7          	jalr	100(ra) # 127c8 <__swbuf_r>
   1276c:	fff00793          	li	a5,-1
   12770:	f6f500e3          	beq	a0,a5,126d0 <_puts_r+0x80>
   12774:	00a00493          	li	s1,10
   12778:	f5dff06f          	j	126d4 <_puts_r+0x84>
   1277c:	00040613          	mv	a2,s0
   12780:	00048513          	mv	a0,s1
   12784:	00000097          	auipc	ra,0x0
   12788:	044080e7          	jalr	68(ra) # 127c8 <__swbuf_r>
   1278c:	fb3518e3          	bne	a0,s3,1273c <_puts_r+0xec>
   12790:	f41ff06f          	j	126d0 <_puts_r+0x80>
   12794:	fff00993          	li	s3,-1
   12798:	fa9ff06f          	j	12740 <_puts_r+0xf0>
   1279c:	00042783          	lw	a5,0(s0)
   127a0:	00178713          	addi	a4,a5,1
   127a4:	00e42023          	sw	a4,0(s0)
   127a8:	00a00713          	li	a4,10
   127ac:	00e78023          	sb	a4,0(a5)
   127b0:	fc5ff06f          	j	12774 <_puts_r+0x124>

000127b4 <puts>:
   127b4:	00050593          	mv	a1,a0
   127b8:	0000e517          	auipc	a0,0xe
   127bc:	8b052503          	lw	a0,-1872(a0) # 20068 <_impure_ptr>
   127c0:	00000317          	auipc	t1,0x0
   127c4:	e9030067          	jr	-368(t1) # 12650 <_puts_r>

000127c8 <__swbuf_r>:
   127c8:	fe010113          	addi	sp,sp,-32
   127cc:	00812c23          	sw	s0,24(sp)
   127d0:	00912a23          	sw	s1,20(sp)
   127d4:	01312623          	sw	s3,12(sp)
   127d8:	00112e23          	sw	ra,28(sp)
   127dc:	01212823          	sw	s2,16(sp)
   127e0:	00050493          	mv	s1,a0
   127e4:	00058993          	mv	s3,a1
   127e8:	00060413          	mv	s0,a2
   127ec:	00050a63          	beqz	a0,12800 <__swbuf_r+0x38>
   127f0:	02052783          	lw	a5,32(a0)
   127f4:	00079663          	bnez	a5,12800 <__swbuf_r+0x38>
   127f8:	00001097          	auipc	ra,0x1
   127fc:	448080e7          	jalr	1096(ra) # 13c40 <__sinit>
   12800:	01842783          	lw	a5,24(s0)
   12804:	00f42423          	sw	a5,8(s0)
   12808:	00c45783          	lhu	a5,12(s0)
   1280c:	0087f793          	andi	a5,a5,8
   12810:	00078663          	beqz	a5,1281c <__swbuf_r+0x54>
   12814:	01042783          	lw	a5,16(s0)
   12818:	02079e63          	bnez	a5,12854 <__swbuf_r+0x8c>
   1281c:	00040593          	mv	a1,s0
   12820:	00048513          	mv	a0,s1
   12824:	00000097          	auipc	ra,0x0
   12828:	0b0080e7          	jalr	176(ra) # 128d4 <__swsetup_r>
   1282c:	02050463          	beqz	a0,12854 <__swbuf_r+0x8c>
   12830:	fff00913          	li	s2,-1
   12834:	01c12083          	lw	ra,28(sp)
   12838:	01812403          	lw	s0,24(sp)
   1283c:	01412483          	lw	s1,20(sp)
   12840:	00c12983          	lw	s3,12(sp)
   12844:	00090513          	mv	a0,s2
   12848:	01012903          	lw	s2,16(sp)
   1284c:	02010113          	addi	sp,sp,32
   12850:	00008067          	ret
   12854:	01042783          	lw	a5,16(s0)
   12858:	00042503          	lw	a0,0(s0)
   1285c:	40f50533          	sub	a0,a0,a5
   12860:	01442783          	lw	a5,20(s0)
   12864:	00f54c63          	blt	a0,a5,1287c <__swbuf_r+0xb4>
   12868:	00040593          	mv	a1,s0
   1286c:	00048513          	mv	a0,s1
   12870:	00001097          	auipc	ra,0x1
   12874:	120080e7          	jalr	288(ra) # 13990 <_fflush_r>
   12878:	fa051ce3          	bnez	a0,12830 <__swbuf_r+0x68>
   1287c:	00842783          	lw	a5,8(s0)
   12880:	00150513          	addi	a0,a0,1
   12884:	0ff9f913          	zext.b	s2,s3
   12888:	fff78793          	addi	a5,a5,-1
   1288c:	00f42423          	sw	a5,8(s0)
   12890:	00042783          	lw	a5,0(s0)
   12894:	00178713          	addi	a4,a5,1
   12898:	00e42023          	sw	a4,0(s0)
   1289c:	01378023          	sb	s3,0(a5)
   128a0:	01442783          	lw	a5,20(s0)
   128a4:	00a78c63          	beq	a5,a0,128bc <__swbuf_r+0xf4>
   128a8:	00c45783          	lhu	a5,12(s0)
   128ac:	0017f793          	andi	a5,a5,1
   128b0:	f80782e3          	beqz	a5,12834 <__swbuf_r+0x6c>
   128b4:	ff690793          	addi	a5,s2,-10
   128b8:	f6079ee3          	bnez	a5,12834 <__swbuf_r+0x6c>
   128bc:	00040593          	mv	a1,s0
   128c0:	00048513          	mv	a0,s1
   128c4:	00001097          	auipc	ra,0x1
   128c8:	0cc080e7          	jalr	204(ra) # 13990 <_fflush_r>
   128cc:	f60504e3          	beqz	a0,12834 <__swbuf_r+0x6c>
   128d0:	f61ff06f          	j	12830 <__swbuf_r+0x68>

000128d4 <__swsetup_r>:
   128d4:	ff010113          	addi	sp,sp,-16
   128d8:	00912223          	sw	s1,4(sp)
   128dc:	00050493          	mv	s1,a0
   128e0:	0000d517          	auipc	a0,0xd
   128e4:	78852503          	lw	a0,1928(a0) # 20068 <_impure_ptr>
   128e8:	00812423          	sw	s0,8(sp)
   128ec:	00112623          	sw	ra,12(sp)
   128f0:	00058413          	mv	s0,a1
   128f4:	00050a63          	beqz	a0,12908 <__swsetup_r+0x34>
   128f8:	02052783          	lw	a5,32(a0)
   128fc:	00079663          	bnez	a5,12908 <__swsetup_r+0x34>
   12900:	00001097          	auipc	ra,0x1
   12904:	340080e7          	jalr	832(ra) # 13c40 <__sinit>
   12908:	00c41783          	lh	a5,12(s0)
   1290c:	0087f713          	andi	a4,a5,8
   12910:	06071463          	bnez	a4,12978 <__swsetup_r+0xa4>
   12914:	0107f713          	andi	a4,a5,16
   12918:	00071e63          	bnez	a4,12934 <__swsetup_r+0x60>
   1291c:	00900713          	li	a4,9
   12920:	00e4a023          	sw	a4,0(s1)
   12924:	0407e793          	ori	a5,a5,64
   12928:	00f41623          	sh	a5,12(s0)
   1292c:	fff00513          	li	a0,-1
   12930:	0a00006f          	j	129d0 <__swsetup_r+0xfc>
   12934:	0047f713          	andi	a4,a5,4
   12938:	02070c63          	beqz	a4,12970 <__swsetup_r+0x9c>
   1293c:	03442583          	lw	a1,52(s0)
   12940:	00058e63          	beqz	a1,1295c <__swsetup_r+0x88>
   12944:	04440793          	addi	a5,s0,68
   12948:	00f58863          	beq	a1,a5,12958 <__swsetup_r+0x84>
   1294c:	00048513          	mv	a0,s1
   12950:	00000097          	auipc	ra,0x0
   12954:	0b8080e7          	jalr	184(ra) # 12a08 <_free_r>
   12958:	02042a23          	sw	zero,52(s0)
   1295c:	00c45783          	lhu	a5,12(s0)
   12960:	01042703          	lw	a4,16(s0)
   12964:	00042223          	sw	zero,4(s0)
   12968:	fdb7f793          	andi	a5,a5,-37
   1296c:	00e42023          	sw	a4,0(s0)
   12970:	0087e793          	ori	a5,a5,8
   12974:	00f41623          	sh	a5,12(s0)
   12978:	01042783          	lw	a5,16(s0)
   1297c:	02079263          	bnez	a5,129a0 <__swsetup_r+0xcc>
   12980:	00c42783          	lw	a5,12(s0)
   12984:	20000713          	li	a4,512
   12988:	2807f793          	andi	a5,a5,640
   1298c:	00e78a63          	beq	a5,a4,129a0 <__swsetup_r+0xcc>
   12990:	00040593          	mv	a1,s0
   12994:	00048513          	mv	a0,s1
   12998:	00001097          	auipc	ra,0x1
   1299c:	434080e7          	jalr	1076(ra) # 13dcc <__smakebuf_r>
   129a0:	00c41783          	lh	a5,12(s0)
   129a4:	0017f713          	andi	a4,a5,1
   129a8:	02070e63          	beqz	a4,129e4 <__swsetup_r+0x110>
   129ac:	01442703          	lw	a4,20(s0)
   129b0:	00042423          	sw	zero,8(s0)
   129b4:	40e00733          	neg	a4,a4
   129b8:	00e42c23          	sw	a4,24(s0)
   129bc:	01042703          	lw	a4,16(s0)
   129c0:	00000513          	li	a0,0
   129c4:	00071663          	bnez	a4,129d0 <__swsetup_r+0xfc>
   129c8:	0807f713          	andi	a4,a5,128
   129cc:	f4071ce3          	bnez	a4,12924 <__swsetup_r+0x50>
   129d0:	00c12083          	lw	ra,12(sp)
   129d4:	00812403          	lw	s0,8(sp)
   129d8:	00412483          	lw	s1,4(sp)
   129dc:	01010113          	addi	sp,sp,16
   129e0:	00008067          	ret
   129e4:	0027f713          	andi	a4,a5,2
   129e8:	00000693          	li	a3,0
   129ec:	00071463          	bnez	a4,129f4 <__swsetup_r+0x120>
   129f0:	01442683          	lw	a3,20(s0)
   129f4:	00d42423          	sw	a3,8(s0)
   129f8:	fc5ff06f          	j	129bc <__swsetup_r+0xe8>

000129fc <__retarget_lock_init_recursive>:
   129fc:	00008067          	ret

00012a00 <__retarget_lock_acquire_recursive>:
   12a00:	00008067          	ret

00012a04 <__retarget_lock_release_recursive>:
   12a04:	00008067          	ret

00012a08 <_free_r>:
   12a08:	10058263          	beqz	a1,12b0c <_free_r+0x104>
   12a0c:	ffc5a783          	lw	a5,-4(a1)
   12a10:	fe010113          	addi	sp,sp,-32
   12a14:	00812c23          	sw	s0,24(sp)
   12a18:	00112e23          	sw	ra,28(sp)
   12a1c:	ffc58413          	addi	s0,a1,-4
   12a20:	0007d463          	bgez	a5,12a28 <_free_r+0x20>
   12a24:	00f40433          	add	s0,s0,a5
   12a28:	00a12623          	sw	a0,12(sp)
   12a2c:	00000097          	auipc	ra,0x0
   12a30:	35c080e7          	jalr	860(ra) # 12d88 <__malloc_lock>
   12a34:	0000e797          	auipc	a5,0xe
   12a38:	ff47a783          	lw	a5,-12(a5) # 20a28 <__malloc_free_list>
   12a3c:	00c12503          	lw	a0,12(sp)
   12a40:	02079263          	bnez	a5,12a64 <_free_r+0x5c>
   12a44:	00042223          	sw	zero,4(s0)
   12a48:	0000e797          	auipc	a5,0xe
   12a4c:	fe87a023          	sw	s0,-32(a5) # 20a28 <__malloc_free_list>
   12a50:	01812403          	lw	s0,24(sp)
   12a54:	01c12083          	lw	ra,28(sp)
   12a58:	02010113          	addi	sp,sp,32
   12a5c:	00000317          	auipc	t1,0x0
   12a60:	33c30067          	jr	828(t1) # 12d98 <__malloc_unlock>
   12a64:	02f47463          	bgeu	s0,a5,12a8c <_free_r+0x84>
   12a68:	00042683          	lw	a3,0(s0)
   12a6c:	00d40733          	add	a4,s0,a3
   12a70:	00e79a63          	bne	a5,a4,12a84 <_free_r+0x7c>
   12a74:	0007a703          	lw	a4,0(a5)
   12a78:	0047a783          	lw	a5,4(a5)
   12a7c:	00d70733          	add	a4,a4,a3
   12a80:	00e42023          	sw	a4,0(s0)
   12a84:	00f42223          	sw	a5,4(s0)
   12a88:	fc1ff06f          	j	12a48 <_free_r+0x40>
   12a8c:	00078713          	mv	a4,a5
   12a90:	0047a783          	lw	a5,4(a5)
   12a94:	00078463          	beqz	a5,12a9c <_free_r+0x94>
   12a98:	fef47ae3          	bgeu	s0,a5,12a8c <_free_r+0x84>
   12a9c:	00072683          	lw	a3,0(a4)
   12aa0:	00d70633          	add	a2,a4,a3
   12aa4:	02861863          	bne	a2,s0,12ad4 <_free_r+0xcc>
   12aa8:	00042603          	lw	a2,0(s0)
   12aac:	00c686b3          	add	a3,a3,a2
   12ab0:	00d72023          	sw	a3,0(a4)
   12ab4:	00d70633          	add	a2,a4,a3
   12ab8:	f8c79ce3          	bne	a5,a2,12a50 <_free_r+0x48>
   12abc:	0007a603          	lw	a2,0(a5)
   12ac0:	0047a783          	lw	a5,4(a5)
   12ac4:	00d606b3          	add	a3,a2,a3
   12ac8:	00d72023          	sw	a3,0(a4)
   12acc:	00f72223          	sw	a5,4(a4)
   12ad0:	f81ff06f          	j	12a50 <_free_r+0x48>
   12ad4:	00c47863          	bgeu	s0,a2,12ae4 <_free_r+0xdc>
   12ad8:	00c00793          	li	a5,12
   12adc:	00f52023          	sw	a5,0(a0)
   12ae0:	f71ff06f          	j	12a50 <_free_r+0x48>
   12ae4:	00042603          	lw	a2,0(s0)
   12ae8:	00c406b3          	add	a3,s0,a2
   12aec:	00d79a63          	bne	a5,a3,12b00 <_free_r+0xf8>
   12af0:	0007a683          	lw	a3,0(a5)
   12af4:	0047a783          	lw	a5,4(a5)
   12af8:	00c686b3          	add	a3,a3,a2
   12afc:	00d42023          	sw	a3,0(s0)
   12b00:	00f42223          	sw	a5,4(s0)
   12b04:	00872223          	sw	s0,4(a4)
   12b08:	f49ff06f          	j	12a50 <_free_r+0x48>
   12b0c:	00008067          	ret

00012b10 <sbrk_aligned>:
   12b10:	0000e797          	auipc	a5,0xe
   12b14:	f147a783          	lw	a5,-236(a5) # 20a24 <__malloc_sbrk_start>
   12b18:	ff010113          	addi	sp,sp,-16
   12b1c:	00812423          	sw	s0,8(sp)
   12b20:	01212023          	sw	s2,0(sp)
   12b24:	00112623          	sw	ra,12(sp)
   12b28:	00912223          	sw	s1,4(sp)
   12b2c:	00050913          	mv	s2,a0
   12b30:	00058413          	mv	s0,a1
   12b34:	00079c63          	bnez	a5,12b4c <sbrk_aligned+0x3c>
   12b38:	00000593          	li	a1,0
   12b3c:	00001097          	auipc	ra,0x1
   12b40:	750080e7          	jalr	1872(ra) # 1428c <_sbrk_r>
   12b44:	0000e797          	auipc	a5,0xe
   12b48:	eea7a023          	sw	a0,-288(a5) # 20a24 <__malloc_sbrk_start>
   12b4c:	00040593          	mv	a1,s0
   12b50:	00090513          	mv	a0,s2
   12b54:	00001097          	auipc	ra,0x1
   12b58:	738080e7          	jalr	1848(ra) # 1428c <_sbrk_r>
   12b5c:	fff00493          	li	s1,-1
   12b60:	02951263          	bne	a0,s1,12b84 <sbrk_aligned+0x74>
   12b64:	fff00413          	li	s0,-1
   12b68:	00c12083          	lw	ra,12(sp)
   12b6c:	00040513          	mv	a0,s0
   12b70:	00812403          	lw	s0,8(sp)
   12b74:	00412483          	lw	s1,4(sp)
   12b78:	00012903          	lw	s2,0(sp)
   12b7c:	01010113          	addi	sp,sp,16
   12b80:	00008067          	ret
   12b84:	00350413          	addi	s0,a0,3
   12b88:	ffc47413          	andi	s0,s0,-4
   12b8c:	fc850ee3          	beq	a0,s0,12b68 <sbrk_aligned+0x58>
   12b90:	40a405b3          	sub	a1,s0,a0
   12b94:	00090513          	mv	a0,s2
   12b98:	00001097          	auipc	ra,0x1
   12b9c:	6f4080e7          	jalr	1780(ra) # 1428c <_sbrk_r>
   12ba0:	fc9514e3          	bne	a0,s1,12b68 <sbrk_aligned+0x58>
   12ba4:	fc1ff06f          	j	12b64 <sbrk_aligned+0x54>

00012ba8 <_malloc_r>:
   12ba8:	fe010113          	addi	sp,sp,-32
   12bac:	00912a23          	sw	s1,20(sp)
   12bb0:	00358493          	addi	s1,a1,3
   12bb4:	ffc4f493          	andi	s1,s1,-4
   12bb8:	00112e23          	sw	ra,28(sp)
   12bbc:	00812c23          	sw	s0,24(sp)
   12bc0:	01212823          	sw	s2,16(sp)
   12bc4:	01312623          	sw	s3,12(sp)
   12bc8:	01412423          	sw	s4,8(sp)
   12bcc:	00848493          	addi	s1,s1,8
   12bd0:	00c00793          	li	a5,12
   12bd4:	00f4f463          	bgeu	s1,a5,12bdc <_malloc_r+0x34>
   12bd8:	00078493          	mv	s1,a5
   12bdc:	0004c463          	bltz	s1,12be4 <_malloc_r+0x3c>
   12be0:	02b4f863          	bgeu	s1,a1,12c10 <_malloc_r+0x68>
   12be4:	00c00793          	li	a5,12
   12be8:	00f52023          	sw	a5,0(a0)
   12bec:	00000513          	li	a0,0
   12bf0:	01c12083          	lw	ra,28(sp)
   12bf4:	01812403          	lw	s0,24(sp)
   12bf8:	01412483          	lw	s1,20(sp)
   12bfc:	01012903          	lw	s2,16(sp)
   12c00:	00c12983          	lw	s3,12(sp)
   12c04:	00812a03          	lw	s4,8(sp)
   12c08:	02010113          	addi	sp,sp,32
   12c0c:	00008067          	ret
   12c10:	00050913          	mv	s2,a0
   12c14:	0000e997          	auipc	s3,0xe
   12c18:	e1498993          	addi	s3,s3,-492 # 20a28 <__malloc_free_list>
   12c1c:	00000097          	auipc	ra,0x0
   12c20:	16c080e7          	jalr	364(ra) # 12d88 <__malloc_lock>
   12c24:	0009a783          	lw	a5,0(s3)
   12c28:	00078413          	mv	s0,a5
   12c2c:	08041863          	bnez	s0,12cbc <_malloc_r+0x114>
   12c30:	00048593          	mv	a1,s1
   12c34:	00090513          	mv	a0,s2
   12c38:	00000097          	auipc	ra,0x0
   12c3c:	ed8080e7          	jalr	-296(ra) # 12b10 <sbrk_aligned>
   12c40:	fff00793          	li	a5,-1
   12c44:	00050413          	mv	s0,a0
   12c48:	12f51c63          	bne	a0,a5,12d80 <_malloc_r+0x1d8>
   12c4c:	0009a403          	lw	s0,0(s3)
   12c50:	00040793          	mv	a5,s0
   12c54:	0e079a63          	bnez	a5,12d48 <_malloc_r+0x1a0>
   12c58:	10040863          	beqz	s0,12d68 <_malloc_r+0x1c0>
   12c5c:	00042a03          	lw	s4,0(s0)
   12c60:	00000593          	li	a1,0
   12c64:	00090513          	mv	a0,s2
   12c68:	01440a33          	add	s4,s0,s4
   12c6c:	00001097          	auipc	ra,0x1
   12c70:	620080e7          	jalr	1568(ra) # 1428c <_sbrk_r>
   12c74:	0eaa1a63          	bne	s4,a0,12d68 <_malloc_r+0x1c0>
   12c78:	00042783          	lw	a5,0(s0)
   12c7c:	00090513          	mv	a0,s2
   12c80:	40f484b3          	sub	s1,s1,a5
   12c84:	00048593          	mv	a1,s1
   12c88:	00000097          	auipc	ra,0x0
   12c8c:	e88080e7          	jalr	-376(ra) # 12b10 <sbrk_aligned>
   12c90:	fff00793          	li	a5,-1
   12c94:	0cf50a63          	beq	a0,a5,12d68 <_malloc_r+0x1c0>
   12c98:	00042783          	lw	a5,0(s0)
   12c9c:	009787b3          	add	a5,a5,s1
   12ca0:	00f42023          	sw	a5,0(s0)
   12ca4:	0009a783          	lw	a5,0(s3)
   12ca8:	0047a703          	lw	a4,4(a5)
   12cac:	0a071463          	bnez	a4,12d54 <_malloc_r+0x1ac>
   12cb0:	0000e797          	auipc	a5,0xe
   12cb4:	d607ac23          	sw	zero,-648(a5) # 20a28 <__malloc_free_list>
   12cb8:	0340006f          	j	12cec <_malloc_r+0x144>
   12cbc:	00042683          	lw	a3,0(s0)
   12cc0:	409686b3          	sub	a3,a3,s1
   12cc4:	0606cc63          	bltz	a3,12d3c <_malloc_r+0x194>
   12cc8:	00b00713          	li	a4,11
   12ccc:	04d77c63          	bgeu	a4,a3,12d24 <_malloc_r+0x17c>
   12cd0:	00942023          	sw	s1,0(s0)
   12cd4:	00940733          	add	a4,s0,s1
   12cd8:	04879263          	bne	a5,s0,12d1c <_malloc_r+0x174>
   12cdc:	00e9a023          	sw	a4,0(s3)
   12ce0:	00442783          	lw	a5,4(s0)
   12ce4:	00d72023          	sw	a3,0(a4)
   12ce8:	00f72223          	sw	a5,4(a4)
   12cec:	00090513          	mv	a0,s2
   12cf0:	00000097          	auipc	ra,0x0
   12cf4:	0a8080e7          	jalr	168(ra) # 12d98 <__malloc_unlock>
   12cf8:	00b40513          	addi	a0,s0,11
   12cfc:	00440793          	addi	a5,s0,4
   12d00:	ff857513          	andi	a0,a0,-8
   12d04:	40f50733          	sub	a4,a0,a5
   12d08:	eef504e3          	beq	a0,a5,12bf0 <_malloc_r+0x48>
   12d0c:	00e40433          	add	s0,s0,a4
   12d10:	40a787b3          	sub	a5,a5,a0
   12d14:	00f42023          	sw	a5,0(s0)
   12d18:	ed9ff06f          	j	12bf0 <_malloc_r+0x48>
   12d1c:	00e7a223          	sw	a4,4(a5)
   12d20:	fc1ff06f          	j	12ce0 <_malloc_r+0x138>
   12d24:	00442703          	lw	a4,4(s0)
   12d28:	00879663          	bne	a5,s0,12d34 <_malloc_r+0x18c>
   12d2c:	00e9a023          	sw	a4,0(s3)
   12d30:	fbdff06f          	j	12cec <_malloc_r+0x144>
   12d34:	00e7a223          	sw	a4,4(a5)
   12d38:	fb5ff06f          	j	12cec <_malloc_r+0x144>
   12d3c:	00040793          	mv	a5,s0
   12d40:	00442403          	lw	s0,4(s0)
   12d44:	ee9ff06f          	j	12c2c <_malloc_r+0x84>
   12d48:	00078413          	mv	s0,a5
   12d4c:	0047a783          	lw	a5,4(a5)
   12d50:	f05ff06f          	j	12c54 <_malloc_r+0xac>
   12d54:	00078713          	mv	a4,a5
   12d58:	0047a783          	lw	a5,4(a5)
   12d5c:	fe879ce3          	bne	a5,s0,12d54 <_malloc_r+0x1ac>
   12d60:	00072223          	sw	zero,4(a4)
   12d64:	f89ff06f          	j	12cec <_malloc_r+0x144>
   12d68:	00c00793          	li	a5,12
   12d6c:	00f92023          	sw	a5,0(s2)
   12d70:	00090513          	mv	a0,s2
   12d74:	00000097          	auipc	ra,0x0
   12d78:	024080e7          	jalr	36(ra) # 12d98 <__malloc_unlock>
   12d7c:	e71ff06f          	j	12bec <_malloc_r+0x44>
   12d80:	00952023          	sw	s1,0(a0)
   12d84:	f69ff06f          	j	12cec <_malloc_r+0x144>

00012d88 <__malloc_lock>:
   12d88:	0000e517          	auipc	a0,0xe
   12d8c:	c9450513          	addi	a0,a0,-876 # 20a1c <__lock___malloc_recursive_mutex>
   12d90:	00000317          	auipc	t1,0x0
   12d94:	c7030067          	jr	-912(t1) # 12a00 <__retarget_lock_acquire_recursive>

00012d98 <__malloc_unlock>:
   12d98:	0000e517          	auipc	a0,0xe
   12d9c:	c8450513          	addi	a0,a0,-892 # 20a1c <__lock___malloc_recursive_mutex>
   12da0:	00000317          	auipc	t1,0x0
   12da4:	c6430067          	jr	-924(t1) # 12a04 <__retarget_lock_release_recursive>

00012da8 <__sfputc_r>:
   12da8:	00862783          	lw	a5,8(a2)
   12dac:	fff78793          	addi	a5,a5,-1
   12db0:	00f62423          	sw	a5,8(a2)
   12db4:	0007de63          	bgez	a5,12dd0 <__sfputc_r+0x28>
   12db8:	01862703          	lw	a4,24(a2)
   12dbc:	00e7c663          	blt	a5,a4,12dc8 <__sfputc_r+0x20>
   12dc0:	ff658793          	addi	a5,a1,-10
   12dc4:	00079663          	bnez	a5,12dd0 <__sfputc_r+0x28>
   12dc8:	00000317          	auipc	t1,0x0
   12dcc:	a0030067          	jr	-1536(t1) # 127c8 <__swbuf_r>
   12dd0:	00062783          	lw	a5,0(a2)
   12dd4:	00058513          	mv	a0,a1
   12dd8:	00178713          	addi	a4,a5,1
   12ddc:	00e62023          	sw	a4,0(a2)
   12de0:	00b78023          	sb	a1,0(a5)
   12de4:	00008067          	ret

00012de8 <__sfputs_r>:
   12de8:	fe010113          	addi	sp,sp,-32
   12dec:	00812c23          	sw	s0,24(sp)
   12df0:	00912a23          	sw	s1,20(sp)
   12df4:	01212823          	sw	s2,16(sp)
   12df8:	01312623          	sw	s3,12(sp)
   12dfc:	01412423          	sw	s4,8(sp)
   12e00:	00112e23          	sw	ra,28(sp)
   12e04:	00050993          	mv	s3,a0
   12e08:	00058a13          	mv	s4,a1
   12e0c:	00060413          	mv	s0,a2
   12e10:	00d604b3          	add	s1,a2,a3
   12e14:	fff00913          	li	s2,-1
   12e18:	00941663          	bne	s0,s1,12e24 <__sfputs_r+0x3c>
   12e1c:	00000513          	li	a0,0
   12e20:	0200006f          	j	12e40 <__sfputs_r+0x58>
   12e24:	00044583          	lbu	a1,0(s0)
   12e28:	000a0613          	mv	a2,s4
   12e2c:	00098513          	mv	a0,s3
   12e30:	00000097          	auipc	ra,0x0
   12e34:	f78080e7          	jalr	-136(ra) # 12da8 <__sfputc_r>
   12e38:	00140413          	addi	s0,s0,1
   12e3c:	fd251ee3          	bne	a0,s2,12e18 <__sfputs_r+0x30>
   12e40:	01c12083          	lw	ra,28(sp)
   12e44:	01812403          	lw	s0,24(sp)
   12e48:	01412483          	lw	s1,20(sp)
   12e4c:	01012903          	lw	s2,16(sp)
   12e50:	00c12983          	lw	s3,12(sp)
   12e54:	00812a03          	lw	s4,8(sp)
   12e58:	02010113          	addi	sp,sp,32
   12e5c:	00008067          	ret

00012e60 <_vfiprintf_r>:
   12e60:	f5010113          	addi	sp,sp,-176
   12e64:	0a812423          	sw	s0,168(sp)
   12e68:	0a912223          	sw	s1,164(sp)
   12e6c:	09312e23          	sw	s3,156(sp)
   12e70:	09412c23          	sw	s4,152(sp)
   12e74:	0a112623          	sw	ra,172(sp)
   12e78:	0b212023          	sw	s2,160(sp)
   12e7c:	09512a23          	sw	s5,148(sp)
   12e80:	09612823          	sw	s6,144(sp)
   12e84:	09712623          	sw	s7,140(sp)
   12e88:	09812423          	sw	s8,136(sp)
   12e8c:	09912223          	sw	s9,132(sp)
   12e90:	00050993          	mv	s3,a0
   12e94:	00058493          	mv	s1,a1
   12e98:	00060413          	mv	s0,a2
   12e9c:	00068a13          	mv	s4,a3
   12ea0:	00050a63          	beqz	a0,12eb4 <_vfiprintf_r+0x54>
   12ea4:	02052783          	lw	a5,32(a0)
   12ea8:	00079663          	bnez	a5,12eb4 <_vfiprintf_r+0x54>
   12eac:	00001097          	auipc	ra,0x1
   12eb0:	d94080e7          	jalr	-620(ra) # 13c40 <__sinit>
   12eb4:	0644a783          	lw	a5,100(s1)
   12eb8:	0017f793          	andi	a5,a5,1
   12ebc:	00079e63          	bnez	a5,12ed8 <_vfiprintf_r+0x78>
   12ec0:	00c4d783          	lhu	a5,12(s1)
   12ec4:	2007f793          	andi	a5,a5,512
   12ec8:	00079863          	bnez	a5,12ed8 <_vfiprintf_r+0x78>
   12ecc:	0584a503          	lw	a0,88(s1)
   12ed0:	00000097          	auipc	ra,0x0
   12ed4:	b30080e7          	jalr	-1232(ra) # 12a00 <__retarget_lock_acquire_recursive>
   12ed8:	00c4d783          	lhu	a5,12(s1)
   12edc:	0087f793          	andi	a5,a5,8
   12ee0:	00078663          	beqz	a5,12eec <_vfiprintf_r+0x8c>
   12ee4:	0104a783          	lw	a5,16(s1)
   12ee8:	06079c63          	bnez	a5,12f60 <_vfiprintf_r+0x100>
   12eec:	00048593          	mv	a1,s1
   12ef0:	00098513          	mv	a0,s3
   12ef4:	00000097          	auipc	ra,0x0
   12ef8:	9e0080e7          	jalr	-1568(ra) # 128d4 <__swsetup_r>
   12efc:	06050263          	beqz	a0,12f60 <_vfiprintf_r+0x100>
   12f00:	0644a783          	lw	a5,100(s1)
   12f04:	0017f793          	andi	a5,a5,1
   12f08:	02078e63          	beqz	a5,12f44 <_vfiprintf_r+0xe4>
   12f0c:	fff00513          	li	a0,-1
   12f10:	0ac12083          	lw	ra,172(sp)
   12f14:	0a812403          	lw	s0,168(sp)
   12f18:	0a412483          	lw	s1,164(sp)
   12f1c:	0a012903          	lw	s2,160(sp)
   12f20:	09c12983          	lw	s3,156(sp)
   12f24:	09812a03          	lw	s4,152(sp)
   12f28:	09412a83          	lw	s5,148(sp)
   12f2c:	09012b03          	lw	s6,144(sp)
   12f30:	08c12b83          	lw	s7,140(sp)
   12f34:	08812c03          	lw	s8,136(sp)
   12f38:	08412c83          	lw	s9,132(sp)
   12f3c:	0b010113          	addi	sp,sp,176
   12f40:	00008067          	ret
   12f44:	00c4d783          	lhu	a5,12(s1)
   12f48:	2007f793          	andi	a5,a5,512
   12f4c:	fc0790e3          	bnez	a5,12f0c <_vfiprintf_r+0xac>
   12f50:	0584a503          	lw	a0,88(s1)
   12f54:	00000097          	auipc	ra,0x0
   12f58:	ab0080e7          	jalr	-1360(ra) # 12a04 <__retarget_lock_release_recursive>
   12f5c:	fb1ff06f          	j	12f0c <_vfiprintf_r+0xac>
   12f60:	02000793          	li	a5,32
   12f64:	02f10ca3          	sb	a5,57(sp)
   12f68:	03000793          	li	a5,48
   12f6c:	01412e23          	sw	s4,28(sp)
   12f70:	02012a23          	sw	zero,52(sp)
   12f74:	02f10d23          	sb	a5,58(sp)
   12f78:	fff00a13          	li	s4,-1
   12f7c:	0000eb17          	auipc	s6,0xe
   12f80:	908b0b13          	addi	s6,s6,-1784 # 20884 <__global_pointer$+0x1c>
   12f84:	00100b93          	li	s7,1
   12f88:	00a00a93          	li	s5,10
   12f8c:	00040c13          	mv	s8,s0
   12f90:	000c4783          	lbu	a5,0(s8)
   12f94:	00f03cb3          	snez	s9,a5
   12f98:	fdb78793          	addi	a5,a5,-37
   12f9c:	00f037b3          	snez	a5,a5
   12fa0:	00fcfcb3          	and	s9,s9,a5
   12fa4:	0c0c9863          	bnez	s9,13074 <_vfiprintf_r+0x214>
   12fa8:	408c06b3          	sub	a3,s8,s0
   12fac:	028c0863          	beq	s8,s0,12fdc <_vfiprintf_r+0x17c>
   12fb0:	00040613          	mv	a2,s0
   12fb4:	00048593          	mv	a1,s1
   12fb8:	00098513          	mv	a0,s3
   12fbc:	00d12623          	sw	a3,12(sp)
   12fc0:	00000097          	auipc	ra,0x0
   12fc4:	e28080e7          	jalr	-472(ra) # 12de8 <__sfputs_r>
   12fc8:	25450863          	beq	a0,s4,13218 <_vfiprintf_r+0x3b8>
   12fcc:	03412783          	lw	a5,52(sp)
   12fd0:	00c12683          	lw	a3,12(sp)
   12fd4:	00d787b3          	add	a5,a5,a3
   12fd8:	02f12a23          	sw	a5,52(sp)
   12fdc:	000c4783          	lbu	a5,0(s8)
   12fe0:	22078c63          	beqz	a5,13218 <_vfiprintf_r+0x3b8>
   12fe4:	001c0413          	addi	s0,s8,1
   12fe8:	02012023          	sw	zero,32(sp)
   12fec:	02012623          	sw	zero,44(sp)
   12ff0:	03412223          	sw	s4,36(sp)
   12ff4:	02012423          	sw	zero,40(sp)
   12ff8:	060101a3          	sb	zero,99(sp)
   12ffc:	06012c23          	sw	zero,120(sp)
   13000:	00044583          	lbu	a1,0(s0)
   13004:	00500613          	li	a2,5
   13008:	0000e517          	auipc	a0,0xe
   1300c:	87c50513          	addi	a0,a0,-1924 # 20884 <__global_pointer$+0x1c>
   13010:	00001097          	auipc	ra,0x1
   13014:	0c8080e7          	jalr	200(ra) # 140d8 <memchr>
   13018:	02012783          	lw	a5,32(sp)
   1301c:	00140693          	addi	a3,s0,1
   13020:	04051e63          	bnez	a0,1307c <_vfiprintf_r+0x21c>
   13024:	0107f713          	andi	a4,a5,16
   13028:	00070663          	beqz	a4,13034 <_vfiprintf_r+0x1d4>
   1302c:	02000713          	li	a4,32
   13030:	06e101a3          	sb	a4,99(sp)
   13034:	0087f713          	andi	a4,a5,8
   13038:	00070663          	beqz	a4,13044 <_vfiprintf_r+0x1e4>
   1303c:	02b00713          	li	a4,43
   13040:	06e101a3          	sb	a4,99(sp)
   13044:	00044603          	lbu	a2,0(s0)
   13048:	02a00713          	li	a4,42
   1304c:	04e60463          	beq	a2,a4,13094 <_vfiprintf_r+0x234>
   13050:	02c12783          	lw	a5,44(sp)
   13054:	00000693          	li	a3,0
   13058:	00900613          	li	a2,9
   1305c:	00044703          	lbu	a4,0(s0)
   13060:	fd070713          	addi	a4,a4,-48
   13064:	08e67e63          	bgeu	a2,a4,13100 <_vfiprintf_r+0x2a0>
   13068:	04068463          	beqz	a3,130b0 <_vfiprintf_r+0x250>
   1306c:	02f12623          	sw	a5,44(sp)
   13070:	0400006f          	j	130b0 <_vfiprintf_r+0x250>
   13074:	001c0c13          	addi	s8,s8,1
   13078:	f19ff06f          	j	12f90 <_vfiprintf_r+0x130>
   1307c:	41650533          	sub	a0,a0,s6
   13080:	00ab9533          	sll	a0,s7,a0
   13084:	00f56533          	or	a0,a0,a5
   13088:	02a12023          	sw	a0,32(sp)
   1308c:	00068413          	mv	s0,a3
   13090:	f71ff06f          	j	13000 <_vfiprintf_r+0x1a0>
   13094:	01c12703          	lw	a4,28(sp)
   13098:	00470613          	addi	a2,a4,4
   1309c:	00072703          	lw	a4,0(a4)
   130a0:	00c12e23          	sw	a2,28(sp)
   130a4:	04074463          	bltz	a4,130ec <_vfiprintf_r+0x28c>
   130a8:	02e12623          	sw	a4,44(sp)
   130ac:	00068413          	mv	s0,a3
   130b0:	00044703          	lbu	a4,0(s0)
   130b4:	02e00793          	li	a5,46
   130b8:	06f71e63          	bne	a4,a5,13134 <_vfiprintf_r+0x2d4>
   130bc:	00144703          	lbu	a4,1(s0)
   130c0:	02a00793          	li	a5,42
   130c4:	04f71863          	bne	a4,a5,13114 <_vfiprintf_r+0x2b4>
   130c8:	01c12783          	lw	a5,28(sp)
   130cc:	00240413          	addi	s0,s0,2
   130d0:	00478713          	addi	a4,a5,4
   130d4:	0007a783          	lw	a5,0(a5)
   130d8:	00e12e23          	sw	a4,28(sp)
   130dc:	0007d463          	bgez	a5,130e4 <_vfiprintf_r+0x284>
   130e0:	fff00793          	li	a5,-1
   130e4:	02f12223          	sw	a5,36(sp)
   130e8:	04c0006f          	j	13134 <_vfiprintf_r+0x2d4>
   130ec:	40e00733          	neg	a4,a4
   130f0:	0027e793          	ori	a5,a5,2
   130f4:	02e12623          	sw	a4,44(sp)
   130f8:	02f12023          	sw	a5,32(sp)
   130fc:	fb1ff06f          	j	130ac <_vfiprintf_r+0x24c>
   13100:	035787b3          	mul	a5,a5,s5
   13104:	00140413          	addi	s0,s0,1
   13108:	00100693          	li	a3,1
   1310c:	00e787b3          	add	a5,a5,a4
   13110:	f4dff06f          	j	1305c <_vfiprintf_r+0x1fc>
   13114:	00140413          	addi	s0,s0,1
   13118:	02012223          	sw	zero,36(sp)
   1311c:	00000793          	li	a5,0
   13120:	00900693          	li	a3,9
   13124:	00044703          	lbu	a4,0(s0)
   13128:	fd070713          	addi	a4,a4,-48
   1312c:	0ae6f063          	bgeu	a3,a4,131cc <_vfiprintf_r+0x36c>
   13130:	fa0c9ae3          	bnez	s9,130e4 <_vfiprintf_r+0x284>
   13134:	00044583          	lbu	a1,0(s0)
   13138:	00300613          	li	a2,3
   1313c:	0000d517          	auipc	a0,0xd
   13140:	75050513          	addi	a0,a0,1872 # 2088c <__global_pointer$+0x24>
   13144:	00001097          	auipc	ra,0x1
   13148:	f94080e7          	jalr	-108(ra) # 140d8 <memchr>
   1314c:	02050463          	beqz	a0,13174 <_vfiprintf_r+0x314>
   13150:	0000d797          	auipc	a5,0xd
   13154:	73c78793          	addi	a5,a5,1852 # 2088c <__global_pointer$+0x24>
   13158:	40f50533          	sub	a0,a0,a5
   1315c:	02012783          	lw	a5,32(sp)
   13160:	04000713          	li	a4,64
   13164:	00a71733          	sll	a4,a4,a0
   13168:	00e7e7b3          	or	a5,a5,a4
   1316c:	00140413          	addi	s0,s0,1
   13170:	02f12023          	sw	a5,32(sp)
   13174:	00044583          	lbu	a1,0(s0)
   13178:	00600613          	li	a2,6
   1317c:	0000d517          	auipc	a0,0xd
   13180:	71450513          	addi	a0,a0,1812 # 20890 <__global_pointer$+0x28>
   13184:	02b10c23          	sb	a1,56(sp)
   13188:	00001097          	auipc	ra,0x1
   1318c:	f50080e7          	jalr	-176(ra) # 140d8 <memchr>
   13190:	0c050063          	beqz	a0,13250 <_vfiprintf_r+0x3f0>
   13194:	fffed797          	auipc	a5,0xfffed
   13198:	e6c78793          	addi	a5,a5,-404 # 0 <__STACK_SIZE-0x1000>
   1319c:	04079a63          	bnez	a5,131f0 <_vfiprintf_r+0x390>
   131a0:	02012703          	lw	a4,32(sp)
   131a4:	01c12783          	lw	a5,28(sp)
   131a8:	10077713          	andi	a4,a4,256
   131ac:	02070a63          	beqz	a4,131e0 <_vfiprintf_r+0x380>
   131b0:	00478793          	addi	a5,a5,4
   131b4:	00f12e23          	sw	a5,28(sp)
   131b8:	03412783          	lw	a5,52(sp)
   131bc:	00140413          	addi	s0,s0,1
   131c0:	012787b3          	add	a5,a5,s2
   131c4:	02f12a23          	sw	a5,52(sp)
   131c8:	dc5ff06f          	j	12f8c <_vfiprintf_r+0x12c>
   131cc:	035787b3          	mul	a5,a5,s5
   131d0:	00140413          	addi	s0,s0,1
   131d4:	00100c93          	li	s9,1
   131d8:	00e787b3          	add	a5,a5,a4
   131dc:	f49ff06f          	j	13124 <_vfiprintf_r+0x2c4>
   131e0:	00778793          	addi	a5,a5,7
   131e4:	ff87f793          	andi	a5,a5,-8
   131e8:	00878793          	addi	a5,a5,8
   131ec:	fc9ff06f          	j	131b4 <_vfiprintf_r+0x354>
   131f0:	01c10713          	addi	a4,sp,28
   131f4:	00000697          	auipc	a3,0x0
   131f8:	bf468693          	addi	a3,a3,-1036 # 12de8 <__sfputs_r>
   131fc:	00048613          	mv	a2,s1
   13200:	02010593          	addi	a1,sp,32
   13204:	00098513          	mv	a0,s3
   13208:	00000097          	auipc	ra,0x0
   1320c:	000000e7          	jalr	zero # 0 <__STACK_SIZE-0x1000>
   13210:	00050913          	mv	s2,a0
   13214:	fb4512e3          	bne	a0,s4,131b8 <_vfiprintf_r+0x358>
   13218:	0644a783          	lw	a5,100(s1)
   1321c:	0017f793          	andi	a5,a5,1
   13220:	00079e63          	bnez	a5,1323c <_vfiprintf_r+0x3dc>
   13224:	00c4d783          	lhu	a5,12(s1)
   13228:	2007f793          	andi	a5,a5,512
   1322c:	00079863          	bnez	a5,1323c <_vfiprintf_r+0x3dc>
   13230:	0584a503          	lw	a0,88(s1)
   13234:	fffff097          	auipc	ra,0xfffff
   13238:	7d0080e7          	jalr	2000(ra) # 12a04 <__retarget_lock_release_recursive>
   1323c:	00c4d783          	lhu	a5,12(s1)
   13240:	0407f793          	andi	a5,a5,64
   13244:	cc0794e3          	bnez	a5,12f0c <_vfiprintf_r+0xac>
   13248:	03412503          	lw	a0,52(sp)
   1324c:	cc5ff06f          	j	12f10 <_vfiprintf_r+0xb0>
   13250:	01c10713          	addi	a4,sp,28
   13254:	00000697          	auipc	a3,0x0
   13258:	b9468693          	addi	a3,a3,-1132 # 12de8 <__sfputs_r>
   1325c:	00048613          	mv	a2,s1
   13260:	02010593          	addi	a1,sp,32
   13264:	00098513          	mv	a0,s3
   13268:	00000097          	auipc	ra,0x0
   1326c:	1c0080e7          	jalr	448(ra) # 13428 <_printf_i>
   13270:	fa1ff06f          	j	13210 <_vfiprintf_r+0x3b0>

00013274 <_printf_common>:
   13274:	fd010113          	addi	sp,sp,-48
   13278:	01312e23          	sw	s3,28(sp)
   1327c:	0105a783          	lw	a5,16(a1)
   13280:	00070993          	mv	s3,a4
   13284:	0085a703          	lw	a4,8(a1)
   13288:	02812423          	sw	s0,40(sp)
   1328c:	03212023          	sw	s2,32(sp)
   13290:	01612823          	sw	s6,16(sp)
   13294:	01712623          	sw	s7,12(sp)
   13298:	02112623          	sw	ra,44(sp)
   1329c:	02912223          	sw	s1,36(sp)
   132a0:	01412c23          	sw	s4,24(sp)
   132a4:	01512a23          	sw	s5,20(sp)
   132a8:	00050b13          	mv	s6,a0
   132ac:	00058413          	mv	s0,a1
   132b0:	00060913          	mv	s2,a2
   132b4:	00068b93          	mv	s7,a3
   132b8:	00e7d463          	bge	a5,a4,132c0 <_printf_common+0x4c>
   132bc:	00070793          	mv	a5,a4
   132c0:	00f92023          	sw	a5,0(s2)
   132c4:	04344703          	lbu	a4,67(s0)
   132c8:	00070663          	beqz	a4,132d4 <_printf_common+0x60>
   132cc:	00178793          	addi	a5,a5,1
   132d0:	00f92023          	sw	a5,0(s2)
   132d4:	00042783          	lw	a5,0(s0)
   132d8:	0207f793          	andi	a5,a5,32
   132dc:	00078863          	beqz	a5,132ec <_printf_common+0x78>
   132e0:	00092783          	lw	a5,0(s2)
   132e4:	00278793          	addi	a5,a5,2
   132e8:	00f92023          	sw	a5,0(s2)
   132ec:	00042483          	lw	s1,0(s0)
   132f0:	0064f493          	andi	s1,s1,6
   132f4:	00049e63          	bnez	s1,13310 <_printf_common+0x9c>
   132f8:	01940a13          	addi	s4,s0,25
   132fc:	fff00a93          	li	s5,-1
   13300:	00c42783          	lw	a5,12(s0)
   13304:	00092703          	lw	a4,0(s2)
   13308:	40e787b3          	sub	a5,a5,a4
   1330c:	08f4c463          	blt	s1,a5,13394 <_printf_common+0x120>
   13310:	00042783          	lw	a5,0(s0)
   13314:	04344683          	lbu	a3,67(s0)
   13318:	0207f793          	andi	a5,a5,32
   1331c:	00d036b3          	snez	a3,a3
   13320:	0c079263          	bnez	a5,133e4 <_printf_common+0x170>
   13324:	04340613          	addi	a2,s0,67
   13328:	000b8593          	mv	a1,s7
   1332c:	000b0513          	mv	a0,s6
   13330:	000980e7          	jalr	s3
   13334:	fff00793          	li	a5,-1
   13338:	06f50a63          	beq	a0,a5,133ac <_printf_common+0x138>
   1333c:	00042783          	lw	a5,0(s0)
   13340:	00400713          	li	a4,4
   13344:	00000493          	li	s1,0
   13348:	0067f793          	andi	a5,a5,6
   1334c:	00e79e63          	bne	a5,a4,13368 <_printf_common+0xf4>
   13350:	00092783          	lw	a5,0(s2)
   13354:	00c42483          	lw	s1,12(s0)
   13358:	40f484b3          	sub	s1,s1,a5
   1335c:	fff4c793          	not	a5,s1
   13360:	41f7d793          	srai	a5,a5,0x1f
   13364:	00f4f4b3          	and	s1,s1,a5
   13368:	00842783          	lw	a5,8(s0)
   1336c:	01042703          	lw	a4,16(s0)
   13370:	00f75663          	bge	a4,a5,1337c <_printf_common+0x108>
   13374:	40e787b3          	sub	a5,a5,a4
   13378:	00f484b3          	add	s1,s1,a5
   1337c:	00000913          	li	s2,0
   13380:	01a40413          	addi	s0,s0,26
   13384:	fff00a13          	li	s4,-1
   13388:	09249063          	bne	s1,s2,13408 <_printf_common+0x194>
   1338c:	00000513          	li	a0,0
   13390:	0200006f          	j	133b0 <_printf_common+0x13c>
   13394:	00100693          	li	a3,1
   13398:	000a0613          	mv	a2,s4
   1339c:	000b8593          	mv	a1,s7
   133a0:	000b0513          	mv	a0,s6
   133a4:	000980e7          	jalr	s3
   133a8:	03551a63          	bne	a0,s5,133dc <_printf_common+0x168>
   133ac:	fff00513          	li	a0,-1
   133b0:	02c12083          	lw	ra,44(sp)
   133b4:	02812403          	lw	s0,40(sp)
   133b8:	02412483          	lw	s1,36(sp)
   133bc:	02012903          	lw	s2,32(sp)
   133c0:	01c12983          	lw	s3,28(sp)
   133c4:	01812a03          	lw	s4,24(sp)
   133c8:	01412a83          	lw	s5,20(sp)
   133cc:	01012b03          	lw	s6,16(sp)
   133d0:	00c12b83          	lw	s7,12(sp)
   133d4:	03010113          	addi	sp,sp,48
   133d8:	00008067          	ret
   133dc:	00148493          	addi	s1,s1,1
   133e0:	f21ff06f          	j	13300 <_printf_common+0x8c>
   133e4:	00d40733          	add	a4,s0,a3
   133e8:	03000613          	li	a2,48
   133ec:	04c701a3          	sb	a2,67(a4)
   133f0:	04544703          	lbu	a4,69(s0)
   133f4:	00168793          	addi	a5,a3,1
   133f8:	00f407b3          	add	a5,s0,a5
   133fc:	00268693          	addi	a3,a3,2
   13400:	04e781a3          	sb	a4,67(a5)
   13404:	f21ff06f          	j	13324 <_printf_common+0xb0>
   13408:	00100693          	li	a3,1
   1340c:	00040613          	mv	a2,s0
   13410:	000b8593          	mv	a1,s7
   13414:	000b0513          	mv	a0,s6
   13418:	000980e7          	jalr	s3
   1341c:	f94508e3          	beq	a0,s4,133ac <_printf_common+0x138>
   13420:	00190913          	addi	s2,s2,1
   13424:	f65ff06f          	j	13388 <_printf_common+0x114>

00013428 <_printf_i>:
   13428:	fc010113          	addi	sp,sp,-64
   1342c:	02812c23          	sw	s0,56(sp)
   13430:	02912a23          	sw	s1,52(sp)
   13434:	03412423          	sw	s4,40(sp)
   13438:	03512223          	sw	s5,36(sp)
   1343c:	02112e23          	sw	ra,60(sp)
   13440:	03212823          	sw	s2,48(sp)
   13444:	03312623          	sw	s3,44(sp)
   13448:	0185c783          	lbu	a5,24(a1)
   1344c:	00068493          	mv	s1,a3
   13450:	07800693          	li	a3,120
   13454:	00050a13          	mv	s4,a0
   13458:	00058413          	mv	s0,a1
   1345c:	00060a93          	mv	s5,a2
   13460:	02f6e263          	bltu	a3,a5,13484 <_printf_i+0x5c>
   13464:	06200693          	li	a3,98
   13468:	04358613          	addi	a2,a1,67
   1346c:	02f6e063          	bltu	a3,a5,1348c <_printf_i+0x64>
   13470:	28078863          	beqz	a5,13700 <_printf_i+0x2d8>
   13474:	05800593          	li	a1,88
   13478:	0000d697          	auipc	a3,0xd
   1347c:	42068693          	addi	a3,a3,1056 # 20898 <__global_pointer$+0x30>
   13480:	1cb78c63          	beq	a5,a1,13658 <_printf_i+0x230>
   13484:	04240913          	addi	s2,s0,66
   13488:	0440006f          	j	134cc <_printf_i+0xa4>
   1348c:	f9d78693          	addi	a3,a5,-99
   13490:	0ff6f693          	zext.b	a3,a3
   13494:	01500593          	li	a1,21
   13498:	fed5e6e3          	bltu	a1,a3,13484 <_printf_i+0x5c>
   1349c:	0000d597          	auipc	a1,0xd
   134a0:	42458593          	addi	a1,a1,1060 # 208c0 <__global_pointer$+0x58>
   134a4:	00269693          	slli	a3,a3,0x2
   134a8:	00b686b3          	add	a3,a3,a1
   134ac:	0006a683          	lw	a3,0(a3)
   134b0:	00b686b3          	add	a3,a3,a1
   134b4:	00068067          	jr	a3
   134b8:	00072783          	lw	a5,0(a4)
   134bc:	04240913          	addi	s2,s0,66
   134c0:	00478693          	addi	a3,a5,4
   134c4:	0007a783          	lw	a5,0(a5)
   134c8:	00d72023          	sw	a3,0(a4)
   134cc:	04f40123          	sb	a5,66(s0)
   134d0:	00100793          	li	a5,1
   134d4:	26c0006f          	j	13740 <_printf_i+0x318>
   134d8:	00042783          	lw	a5,0(s0)
   134dc:	00072503          	lw	a0,0(a4)
   134e0:	0807f693          	andi	a3,a5,128
   134e4:	00450593          	addi	a1,a0,4
   134e8:	02068663          	beqz	a3,13514 <_printf_i+0xec>
   134ec:	00052783          	lw	a5,0(a0)
   134f0:	00b72023          	sw	a1,0(a4)
   134f4:	0007d863          	bgez	a5,13504 <_printf_i+0xdc>
   134f8:	02d00713          	li	a4,45
   134fc:	40f007b3          	neg	a5,a5
   13500:	04e401a3          	sb	a4,67(s0)
   13504:	0000d697          	auipc	a3,0xd
   13508:	39468693          	addi	a3,a3,916 # 20898 <__global_pointer$+0x30>
   1350c:	00a00713          	li	a4,10
   13510:	0680006f          	j	13578 <_printf_i+0x150>
   13514:	0407f693          	andi	a3,a5,64
   13518:	00052783          	lw	a5,0(a0)
   1351c:	00b72023          	sw	a1,0(a4)
   13520:	fc068ae3          	beqz	a3,134f4 <_printf_i+0xcc>
   13524:	01079793          	slli	a5,a5,0x10
   13528:	4107d793          	srai	a5,a5,0x10
   1352c:	fc9ff06f          	j	134f4 <_printf_i+0xcc>
   13530:	00042583          	lw	a1,0(s0)
   13534:	00072683          	lw	a3,0(a4)
   13538:	0805f513          	andi	a0,a1,128
   1353c:	0006a783          	lw	a5,0(a3)
   13540:	00468693          	addi	a3,a3,4
   13544:	00051a63          	bnez	a0,13558 <_printf_i+0x130>
   13548:	0405f593          	andi	a1,a1,64
   1354c:	00058663          	beqz	a1,13558 <_printf_i+0x130>
   13550:	01079793          	slli	a5,a5,0x10
   13554:	0107d793          	srli	a5,a5,0x10
   13558:	00d72023          	sw	a3,0(a4)
   1355c:	01844683          	lbu	a3,24(s0)
   13560:	06f00713          	li	a4,111
   13564:	14e69863          	bne	a3,a4,136b4 <_printf_i+0x28c>
   13568:	0000d697          	auipc	a3,0xd
   1356c:	33068693          	addi	a3,a3,816 # 20898 <__global_pointer$+0x30>
   13570:	00800713          	li	a4,8
   13574:	040401a3          	sb	zero,67(s0)
   13578:	00442583          	lw	a1,4(s0)
   1357c:	00b42423          	sw	a1,8(s0)
   13580:	0005ce63          	bltz	a1,1359c <_printf_i+0x174>
   13584:	00042503          	lw	a0,0(s0)
   13588:	00b7e5b3          	or	a1,a5,a1
   1358c:	00060913          	mv	s2,a2
   13590:	ffb57513          	andi	a0,a0,-5
   13594:	00a42023          	sw	a0,0(s0)
   13598:	02058463          	beqz	a1,135c0 <_printf_i+0x198>
   1359c:	00060913          	mv	s2,a2
   135a0:	02e7f5b3          	remu	a1,a5,a4
   135a4:	fff90913          	addi	s2,s2,-1
   135a8:	00b685b3          	add	a1,a3,a1
   135ac:	0005c583          	lbu	a1,0(a1)
   135b0:	00b90023          	sb	a1,0(s2)
   135b4:	00078593          	mv	a1,a5
   135b8:	02e7d7b3          	divu	a5,a5,a4
   135bc:	fee5f2e3          	bgeu	a1,a4,135a0 <_printf_i+0x178>
   135c0:	00800793          	li	a5,8
   135c4:	02f71463          	bne	a4,a5,135ec <_printf_i+0x1c4>
   135c8:	00042783          	lw	a5,0(s0)
   135cc:	0017f793          	andi	a5,a5,1
   135d0:	00078e63          	beqz	a5,135ec <_printf_i+0x1c4>
   135d4:	00442703          	lw	a4,4(s0)
   135d8:	01042783          	lw	a5,16(s0)
   135dc:	00e7c863          	blt	a5,a4,135ec <_printf_i+0x1c4>
   135e0:	03000793          	li	a5,48
   135e4:	fef90fa3          	sb	a5,-1(s2)
   135e8:	fff90913          	addi	s2,s2,-1
   135ec:	41260633          	sub	a2,a2,s2
   135f0:	00c42823          	sw	a2,16(s0)
   135f4:	00048713          	mv	a4,s1
   135f8:	000a8693          	mv	a3,s5
   135fc:	01c10613          	addi	a2,sp,28
   13600:	00040593          	mv	a1,s0
   13604:	000a0513          	mv	a0,s4
   13608:	00000097          	auipc	ra,0x0
   1360c:	c6c080e7          	jalr	-916(ra) # 13274 <_printf_common>
   13610:	fff00993          	li	s3,-1
   13614:	13351c63          	bne	a0,s3,1374c <_printf_i+0x324>
   13618:	fff00513          	li	a0,-1
   1361c:	03c12083          	lw	ra,60(sp)
   13620:	03812403          	lw	s0,56(sp)
   13624:	03412483          	lw	s1,52(sp)
   13628:	03012903          	lw	s2,48(sp)
   1362c:	02c12983          	lw	s3,44(sp)
   13630:	02812a03          	lw	s4,40(sp)
   13634:	02412a83          	lw	s5,36(sp)
   13638:	04010113          	addi	sp,sp,64
   1363c:	00008067          	ret
   13640:	00042783          	lw	a5,0(s0)
   13644:	0207e793          	ori	a5,a5,32
   13648:	00f42023          	sw	a5,0(s0)
   1364c:	07800793          	li	a5,120
   13650:	0000d697          	auipc	a3,0xd
   13654:	25c68693          	addi	a3,a3,604 # 208ac <__global_pointer$+0x44>
   13658:	04f402a3          	sb	a5,69(s0)
   1365c:	00042583          	lw	a1,0(s0)
   13660:	00072503          	lw	a0,0(a4)
   13664:	0805f813          	andi	a6,a1,128
   13668:	00052783          	lw	a5,0(a0)
   1366c:	00450513          	addi	a0,a0,4
   13670:	00081a63          	bnez	a6,13684 <_printf_i+0x25c>
   13674:	0405f813          	andi	a6,a1,64
   13678:	00080663          	beqz	a6,13684 <_printf_i+0x25c>
   1367c:	01079793          	slli	a5,a5,0x10
   13680:	0107d793          	srli	a5,a5,0x10
   13684:	00a72023          	sw	a0,0(a4)
   13688:	0015f713          	andi	a4,a1,1
   1368c:	00070663          	beqz	a4,13698 <_printf_i+0x270>
   13690:	0205e593          	ori	a1,a1,32
   13694:	00b42023          	sw	a1,0(s0)
   13698:	00078663          	beqz	a5,136a4 <_printf_i+0x27c>
   1369c:	01000713          	li	a4,16
   136a0:	ed5ff06f          	j	13574 <_printf_i+0x14c>
   136a4:	00042703          	lw	a4,0(s0)
   136a8:	fdf77713          	andi	a4,a4,-33
   136ac:	00e42023          	sw	a4,0(s0)
   136b0:	fedff06f          	j	1369c <_printf_i+0x274>
   136b4:	0000d697          	auipc	a3,0xd
   136b8:	1e468693          	addi	a3,a3,484 # 20898 <__global_pointer$+0x30>
   136bc:	00a00713          	li	a4,10
   136c0:	eb5ff06f          	j	13574 <_printf_i+0x14c>
   136c4:	00042683          	lw	a3,0(s0)
   136c8:	00072783          	lw	a5,0(a4)
   136cc:	01442583          	lw	a1,20(s0)
   136d0:	0806f813          	andi	a6,a3,128
   136d4:	00478513          	addi	a0,a5,4
   136d8:	00080a63          	beqz	a6,136ec <_printf_i+0x2c4>
   136dc:	00a72023          	sw	a0,0(a4)
   136e0:	0007a783          	lw	a5,0(a5)
   136e4:	00b7a023          	sw	a1,0(a5)
   136e8:	0180006f          	j	13700 <_printf_i+0x2d8>
   136ec:	00a72023          	sw	a0,0(a4)
   136f0:	0406f693          	andi	a3,a3,64
   136f4:	0007a783          	lw	a5,0(a5)
   136f8:	fe0686e3          	beqz	a3,136e4 <_printf_i+0x2bc>
   136fc:	00b79023          	sh	a1,0(a5)
   13700:	00042823          	sw	zero,16(s0)
   13704:	00060913          	mv	s2,a2
   13708:	eedff06f          	j	135f4 <_printf_i+0x1cc>
   1370c:	00072783          	lw	a5,0(a4)
   13710:	00442603          	lw	a2,4(s0)
   13714:	00000593          	li	a1,0
   13718:	00478693          	addi	a3,a5,4
   1371c:	00d72023          	sw	a3,0(a4)
   13720:	0007a903          	lw	s2,0(a5)
   13724:	00090513          	mv	a0,s2
   13728:	00001097          	auipc	ra,0x1
   1372c:	9b0080e7          	jalr	-1616(ra) # 140d8 <memchr>
   13730:	00050663          	beqz	a0,1373c <_printf_i+0x314>
   13734:	41250533          	sub	a0,a0,s2
   13738:	00a42223          	sw	a0,4(s0)
   1373c:	00442783          	lw	a5,4(s0)
   13740:	00f42823          	sw	a5,16(s0)
   13744:	040401a3          	sb	zero,67(s0)
   13748:	eadff06f          	j	135f4 <_printf_i+0x1cc>
   1374c:	01042683          	lw	a3,16(s0)
   13750:	00090613          	mv	a2,s2
   13754:	000a8593          	mv	a1,s5
   13758:	000a0513          	mv	a0,s4
   1375c:	000480e7          	jalr	s1
   13760:	eb350ce3          	beq	a0,s3,13618 <_printf_i+0x1f0>
   13764:	00042783          	lw	a5,0(s0)
   13768:	0027f793          	andi	a5,a5,2
   1376c:	04079663          	bnez	a5,137b8 <_printf_i+0x390>
   13770:	01c12783          	lw	a5,28(sp)
   13774:	00c42503          	lw	a0,12(s0)
   13778:	eaf552e3          	bge	a0,a5,1361c <_printf_i+0x1f4>
   1377c:	00078513          	mv	a0,a5
   13780:	e9dff06f          	j	1361c <_printf_i+0x1f4>
   13784:	00100693          	li	a3,1
   13788:	000a8593          	mv	a1,s5
   1378c:	000a0513          	mv	a0,s4
   13790:	00c12623          	sw	a2,12(sp)
   13794:	000480e7          	jalr	s1
   13798:	e93500e3          	beq	a0,s3,13618 <_printf_i+0x1f0>
   1379c:	00c12603          	lw	a2,12(sp)
   137a0:	00190913          	addi	s2,s2,1
   137a4:	00c42783          	lw	a5,12(s0)
   137a8:	01c12703          	lw	a4,28(sp)
   137ac:	40e787b3          	sub	a5,a5,a4
   137b0:	fcf94ae3          	blt	s2,a5,13784 <_printf_i+0x35c>
   137b4:	fbdff06f          	j	13770 <_printf_i+0x348>
   137b8:	00000913          	li	s2,0
   137bc:	01940613          	addi	a2,s0,25
   137c0:	fe5ff06f          	j	137a4 <_printf_i+0x37c>

000137c4 <__sflush_r>:
   137c4:	00c59783          	lh	a5,12(a1)
   137c8:	fe010113          	addi	sp,sp,-32
   137cc:	00812c23          	sw	s0,24(sp)
   137d0:	00912a23          	sw	s1,20(sp)
   137d4:	00112e23          	sw	ra,28(sp)
   137d8:	01212823          	sw	s2,16(sp)
   137dc:	0087f713          	andi	a4,a5,8
   137e0:	00050493          	mv	s1,a0
   137e4:	00058413          	mv	s0,a1
   137e8:	12071463          	bnez	a4,13910 <__sflush_r+0x14c>
   137ec:	0045a703          	lw	a4,4(a1)
   137f0:	00e04663          	bgtz	a4,137fc <__sflush_r+0x38>
   137f4:	0405a703          	lw	a4,64(a1)
   137f8:	10e05863          	blez	a4,13908 <__sflush_r+0x144>
   137fc:	02c42703          	lw	a4,44(s0)
   13800:	10070463          	beqz	a4,13908 <__sflush_r+0x144>
   13804:	0004a903          	lw	s2,0(s1)
   13808:	01379693          	slli	a3,a5,0x13
   1380c:	0004a023          	sw	zero,0(s1)
   13810:	0a06de63          	bgez	a3,138cc <__sflush_r+0x108>
   13814:	05442603          	lw	a2,84(s0)
   13818:	00c45783          	lhu	a5,12(s0)
   1381c:	0047f793          	andi	a5,a5,4
   13820:	00078e63          	beqz	a5,1383c <__sflush_r+0x78>
   13824:	00442783          	lw	a5,4(s0)
   13828:	40f60633          	sub	a2,a2,a5
   1382c:	03442783          	lw	a5,52(s0)
   13830:	00078663          	beqz	a5,1383c <__sflush_r+0x78>
   13834:	04042783          	lw	a5,64(s0)
   13838:	40f60633          	sub	a2,a2,a5
   1383c:	02c42783          	lw	a5,44(s0)
   13840:	02042583          	lw	a1,32(s0)
   13844:	00000693          	li	a3,0
   13848:	00048513          	mv	a0,s1
   1384c:	000780e7          	jalr	a5
   13850:	fff00713          	li	a4,-1
   13854:	00c41783          	lh	a5,12(s0)
   13858:	02e51263          	bne	a0,a4,1387c <__sflush_r+0xb8>
   1385c:	0004a683          	lw	a3,0(s1)
   13860:	01d00713          	li	a4,29
   13864:	0ed76e63          	bltu	a4,a3,13960 <__sflush_r+0x19c>
   13868:	20400737          	lui	a4,0x20400
   1386c:	00170713          	addi	a4,a4,1 # 20400001 <__stack_top__+0x203d0001>
   13870:	00d75733          	srl	a4,a4,a3
   13874:	00177713          	andi	a4,a4,1
   13878:	0e070463          	beqz	a4,13960 <__sflush_r+0x19c>
   1387c:	01042703          	lw	a4,16(s0)
   13880:	00042223          	sw	zero,4(s0)
   13884:	00e42023          	sw	a4,0(s0)
   13888:	01379713          	slli	a4,a5,0x13
   1388c:	00075c63          	bgez	a4,138a4 <__sflush_r+0xe0>
   13890:	fff00793          	li	a5,-1
   13894:	00f51663          	bne	a0,a5,138a0 <__sflush_r+0xdc>
   13898:	0004a783          	lw	a5,0(s1)
   1389c:	00079463          	bnez	a5,138a4 <__sflush_r+0xe0>
   138a0:	04a42a23          	sw	a0,84(s0)
   138a4:	03442583          	lw	a1,52(s0)
   138a8:	0124a023          	sw	s2,0(s1)
   138ac:	04058e63          	beqz	a1,13908 <__sflush_r+0x144>
   138b0:	04440793          	addi	a5,s0,68
   138b4:	00f58863          	beq	a1,a5,138c4 <__sflush_r+0x100>
   138b8:	00048513          	mv	a0,s1
   138bc:	fffff097          	auipc	ra,0xfffff
   138c0:	14c080e7          	jalr	332(ra) # 12a08 <_free_r>
   138c4:	02042a23          	sw	zero,52(s0)
   138c8:	0400006f          	j	13908 <__sflush_r+0x144>
   138cc:	02042583          	lw	a1,32(s0)
   138d0:	00000613          	li	a2,0
   138d4:	00100693          	li	a3,1
   138d8:	00048513          	mv	a0,s1
   138dc:	000700e7          	jalr	a4
   138e0:	fff00793          	li	a5,-1
   138e4:	00050613          	mv	a2,a0
   138e8:	f2f518e3          	bne	a0,a5,13818 <__sflush_r+0x54>
   138ec:	0004a783          	lw	a5,0(s1)
   138f0:	f20784e3          	beqz	a5,13818 <__sflush_r+0x54>
   138f4:	fe378713          	addi	a4,a5,-29
   138f8:	00070663          	beqz	a4,13904 <__sflush_r+0x140>
   138fc:	fea78793          	addi	a5,a5,-22
   13900:	04079e63          	bnez	a5,1395c <__sflush_r+0x198>
   13904:	0124a023          	sw	s2,0(s1)
   13908:	00000513          	li	a0,0
   1390c:	0600006f          	j	1396c <__sflush_r+0x1a8>
   13910:	0105a603          	lw	a2,16(a1)
   13914:	fe060ae3          	beqz	a2,13908 <__sflush_r+0x144>
   13918:	0005a683          	lw	a3,0(a1)
   1391c:	0037f793          	andi	a5,a5,3
   13920:	00c5a023          	sw	a2,0(a1)
   13924:	40c68933          	sub	s2,a3,a2
   13928:	00000713          	li	a4,0
   1392c:	00079463          	bnez	a5,13934 <__sflush_r+0x170>
   13930:	0145a703          	lw	a4,20(a1)
   13934:	00e42423          	sw	a4,8(s0)
   13938:	fd2058e3          	blez	s2,13908 <__sflush_r+0x144>
   1393c:	02842783          	lw	a5,40(s0)
   13940:	02042583          	lw	a1,32(s0)
   13944:	00090693          	mv	a3,s2
   13948:	00048513          	mv	a0,s1
   1394c:	00c12623          	sw	a2,12(sp)
   13950:	000780e7          	jalr	a5
   13954:	00c12603          	lw	a2,12(sp)
   13958:	02a04663          	bgtz	a0,13984 <__sflush_r+0x1c0>
   1395c:	00c45783          	lhu	a5,12(s0)
   13960:	0407e793          	ori	a5,a5,64
   13964:	00f41623          	sh	a5,12(s0)
   13968:	fff00513          	li	a0,-1
   1396c:	01c12083          	lw	ra,28(sp)
   13970:	01812403          	lw	s0,24(sp)
   13974:	01412483          	lw	s1,20(sp)
   13978:	01012903          	lw	s2,16(sp)
   1397c:	02010113          	addi	sp,sp,32
   13980:	00008067          	ret
   13984:	00a60633          	add	a2,a2,a0
   13988:	40a90933          	sub	s2,s2,a0
   1398c:	fadff06f          	j	13938 <__sflush_r+0x174>

00013990 <_fflush_r>:
   13990:	0105a783          	lw	a5,16(a1)
   13994:	ff010113          	addi	sp,sp,-16
   13998:	00112623          	sw	ra,12(sp)
   1399c:	00812423          	sw	s0,8(sp)
   139a0:	00912223          	sw	s1,4(sp)
   139a4:	02079063          	bnez	a5,139c4 <_fflush_r+0x34>
   139a8:	00000493          	li	s1,0
   139ac:	00c12083          	lw	ra,12(sp)
   139b0:	00812403          	lw	s0,8(sp)
   139b4:	00048513          	mv	a0,s1
   139b8:	00412483          	lw	s1,4(sp)
   139bc:	01010113          	addi	sp,sp,16
   139c0:	00008067          	ret
   139c4:	00050493          	mv	s1,a0
   139c8:	00058413          	mv	s0,a1
   139cc:	00050a63          	beqz	a0,139e0 <_fflush_r+0x50>
   139d0:	02052783          	lw	a5,32(a0)
   139d4:	00079663          	bnez	a5,139e0 <_fflush_r+0x50>
   139d8:	00000097          	auipc	ra,0x0
   139dc:	268080e7          	jalr	616(ra) # 13c40 <__sinit>
   139e0:	00c41783          	lh	a5,12(s0)
   139e4:	fc0782e3          	beqz	a5,139a8 <_fflush_r+0x18>
   139e8:	06442703          	lw	a4,100(s0)
   139ec:	00177713          	andi	a4,a4,1
   139f0:	00071c63          	bnez	a4,13a08 <_fflush_r+0x78>
   139f4:	2007f793          	andi	a5,a5,512
   139f8:	00079863          	bnez	a5,13a08 <_fflush_r+0x78>
   139fc:	05842503          	lw	a0,88(s0)
   13a00:	fffff097          	auipc	ra,0xfffff
   13a04:	000080e7          	jalr	ra # 12a00 <__retarget_lock_acquire_recursive>
   13a08:	00048513          	mv	a0,s1
   13a0c:	00040593          	mv	a1,s0
   13a10:	00000097          	auipc	ra,0x0
   13a14:	db4080e7          	jalr	-588(ra) # 137c4 <__sflush_r>
   13a18:	06442783          	lw	a5,100(s0)
   13a1c:	00050493          	mv	s1,a0
   13a20:	0017f793          	andi	a5,a5,1
   13a24:	f80794e3          	bnez	a5,139ac <_fflush_r+0x1c>
   13a28:	00c45783          	lhu	a5,12(s0)
   13a2c:	2007f793          	andi	a5,a5,512
   13a30:	f6079ee3          	bnez	a5,139ac <_fflush_r+0x1c>
   13a34:	05842503          	lw	a0,88(s0)
   13a38:	fffff097          	auipc	ra,0xfffff
   13a3c:	fcc080e7          	jalr	-52(ra) # 12a04 <__retarget_lock_release_recursive>
   13a40:	f6dff06f          	j	139ac <_fflush_r+0x1c>

00013a44 <std>:
   13a44:	ff010113          	addi	sp,sp,-16
   13a48:	00812423          	sw	s0,8(sp)
   13a4c:	00112623          	sw	ra,12(sp)
   13a50:	00050413          	mv	s0,a0
   13a54:	00b51623          	sh	a1,12(a0)
   13a58:	00c51723          	sh	a2,14(a0)
   13a5c:	00052023          	sw	zero,0(a0)
   13a60:	00052223          	sw	zero,4(a0)
   13a64:	00052423          	sw	zero,8(a0)
   13a68:	06052223          	sw	zero,100(a0)
   13a6c:	00052823          	sw	zero,16(a0)
   13a70:	00052a23          	sw	zero,20(a0)
   13a74:	00052c23          	sw	zero,24(a0)
   13a78:	00800613          	li	a2,8
   13a7c:	00000593          	li	a1,0
   13a80:	05c50513          	addi	a0,a0,92
   13a84:	ffffd097          	auipc	ra,0xffffd
   13a88:	940080e7          	jalr	-1728(ra) # 103c4 <memset>
   13a8c:	00000797          	auipc	a5,0x0
   13a90:	50478793          	addi	a5,a5,1284 # 13f90 <__sread>
   13a94:	02f42223          	sw	a5,36(s0)
   13a98:	00000797          	auipc	a5,0x0
   13a9c:	54c78793          	addi	a5,a5,1356 # 13fe4 <__swrite>
   13aa0:	02f42423          	sw	a5,40(s0)
   13aa4:	00000797          	auipc	a5,0x0
   13aa8:	5cc78793          	addi	a5,a5,1484 # 14070 <__sseek>
   13aac:	02f42623          	sw	a5,44(s0)
   13ab0:	00000797          	auipc	a5,0x0
   13ab4:	61c78793          	addi	a5,a5,1564 # 140cc <__sclose>
   13ab8:	02f42823          	sw	a5,48(s0)
   13abc:	0000d717          	auipc	a4,0xd
   13ac0:	76470713          	addi	a4,a4,1892 # 21220 <__sf>
   13ac4:	0000d797          	auipc	a5,0xd
   13ac8:	7c478793          	addi	a5,a5,1988 # 21288 <__sf+0x68>
   13acc:	40f407b3          	sub	a5,s0,a5
   13ad0:	40e40733          	sub	a4,s0,a4
   13ad4:	0017b793          	seqz	a5,a5
   13ad8:	00173713          	seqz	a4,a4
   13adc:	02842023          	sw	s0,32(s0)
   13ae0:	00e7e7b3          	or	a5,a5,a4
   13ae4:	00079863          	bnez	a5,13af4 <std+0xb0>
   13ae8:	0000e797          	auipc	a5,0xe
   13aec:	80878793          	addi	a5,a5,-2040 # 212f0 <__sf+0xd0>
   13af0:	00f41e63          	bne	s0,a5,13b0c <std+0xc8>
   13af4:	05840513          	addi	a0,s0,88
   13af8:	00812403          	lw	s0,8(sp)
   13afc:	00c12083          	lw	ra,12(sp)
   13b00:	01010113          	addi	sp,sp,16
   13b04:	fffff317          	auipc	t1,0xfffff
   13b08:	ef830067          	jr	-264(t1) # 129fc <__retarget_lock_init_recursive>
   13b0c:	00c12083          	lw	ra,12(sp)
   13b10:	00812403          	lw	s0,8(sp)
   13b14:	01010113          	addi	sp,sp,16
   13b18:	00008067          	ret

00013b1c <stdio_exit_handler>:
   13b1c:	0000c617          	auipc	a2,0xc
   13b20:	53c60613          	addi	a2,a2,1340 # 20058 <__sglue>
   13b24:	00000597          	auipc	a1,0x0
   13b28:	e6c58593          	addi	a1,a1,-404 # 13990 <_fflush_r>
   13b2c:	0000c517          	auipc	a0,0xc
   13b30:	4e050513          	addi	a0,a0,1248 # 2000c <_impure_data>
   13b34:	00000317          	auipc	t1,0x0
   13b38:	16030067          	jr	352(t1) # 13c94 <_fwalk_sglue>

00013b3c <cleanup_stdio>:
   13b3c:	00452583          	lw	a1,4(a0)
   13b40:	ff010113          	addi	sp,sp,-16
   13b44:	00812423          	sw	s0,8(sp)
   13b48:	00112623          	sw	ra,12(sp)
   13b4c:	0000d797          	auipc	a5,0xd
   13b50:	6d478793          	addi	a5,a5,1748 # 21220 <__sf>
   13b54:	00050413          	mv	s0,a0
   13b58:	00f58663          	beq	a1,a5,13b64 <cleanup_stdio+0x28>
   13b5c:	00000097          	auipc	ra,0x0
   13b60:	e34080e7          	jalr	-460(ra) # 13990 <_fflush_r>
   13b64:	00842583          	lw	a1,8(s0)
   13b68:	0000d797          	auipc	a5,0xd
   13b6c:	72078793          	addi	a5,a5,1824 # 21288 <__sf+0x68>
   13b70:	00f58863          	beq	a1,a5,13b80 <cleanup_stdio+0x44>
   13b74:	00040513          	mv	a0,s0
   13b78:	00000097          	auipc	ra,0x0
   13b7c:	e18080e7          	jalr	-488(ra) # 13990 <_fflush_r>
   13b80:	00c42583          	lw	a1,12(s0)
   13b84:	0000d797          	auipc	a5,0xd
   13b88:	76c78793          	addi	a5,a5,1900 # 212f0 <__sf+0xd0>
   13b8c:	00f58e63          	beq	a1,a5,13ba8 <cleanup_stdio+0x6c>
   13b90:	00040513          	mv	a0,s0
   13b94:	00812403          	lw	s0,8(sp)
   13b98:	00c12083          	lw	ra,12(sp)
   13b9c:	01010113          	addi	sp,sp,16
   13ba0:	00000317          	auipc	t1,0x0
   13ba4:	df030067          	jr	-528(t1) # 13990 <_fflush_r>
   13ba8:	00c12083          	lw	ra,12(sp)
   13bac:	00812403          	lw	s0,8(sp)
   13bb0:	01010113          	addi	sp,sp,16
   13bb4:	00008067          	ret

00013bb8 <global_stdio_init.part.0>:
   13bb8:	ff010113          	addi	sp,sp,-16
   13bbc:	00000797          	auipc	a5,0x0
   13bc0:	f6078793          	addi	a5,a5,-160 # 13b1c <stdio_exit_handler>
   13bc4:	00000613          	li	a2,0
   13bc8:	00400593          	li	a1,4
   13bcc:	0000d517          	auipc	a0,0xd
   13bd0:	65450513          	addi	a0,a0,1620 # 21220 <__sf>
   13bd4:	00112623          	sw	ra,12(sp)
   13bd8:	0000d717          	auipc	a4,0xd
   13bdc:	e4f72a23          	sw	a5,-428(a4) # 20a2c <__stdio_exit_handler>
   13be0:	00000097          	auipc	ra,0x0
   13be4:	e64080e7          	jalr	-412(ra) # 13a44 <std>
   13be8:	00100613          	li	a2,1
   13bec:	00900593          	li	a1,9
   13bf0:	0000d517          	auipc	a0,0xd
   13bf4:	69850513          	addi	a0,a0,1688 # 21288 <__sf+0x68>
   13bf8:	00000097          	auipc	ra,0x0
   13bfc:	e4c080e7          	jalr	-436(ra) # 13a44 <std>
   13c00:	00c12083          	lw	ra,12(sp)
   13c04:	00200613          	li	a2,2
   13c08:	01200593          	li	a1,18
   13c0c:	0000d517          	auipc	a0,0xd
   13c10:	6e450513          	addi	a0,a0,1764 # 212f0 <__sf+0xd0>
   13c14:	01010113          	addi	sp,sp,16
   13c18:	00000317          	auipc	t1,0x0
   13c1c:	e2c30067          	jr	-468(t1) # 13a44 <std>

00013c20 <__sfp_lock_acquire>:
   13c20:	0000d517          	auipc	a0,0xd
   13c24:	e0050513          	addi	a0,a0,-512 # 20a20 <__lock___sfp_recursive_mutex>
   13c28:	fffff317          	auipc	t1,0xfffff
   13c2c:	dd830067          	jr	-552(t1) # 12a00 <__retarget_lock_acquire_recursive>

00013c30 <__sfp_lock_release>:
   13c30:	0000d517          	auipc	a0,0xd
   13c34:	df050513          	addi	a0,a0,-528 # 20a20 <__lock___sfp_recursive_mutex>
   13c38:	fffff317          	auipc	t1,0xfffff
   13c3c:	dcc30067          	jr	-564(t1) # 12a04 <__retarget_lock_release_recursive>

00013c40 <__sinit>:
   13c40:	fe010113          	addi	sp,sp,-32
   13c44:	00a12623          	sw	a0,12(sp)
   13c48:	00112e23          	sw	ra,28(sp)
   13c4c:	00000097          	auipc	ra,0x0
   13c50:	fd4080e7          	jalr	-44(ra) # 13c20 <__sfp_lock_acquire>
   13c54:	00c12503          	lw	a0,12(sp)
   13c58:	02052783          	lw	a5,32(a0)
   13c5c:	00078a63          	beqz	a5,13c70 <__sinit+0x30>
   13c60:	01c12083          	lw	ra,28(sp)
   13c64:	02010113          	addi	sp,sp,32
   13c68:	00000317          	auipc	t1,0x0
   13c6c:	fc830067          	jr	-56(t1) # 13c30 <__sfp_lock_release>
   13c70:	00000797          	auipc	a5,0x0
   13c74:	ecc78793          	addi	a5,a5,-308 # 13b3c <cleanup_stdio>
   13c78:	02f52023          	sw	a5,32(a0)
   13c7c:	0000d797          	auipc	a5,0xd
   13c80:	db07a783          	lw	a5,-592(a5) # 20a2c <__stdio_exit_handler>
   13c84:	fc079ee3          	bnez	a5,13c60 <__sinit+0x20>
   13c88:	00000097          	auipc	ra,0x0
   13c8c:	f30080e7          	jalr	-208(ra) # 13bb8 <global_stdio_init.part.0>
   13c90:	fd1ff06f          	j	13c60 <__sinit+0x20>

00013c94 <_fwalk_sglue>:
   13c94:	fd010113          	addi	sp,sp,-48
   13c98:	02812423          	sw	s0,40(sp)
   13c9c:	03212023          	sw	s2,32(sp)
   13ca0:	01312e23          	sw	s3,28(sp)
   13ca4:	01412c23          	sw	s4,24(sp)
   13ca8:	01512a23          	sw	s5,20(sp)
   13cac:	02112623          	sw	ra,44(sp)
   13cb0:	02912223          	sw	s1,36(sp)
   13cb4:	00050a13          	mv	s4,a0
   13cb8:	00058a93          	mv	s5,a1
   13cbc:	00000413          	li	s0,0
   13cc0:	00100913          	li	s2,1
   13cc4:	fff00993          	li	s3,-1
   13cc8:	00862583          	lw	a1,8(a2)
   13ccc:	00462483          	lw	s1,4(a2)
   13cd0:	fff48493          	addi	s1,s1,-1
   13cd4:	0204da63          	bgez	s1,13d08 <_fwalk_sglue+0x74>
   13cd8:	00062603          	lw	a2,0(a2)
   13cdc:	fe0616e3          	bnez	a2,13cc8 <_fwalk_sglue+0x34>
   13ce0:	02c12083          	lw	ra,44(sp)
   13ce4:	00040513          	mv	a0,s0
   13ce8:	02812403          	lw	s0,40(sp)
   13cec:	02412483          	lw	s1,36(sp)
   13cf0:	02012903          	lw	s2,32(sp)
   13cf4:	01c12983          	lw	s3,28(sp)
   13cf8:	01812a03          	lw	s4,24(sp)
   13cfc:	01412a83          	lw	s5,20(sp)
   13d00:	03010113          	addi	sp,sp,48
   13d04:	00008067          	ret
   13d08:	00c5d783          	lhu	a5,12(a1)
   13d0c:	02f97463          	bgeu	s2,a5,13d34 <_fwalk_sglue+0xa0>
   13d10:	00e59783          	lh	a5,14(a1)
   13d14:	03378063          	beq	a5,s3,13d34 <_fwalk_sglue+0xa0>
   13d18:	000a0513          	mv	a0,s4
   13d1c:	00c12623          	sw	a2,12(sp)
   13d20:	00b12423          	sw	a1,8(sp)
   13d24:	000a80e7          	jalr	s5
   13d28:	00c12603          	lw	a2,12(sp)
   13d2c:	00812583          	lw	a1,8(sp)
   13d30:	00a46433          	or	s0,s0,a0
   13d34:	06858593          	addi	a1,a1,104
   13d38:	f99ff06f          	j	13cd0 <_fwalk_sglue+0x3c>

00013d3c <__swhatbuf_r>:
   13d3c:	f8010113          	addi	sp,sp,-128
   13d40:	06812c23          	sw	s0,120(sp)
   13d44:	00058413          	mv	s0,a1
   13d48:	00e59583          	lh	a1,14(a1)
   13d4c:	06912a23          	sw	s1,116(sp)
   13d50:	06112e23          	sw	ra,124(sp)
   13d54:	00060493          	mv	s1,a2
   13d58:	0205da63          	bgez	a1,13d8c <__swhatbuf_r+0x50>
   13d5c:	00c45783          	lhu	a5,12(s0)
   13d60:	0807f793          	andi	a5,a5,128
   13d64:	04079e63          	bnez	a5,13dc0 <__swhatbuf_r+0x84>
   13d68:	40000713          	li	a4,1024
   13d6c:	07c12083          	lw	ra,124(sp)
   13d70:	07812403          	lw	s0,120(sp)
   13d74:	00f6a023          	sw	a5,0(a3)
   13d78:	00e4a023          	sw	a4,0(s1)
   13d7c:	00000513          	li	a0,0
   13d80:	07412483          	lw	s1,116(sp)
   13d84:	08010113          	addi	sp,sp,128
   13d88:	00008067          	ret
   13d8c:	01810613          	addi	a2,sp,24
   13d90:	00d12623          	sw	a3,12(sp)
   13d94:	00000097          	auipc	ra,0x0
   13d98:	3b4080e7          	jalr	948(ra) # 14148 <_fstat_r>
   13d9c:	00c12683          	lw	a3,12(sp)
   13da0:	fa054ee3          	bltz	a0,13d5c <__swhatbuf_r+0x20>
   13da4:	01c12783          	lw	a5,28(sp)
   13da8:	0000f737          	lui	a4,0xf
   13dac:	00e7f7b3          	and	a5,a5,a4
   13db0:	ffffe737          	lui	a4,0xffffe
   13db4:	00e787b3          	add	a5,a5,a4
   13db8:	0017b793          	seqz	a5,a5
   13dbc:	fadff06f          	j	13d68 <__swhatbuf_r+0x2c>
   13dc0:	00000793          	li	a5,0
   13dc4:	04000713          	li	a4,64
   13dc8:	fa5ff06f          	j	13d6c <__swhatbuf_r+0x30>

00013dcc <__smakebuf_r>:
   13dcc:	00c5d703          	lhu	a4,12(a1)
   13dd0:	fd010113          	addi	sp,sp,-48
   13dd4:	02812423          	sw	s0,40(sp)
   13dd8:	02112623          	sw	ra,44(sp)
   13ddc:	02912223          	sw	s1,36(sp)
   13de0:	00277713          	andi	a4,a4,2
   13de4:	00058413          	mv	s0,a1
   13de8:	02070663          	beqz	a4,13e14 <__smakebuf_r+0x48>
   13dec:	04740793          	addi	a5,s0,71
   13df0:	00f42023          	sw	a5,0(s0)
   13df4:	00f42823          	sw	a5,16(s0)
   13df8:	00100793          	li	a5,1
   13dfc:	00f42a23          	sw	a5,20(s0)
   13e00:	02c12083          	lw	ra,44(sp)
   13e04:	02812403          	lw	s0,40(sp)
   13e08:	02412483          	lw	s1,36(sp)
   13e0c:	03010113          	addi	sp,sp,48
   13e10:	00008067          	ret
   13e14:	01c10693          	addi	a3,sp,28
   13e18:	01810613          	addi	a2,sp,24
   13e1c:	00050493          	mv	s1,a0
   13e20:	00000097          	auipc	ra,0x0
   13e24:	f1c080e7          	jalr	-228(ra) # 13d3c <__swhatbuf_r>
   13e28:	01812583          	lw	a1,24(sp)
   13e2c:	00048513          	mv	a0,s1
   13e30:	00b12623          	sw	a1,12(sp)
   13e34:	fffff097          	auipc	ra,0xfffff
   13e38:	d74080e7          	jalr	-652(ra) # 12ba8 <_malloc_r>
   13e3c:	00c41783          	lh	a5,12(s0)
   13e40:	00c12583          	lw	a1,12(sp)
   13e44:	00051e63          	bnez	a0,13e60 <__smakebuf_r+0x94>
   13e48:	2007f713          	andi	a4,a5,512
   13e4c:	fa071ae3          	bnez	a4,13e00 <__smakebuf_r+0x34>
   13e50:	ffc7f793          	andi	a5,a5,-4
   13e54:	0027e793          	ori	a5,a5,2
   13e58:	00f41623          	sh	a5,12(s0)
   13e5c:	f91ff06f          	j	13dec <__smakebuf_r+0x20>
   13e60:	0807e793          	ori	a5,a5,128
   13e64:	00f41623          	sh	a5,12(s0)
   13e68:	01c12783          	lw	a5,28(sp)
   13e6c:	00a42023          	sw	a0,0(s0)
   13e70:	00a42823          	sw	a0,16(s0)
   13e74:	00b42a23          	sw	a1,20(s0)
   13e78:	f80784e3          	beqz	a5,13e00 <__smakebuf_r+0x34>
   13e7c:	00e41583          	lh	a1,14(s0)
   13e80:	00048513          	mv	a0,s1
   13e84:	00000097          	auipc	ra,0x0
   13e88:	314080e7          	jalr	788(ra) # 14198 <_isatty_r>
   13e8c:	f6050ae3          	beqz	a0,13e00 <__smakebuf_r+0x34>
   13e90:	00c45783          	lhu	a5,12(s0)
   13e94:	ffc7f793          	andi	a5,a5,-4
   13e98:	0017e793          	ori	a5,a5,1
   13e9c:	00f41623          	sh	a5,12(s0)
   13ea0:	f61ff06f          	j	13e00 <__smakebuf_r+0x34>

00013ea4 <_putc_r>:
   13ea4:	fe010113          	addi	sp,sp,-32
   13ea8:	00812c23          	sw	s0,24(sp)
   13eac:	00912a23          	sw	s1,20(sp)
   13eb0:	00112e23          	sw	ra,28(sp)
   13eb4:	00050493          	mv	s1,a0
   13eb8:	00060413          	mv	s0,a2
   13ebc:	00050e63          	beqz	a0,13ed8 <_putc_r+0x34>
   13ec0:	02052783          	lw	a5,32(a0)
   13ec4:	00079a63          	bnez	a5,13ed8 <_putc_r+0x34>
   13ec8:	00b12623          	sw	a1,12(sp)
   13ecc:	00000097          	auipc	ra,0x0
   13ed0:	d74080e7          	jalr	-652(ra) # 13c40 <__sinit>
   13ed4:	00c12583          	lw	a1,12(sp)
   13ed8:	06442783          	lw	a5,100(s0)
   13edc:	0017f793          	andi	a5,a5,1
   13ee0:	02079263          	bnez	a5,13f04 <_putc_r+0x60>
   13ee4:	00c45783          	lhu	a5,12(s0)
   13ee8:	2007f793          	andi	a5,a5,512
   13eec:	00079c63          	bnez	a5,13f04 <_putc_r+0x60>
   13ef0:	05842503          	lw	a0,88(s0)
   13ef4:	00b12623          	sw	a1,12(sp)
   13ef8:	fffff097          	auipc	ra,0xfffff
   13efc:	b08080e7          	jalr	-1272(ra) # 12a00 <__retarget_lock_acquire_recursive>
   13f00:	00c12583          	lw	a1,12(sp)
   13f04:	00842783          	lw	a5,8(s0)
   13f08:	0ff5f713          	zext.b	a4,a1
   13f0c:	fff78793          	addi	a5,a5,-1
   13f10:	00f42423          	sw	a5,8(s0)
   13f14:	0007da63          	bgez	a5,13f28 <_putc_r+0x84>
   13f18:	01842683          	lw	a3,24(s0)
   13f1c:	04d7ce63          	blt	a5,a3,13f78 <_putc_r+0xd4>
   13f20:	ff670793          	addi	a5,a4,-10 # ffffdff6 <__stack_top__+0xfffcdff6>
   13f24:	04078a63          	beqz	a5,13f78 <_putc_r+0xd4>
   13f28:	00042783          	lw	a5,0(s0)
   13f2c:	0ff5f493          	zext.b	s1,a1
   13f30:	00178693          	addi	a3,a5,1
   13f34:	00d42023          	sw	a3,0(s0)
   13f38:	00e78023          	sb	a4,0(a5)
   13f3c:	06442783          	lw	a5,100(s0)
   13f40:	0017f793          	andi	a5,a5,1
   13f44:	00079e63          	bnez	a5,13f60 <_putc_r+0xbc>
   13f48:	00c45783          	lhu	a5,12(s0)
   13f4c:	2007f793          	andi	a5,a5,512
   13f50:	00079863          	bnez	a5,13f60 <_putc_r+0xbc>
   13f54:	05842503          	lw	a0,88(s0)
   13f58:	fffff097          	auipc	ra,0xfffff
   13f5c:	aac080e7          	jalr	-1364(ra) # 12a04 <__retarget_lock_release_recursive>
   13f60:	01c12083          	lw	ra,28(sp)
   13f64:	01812403          	lw	s0,24(sp)
   13f68:	00048513          	mv	a0,s1
   13f6c:	01412483          	lw	s1,20(sp)
   13f70:	02010113          	addi	sp,sp,32
   13f74:	00008067          	ret
   13f78:	00048513          	mv	a0,s1
   13f7c:	00040613          	mv	a2,s0
   13f80:	fffff097          	auipc	ra,0xfffff
   13f84:	848080e7          	jalr	-1976(ra) # 127c8 <__swbuf_r>
   13f88:	00050493          	mv	s1,a0
   13f8c:	fb1ff06f          	j	13f3c <_putc_r+0x98>

00013f90 <__sread>:
   13f90:	ff010113          	addi	sp,sp,-16
   13f94:	00812423          	sw	s0,8(sp)
   13f98:	00058413          	mv	s0,a1
   13f9c:	00e59583          	lh	a1,14(a1)
   13fa0:	00112623          	sw	ra,12(sp)
   13fa4:	00000097          	auipc	ra,0x0
   13fa8:	294080e7          	jalr	660(ra) # 14238 <_read_r>
   13fac:	02054063          	bltz	a0,13fcc <__sread+0x3c>
   13fb0:	05442783          	lw	a5,84(s0)
   13fb4:	00a787b3          	add	a5,a5,a0
   13fb8:	04f42a23          	sw	a5,84(s0)
   13fbc:	00c12083          	lw	ra,12(sp)
   13fc0:	00812403          	lw	s0,8(sp)
   13fc4:	01010113          	addi	sp,sp,16
   13fc8:	00008067          	ret
   13fcc:	00c45783          	lhu	a5,12(s0)
   13fd0:	fffff737          	lui	a4,0xfffff
   13fd4:	fff70713          	addi	a4,a4,-1 # ffffefff <__stack_top__+0xfffcefff>
   13fd8:	00e7f7b3          	and	a5,a5,a4
   13fdc:	00f41623          	sh	a5,12(s0)
   13fe0:	fddff06f          	j	13fbc <__sread+0x2c>

00013fe4 <__swrite>:
   13fe4:	00c5d783          	lhu	a5,12(a1)
   13fe8:	fe010113          	addi	sp,sp,-32
   13fec:	00812c23          	sw	s0,24(sp)
   13ff0:	00912a23          	sw	s1,20(sp)
   13ff4:	01212823          	sw	s2,16(sp)
   13ff8:	01312623          	sw	s3,12(sp)
   13ffc:	00112e23          	sw	ra,28(sp)
   14000:	1007f793          	andi	a5,a5,256
   14004:	00050493          	mv	s1,a0
   14008:	00058413          	mv	s0,a1
   1400c:	00060913          	mv	s2,a2
   14010:	00068993          	mv	s3,a3
   14014:	00078c63          	beqz	a5,1402c <__swrite+0x48>
   14018:	00e59583          	lh	a1,14(a1)
   1401c:	00200693          	li	a3,2
   14020:	00000613          	li	a2,0
   14024:	00000097          	auipc	ra,0x0
   14028:	1c0080e7          	jalr	448(ra) # 141e4 <_lseek_r>
   1402c:	00c45783          	lhu	a5,12(s0)
   14030:	fffff737          	lui	a4,0xfffff
   14034:	fff70713          	addi	a4,a4,-1 # ffffefff <__stack_top__+0xfffcefff>
   14038:	00e7f7b3          	and	a5,a5,a4
   1403c:	00e41583          	lh	a1,14(s0)
   14040:	00f41623          	sh	a5,12(s0)
   14044:	01812403          	lw	s0,24(sp)
   14048:	01c12083          	lw	ra,28(sp)
   1404c:	00098693          	mv	a3,s3
   14050:	00090613          	mv	a2,s2
   14054:	00c12983          	lw	s3,12(sp)
   14058:	01012903          	lw	s2,16(sp)
   1405c:	00048513          	mv	a0,s1
   14060:	01412483          	lw	s1,20(sp)
   14064:	02010113          	addi	sp,sp,32
   14068:	00000317          	auipc	t1,0x0
   1406c:	27030067          	jr	624(t1) # 142d8 <_write_r>

00014070 <__sseek>:
   14070:	ff010113          	addi	sp,sp,-16
   14074:	00812423          	sw	s0,8(sp)
   14078:	00058413          	mv	s0,a1
   1407c:	00e59583          	lh	a1,14(a1)
   14080:	00112623          	sw	ra,12(sp)
   14084:	00000097          	auipc	ra,0x0
   14088:	160080e7          	jalr	352(ra) # 141e4 <_lseek_r>
   1408c:	fff00713          	li	a4,-1
   14090:	00c41783          	lh	a5,12(s0)
   14094:	02e51263          	bne	a0,a4,140b8 <__sseek+0x48>
   14098:	80050713          	addi	a4,a0,-2048
   1409c:	80070713          	addi	a4,a4,-2048
   140a0:	00e7f7b3          	and	a5,a5,a4
   140a4:	00f41623          	sh	a5,12(s0)
   140a8:	00c12083          	lw	ra,12(sp)
   140ac:	00812403          	lw	s0,8(sp)
   140b0:	01010113          	addi	sp,sp,16
   140b4:	00008067          	ret
   140b8:	00001737          	lui	a4,0x1
   140bc:	00e7e7b3          	or	a5,a5,a4
   140c0:	00f41623          	sh	a5,12(s0)
   140c4:	04a42a23          	sw	a0,84(s0)
   140c8:	fe1ff06f          	j	140a8 <__sseek+0x38>

000140cc <__sclose>:
   140cc:	00e59583          	lh	a1,14(a1)
   140d0:	00000317          	auipc	t1,0x0
   140d4:	02c30067          	jr	44(t1) # 140fc <_close_r>

000140d8 <memchr>:
   140d8:	0ff5f593          	zext.b	a1,a1
   140dc:	00c50633          	add	a2,a0,a2
   140e0:	00c51663          	bne	a0,a2,140ec <memchr+0x14>
   140e4:	00000513          	li	a0,0
   140e8:	00008067          	ret
   140ec:	00054783          	lbu	a5,0(a0)
   140f0:	feb78ce3          	beq	a5,a1,140e8 <memchr+0x10>
   140f4:	00150513          	addi	a0,a0,1
   140f8:	fe9ff06f          	j	140e0 <memchr+0x8>

000140fc <_close_r>:
   140fc:	ff010113          	addi	sp,sp,-16
   14100:	00812423          	sw	s0,8(sp)
   14104:	00050413          	mv	s0,a0
   14108:	00058513          	mv	a0,a1
   1410c:	0000d797          	auipc	a5,0xd
   14110:	9007a623          	sw	zero,-1780(a5) # 20a18 <errno>
   14114:	00112623          	sw	ra,12(sp)
   14118:	ffffc097          	auipc	ra,0xffffc
   1411c:	410080e7          	jalr	1040(ra) # 10528 <_close>
   14120:	fff00793          	li	a5,-1
   14124:	00f51a63          	bne	a0,a5,14138 <_close_r+0x3c>
   14128:	0000d797          	auipc	a5,0xd
   1412c:	8f07a783          	lw	a5,-1808(a5) # 20a18 <errno>
   14130:	00078463          	beqz	a5,14138 <_close_r+0x3c>
   14134:	00f42023          	sw	a5,0(s0)
   14138:	00c12083          	lw	ra,12(sp)
   1413c:	00812403          	lw	s0,8(sp)
   14140:	01010113          	addi	sp,sp,16
   14144:	00008067          	ret

00014148 <_fstat_r>:
   14148:	ff010113          	addi	sp,sp,-16
   1414c:	00812423          	sw	s0,8(sp)
   14150:	00050413          	mv	s0,a0
   14154:	00058513          	mv	a0,a1
   14158:	00060593          	mv	a1,a2
   1415c:	0000d797          	auipc	a5,0xd
   14160:	8a07ae23          	sw	zero,-1860(a5) # 20a18 <errno>
   14164:	00112623          	sw	ra,12(sp)
   14168:	ffffc097          	auipc	ra,0xffffc
   1416c:	3c8080e7          	jalr	968(ra) # 10530 <_fstat>
   14170:	fff00793          	li	a5,-1
   14174:	00f51a63          	bne	a0,a5,14188 <_fstat_r+0x40>
   14178:	0000d797          	auipc	a5,0xd
   1417c:	8a07a783          	lw	a5,-1888(a5) # 20a18 <errno>
   14180:	00078463          	beqz	a5,14188 <_fstat_r+0x40>
   14184:	00f42023          	sw	a5,0(s0)
   14188:	00c12083          	lw	ra,12(sp)
   1418c:	00812403          	lw	s0,8(sp)
   14190:	01010113          	addi	sp,sp,16
   14194:	00008067          	ret

00014198 <_isatty_r>:
   14198:	ff010113          	addi	sp,sp,-16
   1419c:	00812423          	sw	s0,8(sp)
   141a0:	00050413          	mv	s0,a0
   141a4:	00058513          	mv	a0,a1
   141a8:	0000d797          	auipc	a5,0xd
   141ac:	8607a823          	sw	zero,-1936(a5) # 20a18 <errno>
   141b0:	00112623          	sw	ra,12(sp)
   141b4:	ffffc097          	auipc	ra,0xffffc
   141b8:	38c080e7          	jalr	908(ra) # 10540 <_isatty>
   141bc:	fff00793          	li	a5,-1
   141c0:	00f51a63          	bne	a0,a5,141d4 <_isatty_r+0x3c>
   141c4:	0000d797          	auipc	a5,0xd
   141c8:	8547a783          	lw	a5,-1964(a5) # 20a18 <errno>
   141cc:	00078463          	beqz	a5,141d4 <_isatty_r+0x3c>
   141d0:	00f42023          	sw	a5,0(s0)
   141d4:	00c12083          	lw	ra,12(sp)
   141d8:	00812403          	lw	s0,8(sp)
   141dc:	01010113          	addi	sp,sp,16
   141e0:	00008067          	ret

000141e4 <_lseek_r>:
   141e4:	ff010113          	addi	sp,sp,-16
   141e8:	00812423          	sw	s0,8(sp)
   141ec:	00050413          	mv	s0,a0
   141f0:	00058513          	mv	a0,a1
   141f4:	00060593          	mv	a1,a2
   141f8:	00068613          	mv	a2,a3
   141fc:	0000d797          	auipc	a5,0xd
   14200:	8007ae23          	sw	zero,-2020(a5) # 20a18 <errno>
   14204:	00112623          	sw	ra,12(sp)
   14208:	ffffc097          	auipc	ra,0xffffc
   1420c:	340080e7          	jalr	832(ra) # 10548 <_lseek>
   14210:	fff00793          	li	a5,-1
   14214:	00f51a63          	bne	a0,a5,14228 <_lseek_r+0x44>
   14218:	0000d797          	auipc	a5,0xd
   1421c:	8007a783          	lw	a5,-2048(a5) # 20a18 <errno>
   14220:	00078463          	beqz	a5,14228 <_lseek_r+0x44>
   14224:	00f42023          	sw	a5,0(s0)
   14228:	00c12083          	lw	ra,12(sp)
   1422c:	00812403          	lw	s0,8(sp)
   14230:	01010113          	addi	sp,sp,16
   14234:	00008067          	ret

00014238 <_read_r>:
   14238:	ff010113          	addi	sp,sp,-16
   1423c:	00812423          	sw	s0,8(sp)
   14240:	00050413          	mv	s0,a0
   14244:	00058513          	mv	a0,a1
   14248:	00060593          	mv	a1,a2
   1424c:	00068613          	mv	a2,a3
   14250:	0000c797          	auipc	a5,0xc
   14254:	7c07a423          	sw	zero,1992(a5) # 20a18 <errno>
   14258:	00112623          	sw	ra,12(sp)
   1425c:	ffffc097          	auipc	ra,0xffffc
   14260:	2f4080e7          	jalr	756(ra) # 10550 <_read>
   14264:	fff00793          	li	a5,-1
   14268:	00f51a63          	bne	a0,a5,1427c <_read_r+0x44>
   1426c:	0000c797          	auipc	a5,0xc
   14270:	7ac7a783          	lw	a5,1964(a5) # 20a18 <errno>
   14274:	00078463          	beqz	a5,1427c <_read_r+0x44>
   14278:	00f42023          	sw	a5,0(s0)
   1427c:	00c12083          	lw	ra,12(sp)
   14280:	00812403          	lw	s0,8(sp)
   14284:	01010113          	addi	sp,sp,16
   14288:	00008067          	ret

0001428c <_sbrk_r>:
   1428c:	ff010113          	addi	sp,sp,-16
   14290:	00812423          	sw	s0,8(sp)
   14294:	00050413          	mv	s0,a0
   14298:	00058513          	mv	a0,a1
   1429c:	0000c797          	auipc	a5,0xc
   142a0:	7607ae23          	sw	zero,1916(a5) # 20a18 <errno>
   142a4:	00112623          	sw	ra,12(sp)
   142a8:	ffffc097          	auipc	ra,0xffffc
   142ac:	2b0080e7          	jalr	688(ra) # 10558 <_sbrk>
   142b0:	fff00793          	li	a5,-1
   142b4:	00f51a63          	bne	a0,a5,142c8 <_sbrk_r+0x3c>
   142b8:	0000c797          	auipc	a5,0xc
   142bc:	7607a783          	lw	a5,1888(a5) # 20a18 <errno>
   142c0:	00078463          	beqz	a5,142c8 <_sbrk_r+0x3c>
   142c4:	00f42023          	sw	a5,0(s0)
   142c8:	00c12083          	lw	ra,12(sp)
   142cc:	00812403          	lw	s0,8(sp)
   142d0:	01010113          	addi	sp,sp,16
   142d4:	00008067          	ret

000142d8 <_write_r>:
   142d8:	ff010113          	addi	sp,sp,-16
   142dc:	00812423          	sw	s0,8(sp)
   142e0:	00050413          	mv	s0,a0
   142e4:	00058513          	mv	a0,a1
   142e8:	00060593          	mv	a1,a2
   142ec:	00068613          	mv	a2,a3
   142f0:	0000c797          	auipc	a5,0xc
   142f4:	7207a423          	sw	zero,1832(a5) # 20a18 <errno>
   142f8:	00112623          	sw	ra,12(sp)
   142fc:	ffffc097          	auipc	ra,0xffffc
   14300:	2a4080e7          	jalr	676(ra) # 105a0 <_write>
   14304:	fff00793          	li	a5,-1
   14308:	00f51a63          	bne	a0,a5,1431c <_write_r+0x44>
   1430c:	0000c797          	auipc	a5,0xc
   14310:	70c7a783          	lw	a5,1804(a5) # 20a18 <errno>
   14314:	00078463          	beqz	a5,1431c <_write_r+0x44>
   14318:	00f42023          	sw	a5,0(s0)
   1431c:	00c12083          	lw	ra,12(sp)
   14320:	00812403          	lw	s0,8(sp)
   14324:	01010113          	addi	sp,sp,16
   14328:	00008067          	ret

0001432c <__udivdi3>:
   1432c:	00060813          	mv	a6,a2
   14330:	00050793          	mv	a5,a0
   14334:	00058893          	mv	a7,a1
   14338:	0c069c63          	bnez	a3,14410 <__udivdi3+0xe4>
   1433c:	22c5fa63          	bgeu	a1,a2,14570 <__udivdi3+0x244>
   14340:	00010737          	lui	a4,0x10
   14344:	36e66863          	bltu	a2,a4,146b4 <__udivdi3+0x388>
   14348:	01000737          	lui	a4,0x1000
   1434c:	01800313          	li	t1,24
   14350:	00e67463          	bgeu	a2,a4,14358 <__udivdi3+0x2c>
   14354:	01000313          	li	t1,16
   14358:	006656b3          	srl	a3,a2,t1
   1435c:	0000c717          	auipc	a4,0xc
   14360:	5bc70713          	addi	a4,a4,1468 # 20918 <__clz_tab>
   14364:	00d70733          	add	a4,a4,a3
   14368:	00074703          	lbu	a4,0(a4)
   1436c:	02000693          	li	a3,32
   14370:	00670733          	add	a4,a4,t1
   14374:	00d70e63          	beq	a4,a3,14390 <__udivdi3+0x64>
   14378:	40e686b3          	sub	a3,a3,a4
   1437c:	00d598b3          	sll	a7,a1,a3
   14380:	00e55733          	srl	a4,a0,a4
   14384:	00d61833          	sll	a6,a2,a3
   14388:	00d517b3          	sll	a5,a0,a3
   1438c:	011768b3          	or	a7,a4,a7
   14390:	01085613          	srli	a2,a6,0x10
   14394:	02c8d533          	divu	a0,a7,a2
   14398:	01081693          	slli	a3,a6,0x10
   1439c:	0106d693          	srli	a3,a3,0x10
   143a0:	0107d713          	srli	a4,a5,0x10
   143a4:	02c8f8b3          	remu	a7,a7,a2
   143a8:	02a685b3          	mul	a1,a3,a0
   143ac:	01089893          	slli	a7,a7,0x10
   143b0:	01176733          	or	a4,a4,a7
   143b4:	00b77c63          	bgeu	a4,a1,143cc <__udivdi3+0xa0>
   143b8:	00e808b3          	add	a7,a6,a4
   143bc:	00088713          	mv	a4,a7
   143c0:	00b8f463          	bgeu	a7,a1,143c8 <__udivdi3+0x9c>
   143c4:	3908f463          	bgeu	a7,a6,1474c <__udivdi3+0x420>
   143c8:	fff50513          	addi	a0,a0,-1
   143cc:	40b70733          	sub	a4,a4,a1
   143d0:	02c755b3          	divu	a1,a4,a2
   143d4:	01079793          	slli	a5,a5,0x10
   143d8:	0107d793          	srli	a5,a5,0x10
   143dc:	02c77733          	remu	a4,a4,a2
   143e0:	02b686b3          	mul	a3,a3,a1
   143e4:	01071713          	slli	a4,a4,0x10
   143e8:	00e7e7b3          	or	a5,a5,a4
   143ec:	00d7fa63          	bgeu	a5,a3,14400 <__udivdi3+0xd4>
   143f0:	00f807b3          	add	a5,a6,a5
   143f4:	00d7f463          	bgeu	a5,a3,143fc <__udivdi3+0xd0>
   143f8:	3507f663          	bgeu	a5,a6,14744 <__udivdi3+0x418>
   143fc:	fff58593          	addi	a1,a1,-1
   14400:	01051513          	slli	a0,a0,0x10
   14404:	00b56533          	or	a0,a0,a1
   14408:	00000593          	li	a1,0
   1440c:	00008067          	ret
   14410:	00d5f863          	bgeu	a1,a3,14420 <__udivdi3+0xf4>
   14414:	00000593          	li	a1,0
   14418:	00000513          	li	a0,0
   1441c:	00008067          	ret
   14420:	000107b7          	lui	a5,0x10
   14424:	2af6e663          	bltu	a3,a5,146d0 <__udivdi3+0x3a4>
   14428:	01000737          	lui	a4,0x1000
   1442c:	01800793          	li	a5,24
   14430:	00e6f463          	bgeu	a3,a4,14438 <__udivdi3+0x10c>
   14434:	01000793          	li	a5,16
   14438:	00f6d833          	srl	a6,a3,a5
   1443c:	0000c717          	auipc	a4,0xc
   14440:	4dc70713          	addi	a4,a4,1244 # 20918 <__clz_tab>
   14444:	01070733          	add	a4,a4,a6
   14448:	00074703          	lbu	a4,0(a4)
   1444c:	02000813          	li	a6,32
   14450:	00f70733          	add	a4,a4,a5
   14454:	29070663          	beq	a4,a6,146e0 <__udivdi3+0x3b4>
   14458:	40e80833          	sub	a6,a6,a4
   1445c:	00e658b3          	srl	a7,a2,a4
   14460:	010696b3          	sll	a3,a3,a6
   14464:	00d8e8b3          	or	a7,a7,a3
   14468:	00e5d333          	srl	t1,a1,a4
   1446c:	0108de93          	srli	t4,a7,0x10
   14470:	03d357b3          	divu	a5,t1,t4
   14474:	01089e13          	slli	t3,a7,0x10
   14478:	010595b3          	sll	a1,a1,a6
   1447c:	010e5e13          	srli	t3,t3,0x10
   14480:	00e55733          	srl	a4,a0,a4
   14484:	00b76733          	or	a4,a4,a1
   14488:	01075693          	srli	a3,a4,0x10
   1448c:	01061633          	sll	a2,a2,a6
   14490:	03d37333          	remu	t1,t1,t4
   14494:	02fe05b3          	mul	a1,t3,a5
   14498:	01031313          	slli	t1,t1,0x10
   1449c:	0066e6b3          	or	a3,a3,t1
   144a0:	00b6fc63          	bgeu	a3,a1,144b8 <__udivdi3+0x18c>
   144a4:	00d88333          	add	t1,a7,a3
   144a8:	00030693          	mv	a3,t1
   144ac:	00b37463          	bgeu	t1,a1,144b4 <__udivdi3+0x188>
   144b0:	2d137c63          	bgeu	t1,a7,14788 <__udivdi3+0x45c>
   144b4:	fff78793          	addi	a5,a5,-1 # ffff <__HEAP_SIZE+0xdfff>
   144b8:	40b686b3          	sub	a3,a3,a1
   144bc:	03d6d333          	divu	t1,a3,t4
   144c0:	01071713          	slli	a4,a4,0x10
   144c4:	01075713          	srli	a4,a4,0x10
   144c8:	03d6f6b3          	remu	a3,a3,t4
   144cc:	026e05b3          	mul	a1,t3,t1
   144d0:	01069693          	slli	a3,a3,0x10
   144d4:	00d76733          	or	a4,a4,a3
   144d8:	00b77c63          	bgeu	a4,a1,144f0 <__udivdi3+0x1c4>
   144dc:	00e886b3          	add	a3,a7,a4
   144e0:	00068713          	mv	a4,a3
   144e4:	00b6f463          	bgeu	a3,a1,144ec <__udivdi3+0x1c0>
   144e8:	2916f463          	bgeu	a3,a7,14770 <__udivdi3+0x444>
   144ec:	fff30313          	addi	t1,t1,-1
   144f0:	01079793          	slli	a5,a5,0x10
   144f4:	0067e6b3          	or	a3,a5,t1
   144f8:	40b70733          	sub	a4,a4,a1
   144fc:	01061793          	slli	a5,a2,0x10
   14500:	01031593          	slli	a1,t1,0x10
   14504:	0107d793          	srli	a5,a5,0x10
   14508:	0105d593          	srli	a1,a1,0x10
   1450c:	0106d313          	srli	t1,a3,0x10
   14510:	01065613          	srli	a2,a2,0x10
   14514:	02f30e33          	mul	t3,t1,a5
   14518:	02f588b3          	mul	a7,a1,a5
   1451c:	02c585b3          	mul	a1,a1,a2
   14520:	0108d793          	srli	a5,a7,0x10
   14524:	01c585b3          	add	a1,a1,t3
   14528:	00b787b3          	add	a5,a5,a1
   1452c:	02c30333          	mul	t1,t1,a2
   14530:	01c7f663          	bgeu	a5,t3,1453c <__udivdi3+0x210>
   14534:	00010637          	lui	a2,0x10
   14538:	00c30333          	add	t1,t1,a2
   1453c:	0107d613          	srli	a2,a5,0x10
   14540:	00660633          	add	a2,a2,t1
   14544:	02c76063          	bltu	a4,a2,14564 <__udivdi3+0x238>
   14548:	01089893          	slli	a7,a7,0x10
   1454c:	0108d893          	srli	a7,a7,0x10
   14550:	01079793          	slli	a5,a5,0x10
   14554:	01051533          	sll	a0,a0,a6
   14558:	011787b3          	add	a5,a5,a7
   1455c:	1ef57e63          	bgeu	a0,a5,14758 <__udivdi3+0x42c>
   14560:	1ec71c63          	bne	a4,a2,14758 <__udivdi3+0x42c>
   14564:	fff68513          	addi	a0,a3,-1
   14568:	00000593          	li	a1,0
   1456c:	00008067          	ret
   14570:	14060a63          	beqz	a2,146c4 <__udivdi3+0x398>
   14574:	00010737          	lui	a4,0x10
   14578:	18e67c63          	bgeu	a2,a4,14710 <__udivdi3+0x3e4>
   1457c:	10063893          	sltiu	a7,a2,256
   14580:	0018b893          	seqz	a7,a7
   14584:	00389893          	slli	a7,a7,0x3
   14588:	011656b3          	srl	a3,a2,a7
   1458c:	0000c717          	auipc	a4,0xc
   14590:	38c70713          	addi	a4,a4,908 # 20918 <__clz_tab>
   14594:	00d70733          	add	a4,a4,a3
   14598:	00074703          	lbu	a4,0(a4)
   1459c:	02000693          	li	a3,32
   145a0:	01170733          	add	a4,a4,a7
   145a4:	14d70a63          	beq	a4,a3,146f8 <__udivdi3+0x3cc>
   145a8:	40e687b3          	sub	a5,a3,a4
   145ac:	00f61833          	sll	a6,a2,a5
   145b0:	00e5d333          	srl	t1,a1,a4
   145b4:	01085893          	srli	a7,a6,0x10
   145b8:	03135e33          	divu	t3,t1,a7
   145bc:	01081613          	slli	a2,a6,0x10
   145c0:	00f595b3          	sll	a1,a1,a5
   145c4:	01065613          	srli	a2,a2,0x10
   145c8:	00e55733          	srl	a4,a0,a4
   145cc:	00b76733          	or	a4,a4,a1
   145d0:	01075693          	srli	a3,a4,0x10
   145d4:	00f517b3          	sll	a5,a0,a5
   145d8:	03137333          	remu	t1,t1,a7
   145dc:	03c605b3          	mul	a1,a2,t3
   145e0:	01031313          	slli	t1,t1,0x10
   145e4:	0066e6b3          	or	a3,a3,t1
   145e8:	00b6fc63          	bgeu	a3,a1,14600 <__udivdi3+0x2d4>
   145ec:	00d80533          	add	a0,a6,a3
   145f0:	00050693          	mv	a3,a0
   145f4:	00b57463          	bgeu	a0,a1,145fc <__udivdi3+0x2d0>
   145f8:	17057663          	bgeu	a0,a6,14764 <__udivdi3+0x438>
   145fc:	fffe0e13          	addi	t3,t3,-1
   14600:	40b686b3          	sub	a3,a3,a1
   14604:	0316d533          	divu	a0,a3,a7
   14608:	01071713          	slli	a4,a4,0x10
   1460c:	01075713          	srli	a4,a4,0x10
   14610:	0316f6b3          	remu	a3,a3,a7
   14614:	02a60333          	mul	t1,a2,a0
   14618:	01069693          	slli	a3,a3,0x10
   1461c:	00d76733          	or	a4,a4,a3
   14620:	00677c63          	bgeu	a4,t1,14638 <__udivdi3+0x30c>
   14624:	00e806b3          	add	a3,a6,a4
   14628:	00068713          	mv	a4,a3
   1462c:	0066f463          	bgeu	a3,t1,14634 <__udivdi3+0x308>
   14630:	1506f663          	bgeu	a3,a6,1477c <__udivdi3+0x450>
   14634:	fff50513          	addi	a0,a0,-1
   14638:	010e1593          	slli	a1,t3,0x10
   1463c:	00a5e5b3          	or	a1,a1,a0
   14640:	40670733          	sub	a4,a4,t1
   14644:	03175533          	divu	a0,a4,a7
   14648:	0107d693          	srli	a3,a5,0x10
   1464c:	03177733          	remu	a4,a4,a7
   14650:	02c50333          	mul	t1,a0,a2
   14654:	01071713          	slli	a4,a4,0x10
   14658:	00e6e733          	or	a4,a3,a4
   1465c:	00677c63          	bgeu	a4,t1,14674 <__udivdi3+0x348>
   14660:	00e806b3          	add	a3,a6,a4
   14664:	00068713          	mv	a4,a3
   14668:	0066f463          	bgeu	a3,t1,14670 <__udivdi3+0x344>
   1466c:	0d06f663          	bgeu	a3,a6,14738 <__udivdi3+0x40c>
   14670:	fff50513          	addi	a0,a0,-1
   14674:	40670733          	sub	a4,a4,t1
   14678:	031756b3          	divu	a3,a4,a7
   1467c:	01079793          	slli	a5,a5,0x10
   14680:	0107d793          	srli	a5,a5,0x10
   14684:	03177733          	remu	a4,a4,a7
   14688:	02c68633          	mul	a2,a3,a2
   1468c:	01071713          	slli	a4,a4,0x10
   14690:	00e7e7b3          	or	a5,a5,a4
   14694:	00c7fa63          	bgeu	a5,a2,146a8 <__udivdi3+0x37c>
   14698:	00f807b3          	add	a5,a6,a5
   1469c:	00c7f463          	bgeu	a5,a2,146a4 <__udivdi3+0x378>
   146a0:	0907f863          	bgeu	a5,a6,14730 <__udivdi3+0x404>
   146a4:	fff68693          	addi	a3,a3,-1
   146a8:	01051513          	slli	a0,a0,0x10
   146ac:	00d56533          	or	a0,a0,a3
   146b0:	00008067          	ret
   146b4:	10063313          	sltiu	t1,a2,256
   146b8:	00133313          	seqz	t1,t1
   146bc:	00331313          	slli	t1,t1,0x3
   146c0:	c99ff06f          	j	14358 <__udivdi3+0x2c>
   146c4:	00000693          	li	a3,0
   146c8:	00000893          	li	a7,0
   146cc:	ec1ff06f          	j	1458c <__udivdi3+0x260>
   146d0:	1006b793          	sltiu	a5,a3,256
   146d4:	0017b793          	seqz	a5,a5
   146d8:	00379793          	slli	a5,a5,0x3
   146dc:	d5dff06f          	j	14438 <__udivdi3+0x10c>
   146e0:	00c53633          	sltu	a2,a0,a2
   146e4:	00b6b6b3          	sltu	a3,a3,a1
   146e8:	00163613          	seqz	a2,a2
   146ec:	00c6e533          	or	a0,a3,a2
   146f0:	00000593          	li	a1,0
   146f4:	00008067          	ret
   146f8:	40c58733          	sub	a4,a1,a2
   146fc:	01065893          	srli	a7,a2,0x10
   14700:	01061613          	slli	a2,a2,0x10
   14704:	01065613          	srli	a2,a2,0x10
   14708:	00100593          	li	a1,1
   1470c:	f39ff06f          	j	14644 <__udivdi3+0x318>
   14710:	01000737          	lui	a4,0x1000
   14714:	00e67863          	bgeu	a2,a4,14724 <__udivdi3+0x3f8>
   14718:	01065693          	srli	a3,a2,0x10
   1471c:	01000893          	li	a7,16
   14720:	e6dff06f          	j	1458c <__udivdi3+0x260>
   14724:	01865693          	srli	a3,a2,0x18
   14728:	01800893          	li	a7,24
   1472c:	e61ff06f          	j	1458c <__udivdi3+0x260>
   14730:	ffe68693          	addi	a3,a3,-2
   14734:	f75ff06f          	j	146a8 <__udivdi3+0x37c>
   14738:	ffe50513          	addi	a0,a0,-2
   1473c:	01068733          	add	a4,a3,a6
   14740:	f35ff06f          	j	14674 <__udivdi3+0x348>
   14744:	ffe58593          	addi	a1,a1,-2
   14748:	cb9ff06f          	j	14400 <__udivdi3+0xd4>
   1474c:	ffe50513          	addi	a0,a0,-2
   14750:	01088733          	add	a4,a7,a6
   14754:	c79ff06f          	j	143cc <__udivdi3+0xa0>
   14758:	00068513          	mv	a0,a3
   1475c:	00000593          	li	a1,0
   14760:	00008067          	ret
   14764:	ffee0e13          	addi	t3,t3,-2
   14768:	010506b3          	add	a3,a0,a6
   1476c:	e95ff06f          	j	14600 <__udivdi3+0x2d4>
   14770:	ffe30313          	addi	t1,t1,-2
   14774:	01168733          	add	a4,a3,a7
   14778:	d79ff06f          	j	144f0 <__udivdi3+0x1c4>
   1477c:	ffe50513          	addi	a0,a0,-2
   14780:	01068733          	add	a4,a3,a6
   14784:	eb5ff06f          	j	14638 <__udivdi3+0x30c>
   14788:	ffe78793          	addi	a5,a5,-2
   1478c:	011306b3          	add	a3,t1,a7
   14790:	d29ff06f          	j	144b8 <__udivdi3+0x18c>
