
D:\Desktop\OpenClaw_Workspace\Working\SDK\demos\newlib\coremark\build_clang_O3\coremark.elf:     file format elf32-littleriscv


Disassembly of section .text:

00010000 <_reset_vector>:
   10000:	1000006f          	j	10100 <_start>
	...

00010080 <__vector_table>:
   10080:	0c40006f 3380006f 3340006f 1f80006f     o.@.o..3o.@3o...
   10090:	32c0006f 3280006f 3240006f 14c0006f     o..2o..2o.@2o...
   100a0:	31c0006f 3180006f 3140006f 2740006f     o..1o..1o.@1o.@'
   100b0:	30c0006f 3080006f 3040006f 3000006f     o..0o..0o.@0o..0
   100c0:	2fc0006f 2f80006f 2f40006f 2f00006f     o../o../o.@/o../
   100d0:	2ec0006f 2e80006f 2e40006f 2e00006f     o...o...o.@.o...
   100e0:	2dc0006f 2d80006f 2d40006f 2d00006f     o..-o..-o.@-o..-
   100f0:	2cc0006f 2c80006f 2c40006f 2c00006f     o..,o..,o.@,o..,

00010100 <_start>:
   10100:	00010197          	auipc	gp,0x10
   10104:	76818193          	addi	gp,gp,1896 # 20868 <__global_pointer$>
   10108:	00020117          	auipc	sp,0x20
   1010c:	ef810113          	addi	sp,sp,-264 # 30000 <__stack_top__>
   10110:	00011517          	auipc	a0,0x11
   10114:	90850513          	addi	a0,a0,-1784 # 20a18 <errno>
   10118:	00011597          	auipc	a1,0x11
   1011c:	24058593          	addi	a1,a1,576 # 21358 <__bss_end>
   10120:	00b50863          	beq	a0,a1,10130 <_start+0x30>
   10124:	00052023          	sw	zero,0(a0)
   10128:	00450513          	addi	a0,a0,4
   1012c:	feb56ce3          	bltu	a0,a1,10124 <_start+0x24>
   10130:	00000097          	auipc	ra,0x0
   10134:	2b4080e7          	jalr	692(ra) # 103e4 <_init>
   10138:	00001097          	auipc	ra,0x1
   1013c:	f38080e7          	jalr	-200(ra) # 11070 <main>
   10140:	0000006f          	j	10140 <_start+0x40>

00010144 <exc_entry>:
   10144:	fb010113          	addi	sp,sp,-80
   10148:	00112023          	sw	ra,0(sp)
   1014c:	00412223          	sw	tp,4(sp)
   10150:	00512423          	sw	t0,8(sp)
   10154:	00612623          	sw	t1,12(sp)
   10158:	00712823          	sw	t2,16(sp)
   1015c:	00a12a23          	sw	a0,20(sp)
   10160:	00b12c23          	sw	a1,24(sp)
   10164:	00c12e23          	sw	a2,28(sp)
   10168:	02d12023          	sw	a3,32(sp)
   1016c:	02e12223          	sw	a4,36(sp)
   10170:	02f12423          	sw	a5,40(sp)
   10174:	03012623          	sw	a6,44(sp)
   10178:	03112823          	sw	a7,48(sp)
   1017c:	03c12a23          	sw	t3,52(sp)
   10180:	03d12c23          	sw	t4,56(sp)
   10184:	03e12e23          	sw	t5,60(sp)
   10188:	05f12023          	sw	t6,64(sp)
   1018c:	34202573          	csrr	a0,mcause
   10190:	341025f3          	csrr	a1,mepc
   10194:	00000097          	auipc	ra,0x0
   10198:	414080e7          	jalr	1044(ra) # 105a8 <serr_handler>
   1019c:	00012083          	lw	ra,0(sp)
   101a0:	00412203          	lw	tp,4(sp)
   101a4:	00812283          	lw	t0,8(sp)
   101a8:	00c12303          	lw	t1,12(sp)
   101ac:	01012383          	lw	t2,16(sp)
   101b0:	01412503          	lw	a0,20(sp)
   101b4:	01812583          	lw	a1,24(sp)
   101b8:	01c12603          	lw	a2,28(sp)
   101bc:	02012683          	lw	a3,32(sp)
   101c0:	02412703          	lw	a4,36(sp)
   101c4:	02812783          	lw	a5,40(sp)
   101c8:	02c12803          	lw	a6,44(sp)
   101cc:	03012883          	lw	a7,48(sp)
   101d0:	03412e03          	lw	t3,52(sp)
   101d4:	03812e83          	lw	t4,56(sp)
   101d8:	03c12f03          	lw	t5,60(sp)
   101dc:	04012f83          	lw	t6,64(sp)
   101e0:	05010113          	addi	sp,sp,80
   101e4:	30200073          	mret

000101e8 <irq_timer_entry>:
   101e8:	fb010113          	addi	sp,sp,-80
   101ec:	00112023          	sw	ra,0(sp)
   101f0:	00412223          	sw	tp,4(sp)
   101f4:	00512423          	sw	t0,8(sp)
   101f8:	00612623          	sw	t1,12(sp)
   101fc:	00712823          	sw	t2,16(sp)
   10200:	00a12a23          	sw	a0,20(sp)
   10204:	00b12c23          	sw	a1,24(sp)
   10208:	00c12e23          	sw	a2,28(sp)
   1020c:	02d12023          	sw	a3,32(sp)
   10210:	02e12223          	sw	a4,36(sp)
   10214:	02f12423          	sw	a5,40(sp)
   10218:	03012623          	sw	a6,44(sp)
   1021c:	03112823          	sw	a7,48(sp)
   10220:	03c12a23          	sw	t3,52(sp)
   10224:	03d12c23          	sw	t4,56(sp)
   10228:	03e12e23          	sw	t5,60(sp)
   1022c:	05f12023          	sw	t6,64(sp)
   10230:	00000097          	auipc	ra,0x0
   10234:	370080e7          	jalr	880(ra) # 105a0 <tmr_irq_handler>
   10238:	00012083          	lw	ra,0(sp)
   1023c:	00412203          	lw	tp,4(sp)
   10240:	00812283          	lw	t0,8(sp)
   10244:	00c12303          	lw	t1,12(sp)
   10248:	01012383          	lw	t2,16(sp)
   1024c:	01412503          	lw	a0,20(sp)
   10250:	01812583          	lw	a1,24(sp)
   10254:	01c12603          	lw	a2,28(sp)
   10258:	02012683          	lw	a3,32(sp)
   1025c:	02412703          	lw	a4,36(sp)
   10260:	02812783          	lw	a5,40(sp)
   10264:	02c12803          	lw	a6,44(sp)
   10268:	03012883          	lw	a7,48(sp)
   1026c:	03412e03          	lw	t3,52(sp)
   10270:	03812e83          	lw	t4,56(sp)
   10274:	03c12f03          	lw	t5,60(sp)
   10278:	04012f83          	lw	t6,64(sp)
   1027c:	05010113          	addi	sp,sp,80
   10280:	30200073          	mret

00010284 <irq_software_entry>:
   10284:	fb010113          	addi	sp,sp,-80
   10288:	00112023          	sw	ra,0(sp)
   1028c:	00412223          	sw	tp,4(sp)
   10290:	00512423          	sw	t0,8(sp)
   10294:	00612623          	sw	t1,12(sp)
   10298:	00712823          	sw	t2,16(sp)
   1029c:	00a12a23          	sw	a0,20(sp)
   102a0:	00b12c23          	sw	a1,24(sp)
   102a4:	00c12e23          	sw	a2,28(sp)
   102a8:	02d12023          	sw	a3,32(sp)
   102ac:	02e12223          	sw	a4,36(sp)
   102b0:	02f12423          	sw	a5,40(sp)
   102b4:	03012623          	sw	a6,44(sp)
   102b8:	03112823          	sw	a7,48(sp)
   102bc:	03c12a23          	sw	t3,52(sp)
   102c0:	03d12c23          	sw	t4,56(sp)
   102c4:	03e12e23          	sw	t5,60(sp)
   102c8:	05f12023          	sw	t6,64(sp)
   102cc:	00000097          	auipc	ra,0x0
   102d0:	2d0080e7          	jalr	720(ra) # 1059c <sw_irq_handler>
   102d4:	00012083          	lw	ra,0(sp)
   102d8:	00412203          	lw	tp,4(sp)
   102dc:	00812283          	lw	t0,8(sp)
   102e0:	00c12303          	lw	t1,12(sp)
   102e4:	01012383          	lw	t2,16(sp)
   102e8:	01412503          	lw	a0,20(sp)
   102ec:	01812583          	lw	a1,24(sp)
   102f0:	01c12603          	lw	a2,28(sp)
   102f4:	02012683          	lw	a3,32(sp)
   102f8:	02412703          	lw	a4,36(sp)
   102fc:	02812783          	lw	a5,40(sp)
   10300:	02c12803          	lw	a6,44(sp)
   10304:	03012883          	lw	a7,48(sp)
   10308:	03412e03          	lw	t3,52(sp)
   1030c:	03812e83          	lw	t4,56(sp)
   10310:	03c12f03          	lw	t5,60(sp)
   10314:	04012f83          	lw	t6,64(sp)
   10318:	05010113          	addi	sp,sp,80
   1031c:	30200073          	mret

00010320 <irq_external_entry>:
   10320:	fb010113          	addi	sp,sp,-80
   10324:	00112023          	sw	ra,0(sp)
   10328:	00412223          	sw	tp,4(sp)
   1032c:	00512423          	sw	t0,8(sp)
   10330:	00612623          	sw	t1,12(sp)
   10334:	00712823          	sw	t2,16(sp)
   10338:	00a12a23          	sw	a0,20(sp)
   1033c:	00b12c23          	sw	a1,24(sp)
   10340:	00c12e23          	sw	a2,28(sp)
   10344:	02d12023          	sw	a3,32(sp)
   10348:	02e12223          	sw	a4,36(sp)
   1034c:	02f12423          	sw	a5,40(sp)
   10350:	03012623          	sw	a6,44(sp)
   10354:	03112823          	sw	a7,48(sp)
   10358:	03c12a23          	sw	t3,52(sp)
   1035c:	03d12c23          	sw	t4,56(sp)
   10360:	03e12e23          	sw	t5,60(sp)
   10364:	05f12023          	sw	t6,64(sp)
   10368:	00000097          	auipc	ra,0x0
   1036c:	23c080e7          	jalr	572(ra) # 105a4 <ext_irq_handler>
   10370:	00012083          	lw	ra,0(sp)
   10374:	00412203          	lw	tp,4(sp)
   10378:	00812283          	lw	t0,8(sp)
   1037c:	00c12303          	lw	t1,12(sp)
   10380:	01012383          	lw	t2,16(sp)
   10384:	01412503          	lw	a0,20(sp)
   10388:	01812583          	lw	a1,24(sp)
   1038c:	01c12603          	lw	a2,28(sp)
   10390:	02012683          	lw	a3,32(sp)
   10394:	02412703          	lw	a4,36(sp)
   10398:	02812783          	lw	a5,40(sp)
   1039c:	02c12803          	lw	a6,44(sp)
   103a0:	03012883          	lw	a7,48(sp)
   103a4:	03412e03          	lw	t3,52(sp)
   103a8:	03812e83          	lw	t4,56(sp)
   103ac:	03c12f03          	lw	t5,60(sp)
   103b0:	04012f83          	lw	t6,64(sp)
   103b4:	05010113          	addi	sp,sp,80
   103b8:	30200073          	mret

000103bc <irq_unhandled>:
   103bc:	10500073          	wfi
   103c0:	ffdff06f          	j	103bc <irq_unhandled>

000103c4 <memset>:
   103c4:	00050313          	mv	t1,a0
   103c8:	00060a63          	beqz	a2,103dc <memset+0x18>
   103cc:	00b30023          	sb	a1,0(t1)
   103d0:	fff60613          	addi	a2,a2,-1
   103d4:	00130313          	addi	t1,t1,1
   103d8:	fe061ae3          	bnez	a2,103cc <memset+0x8>
   103dc:	00008067          	ret

000103e0 <board_init>:
   103e0:	00008067          	ret

000103e4 <_init>:
   103e4:	3060d073          	csrwi	mcounteren,1
   103e8:	c01025f3          	rdtime	a1
   103ec:	b0002573          	csrr	a0,mcycle
   103f0:	c0102573          	rdtime	a0
   103f4:	feb50ce3          	beq	a0,a1,103ec <_init+0x8>
   103f8:	c01025f3          	rdtime	a1
   103fc:	b0002673          	csrr	a2,mcycle
   10400:	fea58ce3          	beq	a1,a0,103f8 <_init+0x14>
   10404:	c0102673          	rdtime	a2
   10408:	b0002573          	csrr	a0,mcycle
   1040c:	c01025f3          	rdtime	a1
   10410:	fec58ce3          	beq	a1,a2,10408 <_init+0x24>
   10414:	27100693          	li	a3,625
   10418:	c0102673          	rdtime	a2
   1041c:	40b60633          	sub	a2,a2,a1
   10420:	00465793          	srli	a5,a2,0x4
   10424:	b0002773          	csrr	a4,mcycle
   10428:	fed7e8e3          	bltu	a5,a3,10418 <_init+0x34>
   1042c:	ff010113          	addi	sp,sp,-16
   10430:	00112623          	sw	ra,12(sp)
   10434:	40a70733          	sub	a4,a4,a0
   10438:	000f4537          	lui	a0,0xf4
   1043c:	24050513          	addi	a0,a0,576 # f4240 <__stack_top__+0xc4240>
   10440:	02a735b3          	mulhu	a1,a4,a0
   10444:	02a706b3          	mul	a3,a4,a0
   10448:	00165513          	srli	a0,a2,0x1
   1044c:	00a68533          	add	a0,a3,a0
   10450:	00d536b3          	sltu	a3,a0,a3
   10454:	00d585b3          	add	a1,a1,a3
   10458:	00000693          	li	a3,0
   1045c:	00004097          	auipc	ra,0x4
   10460:	f34080e7          	jalr	-204(ra) # 14390 <__udivdi3>
   10464:	fbfa15b7          	lui	a1,0xfbfa1
   10468:	00e4e637          	lui	a2,0xe4e
   1046c:	82058593          	addi	a1,a1,-2016 # fbfa0820 <__stack_top__+0xfbf70820>
   10470:	00b505b3          	add	a1,a0,a1
   10474:	1c160613          	addi	a2,a2,449 # e4e1c1 <__stack_top__+0xe1e1c1>
   10478:	00c5e663          	bltu	a1,a2,10484 <_init+0xa0>
   1047c:	04787537          	lui	a0,0x4787
   10480:	8c050513          	addi	a0,a0,-1856 # 47868c0 <__stack_top__+0x47568c0>
   10484:	000215b7          	lui	a1,0x21
   10488:	a2a5a823          	sw	a0,-1488(a1) # 20a30 <g_cpu_freq_hz>
   1048c:	0001c537          	lui	a0,0x1c
   10490:	20050513          	addi	a0,a0,512 # 1c200 <_etext+0x7a08>
   10494:	00000097          	auipc	ra,0x0
   10498:	034080e7          	jalr	52(ra) # 104c8 <uart_init>
   1049c:	00000517          	auipc	a0,0x0
   104a0:	be450513          	addi	a0,a0,-1052 # 10080 <__vector_table>
   104a4:	00156513          	ori	a0,a0,1
   104a8:	30551073          	csrw	mtvec,a0
   104ac:	00000097          	auipc	ra,0x0
   104b0:	f34080e7          	jalr	-204(ra) # 103e0 <board_init>
   104b4:	3fd00513          	li	a0,1021
   104b8:	30652073          	csrs	mcounteren,a0
   104bc:	00c12083          	lw	ra,12(sp)
   104c0:	01010113          	addi	sp,sp,16
   104c4:	00008067          	ret

000104c8 <uart_init>:
   104c8:	ff010113          	addi	sp,sp,-16
   104cc:	00112623          	sw	ra,12(sp)
   104d0:	00812423          	sw	s0,8(sp)
   104d4:	00912223          	sw	s1,4(sp)
   104d8:	000215b7          	lui	a1,0x21
   104dc:	a305a403          	lw	s0,-1488(a1) # 20a30 <g_cpu_freq_hz>
   104e0:	00041663          	bnez	s0,104ec <uart_init+0x24>
   104e4:	04787437          	lui	s0,0x4787
   104e8:	8c040413          	addi	s0,s0,-1856 # 47868c0 <__stack_top__+0x47568c0>
   104ec:	00145593          	srli	a1,s0,0x1
   104f0:	00451493          	slli	s1,a0,0x4
   104f4:	00058513          	mv	a0,a1
   104f8:	00048593          	mv	a1,s1
   104fc:	00040613          	mv	a2,s0
   10500:	00000693          	li	a3,0
   10504:	00004097          	auipc	ra,0x4
   10508:	e8c080e7          	jalr	-372(ra) # 14390 <__udivdi3>
   1050c:	029455b3          	divu	a1,s0,s1
   10510:	e0010637          	lui	a2,0xe0010
   10514:	08000693          	li	a3,128
   10518:	02a62223          	sw	a0,36(a2) # e0010024 <__stack_top__+0xdffe0024>
   1051c:	00300513          	li	a0,3
   10520:	00d62623          	sw	a3,12(a2)
   10524:	0ff5f593          	zext.b	a1,a1
   10528:	00b62023          	sw	a1,0(a2)
   1052c:	00062223          	sw	zero,4(a2)
   10530:	00a62623          	sw	a0,12(a2)
   10534:	00c12083          	lw	ra,12(sp)
   10538:	00812403          	lw	s0,8(sp)
   1053c:	00412483          	lw	s1,4(sp)
   10540:	01010113          	addi	sp,sp,16
   10544:	00008067          	ret

00010548 <uart_puts>:
   10548:	e00105b7          	lui	a1,0xe0010
   1054c:	00a00613          	li	a2,10
   10550:	00d00693          	li	a3,13
   10554:	00054703          	lbu	a4,0(a0)
   10558:	00c70663          	beq	a4,a2,10564 <uart_puts+0x1c>
   1055c:	00071e63          	bnez	a4,10578 <uart_puts+0x30>
   10560:	0380006f          	j	10598 <uart_puts+0x50>
   10564:	0145a703          	lw	a4,20(a1) # e0010014 <__stack_top__+0xdffe0014>
   10568:	02077713          	andi	a4,a4,32
   1056c:	fe070ce3          	beqz	a4,10564 <uart_puts+0x1c>
   10570:	00d5a023          	sw	a3,0(a1)
   10574:	00054703          	lbu	a4,0(a0)
   10578:	0145a783          	lw	a5,20(a1)
   1057c:	0207f793          	andi	a5,a5,32
   10580:	fe078ce3          	beqz	a5,10578 <uart_puts+0x30>
   10584:	00150513          	addi	a0,a0,1
   10588:	00e5a023          	sw	a4,0(a1)
   1058c:	00054703          	lbu	a4,0(a0)
   10590:	fcc716e3          	bne	a4,a2,1055c <uart_puts+0x14>
   10594:	fd1ff06f          	j	10564 <uart_puts+0x1c>
   10598:	00008067          	ret

0001059c <sw_irq_handler>:
   1059c:	00008067          	ret

000105a0 <tmr_irq_handler>:
   105a0:	00008067          	ret

000105a4 <ext_irq_handler>:
   105a4:	00008067          	ret

000105a8 <serr_handler>:
   105a8:	0000006f          	j	105a8 <serr_handler>

000105ac <_close>:
   105ac:	fff00513          	li	a0,-1
   105b0:	00008067          	ret

000105b4 <_fstat>:
   105b4:	00002537          	lui	a0,0x2
   105b8:	00a5a223          	sw	a0,4(a1)
   105bc:	00000513          	li	a0,0
   105c0:	00008067          	ret

000105c4 <_isatty>:
   105c4:	00100513          	li	a0,1
   105c8:	00008067          	ret

000105cc <_lseek>:
   105cc:	00000513          	li	a0,0
   105d0:	00008067          	ret

000105d4 <_read>:
   105d4:	00000513          	li	a0,0
   105d8:	00008067          	ret

000105dc <_sbrk>:
   105dc:	00050593          	mv	a1,a0
   105e0:	00020537          	lui	a0,0x20
   105e4:	00052503          	lw	a0,0(a0) # 20000 <heap_ptr>
   105e8:	00b505b3          	add	a1,a0,a1
   105ec:	00023637          	lui	a2,0x23
   105f0:	35860613          	addi	a2,a2,856 # 23358 <__heap_end>
   105f4:	00b66e63          	bltu	a2,a1,10610 <_sbrk+0x34>
   105f8:	00021637          	lui	a2,0x21
   105fc:	35860613          	addi	a2,a2,856 # 21358 <__bss_end>
   10600:	00c5e863          	bltu	a1,a2,10610 <_sbrk+0x34>
   10604:	00020637          	lui	a2,0x20
   10608:	00b62023          	sw	a1,0(a2) # 20000 <heap_ptr>
   1060c:	00008067          	ret
   10610:	00021537          	lui	a0,0x21
   10614:	00c00593          	li	a1,12
   10618:	a0b52c23          	sw	a1,-1512(a0) # 20a18 <errno>
   1061c:	fff00513          	li	a0,-1
   10620:	00008067          	ret

00010624 <_write>:
   10624:	ffd50513          	addi	a0,a0,-3
   10628:	ffe00693          	li	a3,-2
   1062c:	00d57663          	bgeu	a0,a3,10638 <_write+0x14>
   10630:	fff00513          	li	a0,-1
   10634:	00008067          	ret
   10638:	02060663          	beqz	a2,10664 <_write+0x40>
   1063c:	00000513          	li	a0,0
   10640:	e00106b7          	lui	a3,0xe0010
   10644:	00a58733          	add	a4,a1,a0
   10648:	00074703          	lbu	a4,0(a4)
   1064c:	0146a783          	lw	a5,20(a3) # e0010014 <__stack_top__+0xdffe0014>
   10650:	0207f793          	andi	a5,a5,32
   10654:	fe078ce3          	beqz	a5,1064c <_write+0x28>
   10658:	00150513          	addi	a0,a0,1
   1065c:	00e6a023          	sw	a4,0(a3)
   10660:	fec512e3          	bne	a0,a2,10644 <_write+0x20>
   10664:	00060513          	mv	a0,a2
   10668:	00008067          	ret

0001066c <print_fixed_scaled>:
   1066c:	0cb05463          	blez	a1,10734 <print_fixed_scaled+0xc8>
   10670:	fe010113          	addi	sp,sp,-32
   10674:	00112e23          	sw	ra,28(sp)
   10678:	00812c23          	sw	s0,24(sp)
   1067c:	00912a23          	sw	s1,20(sp)
   10680:	01212823          	sw	s2,16(sp)
   10684:	01312623          	sw	s3,12(sp)
   10688:	00058413          	mv	s0,a1
   1068c:	00050493          	mv	s1,a0
   10690:	00055a63          	bgez	a0,106a4 <print_fixed_scaled+0x38>
   10694:	02d00513          	li	a0,45
   10698:	00002097          	auipc	ra,0x2
   1069c:	004080e7          	jalr	4(ra) # 1269c <putchar>
   106a0:	409004b3          	neg	s1,s1
   106a4:	0284d933          	divu	s2,s1,s0
   106a8:	00020537          	lui	a0,0x20
   106ac:	06c50513          	addi	a0,a0,108 # 2006c <_impure_ptr+0x4>
   106b0:	00090593          	mv	a1,s2
   106b4:	00002097          	auipc	ra,0x2
   106b8:	f94080e7          	jalr	-108(ra) # 12648 <iprintf>
   106bc:	02890533          	mul	a0,s2,s0
   106c0:	40a48933          	sub	s2,s1,a0
   106c4:	04090c63          	beqz	s2,1071c <print_fixed_scaled+0xb0>
   106c8:	02e00513          	li	a0,46
   106cc:	00002097          	auipc	ra,0x2
   106d0:	fd0080e7          	jalr	-48(ra) # 1269c <putchar>
   106d4:	ccccd4b7          	lui	s1,0xccccd
   106d8:	ccd48493          	addi	s1,s1,-819 # cccccccd <__stack_top__+0xccc9cccd>
   106dc:	00191513          	slli	a0,s2,0x1
   106e0:	00391913          	slli	s2,s2,0x3
   106e4:	00a90933          	add	s2,s2,a0
   106e8:	028959b3          	divu	s3,s2,s0
   106ec:	0299b533          	mulhu	a0,s3,s1
   106f0:	ff857593          	andi	a1,a0,-8
   106f4:	00255513          	srli	a0,a0,0x2
   106f8:	ffe57513          	andi	a0,a0,-2
   106fc:	40b985b3          	sub	a1,s3,a1
   10700:	40a585b3          	sub	a1,a1,a0
   10704:	03058513          	addi	a0,a1,48
   10708:	00002097          	auipc	ra,0x2
   1070c:	f94080e7          	jalr	-108(ra) # 1269c <putchar>
   10710:	02898533          	mul	a0,s3,s0
   10714:	40a90933          	sub	s2,s2,a0
   10718:	fc0912e3          	bnez	s2,106dc <print_fixed_scaled+0x70>
   1071c:	01c12083          	lw	ra,28(sp)
   10720:	01812403          	lw	s0,24(sp)
   10724:	01412483          	lw	s1,20(sp)
   10728:	01012903          	lw	s2,16(sp)
   1072c:	00c12983          	lw	s3,12(sp)
   10730:	02010113          	addi	sp,sp,32
   10734:	00008067          	ret

00010738 <core_bench_list>:
   10738:	fb010113          	addi	sp,sp,-80
   1073c:	04112623          	sw	ra,76(sp)
   10740:	04812423          	sw	s0,72(sp)
   10744:	04912223          	sw	s1,68(sp)
   10748:	05212023          	sw	s2,64(sp)
   1074c:	03312e23          	sw	s3,60(sp)
   10750:	03412c23          	sw	s4,56(sp)
   10754:	03512a23          	sw	s5,52(sp)
   10758:	03612823          	sw	s6,48(sp)
   1075c:	03712623          	sw	s7,44(sp)
   10760:	03812423          	sw	s8,40(sp)
   10764:	03912223          	sw	s9,36(sp)
   10768:	03a12023          	sw	s10,32(sp)
   1076c:	01b12e23          	sw	s11,28(sp)
   10770:	00050493          	mv	s1,a0
   10774:	00451503          	lh	a0,4(a0)
   10778:	0244aa03          	lw	s4,36(s1)
   1077c:	10a05e63          	blez	a0,10898 <core_bench_list+0x160>
   10780:	00000793          	li	a5,0
   10784:	00000613          	li	a2,0
   10788:	00000713          	li	a4,0
   1078c:	00000693          	li	a3,0
   10790:	00058393          	mv	t2,a1
   10794:	03c0006f          	j	107d0 <core_bench_list+0x98>
   10798:	000a2803          	lw	a6,0(s4)
   1079c:	00482803          	lw	a6,4(a6)
   107a0:	00184803          	lbu	a6,1(a6)
   107a4:	00168693          	addi	a3,a3,1
   107a8:	00187893          	andi	a7,a6,1
   107ac:	00c88633          	add	a2,a7,a2
   107b0:	fff3c813          	not	a6,t2
   107b4:	00178793          	addi	a5,a5,1
   107b8:	01081813          	slli	a6,a6,0x10
   107bc:	01079893          	slli	a7,a5,0x10
   107c0:	01f85813          	srli	a6,a6,0x1f
   107c4:	4108d893          	srai	a7,a7,0x10
   107c8:	010383b3          	add	t2,t2,a6
   107cc:	0aa8d263          	bge	a7,a0,10870 <core_bench_list+0x138>
   107d0:	01039893          	slli	a7,t2,0x10
   107d4:	000a0813          	mv	a6,s4
   107d8:	0208c263          	bltz	a7,107fc <core_bench_list+0xc4>
   107dc:	0108d893          	srli	a7,a7,0x10
   107e0:	000a0813          	mv	a6,s4
   107e4:	00482283          	lw	t0,4(a6)
   107e8:	0022d283          	lhu	t0,2(t0)
   107ec:	03128463          	beq	t0,a7,10814 <core_bench_list+0xdc>
   107f0:	00082803          	lw	a6,0(a6)
   107f4:	fe0818e3          	bnez	a6,107e4 <core_bench_list+0xac>
   107f8:	01c0006f          	j	10814 <core_bench_list+0xdc>
   107fc:	00482883          	lw	a7,4(a6)
   10800:	0008c883          	lbu	a7,0(a7)
   10804:	0ff7f293          	zext.b	t0,a5
   10808:	00588663          	beq	a7,t0,10814 <core_bench_list+0xdc>
   1080c:	00082803          	lw	a6,0(a6)
   10810:	fe0816e3          	bnez	a6,107fc <core_bench_list+0xc4>
   10814:	020a0063          	beqz	s4,10834 <core_bench_list+0xfc>
   10818:	000a0893          	mv	a7,s4
   1081c:	00000a13          	li	s4,0
   10820:	000a0293          	mv	t0,s4
   10824:	00088a13          	mv	s4,a7
   10828:	0008a883          	lw	a7,0(a7)
   1082c:	005a2023          	sw	t0,0(s4)
   10830:	fe0898e3          	bnez	a7,10820 <core_bench_list+0xe8>
   10834:	f60802e3          	beqz	a6,10798 <core_bench_list+0x60>
   10838:	00482883          	lw	a7,4(a6)
   1083c:	00089883          	lh	a7,0(a7)
   10840:	00082283          	lw	t0,0(a6)
   10844:	0098d313          	srli	t1,a7,0x9
   10848:	0068f8b3          	and	a7,a7,t1
   1084c:	00170713          	addi	a4,a4,1
   10850:	0018f893          	andi	a7,a7,1
   10854:	f4028ce3          	beqz	t0,107ac <core_bench_list+0x74>
   10858:	0002a303          	lw	t1,0(t0)
   1085c:	00682023          	sw	t1,0(a6)
   10860:	000a2803          	lw	a6,0(s4)
   10864:	0102a023          	sw	a6,0(t0)
   10868:	005a2023          	sw	t0,0(s4)
   1086c:	f41ff06f          	j	107ac <core_bench_list+0x74>
   10870:	fff50513          	addi	a0,a0,-1
   10874:	00271713          	slli	a4,a4,0x2
   10878:	0ff57513          	zext.b	a0,a0
   1087c:	00a12223          	sw	a0,4(sp)
   10880:	40d70733          	sub	a4,a4,a3
   10884:	00c70633          	add	a2,a4,a2
   10888:	00c12623          	sw	a2,12(sp)
   1088c:	00712423          	sw	t2,8(sp)
   10890:	00b04a63          	bgtz	a1,108a4 <core_bench_list+0x16c>
   10894:	2840006f          	j	10b18 <core_bench_list+0x3e0>
   10898:	00012623          	sw	zero,12(sp)
   1089c:	00b12423          	sw	a1,8(sp)
   108a0:	26b05c63          	blez	a1,10b18 <core_bench_list+0x3e0>
   108a4:	00100b93          	li	s7,1
   108a8:	00100413          	li	s0,1
   108ac:	0140006f          	j	108c0 <core_bench_list+0x188>
   108b0:	000d2023          	sw	zero,0(s10)
   108b4:	00141413          	slli	s0,s0,0x1
   108b8:	01812a03          	lw	s4,24(sp)
   108bc:	24058e63          	beqz	a1,10b18 <core_bench_list+0x3e0>
   108c0:	00000513          	li	a0,0
   108c4:	00000d13          	li	s10,0
   108c8:	40800db3          	neg	s11,s0
   108cc:	00012c23          	sw	zero,24(sp)
   108d0:	00812823          	sw	s0,16(sp)
   108d4:	0140006f          	j	108e8 <core_bench_list+0x1b0>
   108d8:	01012403          	lw	s0,16(sp)
   108dc:	01412583          	lw	a1,20(sp)
   108e0:	00158513          	addi	a0,a1,1
   108e4:	fc0a06e3          	beqz	s4,108b0 <core_bench_list+0x178>
   108e8:	00050613          	mv	a2,a0
   108ec:	00100c13          	li	s8,1
   108f0:	000a0513          	mv	a0,s4
   108f4:	00052503          	lw	a0,0(a0)
   108f8:	00050a63          	beqz	a0,1090c <core_bench_list+0x1d4>
   108fc:	001c0c13          	addi	s8,s8,1
   10900:	018d85b3          	add	a1,s11,s8
   10904:	ff7598e3          	bne	a1,s7,108f4 <core_bench_list+0x1bc>
   10908:	00040c13          	mv	s8,s0
   1090c:	00c12a23          	sw	a2,20(sp)
   10910:	000a0b13          	mv	s6,s4
   10914:	00050a13          	mv	s4,a0
   10918:	03804463          	bgtz	s8,10940 <core_bench_list+0x208>
   1091c:	0180006f          	j	10934 <core_bench_list+0x1fc>
   10920:	00c12c23          	sw	a2,24(sp)
   10924:	00060d13          	mv	s10,a2
   10928:	00058b13          	mv	s6,a1
   1092c:	00050a13          	mv	s4,a0
   10930:	01804863          	bgtz	s8,10940 <core_bench_list+0x208>
   10934:	fa8052e3          	blez	s0,108d8 <core_bench_list+0x1a0>
   10938:	fa0a00e3          	beqz	s4,108d8 <core_bench_list+0x1a0>
   1093c:	1a0c0863          	beqz	s8,10aec <core_bench_list+0x3b4>
   10940:	08040863          	beqz	s0,109d0 <core_bench_list+0x298>
   10944:	080a0663          	beqz	s4,109d0 <core_bench_list+0x298>
   10948:	004b2a83          	lw	s5,4(s6)
   1094c:	000ad983          	lhu	s3,0(s5)
   10950:	004a2c83          	lw	s9,4(s4)
   10954:	0809f513          	andi	a0,s3,128
   10958:	06051063          	bnez	a0,109b8 <core_bench_list+0x280>
   1095c:	0079f513          	andi	a0,s3,7
   10960:	01999593          	slli	a1,s3,0x19
   10964:	01c5d593          	srli	a1,a1,0x1c
   10968:	00459713          	slli	a4,a1,0x4
   1096c:	00b76733          	or	a4,a4,a1
   10970:	07750c63          	beq	a0,s7,109e8 <core_bench_list+0x2b0>
   10974:	00098913          	mv	s2,s3
   10978:	08051a63          	bnez	a0,10a0c <core_bench_list+0x2d4>
   1097c:	02200513          	li	a0,34
   10980:	00e56463          	bltu	a0,a4,10988 <core_bench_list+0x250>
   10984:	02200713          	li	a4,34
   10988:	00049603          	lh	a2,0(s1)
   1098c:	00249683          	lh	a3,2(s1)
   10990:	0144a583          	lw	a1,20(s1)
   10994:	0184a503          	lw	a0,24(s1)
   10998:	0384d783          	lhu	a5,56(s1)
   1099c:	00001097          	auipc	ra,0x1
   109a0:	594080e7          	jalr	1428(ra) # 11f30 <core_bench_state>
   109a4:	03e4d583          	lhu	a1,62(s1)
   109a8:	00050913          	mv	s2,a0
   109ac:	06059063          	bnez	a1,10a0c <core_bench_list+0x2d4>
   109b0:	03249f23          	sh	s2,62(s1)
   109b4:	0580006f          	j	10a0c <core_bench_list+0x2d4>
   109b8:	07f9f913          	andi	s2,s3,127
   109bc:	000cda83          	lhu	s5,0(s9)
   109c0:	080af513          	andi	a0,s5,128
   109c4:	06050e63          	beqz	a0,10a40 <core_bench_list+0x308>
   109c8:	07faf513          	andi	a0,s5,127
   109cc:	13256063          	bltu	a0,s2,10aec <core_bench_list+0x3b4>
   109d0:	000b2583          	lw	a1,0(s6)
   109d4:	fffc0c13          	addi	s8,s8,-1
   109d8:	000a0513          	mv	a0,s4
   109dc:	000b0613          	mv	a2,s6
   109e0:	120d1063          	bnez	s10,10b00 <core_bench_list+0x3c8>
   109e4:	f3dff06f          	j	10920 <core_bench_list+0x1e8>
   109e8:	0384d603          	lhu	a2,56(s1)
   109ec:	02848513          	addi	a0,s1,40
   109f0:	00070593          	mv	a1,a4
   109f4:	00001097          	auipc	ra,0x1
   109f8:	e84080e7          	jalr	-380(ra) # 11878 <core_bench_matrix>
   109fc:	03c4d583          	lhu	a1,60(s1)
   10a00:	00050913          	mv	s2,a0
   10a04:	00059463          	bnez	a1,10a0c <core_bench_list+0x2d4>
   10a08:	03249e23          	sh	s2,60(s1)
   10a0c:	0384d583          	lhu	a1,56(s1)
   10a10:	00090513          	mv	a0,s2
   10a14:	00002097          	auipc	ra,0x2
   10a18:	b28080e7          	jalr	-1240(ra) # 1253c <crcu16>
   10a1c:	02a49c23          	sh	a0,56(s1)
   10a20:	07f97913          	andi	s2,s2,127
   10a24:	f009f513          	andi	a0,s3,-256
   10a28:	01256533          	or	a0,a0,s2
   10a2c:	08050513          	addi	a0,a0,128
   10a30:	00aa9023          	sh	a0,0(s5)
   10a34:	000cda83          	lhu	s5,0(s9)
   10a38:	080af513          	andi	a0,s5,128
   10a3c:	f80516e3          	bnez	a0,109c8 <core_bench_list+0x290>
   10a40:	007af513          	andi	a0,s5,7
   10a44:	019a9593          	slli	a1,s5,0x19
   10a48:	01c5d593          	srli	a1,a1,0x1c
   10a4c:	00459713          	slli	a4,a1,0x4
   10a50:	00b76733          	or	a4,a4,a1
   10a54:	05750463          	beq	a0,s7,10a9c <core_bench_list+0x364>
   10a58:	000a8993          	mv	s3,s5
   10a5c:	06051263          	bnez	a0,10ac0 <core_bench_list+0x388>
   10a60:	02200513          	li	a0,34
   10a64:	00e56463          	bltu	a0,a4,10a6c <core_bench_list+0x334>
   10a68:	02200713          	li	a4,34
   10a6c:	00049603          	lh	a2,0(s1)
   10a70:	00249683          	lh	a3,2(s1)
   10a74:	0144a583          	lw	a1,20(s1)
   10a78:	0184a503          	lw	a0,24(s1)
   10a7c:	0384d783          	lhu	a5,56(s1)
   10a80:	00001097          	auipc	ra,0x1
   10a84:	4b0080e7          	jalr	1200(ra) # 11f30 <core_bench_state>
   10a88:	03e4d583          	lhu	a1,62(s1)
   10a8c:	00050993          	mv	s3,a0
   10a90:	02059863          	bnez	a1,10ac0 <core_bench_list+0x388>
   10a94:	03349f23          	sh	s3,62(s1)
   10a98:	0280006f          	j	10ac0 <core_bench_list+0x388>
   10a9c:	0384d603          	lhu	a2,56(s1)
   10aa0:	02848513          	addi	a0,s1,40
   10aa4:	00070593          	mv	a1,a4
   10aa8:	00001097          	auipc	ra,0x1
   10aac:	dd0080e7          	jalr	-560(ra) # 11878 <core_bench_matrix>
   10ab0:	03c4d583          	lhu	a1,60(s1)
   10ab4:	00050993          	mv	s3,a0
   10ab8:	00059463          	bnez	a1,10ac0 <core_bench_list+0x388>
   10abc:	03349e23          	sh	s3,60(s1)
   10ac0:	0384d583          	lhu	a1,56(s1)
   10ac4:	00098513          	mv	a0,s3
   10ac8:	00002097          	auipc	ra,0x2
   10acc:	a74080e7          	jalr	-1420(ra) # 1253c <crcu16>
   10ad0:	02a49c23          	sh	a0,56(s1)
   10ad4:	07f9f513          	andi	a0,s3,127
   10ad8:	f00af593          	andi	a1,s5,-256
   10adc:	00a5e5b3          	or	a1,a1,a0
   10ae0:	08058593          	addi	a1,a1,128
   10ae4:	00bc9023          	sh	a1,0(s9)
   10ae8:	ef2574e3          	bgeu	a0,s2,109d0 <core_bench_list+0x298>
   10aec:	000a2503          	lw	a0,0(s4)
   10af0:	fff40413          	addi	s0,s0,-1
   10af4:	000b0593          	mv	a1,s6
   10af8:	000a0613          	mv	a2,s4
   10afc:	e20d02e3          	beqz	s10,10920 <core_bench_list+0x1e8>
   10b00:	00cd2023          	sw	a2,0(s10)
   10b04:	00058b13          	mv	s6,a1
   10b08:	00050a13          	mv	s4,a0
   10b0c:	00060d13          	mv	s10,a2
   10b10:	e38048e3          	bgtz	s8,10940 <core_bench_list+0x208>
   10b14:	e21ff06f          	j	10934 <core_bench_list+0x1fc>
   10b18:	000a2603          	lw	a2,0(s4)
   10b1c:	00062403          	lw	s0,0(a2)
   10b20:	00462583          	lw	a1,4(a2)
   10b24:	00042683          	lw	a3,0(s0)
   10b28:	00442703          	lw	a4,4(s0)
   10b2c:	00812503          	lw	a0,8(sp)
   10b30:	01051513          	slli	a0,a0,0x10
   10b34:	00d62023          	sw	a3,0(a2)
   10b38:	00e62223          	sw	a4,4(a2)
   10b3c:	00042023          	sw	zero,0(s0)
   10b40:	00b42223          	sw	a1,4(s0)
   10b44:	02054463          	bltz	a0,10b6c <core_bench_list+0x434>
   10b48:	01055513          	srli	a0,a0,0x10
   10b4c:	000a0493          	mv	s1,s4
   10b50:	00c12f83          	lw	t6,12(sp)
   10b54:	0044a603          	lw	a2,4(s1)
   10b58:	00265603          	lhu	a2,2(a2)
   10b5c:	04a60063          	beq	a2,a0,10b9c <core_bench_list+0x464>
   10b60:	0004a483          	lw	s1,0(s1)
   10b64:	fe0498e3          	bnez	s1,10b54 <core_bench_list+0x41c>
   10b68:	02c0006f          	j	10b94 <core_bench_list+0x45c>
   10b6c:	00412503          	lw	a0,4(sp)
   10b70:	01051513          	slli	a0,a0,0x10
   10b74:	01055513          	srli	a0,a0,0x10
   10b78:	000a0493          	mv	s1,s4
   10b7c:	00c12f83          	lw	t6,12(sp)
   10b80:	0044a603          	lw	a2,4(s1)
   10b84:	00064603          	lbu	a2,0(a2)
   10b88:	00a60a63          	beq	a2,a0,10b9c <core_bench_list+0x464>
   10b8c:	0004a483          	lw	s1,0(s1)
   10b90:	fe0498e3          	bnez	s1,10b80 <core_bench_list+0x448>
   10b94:	000a2483          	lw	s1,0(s4)
   10b98:	02048663          	beqz	s1,10bc4 <core_bench_list+0x48c>
   10b9c:	004a2503          	lw	a0,4(s4)
   10ba0:	00051503          	lh	a0,0(a0)
   10ba4:	010f9593          	slli	a1,t6,0x10
   10ba8:	0105d593          	srli	a1,a1,0x10
   10bac:	00002097          	auipc	ra,0x2
   10bb0:	a50080e7          	jalr	-1456(ra) # 125fc <crc16>
   10bb4:	0004a483          	lw	s1,0(s1)
   10bb8:	00050f93          	mv	t6,a0
   10bbc:	fe0490e3          	bnez	s1,10b9c <core_bench_list+0x464>
   10bc0:	00442583          	lw	a1,4(s0)
   10bc4:	000a2603          	lw	a2,0(s4)
   10bc8:	00062503          	lw	a0,0(a2)
   10bcc:	00462683          	lw	a3,4(a2)
   10bd0:	00a42023          	sw	a0,0(s0)
   10bd4:	00d42223          	sw	a3,4(s0)
   10bd8:	00100513          	li	a0,1
   10bdc:	00862023          	sw	s0,0(a2)
   10be0:	00b62223          	sw	a1,4(a2)
   10be4:	00100593          	li	a1,1
   10be8:	0100006f          	j	10bf8 <core_bench_list+0x4c0>
   10bec:	0006a023          	sw	zero,0(a3)
   10bf0:	00159593          	slli	a1,a1,0x1
   10bf4:	0e078663          	beqz	a5,10ce0 <core_bench_list+0x5a8>
   10bf8:	00000613          	li	a2,0
   10bfc:	00000693          	li	a3,0
   10c00:	40b00733          	neg	a4,a1
   10c04:	000a0293          	mv	t0,s4
   10c08:	00000a13          	li	s4,0
   10c0c:	0080006f          	j	10c14 <core_bench_list+0x4dc>
   10c10:	fc028ee3          	beqz	t0,10bec <core_bench_list+0x4b4>
   10c14:	00060793          	mv	a5,a2
   10c18:	00160613          	addi	a2,a2,1
   10c1c:	00100813          	li	a6,1
   10c20:	00028313          	mv	t1,t0
   10c24:	00032303          	lw	t1,0(t1)
   10c28:	00030a63          	beqz	t1,10c3c <core_bench_list+0x504>
   10c2c:	00180813          	addi	a6,a6,1
   10c30:	010708b3          	add	a7,a4,a6
   10c34:	fea898e3          	bne	a7,a0,10c24 <core_bench_list+0x4ec>
   10c38:	00058813          	mv	a6,a1
   10c3c:	00058893          	mv	a7,a1
   10c40:	00028393          	mv	t2,t0
   10c44:	00030293          	mv	t0,t1
   10c48:	03004463          	bgtz	a6,10c70 <core_bench_list+0x538>
   10c4c:	0180006f          	j	10c64 <core_bench_list+0x52c>
   10c50:	000e8a13          	mv	s4,t4
   10c54:	000e8693          	mv	a3,t4
   10c58:	000e0393          	mv	t2,t3
   10c5c:	00030293          	mv	t0,t1
   10c60:	01004863          	bgtz	a6,10c70 <core_bench_list+0x538>
   10c64:	fb1056e3          	blez	a7,10c10 <core_bench_list+0x4d8>
   10c68:	fa0284e3          	beqz	t0,10c10 <core_bench_list+0x4d8>
   10c6c:	02080863          	beqz	a6,10c9c <core_bench_list+0x564>
   10c70:	04088263          	beqz	a7,10cb4 <core_bench_list+0x57c>
   10c74:	04028063          	beqz	t0,10cb4 <core_bench_list+0x57c>
   10c78:	0043a303          	lw	t1,4(t2)
   10c7c:	00134e03          	lbu	t3,1(t1)
   10c80:	0042ae83          	lw	t4,4(t0)
   10c84:	01c30023          	sb	t3,0(t1)
   10c88:	001ece03          	lbu	t3,1(t4)
   10c8c:	002e9f03          	lh	t5,2(t4)
   10c90:	01ce8023          	sb	t3,0(t4)
   10c94:	00231303          	lh	t1,2(t1)
   10c98:	006f5e63          	bge	t5,t1,10cb4 <core_bench_list+0x57c>
   10c9c:	0002a303          	lw	t1,0(t0)
   10ca0:	fff88893          	addi	a7,a7,-1
   10ca4:	00038e13          	mv	t3,t2
   10ca8:	00028e93          	mv	t4,t0
   10cac:	00069e63          	bnez	a3,10cc8 <core_bench_list+0x590>
   10cb0:	fa1ff06f          	j	10c50 <core_bench_list+0x518>
   10cb4:	0003ae03          	lw	t3,0(t2)
   10cb8:	fff80813          	addi	a6,a6,-1
   10cbc:	00028313          	mv	t1,t0
   10cc0:	00038e93          	mv	t4,t2
   10cc4:	f80686e3          	beqz	a3,10c50 <core_bench_list+0x518>
   10cc8:	01d6a023          	sw	t4,0(a3)
   10ccc:	000e0393          	mv	t2,t3
   10cd0:	00030293          	mv	t0,t1
   10cd4:	000e8693          	mv	a3,t4
   10cd8:	f9004ce3          	bgtz	a6,10c70 <core_bench_list+0x538>
   10cdc:	f89ff06f          	j	10c64 <core_bench_list+0x52c>
   10ce0:	000a2403          	lw	s0,0(s4)
   10ce4:	02040463          	beqz	s0,10d0c <core_bench_list+0x5d4>
   10ce8:	004a2503          	lw	a0,4(s4)
   10cec:	00051503          	lh	a0,0(a0)
   10cf0:	010f9593          	slli	a1,t6,0x10
   10cf4:	0105d593          	srli	a1,a1,0x10
   10cf8:	00002097          	auipc	ra,0x2
   10cfc:	904080e7          	jalr	-1788(ra) # 125fc <crc16>
   10d00:	00042403          	lw	s0,0(s0)
   10d04:	00050f93          	mv	t6,a0
   10d08:	fe0410e3          	bnez	s0,10ce8 <core_bench_list+0x5b0>
   10d0c:	010f9513          	slli	a0,t6,0x10
   10d10:	01055513          	srli	a0,a0,0x10
   10d14:	04c12083          	lw	ra,76(sp)
   10d18:	04812403          	lw	s0,72(sp)
   10d1c:	04412483          	lw	s1,68(sp)
   10d20:	04012903          	lw	s2,64(sp)
   10d24:	03c12983          	lw	s3,60(sp)
   10d28:	03812a03          	lw	s4,56(sp)
   10d2c:	03412a83          	lw	s5,52(sp)
   10d30:	03012b03          	lw	s6,48(sp)
   10d34:	02c12b83          	lw	s7,44(sp)
   10d38:	02812c03          	lw	s8,40(sp)
   10d3c:	02412c83          	lw	s9,36(sp)
   10d40:	02012d03          	lw	s10,32(sp)
   10d44:	01c12d83          	lw	s11,28(sp)
   10d48:	05010113          	addi	sp,sp,80
   10d4c:	00008067          	ret

00010d50 <core_list_init>:
   10d50:	00008737          	lui	a4,0x8
   10d54:	ccccd7b7          	lui	a5,0xccccd
   10d58:	00858813          	addi	a6,a1,8
   10d5c:	00300293          	li	t0,3
   10d60:	fff70713          	addi	a4,a4,-1 # 7fff <__HEAP_SIZE+0x5fff>
   10d64:	ccd78793          	addi	a5,a5,-819 # cccccccd <__stack_top__+0xccc9cccd>
   10d68:	02f53533          	mulhu	a0,a0,a5
   10d6c:	08170893          	addi	a7,a4,129
   10d70:	00455513          	srli	a0,a0,0x4
   10d74:	ffe50513          	addi	a0,a0,-2
   10d78:	00351793          	slli	a5,a0,0x3
   10d7c:	00f587b3          	add	a5,a1,a5
   10d80:	01179023          	sh	a7,0(a5)
   10d84:	00079123          	sh	zero,2(a5)
   10d88:	0005a023          	sw	zero,0(a1)
   10d8c:	00f5a223          	sw	a5,4(a1)
   10d90:	00478893          	addi	a7,a5,4
   10d94:	02556a63          	bltu	a0,t0,10dc8 <core_list_init+0x78>
   10d98:	0115a623          	sw	a7,12(a1)
   10d9c:	00878893          	addi	a7,a5,8
   10da0:	fff00293          	li	t0,-1
   10da4:	00080693          	mv	a3,a6
   10da8:	01058313          	addi	t1,a1,16
   10dac:	0105a023          	sw	a6,0(a1)
   10db0:	00579223          	sh	t0,4(a5)
   10db4:	00e79323          	sh	a4,6(a5)
   10db8:	0005a423          	sw	zero,8(a1)
   10dbc:	00030813          	mv	a6,t1
   10dc0:	00051863          	bnez	a0,10dd0 <core_list_init+0x80>
   10dc4:	0780006f          	j	10e3c <core_list_init+0xec>
   10dc8:	00000693          	li	a3,0
   10dcc:	06050863          	beqz	a0,10e3c <core_list_init+0xec>
   10dd0:	00000293          	li	t0,0
   10dd4:	00251313          	slli	t1,a0,0x2
   10dd8:	00678333          	add	t1,a5,t1
   10ddc:	00c0006f          	j	10de8 <core_list_init+0x98>
   10de0:	00128293          	addi	t0,t0,1
   10de4:	04550c63          	beq	a0,t0,10e3c <core_list_init+0xec>
   10de8:	00880e13          	addi	t3,a6,8
   10dec:	fefe7ae3          	bgeu	t3,a5,10de0 <core_list_init+0x90>
   10df0:	00488393          	addi	t2,a7,4
   10df4:	fe63f6e3          	bgeu	t2,t1,10de0 <core_list_init+0x90>
   10df8:	00564eb3          	xor	t4,a2,t0
   10dfc:	0072ff13          	andi	t5,t0,7
   10e00:	00d82023          	sw	a3,0(a6)
   10e04:	0105a023          	sw	a6,0(a1)
   10e08:	01182223          	sw	a7,4(a6)
   10e0c:	01ce9e93          	slli	t4,t4,0x1c
   10e10:	019ed693          	srli	a3,t4,0x19
   10e14:	01e6e6b3          	or	a3,a3,t5
   10e18:	00869e93          	slli	t4,a3,0x8
   10e1c:	00dee6b3          	or	a3,t4,a3
   10e20:	00d89023          	sh	a3,0(a7)
   10e24:	00e89123          	sh	a4,2(a7)
   10e28:	00080693          	mv	a3,a6
   10e2c:	00128293          	addi	t0,t0,1
   10e30:	000e0813          	mv	a6,t3
   10e34:	00038893          	mv	a7,t2
   10e38:	fa5518e3          	bne	a0,t0,10de8 <core_list_init+0x98>
   10e3c:	0006a783          	lw	a5,0(a3)
   10e40:	04078e63          	beqz	a5,10e9c <core_list_init+0x14c>
   10e44:	ccccd737          	lui	a4,0xccccd
   10e48:	ccd70713          	addi	a4,a4,-819 # cccccccd <__stack_top__+0xccc9cccd>
   10e4c:	02e53533          	mulhu	a0,a0,a4
   10e50:	00255513          	srli	a0,a0,0x2
   10e54:	00200713          	li	a4,2
   10e58:	01c0006f          	j	10e74 <core_list_init+0x124>
   10e5c:	0046a683          	lw	a3,4(a3)
   10e60:	00082783          	lw	a5,0(a6)
   10e64:	01169123          	sh	a7,2(a3)
   10e68:	00170713          	addi	a4,a4,1
   10e6c:	00080693          	mv	a3,a6
   10e70:	02078663          	beqz	a5,10e9c <core_list_init+0x14c>
   10e74:	fff70893          	addi	a7,a4,-1
   10e78:	00078813          	mv	a6,a5
   10e7c:	fea8e0e3          	bltu	a7,a0,10e5c <core_list_init+0x10c>
   10e80:	011647b3          	xor	a5,a2,a7
   10e84:	01d71893          	slli	a7,a4,0x1d
   10e88:	01279793          	slli	a5,a5,0x12
   10e8c:	0127d793          	srli	a5,a5,0x12
   10e90:	0158d893          	srli	a7,a7,0x15
   10e94:	00f8e8b3          	or	a7,a7,a5
   10e98:	fc5ff06f          	j	10e5c <core_list_init+0x10c>
   10e9c:	00100513          	li	a0,1
   10ea0:	00100613          	li	a2,1
   10ea4:	0100006f          	j	10eb4 <core_list_init+0x164>
   10ea8:	00072023          	sw	zero,0(a4)
   10eac:	00161613          	slli	a2,a2,0x1
   10eb0:	0e080663          	beqz	a6,10f9c <core_list_init+0x24c>
   10eb4:	00000693          	li	a3,0
   10eb8:	00000713          	li	a4,0
   10ebc:	40c007b3          	neg	a5,a2
   10ec0:	00058313          	mv	t1,a1
   10ec4:	00000593          	li	a1,0
   10ec8:	0080006f          	j	10ed0 <core_list_init+0x180>
   10ecc:	fc030ee3          	beqz	t1,10ea8 <core_list_init+0x158>
   10ed0:	00068813          	mv	a6,a3
   10ed4:	00168693          	addi	a3,a3,1
   10ed8:	00100893          	li	a7,1
   10edc:	00030393          	mv	t2,t1
   10ee0:	0003a383          	lw	t2,0(t2)
   10ee4:	00038a63          	beqz	t2,10ef8 <core_list_init+0x1a8>
   10ee8:	00188893          	addi	a7,a7,1
   10eec:	011782b3          	add	t0,a5,a7
   10ef0:	fea298e3          	bne	t0,a0,10ee0 <core_list_init+0x190>
   10ef4:	00060893          	mv	a7,a2
   10ef8:	00060293          	mv	t0,a2
   10efc:	00030e13          	mv	t3,t1
   10f00:	00038313          	mv	t1,t2
   10f04:	03104463          	bgtz	a7,10f2c <core_list_init+0x1dc>
   10f08:	0180006f          	j	10f20 <core_list_init+0x1d0>
   10f0c:	000f0593          	mv	a1,t5
   10f10:	000f0713          	mv	a4,t5
   10f14:	000e8e13          	mv	t3,t4
   10f18:	00038313          	mv	t1,t2
   10f1c:	01104863          	bgtz	a7,10f2c <core_list_init+0x1dc>
   10f20:	fa5056e3          	blez	t0,10ecc <core_list_init+0x17c>
   10f24:	fa0304e3          	beqz	t1,10ecc <core_list_init+0x17c>
   10f28:	02088863          	beqz	a7,10f58 <core_list_init+0x208>
   10f2c:	04028263          	beqz	t0,10f70 <core_list_init+0x220>
   10f30:	04030063          	beqz	t1,10f70 <core_list_init+0x220>
   10f34:	004e2383          	lw	t2,4(t3)
   10f38:	0013ce83          	lbu	t4,1(t2)
   10f3c:	00432f03          	lw	t5,4(t1)
   10f40:	01d38023          	sb	t4,0(t2)
   10f44:	001f4e83          	lbu	t4,1(t5)
   10f48:	002f1f83          	lh	t6,2(t5)
   10f4c:	01df0023          	sb	t4,0(t5)
   10f50:	00239383          	lh	t2,2(t2)
   10f54:	007fde63          	bge	t6,t2,10f70 <core_list_init+0x220>
   10f58:	00032383          	lw	t2,0(t1)
   10f5c:	fff28293          	addi	t0,t0,-1
   10f60:	000e0e93          	mv	t4,t3
   10f64:	00030f13          	mv	t5,t1
   10f68:	00071e63          	bnez	a4,10f84 <core_list_init+0x234>
   10f6c:	fa1ff06f          	j	10f0c <core_list_init+0x1bc>
   10f70:	000e2e83          	lw	t4,0(t3)
   10f74:	fff88893          	addi	a7,a7,-1
   10f78:	00030393          	mv	t2,t1
   10f7c:	000e0f13          	mv	t5,t3
   10f80:	f80706e3          	beqz	a4,10f0c <core_list_init+0x1bc>
   10f84:	01e72023          	sw	t5,0(a4)
   10f88:	000e8e13          	mv	t3,t4
   10f8c:	00038313          	mv	t1,t2
   10f90:	000f0713          	mv	a4,t5
   10f94:	f9104ce3          	bgtz	a7,10f2c <core_list_init+0x1dc>
   10f98:	f89ff06f          	j	10f20 <core_list_init+0x1d0>
   10f9c:	00058513          	mv	a0,a1
   10fa0:	00008067          	ret

00010fa4 <iterate>:
   10fa4:	ff010113          	addi	sp,sp,-16
   10fa8:	00112623          	sw	ra,12(sp)
   10fac:	00812423          	sw	s0,8(sp)
   10fb0:	00912223          	sw	s1,4(sp)
   10fb4:	01c52483          	lw	s1,28(a0)
   10fb8:	02052c23          	sw	zero,56(a0)
   10fbc:	02052e23          	sw	zero,60(a0)
   10fc0:	08048c63          	beqz	s1,11058 <iterate+0xb4>
   10fc4:	00050413          	mv	s0,a0
   10fc8:	00100593          	li	a1,1
   10fcc:	fffff097          	auipc	ra,0xfffff
   10fd0:	76c080e7          	jalr	1900(ra) # 10738 <core_bench_list>
   10fd4:	03845583          	lhu	a1,56(s0)
   10fd8:	00001097          	auipc	ra,0x1
   10fdc:	564080e7          	jalr	1380(ra) # 1253c <crcu16>
   10fe0:	02a41c23          	sh	a0,56(s0)
   10fe4:	fff00593          	li	a1,-1
   10fe8:	00040513          	mv	a0,s0
   10fec:	fffff097          	auipc	ra,0xfffff
   10ff0:	74c080e7          	jalr	1868(ra) # 10738 <core_bench_list>
   10ff4:	03845583          	lhu	a1,56(s0)
   10ff8:	00001097          	auipc	ra,0x1
   10ffc:	544080e7          	jalr	1348(ra) # 1253c <crcu16>
   11000:	fff48493          	addi	s1,s1,-1
   11004:	02a41c23          	sh	a0,56(s0)
   11008:	02a41d23          	sh	a0,58(s0)
   1100c:	04048663          	beqz	s1,11058 <iterate+0xb4>
   11010:	00100593          	li	a1,1
   11014:	00040513          	mv	a0,s0
   11018:	fffff097          	auipc	ra,0xfffff
   1101c:	720080e7          	jalr	1824(ra) # 10738 <core_bench_list>
   11020:	03845583          	lhu	a1,56(s0)
   11024:	00001097          	auipc	ra,0x1
   11028:	518080e7          	jalr	1304(ra) # 1253c <crcu16>
   1102c:	02a41c23          	sh	a0,56(s0)
   11030:	fff00593          	li	a1,-1
   11034:	00040513          	mv	a0,s0
   11038:	fffff097          	auipc	ra,0xfffff
   1103c:	700080e7          	jalr	1792(ra) # 10738 <core_bench_list>
   11040:	03845583          	lhu	a1,56(s0)
   11044:	00001097          	auipc	ra,0x1
   11048:	4f8080e7          	jalr	1272(ra) # 1253c <crcu16>
   1104c:	fff48493          	addi	s1,s1,-1
   11050:	02a41c23          	sh	a0,56(s0)
   11054:	fa049ee3          	bnez	s1,11010 <iterate+0x6c>
   11058:	00000513          	li	a0,0
   1105c:	00c12083          	lw	ra,12(sp)
   11060:	00812403          	lw	s0,8(sp)
   11064:	00412483          	lw	s1,4(sp)
   11068:	01010113          	addi	sp,sp,16
   1106c:	00008067          	ret

00011070 <main>:
   11070:	f9010113          	addi	sp,sp,-112
   11074:	06112623          	sw	ra,108(sp)
   11078:	06812423          	sw	s0,104(sp)
   1107c:	06912223          	sw	s1,100(sp)
   11080:	07212023          	sw	s2,96(sp)
   11084:	05312e23          	sw	s3,92(sp)
   11088:	05412c23          	sw	s4,88(sp)
   1108c:	05512a23          	sw	s5,84(sp)
   11090:	04012823          	sw	zero,80(sp)
   11094:	04810513          	addi	a0,sp,72
   11098:	05010593          	addi	a1,sp,80
   1109c:	04c10613          	addi	a2,sp,76
   110a0:	00001097          	auipc	ra,0x1
   110a4:	e80080e7          	jalr	-384(ra) # 11f20 <portable_init>
   110a8:	00100513          	li	a0,1
   110ac:	00001097          	auipc	ra,0x1
   110b0:	460080e7          	jalr	1120(ra) # 1250c <get_seed_32>
   110b4:	00a11223          	sh	a0,4(sp)
   110b8:	00200513          	li	a0,2
   110bc:	00001097          	auipc	ra,0x1
   110c0:	450080e7          	jalr	1104(ra) # 1250c <get_seed_32>
   110c4:	00a11323          	sh	a0,6(sp)
   110c8:	00300513          	li	a0,3
   110cc:	00001097          	auipc	ra,0x1
   110d0:	440080e7          	jalr	1088(ra) # 1250c <get_seed_32>
   110d4:	00a11423          	sh	a0,8(sp)
   110d8:	00400513          	li	a0,4
   110dc:	00001097          	auipc	ra,0x1
   110e0:	430080e7          	jalr	1072(ra) # 1250c <get_seed_32>
   110e4:	02a12023          	sw	a0,32(sp)
   110e8:	00500513          	li	a0,5
   110ec:	00001097          	auipc	ra,0x1
   110f0:	420080e7          	jalr	1056(ra) # 1250c <get_seed_32>
   110f4:	00051463          	bnez	a0,110fc <main+0x8c>
   110f8:	00700513          	li	a0,7
   110fc:	00415603          	lhu	a2,4(sp)
   11100:	00615683          	lhu	a3,6(sp)
   11104:	00815583          	lhu	a1,8(sp)
   11108:	02a12223          	sw	a0,36(sp)
   1110c:	00061863          	bnez	a2,1111c <main+0xac>
   11110:	00069663          	bnez	a3,1111c <main+0xac>
   11114:	00000713          	li	a4,0
   11118:	00058e63          	beqz	a1,11134 <main+0xc4>
   1111c:	00100713          	li	a4,1
   11120:	02e61463          	bne	a2,a4,11148 <main+0xd8>
   11124:	02069263          	bnez	a3,11148 <main+0xd8>
   11128:	02059063          	bnez	a1,11148 <main+0xd8>
   1112c:	00003737          	lui	a4,0x3
   11130:	41570713          	addi	a4,a4,1045 # 3415 <__HEAP_SIZE+0x1415>
   11134:	06600593          	li	a1,102
   11138:	00e11223          	sh	a4,4(sp)
   1113c:	00e11323          	sh	a4,6(sp)
   11140:	00b11423          	sh	a1,8(sp)
   11144:	00070613          	mv	a2,a4
   11148:	00000713          	li	a4,0
   1114c:	00157593          	andi	a1,a0,1
   11150:	01e51693          	slli	a3,a0,0x1e
   11154:	01d51793          	slli	a5,a0,0x1d
   11158:	01f6d693          	srli	a3,a3,0x1f
   1115c:	01f7d793          	srli	a5,a5,0x1f
   11160:	00b686b3          	add	a3,a3,a1
   11164:	00d786b3          	add	a3,a5,a3
   11168:	7d000793          	li	a5,2000
   1116c:	02d7d6b3          	divu	a3,a5,a3
   11170:	000217b7          	lui	a5,0x21
   11174:	a3478793          	addi	a5,a5,-1484 # 20a34 <static_memblk>
   11178:	00f12623          	sw	a5,12(sp)
   1117c:	00d12e23          	sw	a3,28(sp)
   11180:	04011223          	sh	zero,68(sp)
   11184:	1a059c63          	bnez	a1,1133c <main+0x2cc>
   11188:	00257813          	andi	a6,a0,2
   1118c:	1c081063          	bnez	a6,1134c <main+0x2dc>
   11190:	00457893          	andi	a7,a0,4
   11194:	1c089863          	bnez	a7,11364 <main+0x2f4>
   11198:	1c059e63          	bnez	a1,11374 <main+0x304>
   1119c:	02080663          	beqz	a6,111c8 <main+0x158>
   111a0:	00411603          	lh	a2,4(sp)
   111a4:	00611703          	lh	a4,6(sp)
   111a8:	01412583          	lw	a1,20(sp)
   111ac:	01c12503          	lw	a0,28(sp)
   111b0:	02c10693          	addi	a3,sp,44
   111b4:	01071713          	slli	a4,a4,0x10
   111b8:	00c76633          	or	a2,a4,a2
   111bc:	00001097          	auipc	ra,0x1
   111c0:	bb4080e7          	jalr	-1100(ra) # 11d70 <core_init_matrix>
   111c4:	02412503          	lw	a0,36(sp)
   111c8:	00457513          	andi	a0,a0,4
   111cc:	00050c63          	beqz	a0,111e4 <main+0x174>
   111d0:	00411583          	lh	a1,4(sp)
   111d4:	01812603          	lw	a2,24(sp)
   111d8:	01c12503          	lw	a0,28(sp)
   111dc:	00001097          	auipc	ra,0x1
   111e0:	26c080e7          	jalr	620(ra) # 12448 <core_init_state>
   111e4:	02012503          	lw	a0,32(sp)
   111e8:	06051463          	bnez	a0,11250 <main+0x1e0>
   111ec:	00100513          	li	a0,1
   111f0:	02a12023          	sw	a0,32(sp)
   111f4:	02012503          	lw	a0,32(sp)
   111f8:	00151593          	slli	a1,a0,0x1
   111fc:	00351513          	slli	a0,a0,0x3
   11200:	00b50533          	add	a0,a0,a1
   11204:	02a12023          	sw	a0,32(sp)
   11208:	00001097          	auipc	ra,0x1
   1120c:	c80080e7          	jalr	-896(ra) # 11e88 <start_time>
   11210:	00410513          	addi	a0,sp,4
   11214:	00000097          	auipc	ra,0x0
   11218:	d90080e7          	jalr	-624(ra) # 10fa4 <iterate>
   1121c:	00001097          	auipc	ra,0x1
   11220:	c8c080e7          	jalr	-884(ra) # 11ea8 <stop_time>
   11224:	00001097          	auipc	ra,0x1
   11228:	ca8080e7          	jalr	-856(ra) # 11ecc <get_time>
   1122c:	00001097          	auipc	ra,0x1
   11230:	ccc080e7          	jalr	-820(ra) # 11ef8 <time_in_secs>
   11234:	fc0500e3          	beqz	a0,111f4 <main+0x184>
   11238:	00a00593          	li	a1,10
   1123c:	02a5d533          	divu	a0,a1,a0
   11240:	02012583          	lw	a1,32(sp)
   11244:	00150513          	addi	a0,a0,1
   11248:	02a58533          	mul	a0,a1,a0
   1124c:	02a12023          	sw	a0,32(sp)
   11250:	00001097          	auipc	ra,0x1
   11254:	c38080e7          	jalr	-968(ra) # 11e88 <start_time>
   11258:	00410513          	addi	a0,sp,4
   1125c:	00000097          	auipc	ra,0x0
   11260:	d48080e7          	jalr	-696(ra) # 10fa4 <iterate>
   11264:	00001097          	auipc	ra,0x1
   11268:	c44080e7          	jalr	-956(ra) # 11ea8 <stop_time>
   1126c:	00001097          	auipc	ra,0x1
   11270:	c60080e7          	jalr	-928(ra) # 11ecc <get_time>
   11274:	00050493          	mv	s1,a0
   11278:	00411503          	lh	a0,4(sp)
   1127c:	00058993          	mv	s3,a1
   11280:	00000593          	li	a1,0
   11284:	00001097          	auipc	ra,0x1
   11288:	378080e7          	jalr	888(ra) # 125fc <crc16>
   1128c:	00611583          	lh	a1,6(sp)
   11290:	00050613          	mv	a2,a0
   11294:	00058513          	mv	a0,a1
   11298:	00060593          	mv	a1,a2
   1129c:	00001097          	auipc	ra,0x1
   112a0:	360080e7          	jalr	864(ra) # 125fc <crc16>
   112a4:	00811583          	lh	a1,8(sp)
   112a8:	00050613          	mv	a2,a0
   112ac:	00058513          	mv	a0,a1
   112b0:	00060593          	mv	a1,a2
   112b4:	00001097          	auipc	ra,0x1
   112b8:	348080e7          	jalr	840(ra) # 125fc <crc16>
   112bc:	01c11583          	lh	a1,28(sp)
   112c0:	00050613          	mv	a2,a0
   112c4:	00058513          	mv	a0,a1
   112c8:	00060593          	mv	a1,a2
   112cc:	00001097          	auipc	ra,0x1
   112d0:	330080e7          	jalr	816(ra) # 125fc <crc16>
   112d4:	00050413          	mv	s0,a0
   112d8:	00010ab7          	lui	s5,0x10
   112dc:	00008537          	lui	a0,0x8
   112e0:	b0450513          	addi	a0,a0,-1276 # 7b04 <__HEAP_SIZE+0x5b04>
   112e4:	fffa8a93          	addi	s5,s5,-1 # ffff <__HEAP_SIZE+0xdfff>
   112e8:	0a855e63          	bge	a0,s0,113a4 <main+0x334>
   112ec:	0000f537          	lui	a0,0xf
   112f0:	9f550513          	addi	a0,a0,-1547 # e9f5 <__HEAP_SIZE+0xc9f5>
   112f4:	0ea40a63          	beq	s0,a0,113e8 <main+0x378>
   112f8:	00009537          	lui	a0,0x9
   112fc:	a0250513          	addi	a0,a0,-1534 # 8a02 <__HEAP_SIZE+0x6a02>
   11300:	10a40a63          	beq	s0,a0,11414 <main+0x3a4>
   11304:	00008537          	lui	a0,0x8
   11308:	b0550513          	addi	a0,a0,-1275 # 7b05 <__HEAP_SIZE+0x5b05>
   1130c:	22a41463          	bne	s0,a0,11534 <main+0x4c4>
   11310:	00100913          	li	s2,1
   11314:	00020537          	lui	a0,0x20
   11318:	3bd50513          	addi	a0,a0,957 # 203bd <_impure_ptr+0x355>
   1131c:	00001097          	auipc	ra,0x1
   11320:	4fc080e7          	jalr	1276(ra) # 12818 <puts>
   11324:	02412503          	lw	a0,36(sp)
   11328:	00191913          	slli	s2,s2,0x1
   1132c:	00157593          	andi	a1,a0,1
   11330:	04011223          	sh	zero,68(sp)
   11334:	14058463          	beqz	a1,1147c <main+0x40c>
   11338:	12c0006f          	j	11464 <main+0x3f4>
   1133c:	00f12823          	sw	a5,16(sp)
   11340:	00100713          	li	a4,1
   11344:	00257813          	andi	a6,a0,2
   11348:	e40804e3          	beqz	a6,11190 <main+0x120>
   1134c:	02e688b3          	mul	a7,a3,a4
   11350:	011788b3          	add	a7,a5,a7
   11354:	01112a23          	sw	a7,20(sp)
   11358:	00170713          	addi	a4,a4,1
   1135c:	00457893          	andi	a7,a0,4
   11360:	e2088ce3          	beqz	a7,11198 <main+0x128>
   11364:	02e68733          	mul	a4,a3,a4
   11368:	00e78733          	add	a4,a5,a4
   1136c:	00e12c23          	sw	a4,24(sp)
   11370:	e20586e3          	beqz	a1,1119c <main+0x12c>
   11374:	01012583          	lw	a1,16(sp)
   11378:	01061613          	slli	a2,a2,0x10
   1137c:	41065613          	srai	a2,a2,0x10
   11380:	00068513          	mv	a0,a3
   11384:	00000097          	auipc	ra,0x0
   11388:	9cc080e7          	jalr	-1588(ra) # 10d50 <core_list_init>
   1138c:	00050593          	mv	a1,a0
   11390:	02412503          	lw	a0,36(sp)
   11394:	02b12423          	sw	a1,40(sp)
   11398:	00257813          	andi	a6,a0,2
   1139c:	e00812e3          	bnez	a6,111a0 <main+0x130>
   113a0:	e29ff06f          	j	111c8 <main+0x158>
   113a4:	00002537          	lui	a0,0x2
   113a8:	8f250513          	addi	a0,a0,-1806 # 18f2 <__STACK_SIZE+0x8f2>
   113ac:	08a40863          	beq	s0,a0,1143c <main+0x3cc>
   113b0:	00005537          	lui	a0,0x5
   113b4:	eaf50513          	addi	a0,a0,-337 # 4eaf <__HEAP_SIZE+0x2eaf>
   113b8:	16a41e63          	bne	s0,a0,11534 <main+0x4c4>
   113bc:	00200913          	li	s2,2
   113c0:	00020537          	lui	a0,0x20
   113c4:	38d50513          	addi	a0,a0,909 # 2038d <_impure_ptr+0x325>
   113c8:	00001097          	auipc	ra,0x1
   113cc:	450080e7          	jalr	1104(ra) # 12818 <puts>
   113d0:	02412503          	lw	a0,36(sp)
   113d4:	00191913          	slli	s2,s2,0x1
   113d8:	00157593          	andi	a1,a0,1
   113dc:	04011223          	sh	zero,68(sp)
   113e0:	08058e63          	beqz	a1,1147c <main+0x40c>
   113e4:	0800006f          	j	11464 <main+0x3f4>
   113e8:	00300913          	li	s2,3
   113ec:	00020537          	lui	a0,0x20
   113f0:	36150513          	addi	a0,a0,865 # 20361 <_impure_ptr+0x2f9>
   113f4:	00001097          	auipc	ra,0x1
   113f8:	424080e7          	jalr	1060(ra) # 12818 <puts>
   113fc:	02412503          	lw	a0,36(sp)
   11400:	00191913          	slli	s2,s2,0x1
   11404:	00157593          	andi	a1,a0,1
   11408:	04011223          	sh	zero,68(sp)
   1140c:	06058863          	beqz	a1,1147c <main+0x40c>
   11410:	0540006f          	j	11464 <main+0x3f4>
   11414:	00020537          	lui	a0,0x20
   11418:	3e850513          	addi	a0,a0,1000 # 203e8 <_impure_ptr+0x380>
   1141c:	00001097          	auipc	ra,0x1
   11420:	3fc080e7          	jalr	1020(ra) # 12818 <puts>
   11424:	02412503          	lw	a0,36(sp)
   11428:	00000913          	li	s2,0
   1142c:	00157593          	andi	a1,a0,1
   11430:	04011223          	sh	zero,68(sp)
   11434:	02059863          	bnez	a1,11464 <main+0x3f4>
   11438:	0440006f          	j	1147c <main+0x40c>
   1143c:	00400913          	li	s2,4
   11440:	00020537          	lui	a0,0x20
   11444:	33650513          	addi	a0,a0,822 # 20336 <_impure_ptr+0x2ce>
   11448:	00001097          	auipc	ra,0x1
   1144c:	3d0080e7          	jalr	976(ra) # 12818 <puts>
   11450:	02412503          	lw	a0,36(sp)
   11454:	00191913          	slli	s2,s2,0x1
   11458:	00157593          	andi	a1,a0,1
   1145c:	04011223          	sh	zero,68(sp)
   11460:	00058e63          	beqz	a1,1147c <main+0x40c>
   11464:	000205b7          	lui	a1,0x20
   11468:	5a458593          	addi	a1,a1,1444 # 205a4 <list_known_crc>
   1146c:	012585b3          	add	a1,a1,s2
   11470:	03e15603          	lhu	a2,62(sp)
   11474:	0005d683          	lhu	a3,0(a1)
   11478:	00d61a63          	bne	a2,a3,1148c <main+0x41c>
   1147c:	00000a93          	li	s5,0
   11480:	00257593          	andi	a1,a0,2
   11484:	02059a63          	bnez	a1,114b8 <main+0x448>
   11488:	06c0006f          	j	114f4 <main+0x484>
   1148c:	00020537          	lui	a0,0x20
   11490:	08150513          	addi	a0,a0,129 # 20081 <_impure_ptr+0x19>
   11494:	00000593          	li	a1,0
   11498:	00001097          	auipc	ra,0x1
   1149c:	1b0080e7          	jalr	432(ra) # 12648 <iprintf>
   114a0:	04411a83          	lh	s5,68(sp)
   114a4:	02412503          	lw	a0,36(sp)
   114a8:	001a8a93          	addi	s5,s5,1
   114ac:	05511223          	sh	s5,68(sp)
   114b0:	00257593          	andi	a1,a0,2
   114b4:	04058063          	beqz	a1,114f4 <main+0x484>
   114b8:	000205b7          	lui	a1,0x20
   114bc:	5ae58593          	addi	a1,a1,1454 # 205ae <matrix_known_crc>
   114c0:	012585b3          	add	a1,a1,s2
   114c4:	04015603          	lhu	a2,64(sp)
   114c8:	0005d683          	lhu	a3,0(a1)
   114cc:	02d60463          	beq	a2,a3,114f4 <main+0x484>
   114d0:	00020537          	lui	a0,0x20
   114d4:	0b050513          	addi	a0,a0,176 # 200b0 <_impure_ptr+0x48>
   114d8:	00000593          	li	a1,0
   114dc:	00001097          	auipc	ra,0x1
   114e0:	16c080e7          	jalr	364(ra) # 12648 <iprintf>
   114e4:	04411a83          	lh	s5,68(sp)
   114e8:	02412503          	lw	a0,36(sp)
   114ec:	001a8a93          	addi	s5,s5,1
   114f0:	05511223          	sh	s5,68(sp)
   114f4:	00457513          	andi	a0,a0,4
   114f8:	02050e63          	beqz	a0,11534 <main+0x4c4>
   114fc:	00020537          	lui	a0,0x20
   11500:	5b850513          	addi	a0,a0,1464 # 205b8 <state_known_crc>
   11504:	01250533          	add	a0,a0,s2
   11508:	04215603          	lhu	a2,66(sp)
   1150c:	00055683          	lhu	a3,0(a0)
   11510:	02d60263          	beq	a2,a3,11534 <main+0x4c4>
   11514:	00020537          	lui	a0,0x20
   11518:	0e150513          	addi	a0,a0,225 # 200e1 <_impure_ptr+0x79>
   1151c:	00000593          	li	a1,0
   11520:	00001097          	auipc	ra,0x1
   11524:	128080e7          	jalr	296(ra) # 12648 <iprintf>
   11528:	04411a83          	lh	s5,68(sp)
   1152c:	001a8a93          	addi	s5,s5,1
   11530:	05511223          	sh	s5,68(sp)
   11534:	00001097          	auipc	ra,0x1
   11538:	10c080e7          	jalr	268(ra) # 12640 <check_data_types>
   1153c:	01c12583          	lw	a1,28(sp)
   11540:	00050913          	mv	s2,a0
   11544:	00020537          	lui	a0,0x20
   11548:	11150513          	addi	a0,a0,273 # 20111 <_impure_ptr+0xa9>
   1154c:	00001097          	auipc	ra,0x1
   11550:	0fc080e7          	jalr	252(ra) # 12648 <iprintf>
   11554:	00020537          	lui	a0,0x20
   11558:	12950513          	addi	a0,a0,297 # 20129 <_impure_ptr+0xc1>
   1155c:	00048593          	mv	a1,s1
   11560:	00001097          	auipc	ra,0x1
   11564:	0e8080e7          	jalr	232(ra) # 12648 <iprintf>
   11568:	000f4537          	lui	a0,0xf4
   1156c:	24050513          	addi	a0,a0,576 # f4240 <__stack_top__+0xc4240>
   11570:	02a985b3          	mul	a1,s3,a0
   11574:	02a4b633          	mulhu	a2,s1,a0
   11578:	00b605b3          	add	a1,a2,a1
   1157c:	02a48533          	mul	a0,s1,a0
   11580:	04787637          	lui	a2,0x4787
   11584:	8c060613          	addi	a2,a2,-1856 # 47868c0 <__stack_top__+0x47568c0>
   11588:	00000693          	li	a3,0
   1158c:	00003097          	auipc	ra,0x3
   11590:	e04080e7          	jalr	-508(ra) # 14390 <__udivdi3>
   11594:	00050993          	mv	s3,a0
   11598:	00020537          	lui	a0,0x20
   1159c:	14150513          	addi	a0,a0,321 # 20141 <_impure_ptr+0xd9>
   115a0:	00098593          	mv	a1,s3
   115a4:	00001097          	auipc	ra,0x1
   115a8:	0a4080e7          	jalr	164(ra) # 12648 <iprintf>
   115ac:	0a098e63          	beqz	s3,11668 <main+0x5f8>
   115b0:	02012503          	lw	a0,32(sp)
   115b4:	0ae00593          	li	a1,174
   115b8:	9f7bd637          	lui	a2,0x9f7bd
   115bc:	c0060613          	addi	a2,a2,-1024 # 9f7bcc00 <__stack_top__+0x9f78cc00>
   115c0:	02b505b3          	mul	a1,a0,a1
   115c4:	02c536b3          	mulhu	a3,a0,a2
   115c8:	00b685b3          	add	a1,a3,a1
   115cc:	02c50533          	mul	a0,a0,a2
   115d0:	00048613          	mv	a2,s1
   115d4:	00000693          	li	a3,0
   115d8:	00003097          	auipc	ra,0x3
   115dc:	db8080e7          	jalr	-584(ra) # 14390 <__udivdi3>
   115e0:	00050493          	mv	s1,a0
   115e4:	00058993          	mv	s3,a1
   115e8:	00020537          	lui	a0,0x20
   115ec:	15850513          	addi	a0,a0,344 # 20158 <_impure_ptr+0xf0>
   115f0:	00001097          	auipc	ra,0x1
   115f4:	058080e7          	jalr	88(ra) # 12648 <iprintf>
   115f8:	00002a37          	lui	s4,0x2
   115fc:	710a0a13          	addi	s4,s4,1808 # 2710 <__HEAP_SIZE+0x710>
   11600:	00048513          	mv	a0,s1
   11604:	000a0593          	mv	a1,s4
   11608:	fffff097          	auipc	ra,0xfffff
   1160c:	064080e7          	jalr	100(ra) # 1066c <print_fixed_scaled>
   11610:	00a00513          	li	a0,10
   11614:	00001097          	auipc	ra,0x1
   11618:	088080e7          	jalr	136(ra) # 1269c <putchar>
   1161c:	04b00613          	li	a2,75
   11620:	00048513          	mv	a0,s1
   11624:	00098593          	mv	a1,s3
   11628:	00000693          	li	a3,0
   1162c:	00003097          	auipc	ra,0x3
   11630:	d64080e7          	jalr	-668(ra) # 14390 <__udivdi3>
   11634:	00050493          	mv	s1,a0
   11638:	00020537          	lui	a0,0x20
   1163c:	16c50513          	addi	a0,a0,364 # 2016c <_impure_ptr+0x104>
   11640:	00001097          	auipc	ra,0x1
   11644:	008080e7          	jalr	8(ra) # 12648 <iprintf>
   11648:	00048513          	mv	a0,s1
   1164c:	000a0593          	mv	a1,s4
   11650:	fffff097          	auipc	ra,0xfffff
   11654:	01c080e7          	jalr	28(ra) # 1066c <print_fixed_scaled>
   11658:	00a00513          	li	a0,10
   1165c:	00001097          	auipc	ra,0x1
   11660:	040080e7          	jalr	64(ra) # 1269c <putchar>
   11664:	0240006f          	j	11688 <main+0x618>
   11668:	00020537          	lui	a0,0x20
   1166c:	41450513          	addi	a0,a0,1044 # 20414 <_impure_ptr+0x3ac>
   11670:	00001097          	auipc	ra,0x1
   11674:	1a8080e7          	jalr	424(ra) # 12818 <puts>
   11678:	00020537          	lui	a0,0x20
   1167c:	43c50513          	addi	a0,a0,1084 # 2043c <_impure_ptr+0x3d4>
   11680:	00001097          	auipc	ra,0x1
   11684:	198080e7          	jalr	408(ra) # 12818 <puts>
   11688:	bc6024f3          	csrr	s1,0xbc6
   1168c:	bc9029f3          	csrr	s3,0xbc9
   11690:	00020537          	lui	a0,0x20
   11694:	18050513          	addi	a0,a0,384 # 20180 <_impure_ptr+0x118>
   11698:	00048593          	mv	a1,s1
   1169c:	00001097          	auipc	ra,0x1
   116a0:	fac080e7          	jalr	-84(ra) # 12648 <iprintf>
   116a4:	00020537          	lui	a0,0x20
   116a8:	19650513          	addi	a0,a0,406 # 20196 <_impure_ptr+0x12e>
   116ac:	00098593          	mv	a1,s3
   116b0:	00001097          	auipc	ra,0x1
   116b4:	f98080e7          	jalr	-104(ra) # 12648 <iprintf>
   116b8:	04048a63          	beqz	s1,1170c <main+0x69c>
   116bc:	413489b3          	sub	s3,s1,s3
   116c0:	00020537          	lui	a0,0x20
   116c4:	1ac50513          	addi	a0,a0,428 # 201ac <_impure_ptr+0x144>
   116c8:	00001097          	auipc	ra,0x1
   116cc:	f80080e7          	jalr	-128(ra) # 12648 <iprintf>
   116d0:	00002537          	lui	a0,0x2
   116d4:	71050593          	addi	a1,a0,1808 # 2710 <__HEAP_SIZE+0x710>
   116d8:	02b98533          	mul	a0,s3,a1
   116dc:	02b9b5b3          	mulhu	a1,s3,a1
   116e0:	00048613          	mv	a2,s1
   116e4:	00000693          	li	a3,0
   116e8:	00003097          	auipc	ra,0x3
   116ec:	ca8080e7          	jalr	-856(ra) # 14390 <__udivdi3>
   116f0:	06400593          	li	a1,100
   116f4:	fffff097          	auipc	ra,0xfffff
   116f8:	f78080e7          	jalr	-136(ra) # 1066c <print_fixed_scaled>
   116fc:	00020537          	lui	a0,0x20
   11700:	1bf50513          	addi	a0,a0,447 # 201bf <_impure_ptr+0x157>
   11704:	00001097          	auipc	ra,0x1
   11708:	f44080e7          	jalr	-188(ra) # 12648 <iprintf>
   1170c:	02012583          	lw	a1,32(sp)
   11710:	00020537          	lui	a0,0x20
   11714:	1c350513          	addi	a0,a0,451 # 201c3 <_impure_ptr+0x15b>
   11718:	00001097          	auipc	ra,0x1
   1171c:	f30080e7          	jalr	-208(ra) # 12648 <iprintf>
   11720:	00020537          	lui	a0,0x20
   11724:	1db50513          	addi	a0,a0,475 # 201db <_impure_ptr+0x173>
   11728:	000205b7          	lui	a1,0x20
   1172c:	1f258593          	addi	a1,a1,498 # 201f2 <_impure_ptr+0x18a>
   11730:	00001097          	auipc	ra,0x1
   11734:	f18080e7          	jalr	-232(ra) # 12648 <iprintf>
   11738:	00020537          	lui	a0,0x20
   1173c:	25250513          	addi	a0,a0,594 # 20252 <_impure_ptr+0x1ea>
   11740:	000205b7          	lui	a1,0x20
   11744:	26958593          	addi	a1,a1,617 # 20269 <_impure_ptr+0x201>
   11748:	00001097          	auipc	ra,0x1
   1174c:	f00080e7          	jalr	-256(ra) # 12648 <iprintf>
   11750:	00020537          	lui	a0,0x20
   11754:	28d50513          	addi	a0,a0,653 # 2028d <_impure_ptr+0x225>
   11758:	000205b7          	lui	a1,0x20
   1175c:	2a458593          	addi	a1,a1,676 # 202a4 <_impure_ptr+0x23c>
   11760:	00001097          	auipc	ra,0x1
   11764:	ee8080e7          	jalr	-280(ra) # 12648 <iprintf>
   11768:	00020537          	lui	a0,0x20
   1176c:	2ab50513          	addi	a0,a0,683 # 202ab <_impure_ptr+0x243>
   11770:	00040593          	mv	a1,s0
   11774:	00001097          	auipc	ra,0x1
   11778:	ed4080e7          	jalr	-300(ra) # 12648 <iprintf>
   1177c:	02412503          	lw	a0,36(sp)
   11780:	00157593          	andi	a1,a0,1
   11784:	06059263          	bnez	a1,117e8 <main+0x778>
   11788:	00257593          	andi	a1,a0,2
   1178c:	08059063          	bnez	a1,1180c <main+0x79c>
   11790:	00457513          	andi	a0,a0,4
   11794:	00050e63          	beqz	a0,117b0 <main+0x740>
   11798:	04215603          	lhu	a2,66(sp)
   1179c:	00020537          	lui	a0,0x20
   117a0:	2fe50513          	addi	a0,a0,766 # 202fe <_impure_ptr+0x296>
   117a4:	00000593          	li	a1,0
   117a8:	00001097          	auipc	ra,0x1
   117ac:	ea0080e7          	jalr	-352(ra) # 12648 <iprintf>
   117b0:	03c15603          	lhu	a2,60(sp)
   117b4:	012a8433          	add	s0,s5,s2
   117b8:	01041413          	slli	s0,s0,0x10
   117bc:	41045493          	srai	s1,s0,0x10
   117c0:	00020537          	lui	a0,0x20
   117c4:	31a50513          	addi	a0,a0,794 # 2031a <_impure_ptr+0x2b2>
   117c8:	00000593          	li	a1,0
   117cc:	00001097          	auipc	ra,0x1
   117d0:	e7c080e7          	jalr	-388(ra) # 12648 <iprintf>
   117d4:	06904063          	bgtz	s1,11834 <main+0x7c4>
   117d8:	00020537          	lui	a0,0x20
   117dc:	4ab50513          	addi	a0,a0,1195 # 204ab <_impure_ptr+0x443>
   117e0:	06040063          	beqz	s0,11840 <main+0x7d0>
   117e4:	0640006f          	j	11848 <main+0x7d8>
   117e8:	03e15603          	lhu	a2,62(sp)
   117ec:	00020537          	lui	a0,0x20
   117f0:	2c650513          	addi	a0,a0,710 # 202c6 <_impure_ptr+0x25e>
   117f4:	00000593          	li	a1,0
   117f8:	00001097          	auipc	ra,0x1
   117fc:	e50080e7          	jalr	-432(ra) # 12648 <iprintf>
   11800:	02412503          	lw	a0,36(sp)
   11804:	00257593          	andi	a1,a0,2
   11808:	f80584e3          	beqz	a1,11790 <main+0x720>
   1180c:	04015603          	lhu	a2,64(sp)
   11810:	00020537          	lui	a0,0x20
   11814:	2e250513          	addi	a0,a0,738 # 202e2 <_impure_ptr+0x27a>
   11818:	00000593          	li	a1,0
   1181c:	00001097          	auipc	ra,0x1
   11820:	e2c080e7          	jalr	-468(ra) # 12648 <iprintf>
   11824:	02412503          	lw	a0,36(sp)
   11828:	00457513          	andi	a0,a0,4
   1182c:	f60516e3          	bnez	a0,11798 <main+0x728>
   11830:	f81ff06f          	j	117b0 <main+0x740>
   11834:	00020537          	lui	a0,0x20
   11838:	49b50513          	addi	a0,a0,1179 # 2049b <_impure_ptr+0x433>
   1183c:	00041663          	bnez	s0,11848 <main+0x7d8>
   11840:	00020537          	lui	a0,0x20
   11844:	45350513          	addi	a0,a0,1107 # 20453 <_impure_ptr+0x3eb>
   11848:	00001097          	auipc	ra,0x1
   1184c:	fd0080e7          	jalr	-48(ra) # 12818 <puts>
   11850:	00000513          	li	a0,0
   11854:	06c12083          	lw	ra,108(sp)
   11858:	06812403          	lw	s0,104(sp)
   1185c:	06412483          	lw	s1,100(sp)
   11860:	06012903          	lw	s2,96(sp)
   11864:	05c12983          	lw	s3,92(sp)
   11868:	05812a03          	lw	s4,88(sp)
   1186c:	05412a83          	lw	s5,84(sp)
   11870:	07010113          	addi	sp,sp,112
   11874:	00008067          	ret

00011878 <core_bench_matrix>:
   11878:	ff010113          	addi	sp,sp,-16
   1187c:	00112623          	sw	ra,12(sp)
   11880:	00812423          	sw	s0,8(sp)
   11884:	00060413          	mv	s0,a2
   11888:	00052703          	lw	a4,0(a0)
   1188c:	00452603          	lw	a2,4(a0)
   11890:	00852683          	lw	a3,8(a0)
   11894:	00c52783          	lw	a5,12(a0)
   11898:	00058813          	mv	a6,a1
   1189c:	00070513          	mv	a0,a4
   118a0:	00078593          	mv	a1,a5
   118a4:	00080713          	mv	a4,a6
   118a8:	00000097          	auipc	ra,0x0
   118ac:	020080e7          	jalr	32(ra) # 118c8 <matrix_test>
   118b0:	00040593          	mv	a1,s0
   118b4:	00c12083          	lw	ra,12(sp)
   118b8:	00812403          	lw	s0,8(sp)
   118bc:	01010113          	addi	sp,sp,16
   118c0:	00001317          	auipc	t1,0x1
   118c4:	d3c30067          	jr	-708(t1) # 125fc <crc16>

000118c8 <matrix_test>:
   118c8:	fd010113          	addi	sp,sp,-48
   118cc:	02112623          	sw	ra,44(sp)
   118d0:	02812423          	sw	s0,40(sp)
   118d4:	02912223          	sw	s1,36(sp)
   118d8:	03212023          	sw	s2,32(sp)
   118dc:	01312e23          	sw	s3,28(sp)
   118e0:	01412c23          	sw	s4,24(sp)
   118e4:	01512a23          	sw	s5,20(sp)
   118e8:	01612823          	sw	s6,16(sp)
   118ec:	01712623          	sw	s7,12(sp)
   118f0:	40050863          	beqz	a0,11d00 <matrix_test+0x438>
   118f4:	00070413          	mv	s0,a4
   118f8:	00068a13          	mv	s4,a3
   118fc:	00060493          	mv	s1,a2
   11900:	00058993          	mv	s3,a1
   11904:	00050913          	mv	s2,a0
   11908:	00000513          	li	a0,0
   1190c:	fffff5b7          	lui	a1,0xfffff
   11910:	00b76b33          	or	s6,a4,a1
   11914:	00191a93          	slli	s5,s2,0x1
   11918:	00060593          	mv	a1,a2
   1191c:	00058613          	mv	a2,a1
   11920:	00090693          	mv	a3,s2
   11924:	00061703          	lh	a4,0(a2)
   11928:	fff68693          	addi	a3,a3,-1
   1192c:	00870733          	add	a4,a4,s0
   11930:	00e61023          	sh	a4,0(a2)
   11934:	00260613          	addi	a2,a2,2
   11938:	fe0696e3          	bnez	a3,11924 <matrix_test+0x5c>
   1193c:	00150513          	addi	a0,a0,1
   11940:	015585b3          	add	a1,a1,s5
   11944:	fd251ce3          	bne	a0,s2,1191c <matrix_test+0x54>
   11948:	00000513          	li	a0,0
   1194c:	00291b93          	slli	s7,s2,0x2
   11950:	00048593          	mv	a1,s1
   11954:	00098613          	mv	a2,s3
   11958:	00058693          	mv	a3,a1
   1195c:	00060713          	mv	a4,a2
   11960:	00090793          	mv	a5,s2
   11964:	00069803          	lh	a6,0(a3)
   11968:	fff78793          	addi	a5,a5,-1
   1196c:	02880833          	mul	a6,a6,s0
   11970:	01072023          	sw	a6,0(a4)
   11974:	00470713          	addi	a4,a4,4
   11978:	00268693          	addi	a3,a3,2
   1197c:	fe0794e3          	bnez	a5,11964 <matrix_test+0x9c>
   11980:	00150513          	addi	a0,a0,1
   11984:	01760633          	add	a2,a2,s7
   11988:	015585b3          	add	a1,a1,s5
   1198c:	fd2516e3          	bne	a0,s2,11958 <matrix_test+0x90>
   11990:	00000593          	li	a1,0
   11994:	00000513          	li	a0,0
   11998:	00000693          	li	a3,0
   1199c:	00000713          	li	a4,0
   119a0:	00098613          	mv	a2,s3
   119a4:	0100006f          	j	119b4 <matrix_test+0xec>
   119a8:	00158593          	addi	a1,a1,1 # fffff001 <__stack_top__+0xfffcf001>
   119ac:	01760633          	add	a2,a2,s7
   119b0:	05258a63          	beq	a1,s2,11a04 <matrix_test+0x13c>
   119b4:	00060793          	mv	a5,a2
   119b8:	00090813          	mv	a6,s2
   119bc:	00068893          	mv	a7,a3
   119c0:	0300006f          	j	119f0 <matrix_test+0x128>
   119c4:	00a00893          	li	a7,10
   119c8:	00eb22b3          	slt	t0,s6,a4
   119cc:	00a88533          	add	a0,a7,a0
   119d0:	fff80813          	addi	a6,a6,-1
   119d4:	fff28293          	addi	t0,t0,-1
   119d8:	01051513          	slli	a0,a0,0x10
   119dc:	00e2f733          	and	a4,t0,a4
   119e0:	41055513          	srai	a0,a0,0x10
   119e4:	00478793          	addi	a5,a5,4
   119e8:	00068893          	mv	a7,a3
   119ec:	fa080ee3          	beqz	a6,119a8 <matrix_test+0xe0>
   119f0:	0007a683          	lw	a3,0(a5)
   119f4:	00e68733          	add	a4,a3,a4
   119f8:	fceb46e3          	blt	s6,a4,119c4 <matrix_test+0xfc>
   119fc:	00d8a8b3          	slt	a7,a7,a3
   11a00:	fc9ff06f          	j	119c8 <matrix_test+0x100>
   11a04:	00000593          	li	a1,0
   11a08:	00001097          	auipc	ra,0x1
   11a0c:	bf4080e7          	jalr	-1036(ra) # 125fc <crc16>
   11a10:	00050593          	mv	a1,a0
   11a14:	00000513          	li	a0,0
   11a18:	015a0633          	add	a2,s4,s5
   11a1c:	00048693          	mv	a3,s1
   11a20:	00000713          	li	a4,0
   11a24:	00068793          	mv	a5,a3
   11a28:	000a0813          	mv	a6,s4
   11a2c:	00079883          	lh	a7,0(a5)
   11a30:	00081283          	lh	t0,0(a6)
   11a34:	00280813          	addi	a6,a6,2
   11a38:	031288b3          	mul	a7,t0,a7
   11a3c:	00e88733          	add	a4,a7,a4
   11a40:	00278793          	addi	a5,a5,2
   11a44:	fec814e3          	bne	a6,a2,11a2c <matrix_test+0x164>
   11a48:	00251793          	slli	a5,a0,0x2
   11a4c:	00150513          	addi	a0,a0,1
   11a50:	00f987b3          	add	a5,s3,a5
   11a54:	00e7a023          	sw	a4,0(a5)
   11a58:	015686b3          	add	a3,a3,s5
   11a5c:	fd2512e3          	bne	a0,s2,11a20 <matrix_test+0x158>
   11a60:	00000613          	li	a2,0
   11a64:	00000513          	li	a0,0
   11a68:	00000713          	li	a4,0
   11a6c:	00000793          	li	a5,0
   11a70:	00098693          	mv	a3,s3
   11a74:	0100006f          	j	11a84 <matrix_test+0x1bc>
   11a78:	00160613          	addi	a2,a2,1
   11a7c:	017686b3          	add	a3,a3,s7
   11a80:	05260a63          	beq	a2,s2,11ad4 <matrix_test+0x20c>
   11a84:	00068813          	mv	a6,a3
   11a88:	00090893          	mv	a7,s2
   11a8c:	00070293          	mv	t0,a4
   11a90:	0300006f          	j	11ac0 <matrix_test+0x1f8>
   11a94:	00a00293          	li	t0,10
   11a98:	00fb2333          	slt	t1,s6,a5
   11a9c:	00a28533          	add	a0,t0,a0
   11aa0:	fff88893          	addi	a7,a7,-1
   11aa4:	fff30313          	addi	t1,t1,-1
   11aa8:	01051513          	slli	a0,a0,0x10
   11aac:	00f377b3          	and	a5,t1,a5
   11ab0:	41055513          	srai	a0,a0,0x10
   11ab4:	00480813          	addi	a6,a6,4
   11ab8:	00070293          	mv	t0,a4
   11abc:	fa088ee3          	beqz	a7,11a78 <matrix_test+0x1b0>
   11ac0:	00082703          	lw	a4,0(a6)
   11ac4:	00f707b3          	add	a5,a4,a5
   11ac8:	fcfb46e3          	blt	s6,a5,11a94 <matrix_test+0x1cc>
   11acc:	00e2a2b3          	slt	t0,t0,a4
   11ad0:	fc9ff06f          	j	11a98 <matrix_test+0x1d0>
   11ad4:	00001097          	auipc	ra,0x1
   11ad8:	b28080e7          	jalr	-1240(ra) # 125fc <crc16>
   11adc:	00050593          	mv	a1,a0
   11ae0:	00000513          	li	a0,0
   11ae4:	00048613          	mv	a2,s1
   11ae8:	00000693          	li	a3,0
   11aec:	03250733          	mul	a4,a0,s2
   11af0:	00271713          	slli	a4,a4,0x2
   11af4:	00e98733          	add	a4,s3,a4
   11af8:	000a0793          	mv	a5,s4
   11afc:	00000813          	li	a6,0
   11b00:	00060893          	mv	a7,a2
   11b04:	00078293          	mv	t0,a5
   11b08:	00090313          	mv	t1,s2
   11b0c:	00089383          	lh	t2,0(a7)
   11b10:	00029e03          	lh	t3,0(t0)
   11b14:	fff30313          	addi	t1,t1,-1
   11b18:	015282b3          	add	t0,t0,s5
   11b1c:	027e03b3          	mul	t2,t3,t2
   11b20:	01038833          	add	a6,t2,a6
   11b24:	00288893          	addi	a7,a7,2
   11b28:	fe0312e3          	bnez	t1,11b0c <matrix_test+0x244>
   11b2c:	00269893          	slli	a7,a3,0x2
   11b30:	00168693          	addi	a3,a3,1
   11b34:	011708b3          	add	a7,a4,a7
   11b38:	0108a023          	sw	a6,0(a7)
   11b3c:	00278793          	addi	a5,a5,2
   11b40:	fb269ee3          	bne	a3,s2,11afc <matrix_test+0x234>
   11b44:	00150513          	addi	a0,a0,1
   11b48:	01560633          	add	a2,a2,s5
   11b4c:	f9251ee3          	bne	a0,s2,11ae8 <matrix_test+0x220>
   11b50:	00000613          	li	a2,0
   11b54:	00000513          	li	a0,0
   11b58:	00000713          	li	a4,0
   11b5c:	00000793          	li	a5,0
   11b60:	00098693          	mv	a3,s3
   11b64:	0100006f          	j	11b74 <matrix_test+0x2ac>
   11b68:	00160613          	addi	a2,a2,1
   11b6c:	017686b3          	add	a3,a3,s7
   11b70:	05260a63          	beq	a2,s2,11bc4 <matrix_test+0x2fc>
   11b74:	00068813          	mv	a6,a3
   11b78:	00090893          	mv	a7,s2
   11b7c:	00070293          	mv	t0,a4
   11b80:	0300006f          	j	11bb0 <matrix_test+0x2e8>
   11b84:	00a00293          	li	t0,10
   11b88:	00fb2333          	slt	t1,s6,a5
   11b8c:	00a28533          	add	a0,t0,a0
   11b90:	fff88893          	addi	a7,a7,-1
   11b94:	fff30313          	addi	t1,t1,-1
   11b98:	01051513          	slli	a0,a0,0x10
   11b9c:	00f377b3          	and	a5,t1,a5
   11ba0:	41055513          	srai	a0,a0,0x10
   11ba4:	00480813          	addi	a6,a6,4
   11ba8:	00070293          	mv	t0,a4
   11bac:	fa088ee3          	beqz	a7,11b68 <matrix_test+0x2a0>
   11bb0:	00082703          	lw	a4,0(a6)
   11bb4:	00f707b3          	add	a5,a4,a5
   11bb8:	fcfb46e3          	blt	s6,a5,11b84 <matrix_test+0x2bc>
   11bbc:	00e2a2b3          	slt	t0,t0,a4
   11bc0:	fc9ff06f          	j	11b88 <matrix_test+0x2c0>
   11bc4:	00001097          	auipc	ra,0x1
   11bc8:	a38080e7          	jalr	-1480(ra) # 125fc <crc16>
   11bcc:	00050593          	mv	a1,a0
   11bd0:	00000513          	li	a0,0
   11bd4:	00048613          	mv	a2,s1
   11bd8:	00000693          	li	a3,0
   11bdc:	03250733          	mul	a4,a0,s2
   11be0:	00271713          	slli	a4,a4,0x2
   11be4:	00e98733          	add	a4,s3,a4
   11be8:	000a0793          	mv	a5,s4
   11bec:	00000813          	li	a6,0
   11bf0:	00060893          	mv	a7,a2
   11bf4:	00078293          	mv	t0,a5
   11bf8:	00090313          	mv	t1,s2
   11bfc:	0008d383          	lhu	t2,0(a7)
   11c00:	0002de03          	lhu	t3,0(t0)
   11c04:	fff30313          	addi	t1,t1,-1
   11c08:	015282b3          	add	t0,t0,s5
   11c0c:	027e03b3          	mul	t2,t3,t2
   11c10:	01a39e13          	slli	t3,t2,0x1a
   11c14:	01439393          	slli	t2,t2,0x14
   11c18:	01ce5e13          	srli	t3,t3,0x1c
   11c1c:	0193d393          	srli	t2,t2,0x19
   11c20:	027e03b3          	mul	t2,t3,t2
   11c24:	01038833          	add	a6,t2,a6
   11c28:	00288893          	addi	a7,a7,2
   11c2c:	fc0318e3          	bnez	t1,11bfc <matrix_test+0x334>
   11c30:	00269893          	slli	a7,a3,0x2
   11c34:	00168693          	addi	a3,a3,1
   11c38:	011708b3          	add	a7,a4,a7
   11c3c:	0108a023          	sw	a6,0(a7)
   11c40:	00278793          	addi	a5,a5,2
   11c44:	fb2694e3          	bne	a3,s2,11bec <matrix_test+0x324>
   11c48:	00150513          	addi	a0,a0,1
   11c4c:	01560633          	add	a2,a2,s5
   11c50:	f92514e3          	bne	a0,s2,11bd8 <matrix_test+0x310>
   11c54:	00000613          	li	a2,0
   11c58:	00000513          	li	a0,0
   11c5c:	00000693          	li	a3,0
   11c60:	00000813          	li	a6,0
   11c64:	0100006f          	j	11c74 <matrix_test+0x3ac>
   11c68:	00160613          	addi	a2,a2,1
   11c6c:	017989b3          	add	s3,s3,s7
   11c70:	05260a63          	beq	a2,s2,11cc4 <matrix_test+0x3fc>
   11c74:	00098713          	mv	a4,s3
   11c78:	00090793          	mv	a5,s2
   11c7c:	00068893          	mv	a7,a3
   11c80:	0300006f          	j	11cb0 <matrix_test+0x3e8>
   11c84:	00a00893          	li	a7,10
   11c88:	010b22b3          	slt	t0,s6,a6
   11c8c:	00a88533          	add	a0,a7,a0
   11c90:	fff78793          	addi	a5,a5,-1
   11c94:	fff28293          	addi	t0,t0,-1
   11c98:	01051513          	slli	a0,a0,0x10
   11c9c:	0102f833          	and	a6,t0,a6
   11ca0:	41055513          	srai	a0,a0,0x10
   11ca4:	00470713          	addi	a4,a4,4
   11ca8:	00068893          	mv	a7,a3
   11cac:	fa078ee3          	beqz	a5,11c68 <matrix_test+0x3a0>
   11cb0:	00072683          	lw	a3,0(a4)
   11cb4:	01068833          	add	a6,a3,a6
   11cb8:	fd0b46e3          	blt	s6,a6,11c84 <matrix_test+0x3bc>
   11cbc:	00d8a8b3          	slt	a7,a7,a3
   11cc0:	fc9ff06f          	j	11c88 <matrix_test+0x3c0>
   11cc4:	00001097          	auipc	ra,0x1
   11cc8:	938080e7          	jalr	-1736(ra) # 125fc <crc16>
   11ccc:	00000593          	li	a1,0
   11cd0:	00048613          	mv	a2,s1
   11cd4:	00090693          	mv	a3,s2
   11cd8:	00061703          	lh	a4,0(a2)
   11cdc:	fff68693          	addi	a3,a3,-1
   11ce0:	40870733          	sub	a4,a4,s0
   11ce4:	00e61023          	sh	a4,0(a2)
   11ce8:	00260613          	addi	a2,a2,2
   11cec:	fe0696e3          	bnez	a3,11cd8 <matrix_test+0x410>
   11cf0:	00158593          	addi	a1,a1,1
   11cf4:	015484b3          	add	s1,s1,s5
   11cf8:	fd259ce3          	bne	a1,s2,11cd0 <matrix_test+0x408>
   11cfc:	0400006f          	j	11d3c <matrix_test+0x474>
   11d00:	00000593          	li	a1,0
   11d04:	00001097          	auipc	ra,0x1
   11d08:	8f8080e7          	jalr	-1800(ra) # 125fc <crc16>
   11d0c:	00050593          	mv	a1,a0
   11d10:	00000513          	li	a0,0
   11d14:	00001097          	auipc	ra,0x1
   11d18:	8e8080e7          	jalr	-1816(ra) # 125fc <crc16>
   11d1c:	00050593          	mv	a1,a0
   11d20:	00000513          	li	a0,0
   11d24:	00001097          	auipc	ra,0x1
   11d28:	8d8080e7          	jalr	-1832(ra) # 125fc <crc16>
   11d2c:	00050593          	mv	a1,a0
   11d30:	00000513          	li	a0,0
   11d34:	00001097          	auipc	ra,0x1
   11d38:	8c8080e7          	jalr	-1848(ra) # 125fc <crc16>
   11d3c:	01051513          	slli	a0,a0,0x10
   11d40:	41055513          	srai	a0,a0,0x10
   11d44:	02c12083          	lw	ra,44(sp)
   11d48:	02812403          	lw	s0,40(sp)
   11d4c:	02412483          	lw	s1,36(sp)
   11d50:	02012903          	lw	s2,32(sp)
   11d54:	01c12983          	lw	s3,28(sp)
   11d58:	01812a03          	lw	s4,24(sp)
   11d5c:	01412a83          	lw	s5,20(sp)
   11d60:	01012b03          	lw	s6,16(sp)
   11d64:	00c12b83          	lw	s7,12(sp)
   11d68:	03010113          	addi	sp,sp,48
   11d6c:	00008067          	ret

00011d70 <core_init_matrix>:
   11d70:	04050263          	beqz	a0,11db4 <core_init_matrix+0x44>
   11d74:	00050713          	mv	a4,a0
   11d78:	fff00513          	li	a0,-1
   11d7c:	00800793          	li	a5,8
   11d80:	00250813          	addi	a6,a0,2
   11d84:	03078833          	mul	a6,a5,a6
   11d88:	00150513          	addi	a0,a0,1
   11d8c:	00878793          	addi	a5,a5,8
   11d90:	fee868e3          	bltu	a6,a4,11d80 <core_init_matrix+0x10>
   11d94:	00358593          	addi	a1,a1,3
   11d98:	02a507b3          	mul	a5,a0,a0
   11d9c:	ffc5f593          	andi	a1,a1,-4
   11da0:	00179713          	slli	a4,a5,0x1
   11da4:	00e58733          	add	a4,a1,a4
   11da8:	02051063          	bnez	a0,11dc8 <core_init_matrix+0x58>
   11dac:	00000793          	li	a5,0
   11db0:	0b40006f          	j	11e64 <core_init_matrix+0xf4>
   11db4:	00358593          	addi	a1,a1,3
   11db8:	fff00513          	li	a0,-1
   11dbc:	ffc5f593          	andi	a1,a1,-4
   11dc0:	00258713          	addi	a4,a1,2
   11dc4:	00100793          	li	a5,1
   11dc8:	ff010113          	addi	sp,sp,-16
   11dcc:	00812623          	sw	s0,12(sp)
   11dd0:	00912423          	sw	s1,8(sp)
   11dd4:	00000813          	li	a6,0
   11dd8:	00163e13          	seqz	t3,a2
   11ddc:	00151893          	slli	a7,a0,0x1
   11de0:	00100293          	li	t0,1
   11de4:	01c60e33          	add	t3,a2,t3
   11de8:	ffff0637          	lui	a2,0xffff0
   11dec:	00070313          	mv	t1,a4
   11df0:	00058393          	mv	t2,a1
   11df4:	00129e93          	slli	t4,t0,0x1
   11df8:	00030f13          	mv	t5,t1
   11dfc:	00038f93          	mv	t6,t2
   11e00:	00050413          	mv	s0,a0
   11e04:	025e0e33          	mul	t3,t3,t0
   11e08:	fff40413          	addi	s0,s0,-1
   11e0c:	41fe5493          	srai	s1,t3,0x1f
   11e10:	0104d493          	srli	s1,s1,0x10
   11e14:	009e04b3          	add	s1,t3,s1
   11e18:	00c4f4b3          	and	s1,s1,a2
   11e1c:	409e0e33          	sub	t3,t3,s1
   11e20:	01c284b3          	add	s1,t0,t3
   11e24:	009f1023          	sh	s1,0(t5)
   11e28:	01ce84b3          	add	s1,t4,t3
   11e2c:	00128293          	addi	t0,t0,1
   11e30:	0ff4f493          	zext.b	s1,s1
   11e34:	002f0f13          	addi	t5,t5,2
   11e38:	009f9023          	sh	s1,0(t6)
   11e3c:	002f8f93          	addi	t6,t6,2
   11e40:	002e8e93          	addi	t4,t4,2
   11e44:	fc0410e3          	bnez	s0,11e04 <core_init_matrix+0x94>
   11e48:	00180813          	addi	a6,a6,1
   11e4c:	011383b3          	add	t2,t2,a7
   11e50:	01130333          	add	t1,t1,a7
   11e54:	faa810e3          	bne	a6,a0,11df4 <core_init_matrix+0x84>
   11e58:	00c12403          	lw	s0,12(sp)
   11e5c:	00812483          	lw	s1,8(sp)
   11e60:	01010113          	addi	sp,sp,16
   11e64:	00179793          	slli	a5,a5,0x1
   11e68:	00f707b3          	add	a5,a4,a5
   11e6c:	00378793          	addi	a5,a5,3
   11e70:	ffc7f793          	andi	a5,a5,-4
   11e74:	00a6a023          	sw	a0,0(a3)
   11e78:	00b6a223          	sw	a1,4(a3)
   11e7c:	00e6a423          	sw	a4,8(a3)
   11e80:	00f6a623          	sw	a5,12(a3)
   11e84:	00008067          	ret

00011e88 <start_time>:
   11e88:	b8002573          	csrr	a0,mcycleh
   11e8c:	b00025f3          	csrr	a1,mcycle
   11e90:	b8002673          	csrr	a2,mcycleh
   11e94:	fec51ae3          	bne	a0,a2,11e88 <start_time>
   11e98:	00021637          	lui	a2,0x21
   11e9c:	20a62a23          	sw	a0,532(a2) # 21214 <t0+0x4>
   11ea0:	20b62823          	sw	a1,528(a2)
   11ea4:	00008067          	ret

00011ea8 <stop_time>:
   11ea8:	b8002573          	csrr	a0,mcycleh
   11eac:	b00025f3          	csrr	a1,mcycle
   11eb0:	b8002673          	csrr	a2,mcycleh
   11eb4:	fec51ae3          	bne	a0,a2,11ea8 <stop_time>
   11eb8:	00021637          	lui	a2,0x21
   11ebc:	21060613          	addi	a2,a2,528 # 21210 <t0>
   11ec0:	00b62423          	sw	a1,8(a2)
   11ec4:	00a62623          	sw	a0,12(a2)
   11ec8:	00008067          	ret

00011ecc <get_time>:
   11ecc:	00021537          	lui	a0,0x21
   11ed0:	21050513          	addi	a0,a0,528 # 21210 <t0>
   11ed4:	00052603          	lw	a2,0(a0)
   11ed8:	00452583          	lw	a1,4(a0)
   11edc:	00852683          	lw	a3,8(a0)
   11ee0:	00c52503          	lw	a0,12(a0)
   11ee4:	00c6b733          	sltu	a4,a3,a2
   11ee8:	40b50533          	sub	a0,a0,a1
   11eec:	40e505b3          	sub	a1,a0,a4
   11ef0:	40c68533          	sub	a0,a3,a2
   11ef4:	00008067          	ret

00011ef8 <time_in_secs>:
   11ef8:	ff010113          	addi	sp,sp,-16
   11efc:	00112623          	sw	ra,12(sp)
   11f00:	04787637          	lui	a2,0x4787
   11f04:	8c060613          	addi	a2,a2,-1856 # 47868c0 <__stack_top__+0x47568c0>
   11f08:	00000693          	li	a3,0
   11f0c:	00002097          	auipc	ra,0x2
   11f10:	484080e7          	jalr	1156(ra) # 14390 <__udivdi3>
   11f14:	00c12083          	lw	ra,12(sp)
   11f18:	01010113          	addi	sp,sp,16
   11f1c:	00008067          	ret

00011f20 <portable_init>:
   11f20:	00020537          	lui	a0,0x20
   11f24:	50d50513          	addi	a0,a0,1293 # 2050d <_impure_ptr+0x4a5>
   11f28:	ffffe317          	auipc	t1,0xffffe
   11f2c:	62030067          	jr	1568(t1) # 10548 <uart_puts>

00011f30 <core_bench_state>:
   11f30:	f9010113          	addi	sp,sp,-112
   11f34:	06112623          	sw	ra,108(sp)
   11f38:	06812423          	sw	s0,104(sp)
   11f3c:	06912223          	sw	s1,100(sp)
   11f40:	07212023          	sw	s2,96(sp)
   11f44:	05312e23          	sw	s3,92(sp)
   11f48:	05412c23          	sw	s4,88(sp)
   11f4c:	05512a23          	sw	s5,84(sp)
   11f50:	05612823          	sw	s6,80(sp)
   11f54:	05712623          	sw	s7,76(sp)
   11f58:	00078413          	mv	s0,a5
   11f5c:	00070493          	mv	s1,a4
   11f60:	00068993          	mv	s3,a3
   11f64:	00060a93          	mv	s5,a2
   11f68:	00058913          	mv	s2,a1
   11f6c:	00050a13          	mv	s4,a0
   11f70:	00b12423          	sw	a1,8(sp)
   11f74:	00012623          	sw	zero,12(sp)
   11f78:	00012823          	sw	zero,16(sp)
   11f7c:	00012a23          	sw	zero,20(sp)
   11f80:	00012c23          	sw	zero,24(sp)
   11f84:	00012e23          	sw	zero,28(sp)
   11f88:	02012023          	sw	zero,32(sp)
   11f8c:	02012223          	sw	zero,36(sp)
   11f90:	02012423          	sw	zero,40(sp)
   11f94:	02012623          	sw	zero,44(sp)
   11f98:	02012823          	sw	zero,48(sp)
   11f9c:	02012a23          	sw	zero,52(sp)
   11fa0:	02012c23          	sw	zero,56(sp)
   11fa4:	0005cb83          	lbu	s7,0(a1)
   11fa8:	02012e23          	sw	zero,60(sp)
   11fac:	04012023          	sw	zero,64(sp)
   11fb0:	04012223          	sw	zero,68(sp)
   11fb4:	04012423          	sw	zero,72(sp)
   11fb8:	020b8c63          	beqz	s7,11ff0 <core_bench_state+0xc0>
   11fbc:	02c10b13          	addi	s6,sp,44
   11fc0:	00810513          	addi	a0,sp,8
   11fc4:	00c10593          	addi	a1,sp,12
   11fc8:	00000097          	auipc	ra,0x0
   11fcc:	268080e7          	jalr	616(ra) # 12230 <core_state_transition>
   11fd0:	00812583          	lw	a1,8(sp)
   11fd4:	00251513          	slli	a0,a0,0x2
   11fd8:	00ab0533          	add	a0,s6,a0
   11fdc:	00052603          	lw	a2,0(a0)
   11fe0:	0005c583          	lbu	a1,0(a1)
   11fe4:	00160613          	addi	a2,a2,1
   11fe8:	00c52023          	sw	a2,0(a0)
   11fec:	fc059ae3          	bnez	a1,11fc0 <core_bench_state+0x90>
   11ff0:	01490b33          	add	s6,s2,s4
   11ff4:	020a0a63          	beqz	s4,12028 <core_bench_state+0xf8>
   11ff8:	0ffaf513          	zext.b	a0,s5
   11ffc:	02c00593          	li	a1,44
   12000:	00090613          	mv	a2,s2
   12004:	00c0006f          	j	12010 <core_bench_state+0xe0>
   12008:	00960633          	add	a2,a2,s1
   1200c:	01667c63          	bgeu	a2,s6,12024 <core_bench_state+0xf4>
   12010:	00064683          	lbu	a3,0(a2)
   12014:	feb68ae3          	beq	a3,a1,12008 <core_bench_state+0xd8>
   12018:	00a6c6b3          	xor	a3,a3,a0
   1201c:	00d60023          	sb	a3,0(a2)
   12020:	fe9ff06f          	j	12008 <core_bench_state+0xd8>
   12024:	00094b83          	lbu	s7,0(s2)
   12028:	01212423          	sw	s2,8(sp)
   1202c:	020b8c63          	beqz	s7,12064 <core_bench_state+0x134>
   12030:	02c10a93          	addi	s5,sp,44
   12034:	00810513          	addi	a0,sp,8
   12038:	00c10593          	addi	a1,sp,12
   1203c:	00000097          	auipc	ra,0x0
   12040:	1f4080e7          	jalr	500(ra) # 12230 <core_state_transition>
   12044:	00812583          	lw	a1,8(sp)
   12048:	00251513          	slli	a0,a0,0x2
   1204c:	00aa8533          	add	a0,s5,a0
   12050:	00052603          	lw	a2,0(a0)
   12054:	0005c583          	lbu	a1,0(a1)
   12058:	00160613          	addi	a2,a2,1
   1205c:	00c52023          	sw	a2,0(a0)
   12060:	fc059ae3          	bnez	a1,12034 <core_bench_state+0x104>
   12064:	020a0663          	beqz	s4,12090 <core_bench_state+0x160>
   12068:	0ff9f513          	zext.b	a0,s3
   1206c:	02c00593          	li	a1,44
   12070:	00c0006f          	j	1207c <core_bench_state+0x14c>
   12074:	00990933          	add	s2,s2,s1
   12078:	01697c63          	bgeu	s2,s6,12090 <core_bench_state+0x160>
   1207c:	00094603          	lbu	a2,0(s2)
   12080:	feb60ae3          	beq	a2,a1,12074 <core_bench_state+0x144>
   12084:	00a64633          	xor	a2,a2,a0
   12088:	00c90023          	sb	a2,0(s2)
   1208c:	fe9ff06f          	j	12074 <core_bench_state+0x144>
   12090:	02c12503          	lw	a0,44(sp)
   12094:	00040593          	mv	a1,s0
   12098:	00000097          	auipc	ra,0x0
   1209c:	4e4080e7          	jalr	1252(ra) # 1257c <crcu32>
   120a0:	00c12583          	lw	a1,12(sp)
   120a4:	00050613          	mv	a2,a0
   120a8:	00058513          	mv	a0,a1
   120ac:	00060593          	mv	a1,a2
   120b0:	00000097          	auipc	ra,0x0
   120b4:	4cc080e7          	jalr	1228(ra) # 1257c <crcu32>
   120b8:	03012583          	lw	a1,48(sp)
   120bc:	00050613          	mv	a2,a0
   120c0:	00058513          	mv	a0,a1
   120c4:	00060593          	mv	a1,a2
   120c8:	00000097          	auipc	ra,0x0
   120cc:	4b4080e7          	jalr	1204(ra) # 1257c <crcu32>
   120d0:	01012583          	lw	a1,16(sp)
   120d4:	00050613          	mv	a2,a0
   120d8:	00058513          	mv	a0,a1
   120dc:	00060593          	mv	a1,a2
   120e0:	00000097          	auipc	ra,0x0
   120e4:	49c080e7          	jalr	1180(ra) # 1257c <crcu32>
   120e8:	03412583          	lw	a1,52(sp)
   120ec:	00050613          	mv	a2,a0
   120f0:	00058513          	mv	a0,a1
   120f4:	00060593          	mv	a1,a2
   120f8:	00000097          	auipc	ra,0x0
   120fc:	484080e7          	jalr	1156(ra) # 1257c <crcu32>
   12100:	01412583          	lw	a1,20(sp)
   12104:	00050613          	mv	a2,a0
   12108:	00058513          	mv	a0,a1
   1210c:	00060593          	mv	a1,a2
   12110:	00000097          	auipc	ra,0x0
   12114:	46c080e7          	jalr	1132(ra) # 1257c <crcu32>
   12118:	03812583          	lw	a1,56(sp)
   1211c:	00050613          	mv	a2,a0
   12120:	00058513          	mv	a0,a1
   12124:	00060593          	mv	a1,a2
   12128:	00000097          	auipc	ra,0x0
   1212c:	454080e7          	jalr	1108(ra) # 1257c <crcu32>
   12130:	01812583          	lw	a1,24(sp)
   12134:	00050613          	mv	a2,a0
   12138:	00058513          	mv	a0,a1
   1213c:	00060593          	mv	a1,a2
   12140:	00000097          	auipc	ra,0x0
   12144:	43c080e7          	jalr	1084(ra) # 1257c <crcu32>
   12148:	03c12583          	lw	a1,60(sp)
   1214c:	00050613          	mv	a2,a0
   12150:	00058513          	mv	a0,a1
   12154:	00060593          	mv	a1,a2
   12158:	00000097          	auipc	ra,0x0
   1215c:	424080e7          	jalr	1060(ra) # 1257c <crcu32>
   12160:	01c12583          	lw	a1,28(sp)
   12164:	00050613          	mv	a2,a0
   12168:	00058513          	mv	a0,a1
   1216c:	00060593          	mv	a1,a2
   12170:	00000097          	auipc	ra,0x0
   12174:	40c080e7          	jalr	1036(ra) # 1257c <crcu32>
   12178:	04012583          	lw	a1,64(sp)
   1217c:	00050613          	mv	a2,a0
   12180:	00058513          	mv	a0,a1
   12184:	00060593          	mv	a1,a2
   12188:	00000097          	auipc	ra,0x0
   1218c:	3f4080e7          	jalr	1012(ra) # 1257c <crcu32>
   12190:	02012583          	lw	a1,32(sp)
   12194:	00050613          	mv	a2,a0
   12198:	00058513          	mv	a0,a1
   1219c:	00060593          	mv	a1,a2
   121a0:	00000097          	auipc	ra,0x0
   121a4:	3dc080e7          	jalr	988(ra) # 1257c <crcu32>
   121a8:	04412583          	lw	a1,68(sp)
   121ac:	00050613          	mv	a2,a0
   121b0:	00058513          	mv	a0,a1
   121b4:	00060593          	mv	a1,a2
   121b8:	00000097          	auipc	ra,0x0
   121bc:	3c4080e7          	jalr	964(ra) # 1257c <crcu32>
   121c0:	02412583          	lw	a1,36(sp)
   121c4:	00050613          	mv	a2,a0
   121c8:	00058513          	mv	a0,a1
   121cc:	00060593          	mv	a1,a2
   121d0:	00000097          	auipc	ra,0x0
   121d4:	3ac080e7          	jalr	940(ra) # 1257c <crcu32>
   121d8:	04812583          	lw	a1,72(sp)
   121dc:	00050613          	mv	a2,a0
   121e0:	00058513          	mv	a0,a1
   121e4:	00060593          	mv	a1,a2
   121e8:	00000097          	auipc	ra,0x0
   121ec:	394080e7          	jalr	916(ra) # 1257c <crcu32>
   121f0:	02812583          	lw	a1,40(sp)
   121f4:	00050613          	mv	a2,a0
   121f8:	00058513          	mv	a0,a1
   121fc:	00060593          	mv	a1,a2
   12200:	06c12083          	lw	ra,108(sp)
   12204:	06812403          	lw	s0,104(sp)
   12208:	06412483          	lw	s1,100(sp)
   1220c:	06012903          	lw	s2,96(sp)
   12210:	05c12983          	lw	s3,92(sp)
   12214:	05812a03          	lw	s4,88(sp)
   12218:	05412a83          	lw	s5,84(sp)
   1221c:	05012b03          	lw	s6,80(sp)
   12220:	04c12b83          	lw	s7,76(sp)
   12224:	07010113          	addi	sp,sp,112
   12228:	00000317          	auipc	t1,0x0
   1222c:	35430067          	jr	852(t1) # 1257c <crcu32>

00012230 <core_state_transition>:
   12230:	ff010113          	addi	sp,sp,-16
   12234:	00812623          	sw	s0,12(sp)
   12238:	00052683          	lw	a3,0(a0)
   1223c:	0006cf83          	lbu	t6,0(a3)
   12240:	160f8663          	beqz	t6,123ac <core_state_transition+0x17c>
   12244:	00000613          	li	a2,0
   12248:	00168693          	addi	a3,a3,1
   1224c:	02c00713          	li	a4,44
   12250:	00700793          	li	a5,7
   12254:	00100813          	li	a6,1
   12258:	000208b7          	lui	a7,0x20
   1225c:	5c488893          	addi	a7,a7,1476 # 205c4 <state_known_crc+0xc>
   12260:	ff500293          	li	t0,-11
   12264:	02b00313          	li	t1,43
   12268:	02d00393          	li	t2,45
   1226c:	02e00e13          	li	t3,46
   12270:	ff600e93          	li	t4,-10
   12274:	04500f13          	li	t5,69
   12278:	12ef8c63          	beq	t6,a4,123b0 <core_state_transition+0x180>
   1227c:	10c7e463          	bltu	a5,a2,12384 <core_state_transition+0x154>
   12280:	00261413          	slli	s0,a2,0x2
   12284:	00888433          	add	s0,a7,s0
   12288:	00042403          	lw	s0,0(s0)
   1228c:	00040067          	jr	s0
   12290:	fc6f8613          	addi	a2,t6,-58
   12294:	0cc2e063          	bltu	t0,a2,12354 <core_state_transition+0x124>
   12298:	00200613          	li	a2,2
   1229c:	0a6f8e63          	beq	t6,t1,12358 <core_state_transition+0x128>
   122a0:	0a7f8c63          	beq	t6,t2,12358 <core_state_transition+0x128>
   122a4:	0fcf9a63          	bne	t6,t3,12398 <core_state_transition+0x168>
   122a8:	00500613          	li	a2,5
   122ac:	0ac0006f          	j	12358 <core_state_transition+0x128>
   122b0:	0185a603          	lw	a2,24(a1)
   122b4:	fc6f8f93          	addi	t6,t6,-58
   122b8:	00160613          	addi	a2,a2,1
   122bc:	00c5ac23          	sw	a2,24(a1)
   122c0:	03dff663          	bgeu	t6,t4,122ec <core_state_transition+0xbc>
   122c4:	1240006f          	j	123e8 <core_state_transition+0x1b8>
   122c8:	fc6f8613          	addi	a2,t6,-58
   122cc:	07d67a63          	bgeu	a2,t4,12340 <core_state_transition+0x110>
   122d0:	0085a603          	lw	a2,8(a1)
   122d4:	00160613          	addi	a2,a2,1
   122d8:	00c5a423          	sw	a2,8(a1)
   122dc:	0bcf8263          	beq	t6,t3,12380 <core_state_transition+0x150>
   122e0:	1080006f          	j	123e8 <core_state_transition+0x1b8>
   122e4:	fc6f8613          	addi	a2,t6,-58
   122e8:	0ec2fa63          	bgeu	t0,a2,123dc <core_state_transition+0x1ac>
   122ec:	00700613          	li	a2,7
   122f0:	0940006f          	j	12384 <core_state_transition+0x154>
   122f4:	00c5a603          	lw	a2,12(a1)
   122f8:	00160613          	addi	a2,a2,1
   122fc:	00c5a623          	sw	a2,12(a1)
   12300:	00600613          	li	a2,6
   12304:	086f8063          	beq	t6,t1,12384 <core_state_transition+0x154>
   12308:	067f8e63          	beq	t6,t2,12384 <core_state_transition+0x154>
   1230c:	0dc0006f          	j	123e8 <core_state_transition+0x1b8>
   12310:	05cf9c63          	bne	t6,t3,12368 <core_state_transition+0x138>
   12314:	0105a603          	lw	a2,16(a1)
   12318:	00160613          	addi	a2,a2,1
   1231c:	00c5a823          	sw	a2,16(a1)
   12320:	0600006f          	j	12380 <core_state_transition+0x150>
   12324:	0dfff613          	andi	a2,t6,223
   12328:	05e61863          	bne	a2,t5,12378 <core_state_transition+0x148>
   1232c:	0145a603          	lw	a2,20(a1)
   12330:	00160613          	addi	a2,a2,1
   12334:	00c5aa23          	sw	a2,20(a1)
   12338:	00300613          	li	a2,3
   1233c:	0480006f          	j	12384 <core_state_transition+0x154>
   12340:	0085a603          	lw	a2,8(a1)
   12344:	00160613          	addi	a2,a2,1
   12348:	00c5a423          	sw	a2,8(a1)
   1234c:	00400613          	li	a2,4
   12350:	0340006f          	j	12384 <core_state_transition+0x154>
   12354:	00400613          	li	a2,4
   12358:	0005af83          	lw	t6,0(a1)
   1235c:	001f8f93          	addi	t6,t6,1
   12360:	01f5a023          	sw	t6,0(a1)
   12364:	0200006f          	j	12384 <core_state_transition+0x154>
   12368:	fc6f8613          	addi	a2,t6,-58
   1236c:	0ac2fc63          	bgeu	t0,a2,12424 <core_state_transition+0x1f4>
   12370:	00400613          	li	a2,4
   12374:	0100006f          	j	12384 <core_state_transition+0x154>
   12378:	fc6f8613          	addi	a2,t6,-58
   1237c:	08c2f263          	bgeu	t0,a2,12400 <core_state_transition+0x1d0>
   12380:	00500613          	li	a2,5
   12384:	0006cf83          	lbu	t6,0(a3)
   12388:	00168693          	addi	a3,a3,1
   1238c:	020f8c63          	beqz	t6,123c4 <core_state_transition+0x194>
   12390:	ef0614e3          	bne	a2,a6,12278 <core_state_transition+0x48>
   12394:	0300006f          	j	123c4 <core_state_transition+0x194>
   12398:	0045a603          	lw	a2,4(a1)
   1239c:	00160613          	addi	a2,a2,1
   123a0:	00c5a223          	sw	a2,4(a1)
   123a4:	00100613          	li	a2,1
   123a8:	fb1ff06f          	j	12358 <core_state_transition+0x128>
   123ac:	00000613          	li	a2,0
   123b0:	00d52023          	sw	a3,0(a0)
   123b4:	00060513          	mv	a0,a2
   123b8:	00c12403          	lw	s0,12(sp)
   123bc:	01010113          	addi	sp,sp,16
   123c0:	00008067          	ret
   123c4:	fff68693          	addi	a3,a3,-1
   123c8:	00d52023          	sw	a3,0(a0)
   123cc:	00060513          	mv	a0,a2
   123d0:	00c12403          	lw	s0,12(sp)
   123d4:	01010113          	addi	sp,sp,16
   123d8:	00008067          	ret
   123dc:	0045a603          	lw	a2,4(a1)
   123e0:	00160613          	addi	a2,a2,1
   123e4:	00c5a223          	sw	a2,4(a1)
   123e8:	00100613          	li	a2,1
   123ec:	00d52023          	sw	a3,0(a0)
   123f0:	00060513          	mv	a0,a2
   123f4:	00c12403          	lw	s0,12(sp)
   123f8:	01010113          	addi	sp,sp,16
   123fc:	00008067          	ret
   12400:	0145a603          	lw	a2,20(a1)
   12404:	00160613          	addi	a2,a2,1
   12408:	00c5aa23          	sw	a2,20(a1)
   1240c:	00100613          	li	a2,1
   12410:	00d52023          	sw	a3,0(a0)
   12414:	00060513          	mv	a0,a2
   12418:	00c12403          	lw	s0,12(sp)
   1241c:	01010113          	addi	sp,sp,16
   12420:	00008067          	ret
   12424:	0105a603          	lw	a2,16(a1)
   12428:	00160613          	addi	a2,a2,1
   1242c:	00c5a823          	sw	a2,16(a1)
   12430:	00100613          	li	a2,1
   12434:	00d52023          	sw	a3,0(a0)
   12438:	00060513          	mv	a0,a2
   1243c:	00c12403          	lw	s0,12(sp)
   12440:	01010113          	addi	sp,sp,16
   12444:	00008067          	ret

00012448 <core_init_state>:
   12448:	fff50693          	addi	a3,a0,-1
   1244c:	00200713          	li	a4,2
   12450:	08e6ec63          	bltu	a3,a4,124e8 <core_init_state+0xa0>
   12454:	00000313          	li	t1,0
   12458:	00000293          	li	t0,0
   1245c:	00000893          	li	a7,0
   12460:	00020737          	lui	a4,0x20
   12464:	62470713          	addi	a4,a4,1572 # 20624 <errpat+0x10>
   12468:	000207b7          	lui	a5,0x20
   1246c:	64478793          	addi	a5,a5,1604 # 20644 <errpat+0x30>
   12470:	02c00813          	li	a6,44
   12474:	03c0006f          	j	124b0 <core_init_state+0x68>
   12478:	00158593          	addi	a1,a1,1
   1247c:	0075f293          	andi	t0,a1,7
   12480:	00229293          	slli	t0,t0,0x2
   12484:	00570333          	add	t1,a4,t0
   12488:	00032303          	lw	t1,0(t1)
   1248c:	005782b3          	add	t0,a5,t0
   12490:	0002a283          	lw	t0,0(t0)
   12494:	0015d393          	srli	t2,a1,0x1
   12498:	00c3f393          	andi	t2,t2,12
   1249c:	00730333          	add	t1,t1,t2
   124a0:	00032303          	lw	t1,0(t1)
   124a4:	005883b3          	add	t2,a7,t0
   124a8:	00138393          	addi	t2,t2,1
   124ac:	04d3f063          	bgeu	t2,a3,124ec <core_init_state+0xa4>
   124b0:	fc0284e3          	beqz	t0,12478 <core_init_state+0x30>
   124b4:	011603b3          	add	t2,a2,a7
   124b8:	005888b3          	add	a7,a7,t0
   124bc:	01160e33          	add	t3,a2,a7
   124c0:	00038e93          	mv	t4,t2
   124c4:	00034f03          	lbu	t5,0(t1)
   124c8:	01ee8023          	sb	t5,0(t4)
   124cc:	001e8e93          	addi	t4,t4,1
   124d0:	00130313          	addi	t1,t1,1
   124d4:	ffce98e3          	bne	t4,t3,124c4 <core_init_state+0x7c>
   124d8:	005382b3          	add	t0,t2,t0
   124dc:	01028023          	sb	a6,0(t0)
   124e0:	00188893          	addi	a7,a7,1
   124e4:	f95ff06f          	j	12478 <core_init_state+0x30>
   124e8:	00000893          	li	a7,0
   124ec:	00a8fe63          	bgeu	a7,a0,12508 <core_init_state+0xc0>
   124f0:	011605b3          	add	a1,a2,a7
   124f4:	41150633          	sub	a2,a0,a7
   124f8:	00058513          	mv	a0,a1
   124fc:	00000593          	li	a1,0
   12500:	ffffe317          	auipc	t1,0xffffe
   12504:	ec430067          	jr	-316(t1) # 103c4 <memset>
   12508:	00008067          	ret

0001250c <get_seed_32>:
   1250c:	fff50513          	addi	a0,a0,-1
   12510:	00400593          	li	a1,4
   12514:	02a5e063          	bltu	a1,a0,12534 <get_seed_32+0x28>
   12518:	00251513          	slli	a0,a0,0x2
   1251c:	000215b7          	lui	a1,0x21
   12520:	87058593          	addi	a1,a1,-1936 # 20870 <__global_pointer$+0x8>
   12524:	00a58533          	add	a0,a1,a0
   12528:	00052503          	lw	a0,0(a0)
   1252c:	00052503          	lw	a0,0(a0)
   12530:	00008067          	ret
   12534:	00000513          	li	a0,0
   12538:	00008067          	ret

0001253c <crcu16>:
   1253c:	00a5c533          	xor	a0,a1,a0
   12540:	0ff57593          	zext.b	a1,a0
   12544:	00159593          	slli	a1,a1,0x1
   12548:	00020637          	lui	a2,0x20
   1254c:	67060613          	addi	a2,a2,1648 # 20670 <errpat+0x5c>
   12550:	00b605b3          	add	a1,a2,a1
   12554:	0005d583          	lhu	a1,0(a1)
   12558:	00855513          	srli	a0,a0,0x8
   1255c:	0ff5f693          	zext.b	a3,a1
   12560:	00a6c533          	xor	a0,a3,a0
   12564:	00151513          	slli	a0,a0,0x1
   12568:	00a60533          	add	a0,a2,a0
   1256c:	00055503          	lhu	a0,0(a0)
   12570:	0085d593          	srli	a1,a1,0x8
   12574:	00a5c533          	xor	a0,a1,a0
   12578:	00008067          	ret

0001257c <crcu32>:
   1257c:	00a5c5b3          	xor	a1,a1,a0
   12580:	0ff5f613          	zext.b	a2,a1
   12584:	00161613          	slli	a2,a2,0x1
   12588:	000206b7          	lui	a3,0x20
   1258c:	67068693          	addi	a3,a3,1648 # 20670 <errpat+0x5c>
   12590:	00c68633          	add	a2,a3,a2
   12594:	00065603          	lhu	a2,0(a2)
   12598:	01059593          	slli	a1,a1,0x10
   1259c:	0185d593          	srli	a1,a1,0x18
   125a0:	0ff67713          	zext.b	a4,a2
   125a4:	00b745b3          	xor	a1,a4,a1
   125a8:	00159593          	slli	a1,a1,0x1
   125ac:	00b685b3          	add	a1,a3,a1
   125b0:	00059583          	lh	a1,0(a1)
   125b4:	00865613          	srli	a2,a2,0x8
   125b8:	01055513          	srli	a0,a0,0x10
   125bc:	00a5c533          	xor	a0,a1,a0
   125c0:	0ff57593          	zext.b	a1,a0
   125c4:	00c5c5b3          	xor	a1,a1,a2
   125c8:	00159593          	slli	a1,a1,0x1
   125cc:	00b685b3          	add	a1,a3,a1
   125d0:	0005d583          	lhu	a1,0(a1)
   125d4:	01051513          	slli	a0,a0,0x10
   125d8:	01855513          	srli	a0,a0,0x18
   125dc:	0ff5f613          	zext.b	a2,a1
   125e0:	00c54533          	xor	a0,a0,a2
   125e4:	00151513          	slli	a0,a0,0x1
   125e8:	00a68533          	add	a0,a3,a0
   125ec:	00055503          	lhu	a0,0(a0)
   125f0:	0085d593          	srli	a1,a1,0x8
   125f4:	00a5c533          	xor	a0,a1,a0
   125f8:	00008067          	ret

000125fc <crc16>:
   125fc:	00a5c533          	xor	a0,a1,a0
   12600:	0ff57593          	zext.b	a1,a0
   12604:	00159593          	slli	a1,a1,0x1
   12608:	00020637          	lui	a2,0x20
   1260c:	67060613          	addi	a2,a2,1648 # 20670 <errpat+0x5c>
   12610:	00b605b3          	add	a1,a2,a1
   12614:	0005d583          	lhu	a1,0(a1)
   12618:	01051513          	slli	a0,a0,0x10
   1261c:	01855513          	srli	a0,a0,0x18
   12620:	0ff5f693          	zext.b	a3,a1
   12624:	00a6c533          	xor	a0,a3,a0
   12628:	00151513          	slli	a0,a0,0x1
   1262c:	00a60533          	add	a0,a2,a0
   12630:	00055503          	lhu	a0,0(a0)
   12634:	0085d593          	srli	a1,a1,0x8
   12638:	00a5c533          	xor	a0,a1,a0
   1263c:	00008067          	ret

00012640 <check_data_types>:
   12640:	00000513          	li	a0,0
   12644:	00008067          	ret

00012648 <iprintf>:
   12648:	fc010113          	addi	sp,sp,-64
   1264c:	02f12a23          	sw	a5,52(sp)
   12650:	0000e797          	auipc	a5,0xe
   12654:	a187a783          	lw	a5,-1512(a5) # 20068 <_impure_ptr>
   12658:	02c12423          	sw	a2,40(sp)
   1265c:	02d12623          	sw	a3,44(sp)
   12660:	02b12223          	sw	a1,36(sp)
   12664:	02e12823          	sw	a4,48(sp)
   12668:	03012c23          	sw	a6,56(sp)
   1266c:	03112e23          	sw	a7,60(sp)
   12670:	0087a583          	lw	a1,8(a5)
   12674:	02410693          	addi	a3,sp,36
   12678:	00050613          	mv	a2,a0
   1267c:	00078513          	mv	a0,a5
   12680:	00112e23          	sw	ra,28(sp)
   12684:	00d12623          	sw	a3,12(sp)
   12688:	00001097          	auipc	ra,0x1
   1268c:	83c080e7          	jalr	-1988(ra) # 12ec4 <_vfiprintf_r>
   12690:	01c12083          	lw	ra,28(sp)
   12694:	04010113          	addi	sp,sp,64
   12698:	00008067          	ret

0001269c <putchar>:
   1269c:	00050593          	mv	a1,a0
   126a0:	0000e517          	auipc	a0,0xe
   126a4:	9c852503          	lw	a0,-1592(a0) # 20068 <_impure_ptr>
   126a8:	00852603          	lw	a2,8(a0)
   126ac:	00002317          	auipc	t1,0x2
   126b0:	85c30067          	jr	-1956(t1) # 13f08 <_putc_r>

000126b4 <_puts_r>:
   126b4:	02052783          	lw	a5,32(a0)
   126b8:	fe010113          	addi	sp,sp,-32
   126bc:	00812c23          	sw	s0,24(sp)
   126c0:	00912a23          	sw	s1,20(sp)
   126c4:	01212823          	sw	s2,16(sp)
   126c8:	00112e23          	sw	ra,28(sp)
   126cc:	01312623          	sw	s3,12(sp)
   126d0:	00852403          	lw	s0,8(a0)
   126d4:	00050493          	mv	s1,a0
   126d8:	00058913          	mv	s2,a1
   126dc:	00079663          	bnez	a5,126e8 <_puts_r+0x34>
   126e0:	00001097          	auipc	ra,0x1
   126e4:	5c4080e7          	jalr	1476(ra) # 13ca4 <__sinit>
   126e8:	06442783          	lw	a5,100(s0)
   126ec:	0017f793          	andi	a5,a5,1
   126f0:	00079e63          	bnez	a5,1270c <_puts_r+0x58>
   126f4:	00c45783          	lhu	a5,12(s0)
   126f8:	2007f793          	andi	a5,a5,512
   126fc:	00079863          	bnez	a5,1270c <_puts_r+0x58>
   12700:	05842503          	lw	a0,88(s0)
   12704:	00000097          	auipc	ra,0x0
   12708:	360080e7          	jalr	864(ra) # 12a64 <__retarget_lock_acquire_recursive>
   1270c:	00c45783          	lhu	a5,12(s0)
   12710:	0087f793          	andi	a5,a5,8
   12714:	00078663          	beqz	a5,12720 <_puts_r+0x6c>
   12718:	01042783          	lw	a5,16(s0)
   1271c:	0c079e63          	bnez	a5,127f8 <_puts_r+0x144>
   12720:	00040593          	mv	a1,s0
   12724:	00048513          	mv	a0,s1
   12728:	00000097          	auipc	ra,0x0
   1272c:	210080e7          	jalr	528(ra) # 12938 <__swsetup_r>
   12730:	0c050463          	beqz	a0,127f8 <_puts_r+0x144>
   12734:	fff00493          	li	s1,-1
   12738:	06442783          	lw	a5,100(s0)
   1273c:	0017f793          	andi	a5,a5,1
   12740:	00079e63          	bnez	a5,1275c <_puts_r+0xa8>
   12744:	00c45783          	lhu	a5,12(s0)
   12748:	2007f793          	andi	a5,a5,512
   1274c:	00079863          	bnez	a5,1275c <_puts_r+0xa8>
   12750:	05842503          	lw	a0,88(s0)
   12754:	00000097          	auipc	ra,0x0
   12758:	314080e7          	jalr	788(ra) # 12a68 <__retarget_lock_release_recursive>
   1275c:	01c12083          	lw	ra,28(sp)
   12760:	01812403          	lw	s0,24(sp)
   12764:	01012903          	lw	s2,16(sp)
   12768:	00c12983          	lw	s3,12(sp)
   1276c:	00048513          	mv	a0,s1
   12770:	01412483          	lw	s1,20(sp)
   12774:	02010113          	addi	sp,sp,32
   12778:	00008067          	ret
   1277c:	0007da63          	bgez	a5,12790 <_puts_r+0xdc>
   12780:	01842703          	lw	a4,24(s0)
   12784:	04e7ce63          	blt	a5,a4,127e0 <_puts_r+0x12c>
   12788:	ff658793          	addi	a5,a1,-10
   1278c:	04078a63          	beqz	a5,127e0 <_puts_r+0x12c>
   12790:	00042783          	lw	a5,0(s0)
   12794:	00178713          	addi	a4,a5,1
   12798:	00e42023          	sw	a4,0(s0)
   1279c:	00b78023          	sb	a1,0(a5)
   127a0:	00190913          	addi	s2,s2,1
   127a4:	00842783          	lw	a5,8(s0)
   127a8:	00094583          	lbu	a1,0(s2)
   127ac:	fff78793          	addi	a5,a5,-1
   127b0:	00f42423          	sw	a5,8(s0)
   127b4:	fc0594e3          	bnez	a1,1277c <_puts_r+0xc8>
   127b8:	0407d463          	bgez	a5,12800 <_puts_r+0x14c>
   127bc:	00040613          	mv	a2,s0
   127c0:	00a00593          	li	a1,10
   127c4:	00048513          	mv	a0,s1
   127c8:	00000097          	auipc	ra,0x0
   127cc:	064080e7          	jalr	100(ra) # 1282c <__swbuf_r>
   127d0:	fff00793          	li	a5,-1
   127d4:	f6f500e3          	beq	a0,a5,12734 <_puts_r+0x80>
   127d8:	00a00493          	li	s1,10
   127dc:	f5dff06f          	j	12738 <_puts_r+0x84>
   127e0:	00040613          	mv	a2,s0
   127e4:	00048513          	mv	a0,s1
   127e8:	00000097          	auipc	ra,0x0
   127ec:	044080e7          	jalr	68(ra) # 1282c <__swbuf_r>
   127f0:	fb3518e3          	bne	a0,s3,127a0 <_puts_r+0xec>
   127f4:	f41ff06f          	j	12734 <_puts_r+0x80>
   127f8:	fff00993          	li	s3,-1
   127fc:	fa9ff06f          	j	127a4 <_puts_r+0xf0>
   12800:	00042783          	lw	a5,0(s0)
   12804:	00178713          	addi	a4,a5,1
   12808:	00e42023          	sw	a4,0(s0)
   1280c:	00a00713          	li	a4,10
   12810:	00e78023          	sb	a4,0(a5)
   12814:	fc5ff06f          	j	127d8 <_puts_r+0x124>

00012818 <puts>:
   12818:	00050593          	mv	a1,a0
   1281c:	0000e517          	auipc	a0,0xe
   12820:	84c52503          	lw	a0,-1972(a0) # 20068 <_impure_ptr>
   12824:	00000317          	auipc	t1,0x0
   12828:	e9030067          	jr	-368(t1) # 126b4 <_puts_r>

0001282c <__swbuf_r>:
   1282c:	fe010113          	addi	sp,sp,-32
   12830:	00812c23          	sw	s0,24(sp)
   12834:	00912a23          	sw	s1,20(sp)
   12838:	01312623          	sw	s3,12(sp)
   1283c:	00112e23          	sw	ra,28(sp)
   12840:	01212823          	sw	s2,16(sp)
   12844:	00050493          	mv	s1,a0
   12848:	00058993          	mv	s3,a1
   1284c:	00060413          	mv	s0,a2
   12850:	00050a63          	beqz	a0,12864 <__swbuf_r+0x38>
   12854:	02052783          	lw	a5,32(a0)
   12858:	00079663          	bnez	a5,12864 <__swbuf_r+0x38>
   1285c:	00001097          	auipc	ra,0x1
   12860:	448080e7          	jalr	1096(ra) # 13ca4 <__sinit>
   12864:	01842783          	lw	a5,24(s0)
   12868:	00f42423          	sw	a5,8(s0)
   1286c:	00c45783          	lhu	a5,12(s0)
   12870:	0087f793          	andi	a5,a5,8
   12874:	00078663          	beqz	a5,12880 <__swbuf_r+0x54>
   12878:	01042783          	lw	a5,16(s0)
   1287c:	02079e63          	bnez	a5,128b8 <__swbuf_r+0x8c>
   12880:	00040593          	mv	a1,s0
   12884:	00048513          	mv	a0,s1
   12888:	00000097          	auipc	ra,0x0
   1288c:	0b0080e7          	jalr	176(ra) # 12938 <__swsetup_r>
   12890:	02050463          	beqz	a0,128b8 <__swbuf_r+0x8c>
   12894:	fff00913          	li	s2,-1
   12898:	01c12083          	lw	ra,28(sp)
   1289c:	01812403          	lw	s0,24(sp)
   128a0:	01412483          	lw	s1,20(sp)
   128a4:	00c12983          	lw	s3,12(sp)
   128a8:	00090513          	mv	a0,s2
   128ac:	01012903          	lw	s2,16(sp)
   128b0:	02010113          	addi	sp,sp,32
   128b4:	00008067          	ret
   128b8:	01042783          	lw	a5,16(s0)
   128bc:	00042503          	lw	a0,0(s0)
   128c0:	40f50533          	sub	a0,a0,a5
   128c4:	01442783          	lw	a5,20(s0)
   128c8:	00f54c63          	blt	a0,a5,128e0 <__swbuf_r+0xb4>
   128cc:	00040593          	mv	a1,s0
   128d0:	00048513          	mv	a0,s1
   128d4:	00001097          	auipc	ra,0x1
   128d8:	120080e7          	jalr	288(ra) # 139f4 <_fflush_r>
   128dc:	fa051ce3          	bnez	a0,12894 <__swbuf_r+0x68>
   128e0:	00842783          	lw	a5,8(s0)
   128e4:	00150513          	addi	a0,a0,1
   128e8:	0ff9f913          	zext.b	s2,s3
   128ec:	fff78793          	addi	a5,a5,-1
   128f0:	00f42423          	sw	a5,8(s0)
   128f4:	00042783          	lw	a5,0(s0)
   128f8:	00178713          	addi	a4,a5,1
   128fc:	00e42023          	sw	a4,0(s0)
   12900:	01378023          	sb	s3,0(a5)
   12904:	01442783          	lw	a5,20(s0)
   12908:	00a78c63          	beq	a5,a0,12920 <__swbuf_r+0xf4>
   1290c:	00c45783          	lhu	a5,12(s0)
   12910:	0017f793          	andi	a5,a5,1
   12914:	f80782e3          	beqz	a5,12898 <__swbuf_r+0x6c>
   12918:	ff690793          	addi	a5,s2,-10
   1291c:	f6079ee3          	bnez	a5,12898 <__swbuf_r+0x6c>
   12920:	00040593          	mv	a1,s0
   12924:	00048513          	mv	a0,s1
   12928:	00001097          	auipc	ra,0x1
   1292c:	0cc080e7          	jalr	204(ra) # 139f4 <_fflush_r>
   12930:	f60504e3          	beqz	a0,12898 <__swbuf_r+0x6c>
   12934:	f61ff06f          	j	12894 <__swbuf_r+0x68>

00012938 <__swsetup_r>:
   12938:	ff010113          	addi	sp,sp,-16
   1293c:	00912223          	sw	s1,4(sp)
   12940:	00050493          	mv	s1,a0
   12944:	0000d517          	auipc	a0,0xd
   12948:	72452503          	lw	a0,1828(a0) # 20068 <_impure_ptr>
   1294c:	00812423          	sw	s0,8(sp)
   12950:	00112623          	sw	ra,12(sp)
   12954:	00058413          	mv	s0,a1
   12958:	00050a63          	beqz	a0,1296c <__swsetup_r+0x34>
   1295c:	02052783          	lw	a5,32(a0)
   12960:	00079663          	bnez	a5,1296c <__swsetup_r+0x34>
   12964:	00001097          	auipc	ra,0x1
   12968:	340080e7          	jalr	832(ra) # 13ca4 <__sinit>
   1296c:	00c41783          	lh	a5,12(s0)
   12970:	0087f713          	andi	a4,a5,8
   12974:	06071463          	bnez	a4,129dc <__swsetup_r+0xa4>
   12978:	0107f713          	andi	a4,a5,16
   1297c:	00071e63          	bnez	a4,12998 <__swsetup_r+0x60>
   12980:	00900713          	li	a4,9
   12984:	00e4a023          	sw	a4,0(s1)
   12988:	0407e793          	ori	a5,a5,64
   1298c:	00f41623          	sh	a5,12(s0)
   12990:	fff00513          	li	a0,-1
   12994:	0a00006f          	j	12a34 <__swsetup_r+0xfc>
   12998:	0047f713          	andi	a4,a5,4
   1299c:	02070c63          	beqz	a4,129d4 <__swsetup_r+0x9c>
   129a0:	03442583          	lw	a1,52(s0)
   129a4:	00058e63          	beqz	a1,129c0 <__swsetup_r+0x88>
   129a8:	04440793          	addi	a5,s0,68
   129ac:	00f58863          	beq	a1,a5,129bc <__swsetup_r+0x84>
   129b0:	00048513          	mv	a0,s1
   129b4:	00000097          	auipc	ra,0x0
   129b8:	0b8080e7          	jalr	184(ra) # 12a6c <_free_r>
   129bc:	02042a23          	sw	zero,52(s0)
   129c0:	00c45783          	lhu	a5,12(s0)
   129c4:	01042703          	lw	a4,16(s0)
   129c8:	00042223          	sw	zero,4(s0)
   129cc:	fdb7f793          	andi	a5,a5,-37
   129d0:	00e42023          	sw	a4,0(s0)
   129d4:	0087e793          	ori	a5,a5,8
   129d8:	00f41623          	sh	a5,12(s0)
   129dc:	01042783          	lw	a5,16(s0)
   129e0:	02079263          	bnez	a5,12a04 <__swsetup_r+0xcc>
   129e4:	00c42783          	lw	a5,12(s0)
   129e8:	20000713          	li	a4,512
   129ec:	2807f793          	andi	a5,a5,640
   129f0:	00e78a63          	beq	a5,a4,12a04 <__swsetup_r+0xcc>
   129f4:	00040593          	mv	a1,s0
   129f8:	00048513          	mv	a0,s1
   129fc:	00001097          	auipc	ra,0x1
   12a00:	434080e7          	jalr	1076(ra) # 13e30 <__smakebuf_r>
   12a04:	00c41783          	lh	a5,12(s0)
   12a08:	0017f713          	andi	a4,a5,1
   12a0c:	02070e63          	beqz	a4,12a48 <__swsetup_r+0x110>
   12a10:	01442703          	lw	a4,20(s0)
   12a14:	00042423          	sw	zero,8(s0)
   12a18:	40e00733          	neg	a4,a4
   12a1c:	00e42c23          	sw	a4,24(s0)
   12a20:	01042703          	lw	a4,16(s0)
   12a24:	00000513          	li	a0,0
   12a28:	00071663          	bnez	a4,12a34 <__swsetup_r+0xfc>
   12a2c:	0807f713          	andi	a4,a5,128
   12a30:	f4071ce3          	bnez	a4,12988 <__swsetup_r+0x50>
   12a34:	00c12083          	lw	ra,12(sp)
   12a38:	00812403          	lw	s0,8(sp)
   12a3c:	00412483          	lw	s1,4(sp)
   12a40:	01010113          	addi	sp,sp,16
   12a44:	00008067          	ret
   12a48:	0027f713          	andi	a4,a5,2
   12a4c:	00000693          	li	a3,0
   12a50:	00071463          	bnez	a4,12a58 <__swsetup_r+0x120>
   12a54:	01442683          	lw	a3,20(s0)
   12a58:	00d42423          	sw	a3,8(s0)
   12a5c:	fc5ff06f          	j	12a20 <__swsetup_r+0xe8>

00012a60 <__retarget_lock_init_recursive>:
   12a60:	00008067          	ret

00012a64 <__retarget_lock_acquire_recursive>:
   12a64:	00008067          	ret

00012a68 <__retarget_lock_release_recursive>:
   12a68:	00008067          	ret

00012a6c <_free_r>:
   12a6c:	10058263          	beqz	a1,12b70 <_free_r+0x104>
   12a70:	ffc5a783          	lw	a5,-4(a1)
   12a74:	fe010113          	addi	sp,sp,-32
   12a78:	00812c23          	sw	s0,24(sp)
   12a7c:	00112e23          	sw	ra,28(sp)
   12a80:	ffc58413          	addi	s0,a1,-4
   12a84:	0007d463          	bgez	a5,12a8c <_free_r+0x20>
   12a88:	00f40433          	add	s0,s0,a5
   12a8c:	00a12623          	sw	a0,12(sp)
   12a90:	00000097          	auipc	ra,0x0
   12a94:	35c080e7          	jalr	860(ra) # 12dec <__malloc_lock>
   12a98:	0000e797          	auipc	a5,0xe
   12a9c:	f907a783          	lw	a5,-112(a5) # 20a28 <__malloc_free_list>
   12aa0:	00c12503          	lw	a0,12(sp)
   12aa4:	02079263          	bnez	a5,12ac8 <_free_r+0x5c>
   12aa8:	00042223          	sw	zero,4(s0)
   12aac:	0000e797          	auipc	a5,0xe
   12ab0:	f687ae23          	sw	s0,-132(a5) # 20a28 <__malloc_free_list>
   12ab4:	01812403          	lw	s0,24(sp)
   12ab8:	01c12083          	lw	ra,28(sp)
   12abc:	02010113          	addi	sp,sp,32
   12ac0:	00000317          	auipc	t1,0x0
   12ac4:	33c30067          	jr	828(t1) # 12dfc <__malloc_unlock>
   12ac8:	02f47463          	bgeu	s0,a5,12af0 <_free_r+0x84>
   12acc:	00042683          	lw	a3,0(s0)
   12ad0:	00d40733          	add	a4,s0,a3
   12ad4:	00e79a63          	bne	a5,a4,12ae8 <_free_r+0x7c>
   12ad8:	0007a703          	lw	a4,0(a5)
   12adc:	0047a783          	lw	a5,4(a5)
   12ae0:	00d70733          	add	a4,a4,a3
   12ae4:	00e42023          	sw	a4,0(s0)
   12ae8:	00f42223          	sw	a5,4(s0)
   12aec:	fc1ff06f          	j	12aac <_free_r+0x40>
   12af0:	00078713          	mv	a4,a5
   12af4:	0047a783          	lw	a5,4(a5)
   12af8:	00078463          	beqz	a5,12b00 <_free_r+0x94>
   12afc:	fef47ae3          	bgeu	s0,a5,12af0 <_free_r+0x84>
   12b00:	00072683          	lw	a3,0(a4)
   12b04:	00d70633          	add	a2,a4,a3
   12b08:	02861863          	bne	a2,s0,12b38 <_free_r+0xcc>
   12b0c:	00042603          	lw	a2,0(s0)
   12b10:	00c686b3          	add	a3,a3,a2
   12b14:	00d72023          	sw	a3,0(a4)
   12b18:	00d70633          	add	a2,a4,a3
   12b1c:	f8c79ce3          	bne	a5,a2,12ab4 <_free_r+0x48>
   12b20:	0007a603          	lw	a2,0(a5)
   12b24:	0047a783          	lw	a5,4(a5)
   12b28:	00d606b3          	add	a3,a2,a3
   12b2c:	00d72023          	sw	a3,0(a4)
   12b30:	00f72223          	sw	a5,4(a4)
   12b34:	f81ff06f          	j	12ab4 <_free_r+0x48>
   12b38:	00c47863          	bgeu	s0,a2,12b48 <_free_r+0xdc>
   12b3c:	00c00793          	li	a5,12
   12b40:	00f52023          	sw	a5,0(a0)
   12b44:	f71ff06f          	j	12ab4 <_free_r+0x48>
   12b48:	00042603          	lw	a2,0(s0)
   12b4c:	00c406b3          	add	a3,s0,a2
   12b50:	00d79a63          	bne	a5,a3,12b64 <_free_r+0xf8>
   12b54:	0007a683          	lw	a3,0(a5)
   12b58:	0047a783          	lw	a5,4(a5)
   12b5c:	00c686b3          	add	a3,a3,a2
   12b60:	00d42023          	sw	a3,0(s0)
   12b64:	00f42223          	sw	a5,4(s0)
   12b68:	00872223          	sw	s0,4(a4)
   12b6c:	f49ff06f          	j	12ab4 <_free_r+0x48>
   12b70:	00008067          	ret

00012b74 <sbrk_aligned>:
   12b74:	0000e797          	auipc	a5,0xe
   12b78:	eb07a783          	lw	a5,-336(a5) # 20a24 <__malloc_sbrk_start>
   12b7c:	ff010113          	addi	sp,sp,-16
   12b80:	00812423          	sw	s0,8(sp)
   12b84:	01212023          	sw	s2,0(sp)
   12b88:	00112623          	sw	ra,12(sp)
   12b8c:	00912223          	sw	s1,4(sp)
   12b90:	00050913          	mv	s2,a0
   12b94:	00058413          	mv	s0,a1
   12b98:	00079c63          	bnez	a5,12bb0 <sbrk_aligned+0x3c>
   12b9c:	00000593          	li	a1,0
   12ba0:	00001097          	auipc	ra,0x1
   12ba4:	750080e7          	jalr	1872(ra) # 142f0 <_sbrk_r>
   12ba8:	0000e797          	auipc	a5,0xe
   12bac:	e6a7ae23          	sw	a0,-388(a5) # 20a24 <__malloc_sbrk_start>
   12bb0:	00040593          	mv	a1,s0
   12bb4:	00090513          	mv	a0,s2
   12bb8:	00001097          	auipc	ra,0x1
   12bbc:	738080e7          	jalr	1848(ra) # 142f0 <_sbrk_r>
   12bc0:	fff00493          	li	s1,-1
   12bc4:	02951263          	bne	a0,s1,12be8 <sbrk_aligned+0x74>
   12bc8:	fff00413          	li	s0,-1
   12bcc:	00c12083          	lw	ra,12(sp)
   12bd0:	00040513          	mv	a0,s0
   12bd4:	00812403          	lw	s0,8(sp)
   12bd8:	00412483          	lw	s1,4(sp)
   12bdc:	00012903          	lw	s2,0(sp)
   12be0:	01010113          	addi	sp,sp,16
   12be4:	00008067          	ret
   12be8:	00350413          	addi	s0,a0,3
   12bec:	ffc47413          	andi	s0,s0,-4
   12bf0:	fc850ee3          	beq	a0,s0,12bcc <sbrk_aligned+0x58>
   12bf4:	40a405b3          	sub	a1,s0,a0
   12bf8:	00090513          	mv	a0,s2
   12bfc:	00001097          	auipc	ra,0x1
   12c00:	6f4080e7          	jalr	1780(ra) # 142f0 <_sbrk_r>
   12c04:	fc9514e3          	bne	a0,s1,12bcc <sbrk_aligned+0x58>
   12c08:	fc1ff06f          	j	12bc8 <sbrk_aligned+0x54>

00012c0c <_malloc_r>:
   12c0c:	fe010113          	addi	sp,sp,-32
   12c10:	00912a23          	sw	s1,20(sp)
   12c14:	00358493          	addi	s1,a1,3
   12c18:	ffc4f493          	andi	s1,s1,-4
   12c1c:	00112e23          	sw	ra,28(sp)
   12c20:	00812c23          	sw	s0,24(sp)
   12c24:	01212823          	sw	s2,16(sp)
   12c28:	01312623          	sw	s3,12(sp)
   12c2c:	01412423          	sw	s4,8(sp)
   12c30:	00848493          	addi	s1,s1,8
   12c34:	00c00793          	li	a5,12
   12c38:	00f4f463          	bgeu	s1,a5,12c40 <_malloc_r+0x34>
   12c3c:	00078493          	mv	s1,a5
   12c40:	0004c463          	bltz	s1,12c48 <_malloc_r+0x3c>
   12c44:	02b4f863          	bgeu	s1,a1,12c74 <_malloc_r+0x68>
   12c48:	00c00793          	li	a5,12
   12c4c:	00f52023          	sw	a5,0(a0)
   12c50:	00000513          	li	a0,0
   12c54:	01c12083          	lw	ra,28(sp)
   12c58:	01812403          	lw	s0,24(sp)
   12c5c:	01412483          	lw	s1,20(sp)
   12c60:	01012903          	lw	s2,16(sp)
   12c64:	00c12983          	lw	s3,12(sp)
   12c68:	00812a03          	lw	s4,8(sp)
   12c6c:	02010113          	addi	sp,sp,32
   12c70:	00008067          	ret
   12c74:	00050913          	mv	s2,a0
   12c78:	0000e997          	auipc	s3,0xe
   12c7c:	db098993          	addi	s3,s3,-592 # 20a28 <__malloc_free_list>
   12c80:	00000097          	auipc	ra,0x0
   12c84:	16c080e7          	jalr	364(ra) # 12dec <__malloc_lock>
   12c88:	0009a783          	lw	a5,0(s3)
   12c8c:	00078413          	mv	s0,a5
   12c90:	08041863          	bnez	s0,12d20 <_malloc_r+0x114>
   12c94:	00048593          	mv	a1,s1
   12c98:	00090513          	mv	a0,s2
   12c9c:	00000097          	auipc	ra,0x0
   12ca0:	ed8080e7          	jalr	-296(ra) # 12b74 <sbrk_aligned>
   12ca4:	fff00793          	li	a5,-1
   12ca8:	00050413          	mv	s0,a0
   12cac:	12f51c63          	bne	a0,a5,12de4 <_malloc_r+0x1d8>
   12cb0:	0009a403          	lw	s0,0(s3)
   12cb4:	00040793          	mv	a5,s0
   12cb8:	0e079a63          	bnez	a5,12dac <_malloc_r+0x1a0>
   12cbc:	10040863          	beqz	s0,12dcc <_malloc_r+0x1c0>
   12cc0:	00042a03          	lw	s4,0(s0)
   12cc4:	00000593          	li	a1,0
   12cc8:	00090513          	mv	a0,s2
   12ccc:	01440a33          	add	s4,s0,s4
   12cd0:	00001097          	auipc	ra,0x1
   12cd4:	620080e7          	jalr	1568(ra) # 142f0 <_sbrk_r>
   12cd8:	0eaa1a63          	bne	s4,a0,12dcc <_malloc_r+0x1c0>
   12cdc:	00042783          	lw	a5,0(s0)
   12ce0:	00090513          	mv	a0,s2
   12ce4:	40f484b3          	sub	s1,s1,a5
   12ce8:	00048593          	mv	a1,s1
   12cec:	00000097          	auipc	ra,0x0
   12cf0:	e88080e7          	jalr	-376(ra) # 12b74 <sbrk_aligned>
   12cf4:	fff00793          	li	a5,-1
   12cf8:	0cf50a63          	beq	a0,a5,12dcc <_malloc_r+0x1c0>
   12cfc:	00042783          	lw	a5,0(s0)
   12d00:	009787b3          	add	a5,a5,s1
   12d04:	00f42023          	sw	a5,0(s0)
   12d08:	0009a783          	lw	a5,0(s3)
   12d0c:	0047a703          	lw	a4,4(a5)
   12d10:	0a071463          	bnez	a4,12db8 <_malloc_r+0x1ac>
   12d14:	0000e797          	auipc	a5,0xe
   12d18:	d007aa23          	sw	zero,-748(a5) # 20a28 <__malloc_free_list>
   12d1c:	0340006f          	j	12d50 <_malloc_r+0x144>
   12d20:	00042683          	lw	a3,0(s0)
   12d24:	409686b3          	sub	a3,a3,s1
   12d28:	0606cc63          	bltz	a3,12da0 <_malloc_r+0x194>
   12d2c:	00b00713          	li	a4,11
   12d30:	04d77c63          	bgeu	a4,a3,12d88 <_malloc_r+0x17c>
   12d34:	00942023          	sw	s1,0(s0)
   12d38:	00940733          	add	a4,s0,s1
   12d3c:	04879263          	bne	a5,s0,12d80 <_malloc_r+0x174>
   12d40:	00e9a023          	sw	a4,0(s3)
   12d44:	00442783          	lw	a5,4(s0)
   12d48:	00d72023          	sw	a3,0(a4)
   12d4c:	00f72223          	sw	a5,4(a4)
   12d50:	00090513          	mv	a0,s2
   12d54:	00000097          	auipc	ra,0x0
   12d58:	0a8080e7          	jalr	168(ra) # 12dfc <__malloc_unlock>
   12d5c:	00b40513          	addi	a0,s0,11
   12d60:	00440793          	addi	a5,s0,4
   12d64:	ff857513          	andi	a0,a0,-8
   12d68:	40f50733          	sub	a4,a0,a5
   12d6c:	eef504e3          	beq	a0,a5,12c54 <_malloc_r+0x48>
   12d70:	00e40433          	add	s0,s0,a4
   12d74:	40a787b3          	sub	a5,a5,a0
   12d78:	00f42023          	sw	a5,0(s0)
   12d7c:	ed9ff06f          	j	12c54 <_malloc_r+0x48>
   12d80:	00e7a223          	sw	a4,4(a5)
   12d84:	fc1ff06f          	j	12d44 <_malloc_r+0x138>
   12d88:	00442703          	lw	a4,4(s0)
   12d8c:	00879663          	bne	a5,s0,12d98 <_malloc_r+0x18c>
   12d90:	00e9a023          	sw	a4,0(s3)
   12d94:	fbdff06f          	j	12d50 <_malloc_r+0x144>
   12d98:	00e7a223          	sw	a4,4(a5)
   12d9c:	fb5ff06f          	j	12d50 <_malloc_r+0x144>
   12da0:	00040793          	mv	a5,s0
   12da4:	00442403          	lw	s0,4(s0)
   12da8:	ee9ff06f          	j	12c90 <_malloc_r+0x84>
   12dac:	00078413          	mv	s0,a5
   12db0:	0047a783          	lw	a5,4(a5)
   12db4:	f05ff06f          	j	12cb8 <_malloc_r+0xac>
   12db8:	00078713          	mv	a4,a5
   12dbc:	0047a783          	lw	a5,4(a5)
   12dc0:	fe879ce3          	bne	a5,s0,12db8 <_malloc_r+0x1ac>
   12dc4:	00072223          	sw	zero,4(a4)
   12dc8:	f89ff06f          	j	12d50 <_malloc_r+0x144>
   12dcc:	00c00793          	li	a5,12
   12dd0:	00f92023          	sw	a5,0(s2)
   12dd4:	00090513          	mv	a0,s2
   12dd8:	00000097          	auipc	ra,0x0
   12ddc:	024080e7          	jalr	36(ra) # 12dfc <__malloc_unlock>
   12de0:	e71ff06f          	j	12c50 <_malloc_r+0x44>
   12de4:	00952023          	sw	s1,0(a0)
   12de8:	f69ff06f          	j	12d50 <_malloc_r+0x144>

00012dec <__malloc_lock>:
   12dec:	0000e517          	auipc	a0,0xe
   12df0:	c3050513          	addi	a0,a0,-976 # 20a1c <__lock___malloc_recursive_mutex>
   12df4:	00000317          	auipc	t1,0x0
   12df8:	c7030067          	jr	-912(t1) # 12a64 <__retarget_lock_acquire_recursive>

00012dfc <__malloc_unlock>:
   12dfc:	0000e517          	auipc	a0,0xe
   12e00:	c2050513          	addi	a0,a0,-992 # 20a1c <__lock___malloc_recursive_mutex>
   12e04:	00000317          	auipc	t1,0x0
   12e08:	c6430067          	jr	-924(t1) # 12a68 <__retarget_lock_release_recursive>

00012e0c <__sfputc_r>:
   12e0c:	00862783          	lw	a5,8(a2)
   12e10:	fff78793          	addi	a5,a5,-1
   12e14:	00f62423          	sw	a5,8(a2)
   12e18:	0007de63          	bgez	a5,12e34 <__sfputc_r+0x28>
   12e1c:	01862703          	lw	a4,24(a2)
   12e20:	00e7c663          	blt	a5,a4,12e2c <__sfputc_r+0x20>
   12e24:	ff658793          	addi	a5,a1,-10
   12e28:	00079663          	bnez	a5,12e34 <__sfputc_r+0x28>
   12e2c:	00000317          	auipc	t1,0x0
   12e30:	a0030067          	jr	-1536(t1) # 1282c <__swbuf_r>
   12e34:	00062783          	lw	a5,0(a2)
   12e38:	00058513          	mv	a0,a1
   12e3c:	00178713          	addi	a4,a5,1
   12e40:	00e62023          	sw	a4,0(a2)
   12e44:	00b78023          	sb	a1,0(a5)
   12e48:	00008067          	ret

00012e4c <__sfputs_r>:
   12e4c:	fe010113          	addi	sp,sp,-32
   12e50:	00812c23          	sw	s0,24(sp)
   12e54:	00912a23          	sw	s1,20(sp)
   12e58:	01212823          	sw	s2,16(sp)
   12e5c:	01312623          	sw	s3,12(sp)
   12e60:	01412423          	sw	s4,8(sp)
   12e64:	00112e23          	sw	ra,28(sp)
   12e68:	00050993          	mv	s3,a0
   12e6c:	00058a13          	mv	s4,a1
   12e70:	00060413          	mv	s0,a2
   12e74:	00d604b3          	add	s1,a2,a3
   12e78:	fff00913          	li	s2,-1
   12e7c:	00941663          	bne	s0,s1,12e88 <__sfputs_r+0x3c>
   12e80:	00000513          	li	a0,0
   12e84:	0200006f          	j	12ea4 <__sfputs_r+0x58>
   12e88:	00044583          	lbu	a1,0(s0)
   12e8c:	000a0613          	mv	a2,s4
   12e90:	00098513          	mv	a0,s3
   12e94:	00000097          	auipc	ra,0x0
   12e98:	f78080e7          	jalr	-136(ra) # 12e0c <__sfputc_r>
   12e9c:	00140413          	addi	s0,s0,1
   12ea0:	fd251ee3          	bne	a0,s2,12e7c <__sfputs_r+0x30>
   12ea4:	01c12083          	lw	ra,28(sp)
   12ea8:	01812403          	lw	s0,24(sp)
   12eac:	01412483          	lw	s1,20(sp)
   12eb0:	01012903          	lw	s2,16(sp)
   12eb4:	00c12983          	lw	s3,12(sp)
   12eb8:	00812a03          	lw	s4,8(sp)
   12ebc:	02010113          	addi	sp,sp,32
   12ec0:	00008067          	ret

00012ec4 <_vfiprintf_r>:
   12ec4:	f5010113          	addi	sp,sp,-176
   12ec8:	0a812423          	sw	s0,168(sp)
   12ecc:	0a912223          	sw	s1,164(sp)
   12ed0:	09312e23          	sw	s3,156(sp)
   12ed4:	09412c23          	sw	s4,152(sp)
   12ed8:	0a112623          	sw	ra,172(sp)
   12edc:	0b212023          	sw	s2,160(sp)
   12ee0:	09512a23          	sw	s5,148(sp)
   12ee4:	09612823          	sw	s6,144(sp)
   12ee8:	09712623          	sw	s7,140(sp)
   12eec:	09812423          	sw	s8,136(sp)
   12ef0:	09912223          	sw	s9,132(sp)
   12ef4:	00050993          	mv	s3,a0
   12ef8:	00058493          	mv	s1,a1
   12efc:	00060413          	mv	s0,a2
   12f00:	00068a13          	mv	s4,a3
   12f04:	00050a63          	beqz	a0,12f18 <_vfiprintf_r+0x54>
   12f08:	02052783          	lw	a5,32(a0)
   12f0c:	00079663          	bnez	a5,12f18 <_vfiprintf_r+0x54>
   12f10:	00001097          	auipc	ra,0x1
   12f14:	d94080e7          	jalr	-620(ra) # 13ca4 <__sinit>
   12f18:	0644a783          	lw	a5,100(s1)
   12f1c:	0017f793          	andi	a5,a5,1
   12f20:	00079e63          	bnez	a5,12f3c <_vfiprintf_r+0x78>
   12f24:	00c4d783          	lhu	a5,12(s1)
   12f28:	2007f793          	andi	a5,a5,512
   12f2c:	00079863          	bnez	a5,12f3c <_vfiprintf_r+0x78>
   12f30:	0584a503          	lw	a0,88(s1)
   12f34:	00000097          	auipc	ra,0x0
   12f38:	b30080e7          	jalr	-1232(ra) # 12a64 <__retarget_lock_acquire_recursive>
   12f3c:	00c4d783          	lhu	a5,12(s1)
   12f40:	0087f793          	andi	a5,a5,8
   12f44:	00078663          	beqz	a5,12f50 <_vfiprintf_r+0x8c>
   12f48:	0104a783          	lw	a5,16(s1)
   12f4c:	06079c63          	bnez	a5,12fc4 <_vfiprintf_r+0x100>
   12f50:	00048593          	mv	a1,s1
   12f54:	00098513          	mv	a0,s3
   12f58:	00000097          	auipc	ra,0x0
   12f5c:	9e0080e7          	jalr	-1568(ra) # 12938 <__swsetup_r>
   12f60:	06050263          	beqz	a0,12fc4 <_vfiprintf_r+0x100>
   12f64:	0644a783          	lw	a5,100(s1)
   12f68:	0017f793          	andi	a5,a5,1
   12f6c:	02078e63          	beqz	a5,12fa8 <_vfiprintf_r+0xe4>
   12f70:	fff00513          	li	a0,-1
   12f74:	0ac12083          	lw	ra,172(sp)
   12f78:	0a812403          	lw	s0,168(sp)
   12f7c:	0a412483          	lw	s1,164(sp)
   12f80:	0a012903          	lw	s2,160(sp)
   12f84:	09c12983          	lw	s3,156(sp)
   12f88:	09812a03          	lw	s4,152(sp)
   12f8c:	09412a83          	lw	s5,148(sp)
   12f90:	09012b03          	lw	s6,144(sp)
   12f94:	08c12b83          	lw	s7,140(sp)
   12f98:	08812c03          	lw	s8,136(sp)
   12f9c:	08412c83          	lw	s9,132(sp)
   12fa0:	0b010113          	addi	sp,sp,176
   12fa4:	00008067          	ret
   12fa8:	00c4d783          	lhu	a5,12(s1)
   12fac:	2007f793          	andi	a5,a5,512
   12fb0:	fc0790e3          	bnez	a5,12f70 <_vfiprintf_r+0xac>
   12fb4:	0584a503          	lw	a0,88(s1)
   12fb8:	00000097          	auipc	ra,0x0
   12fbc:	ab0080e7          	jalr	-1360(ra) # 12a68 <__retarget_lock_release_recursive>
   12fc0:	fb1ff06f          	j	12f70 <_vfiprintf_r+0xac>
   12fc4:	02000793          	li	a5,32
   12fc8:	02f10ca3          	sb	a5,57(sp)
   12fcc:	03000793          	li	a5,48
   12fd0:	01412e23          	sw	s4,28(sp)
   12fd4:	02012a23          	sw	zero,52(sp)
   12fd8:	02f10d23          	sb	a5,58(sp)
   12fdc:	fff00a13          	li	s4,-1
   12fe0:	0000eb17          	auipc	s6,0xe
   12fe4:	8a4b0b13          	addi	s6,s6,-1884 # 20884 <__global_pointer$+0x1c>
   12fe8:	00100b93          	li	s7,1
   12fec:	00a00a93          	li	s5,10
   12ff0:	00040c13          	mv	s8,s0
   12ff4:	000c4783          	lbu	a5,0(s8)
   12ff8:	00f03cb3          	snez	s9,a5
   12ffc:	fdb78793          	addi	a5,a5,-37
   13000:	00f037b3          	snez	a5,a5
   13004:	00fcfcb3          	and	s9,s9,a5
   13008:	0c0c9863          	bnez	s9,130d8 <_vfiprintf_r+0x214>
   1300c:	408c06b3          	sub	a3,s8,s0
   13010:	028c0863          	beq	s8,s0,13040 <_vfiprintf_r+0x17c>
   13014:	00040613          	mv	a2,s0
   13018:	00048593          	mv	a1,s1
   1301c:	00098513          	mv	a0,s3
   13020:	00d12623          	sw	a3,12(sp)
   13024:	00000097          	auipc	ra,0x0
   13028:	e28080e7          	jalr	-472(ra) # 12e4c <__sfputs_r>
   1302c:	25450863          	beq	a0,s4,1327c <_vfiprintf_r+0x3b8>
   13030:	03412783          	lw	a5,52(sp)
   13034:	00c12683          	lw	a3,12(sp)
   13038:	00d787b3          	add	a5,a5,a3
   1303c:	02f12a23          	sw	a5,52(sp)
   13040:	000c4783          	lbu	a5,0(s8)
   13044:	22078c63          	beqz	a5,1327c <_vfiprintf_r+0x3b8>
   13048:	001c0413          	addi	s0,s8,1
   1304c:	02012023          	sw	zero,32(sp)
   13050:	02012623          	sw	zero,44(sp)
   13054:	03412223          	sw	s4,36(sp)
   13058:	02012423          	sw	zero,40(sp)
   1305c:	060101a3          	sb	zero,99(sp)
   13060:	06012c23          	sw	zero,120(sp)
   13064:	00044583          	lbu	a1,0(s0)
   13068:	00500613          	li	a2,5
   1306c:	0000e517          	auipc	a0,0xe
   13070:	81850513          	addi	a0,a0,-2024 # 20884 <__global_pointer$+0x1c>
   13074:	00001097          	auipc	ra,0x1
   13078:	0c8080e7          	jalr	200(ra) # 1413c <memchr>
   1307c:	02012783          	lw	a5,32(sp)
   13080:	00140693          	addi	a3,s0,1
   13084:	04051e63          	bnez	a0,130e0 <_vfiprintf_r+0x21c>
   13088:	0107f713          	andi	a4,a5,16
   1308c:	00070663          	beqz	a4,13098 <_vfiprintf_r+0x1d4>
   13090:	02000713          	li	a4,32
   13094:	06e101a3          	sb	a4,99(sp)
   13098:	0087f713          	andi	a4,a5,8
   1309c:	00070663          	beqz	a4,130a8 <_vfiprintf_r+0x1e4>
   130a0:	02b00713          	li	a4,43
   130a4:	06e101a3          	sb	a4,99(sp)
   130a8:	00044603          	lbu	a2,0(s0)
   130ac:	02a00713          	li	a4,42
   130b0:	04e60463          	beq	a2,a4,130f8 <_vfiprintf_r+0x234>
   130b4:	02c12783          	lw	a5,44(sp)
   130b8:	00000693          	li	a3,0
   130bc:	00900613          	li	a2,9
   130c0:	00044703          	lbu	a4,0(s0)
   130c4:	fd070713          	addi	a4,a4,-48
   130c8:	08e67e63          	bgeu	a2,a4,13164 <_vfiprintf_r+0x2a0>
   130cc:	04068463          	beqz	a3,13114 <_vfiprintf_r+0x250>
   130d0:	02f12623          	sw	a5,44(sp)
   130d4:	0400006f          	j	13114 <_vfiprintf_r+0x250>
   130d8:	001c0c13          	addi	s8,s8,1
   130dc:	f19ff06f          	j	12ff4 <_vfiprintf_r+0x130>
   130e0:	41650533          	sub	a0,a0,s6
   130e4:	00ab9533          	sll	a0,s7,a0
   130e8:	00f56533          	or	a0,a0,a5
   130ec:	02a12023          	sw	a0,32(sp)
   130f0:	00068413          	mv	s0,a3
   130f4:	f71ff06f          	j	13064 <_vfiprintf_r+0x1a0>
   130f8:	01c12703          	lw	a4,28(sp)
   130fc:	00470613          	addi	a2,a4,4
   13100:	00072703          	lw	a4,0(a4)
   13104:	00c12e23          	sw	a2,28(sp)
   13108:	04074463          	bltz	a4,13150 <_vfiprintf_r+0x28c>
   1310c:	02e12623          	sw	a4,44(sp)
   13110:	00068413          	mv	s0,a3
   13114:	00044703          	lbu	a4,0(s0)
   13118:	02e00793          	li	a5,46
   1311c:	06f71e63          	bne	a4,a5,13198 <_vfiprintf_r+0x2d4>
   13120:	00144703          	lbu	a4,1(s0)
   13124:	02a00793          	li	a5,42
   13128:	04f71863          	bne	a4,a5,13178 <_vfiprintf_r+0x2b4>
   1312c:	01c12783          	lw	a5,28(sp)
   13130:	00240413          	addi	s0,s0,2
   13134:	00478713          	addi	a4,a5,4
   13138:	0007a783          	lw	a5,0(a5)
   1313c:	00e12e23          	sw	a4,28(sp)
   13140:	0007d463          	bgez	a5,13148 <_vfiprintf_r+0x284>
   13144:	fff00793          	li	a5,-1
   13148:	02f12223          	sw	a5,36(sp)
   1314c:	04c0006f          	j	13198 <_vfiprintf_r+0x2d4>
   13150:	40e00733          	neg	a4,a4
   13154:	0027e793          	ori	a5,a5,2
   13158:	02e12623          	sw	a4,44(sp)
   1315c:	02f12023          	sw	a5,32(sp)
   13160:	fb1ff06f          	j	13110 <_vfiprintf_r+0x24c>
   13164:	035787b3          	mul	a5,a5,s5
   13168:	00140413          	addi	s0,s0,1
   1316c:	00100693          	li	a3,1
   13170:	00e787b3          	add	a5,a5,a4
   13174:	f4dff06f          	j	130c0 <_vfiprintf_r+0x1fc>
   13178:	00140413          	addi	s0,s0,1
   1317c:	02012223          	sw	zero,36(sp)
   13180:	00000793          	li	a5,0
   13184:	00900693          	li	a3,9
   13188:	00044703          	lbu	a4,0(s0)
   1318c:	fd070713          	addi	a4,a4,-48
   13190:	0ae6f063          	bgeu	a3,a4,13230 <_vfiprintf_r+0x36c>
   13194:	fa0c9ae3          	bnez	s9,13148 <_vfiprintf_r+0x284>
   13198:	00044583          	lbu	a1,0(s0)
   1319c:	00300613          	li	a2,3
   131a0:	0000d517          	auipc	a0,0xd
   131a4:	6ec50513          	addi	a0,a0,1772 # 2088c <__global_pointer$+0x24>
   131a8:	00001097          	auipc	ra,0x1
   131ac:	f94080e7          	jalr	-108(ra) # 1413c <memchr>
   131b0:	02050463          	beqz	a0,131d8 <_vfiprintf_r+0x314>
   131b4:	0000d797          	auipc	a5,0xd
   131b8:	6d878793          	addi	a5,a5,1752 # 2088c <__global_pointer$+0x24>
   131bc:	40f50533          	sub	a0,a0,a5
   131c0:	02012783          	lw	a5,32(sp)
   131c4:	04000713          	li	a4,64
   131c8:	00a71733          	sll	a4,a4,a0
   131cc:	00e7e7b3          	or	a5,a5,a4
   131d0:	00140413          	addi	s0,s0,1
   131d4:	02f12023          	sw	a5,32(sp)
   131d8:	00044583          	lbu	a1,0(s0)
   131dc:	00600613          	li	a2,6
   131e0:	0000d517          	auipc	a0,0xd
   131e4:	6b050513          	addi	a0,a0,1712 # 20890 <__global_pointer$+0x28>
   131e8:	02b10c23          	sb	a1,56(sp)
   131ec:	00001097          	auipc	ra,0x1
   131f0:	f50080e7          	jalr	-176(ra) # 1413c <memchr>
   131f4:	0c050063          	beqz	a0,132b4 <_vfiprintf_r+0x3f0>
   131f8:	fffed797          	auipc	a5,0xfffed
   131fc:	e0878793          	addi	a5,a5,-504 # 0 <__STACK_SIZE-0x1000>
   13200:	04079a63          	bnez	a5,13254 <_vfiprintf_r+0x390>
   13204:	02012703          	lw	a4,32(sp)
   13208:	01c12783          	lw	a5,28(sp)
   1320c:	10077713          	andi	a4,a4,256
   13210:	02070a63          	beqz	a4,13244 <_vfiprintf_r+0x380>
   13214:	00478793          	addi	a5,a5,4
   13218:	00f12e23          	sw	a5,28(sp)
   1321c:	03412783          	lw	a5,52(sp)
   13220:	00140413          	addi	s0,s0,1
   13224:	012787b3          	add	a5,a5,s2
   13228:	02f12a23          	sw	a5,52(sp)
   1322c:	dc5ff06f          	j	12ff0 <_vfiprintf_r+0x12c>
   13230:	035787b3          	mul	a5,a5,s5
   13234:	00140413          	addi	s0,s0,1
   13238:	00100c93          	li	s9,1
   1323c:	00e787b3          	add	a5,a5,a4
   13240:	f49ff06f          	j	13188 <_vfiprintf_r+0x2c4>
   13244:	00778793          	addi	a5,a5,7
   13248:	ff87f793          	andi	a5,a5,-8
   1324c:	00878793          	addi	a5,a5,8
   13250:	fc9ff06f          	j	13218 <_vfiprintf_r+0x354>
   13254:	01c10713          	addi	a4,sp,28
   13258:	00000697          	auipc	a3,0x0
   1325c:	bf468693          	addi	a3,a3,-1036 # 12e4c <__sfputs_r>
   13260:	00048613          	mv	a2,s1
   13264:	02010593          	addi	a1,sp,32
   13268:	00098513          	mv	a0,s3
   1326c:	00000097          	auipc	ra,0x0
   13270:	000000e7          	jalr	zero # 0 <__STACK_SIZE-0x1000>
   13274:	00050913          	mv	s2,a0
   13278:	fb4512e3          	bne	a0,s4,1321c <_vfiprintf_r+0x358>
   1327c:	0644a783          	lw	a5,100(s1)
   13280:	0017f793          	andi	a5,a5,1
   13284:	00079e63          	bnez	a5,132a0 <_vfiprintf_r+0x3dc>
   13288:	00c4d783          	lhu	a5,12(s1)
   1328c:	2007f793          	andi	a5,a5,512
   13290:	00079863          	bnez	a5,132a0 <_vfiprintf_r+0x3dc>
   13294:	0584a503          	lw	a0,88(s1)
   13298:	fffff097          	auipc	ra,0xfffff
   1329c:	7d0080e7          	jalr	2000(ra) # 12a68 <__retarget_lock_release_recursive>
   132a0:	00c4d783          	lhu	a5,12(s1)
   132a4:	0407f793          	andi	a5,a5,64
   132a8:	cc0794e3          	bnez	a5,12f70 <_vfiprintf_r+0xac>
   132ac:	03412503          	lw	a0,52(sp)
   132b0:	cc5ff06f          	j	12f74 <_vfiprintf_r+0xb0>
   132b4:	01c10713          	addi	a4,sp,28
   132b8:	00000697          	auipc	a3,0x0
   132bc:	b9468693          	addi	a3,a3,-1132 # 12e4c <__sfputs_r>
   132c0:	00048613          	mv	a2,s1
   132c4:	02010593          	addi	a1,sp,32
   132c8:	00098513          	mv	a0,s3
   132cc:	00000097          	auipc	ra,0x0
   132d0:	1c0080e7          	jalr	448(ra) # 1348c <_printf_i>
   132d4:	fa1ff06f          	j	13274 <_vfiprintf_r+0x3b0>

000132d8 <_printf_common>:
   132d8:	fd010113          	addi	sp,sp,-48
   132dc:	01312e23          	sw	s3,28(sp)
   132e0:	0105a783          	lw	a5,16(a1)
   132e4:	00070993          	mv	s3,a4
   132e8:	0085a703          	lw	a4,8(a1)
   132ec:	02812423          	sw	s0,40(sp)
   132f0:	03212023          	sw	s2,32(sp)
   132f4:	01612823          	sw	s6,16(sp)
   132f8:	01712623          	sw	s7,12(sp)
   132fc:	02112623          	sw	ra,44(sp)
   13300:	02912223          	sw	s1,36(sp)
   13304:	01412c23          	sw	s4,24(sp)
   13308:	01512a23          	sw	s5,20(sp)
   1330c:	00050b13          	mv	s6,a0
   13310:	00058413          	mv	s0,a1
   13314:	00060913          	mv	s2,a2
   13318:	00068b93          	mv	s7,a3
   1331c:	00e7d463          	bge	a5,a4,13324 <_printf_common+0x4c>
   13320:	00070793          	mv	a5,a4
   13324:	00f92023          	sw	a5,0(s2)
   13328:	04344703          	lbu	a4,67(s0)
   1332c:	00070663          	beqz	a4,13338 <_printf_common+0x60>
   13330:	00178793          	addi	a5,a5,1
   13334:	00f92023          	sw	a5,0(s2)
   13338:	00042783          	lw	a5,0(s0)
   1333c:	0207f793          	andi	a5,a5,32
   13340:	00078863          	beqz	a5,13350 <_printf_common+0x78>
   13344:	00092783          	lw	a5,0(s2)
   13348:	00278793          	addi	a5,a5,2
   1334c:	00f92023          	sw	a5,0(s2)
   13350:	00042483          	lw	s1,0(s0)
   13354:	0064f493          	andi	s1,s1,6
   13358:	00049e63          	bnez	s1,13374 <_printf_common+0x9c>
   1335c:	01940a13          	addi	s4,s0,25
   13360:	fff00a93          	li	s5,-1
   13364:	00c42783          	lw	a5,12(s0)
   13368:	00092703          	lw	a4,0(s2)
   1336c:	40e787b3          	sub	a5,a5,a4
   13370:	08f4c463          	blt	s1,a5,133f8 <_printf_common+0x120>
   13374:	00042783          	lw	a5,0(s0)
   13378:	04344683          	lbu	a3,67(s0)
   1337c:	0207f793          	andi	a5,a5,32
   13380:	00d036b3          	snez	a3,a3
   13384:	0c079263          	bnez	a5,13448 <_printf_common+0x170>
   13388:	04340613          	addi	a2,s0,67
   1338c:	000b8593          	mv	a1,s7
   13390:	000b0513          	mv	a0,s6
   13394:	000980e7          	jalr	s3
   13398:	fff00793          	li	a5,-1
   1339c:	06f50a63          	beq	a0,a5,13410 <_printf_common+0x138>
   133a0:	00042783          	lw	a5,0(s0)
   133a4:	00400713          	li	a4,4
   133a8:	00000493          	li	s1,0
   133ac:	0067f793          	andi	a5,a5,6
   133b0:	00e79e63          	bne	a5,a4,133cc <_printf_common+0xf4>
   133b4:	00092783          	lw	a5,0(s2)
   133b8:	00c42483          	lw	s1,12(s0)
   133bc:	40f484b3          	sub	s1,s1,a5
   133c0:	fff4c793          	not	a5,s1
   133c4:	41f7d793          	srai	a5,a5,0x1f
   133c8:	00f4f4b3          	and	s1,s1,a5
   133cc:	00842783          	lw	a5,8(s0)
   133d0:	01042703          	lw	a4,16(s0)
   133d4:	00f75663          	bge	a4,a5,133e0 <_printf_common+0x108>
   133d8:	40e787b3          	sub	a5,a5,a4
   133dc:	00f484b3          	add	s1,s1,a5
   133e0:	00000913          	li	s2,0
   133e4:	01a40413          	addi	s0,s0,26
   133e8:	fff00a13          	li	s4,-1
   133ec:	09249063          	bne	s1,s2,1346c <_printf_common+0x194>
   133f0:	00000513          	li	a0,0
   133f4:	0200006f          	j	13414 <_printf_common+0x13c>
   133f8:	00100693          	li	a3,1
   133fc:	000a0613          	mv	a2,s4
   13400:	000b8593          	mv	a1,s7
   13404:	000b0513          	mv	a0,s6
   13408:	000980e7          	jalr	s3
   1340c:	03551a63          	bne	a0,s5,13440 <_printf_common+0x168>
   13410:	fff00513          	li	a0,-1
   13414:	02c12083          	lw	ra,44(sp)
   13418:	02812403          	lw	s0,40(sp)
   1341c:	02412483          	lw	s1,36(sp)
   13420:	02012903          	lw	s2,32(sp)
   13424:	01c12983          	lw	s3,28(sp)
   13428:	01812a03          	lw	s4,24(sp)
   1342c:	01412a83          	lw	s5,20(sp)
   13430:	01012b03          	lw	s6,16(sp)
   13434:	00c12b83          	lw	s7,12(sp)
   13438:	03010113          	addi	sp,sp,48
   1343c:	00008067          	ret
   13440:	00148493          	addi	s1,s1,1
   13444:	f21ff06f          	j	13364 <_printf_common+0x8c>
   13448:	00d40733          	add	a4,s0,a3
   1344c:	03000613          	li	a2,48
   13450:	04c701a3          	sb	a2,67(a4)
   13454:	04544703          	lbu	a4,69(s0)
   13458:	00168793          	addi	a5,a3,1
   1345c:	00f407b3          	add	a5,s0,a5
   13460:	00268693          	addi	a3,a3,2
   13464:	04e781a3          	sb	a4,67(a5)
   13468:	f21ff06f          	j	13388 <_printf_common+0xb0>
   1346c:	00100693          	li	a3,1
   13470:	00040613          	mv	a2,s0
   13474:	000b8593          	mv	a1,s7
   13478:	000b0513          	mv	a0,s6
   1347c:	000980e7          	jalr	s3
   13480:	f94508e3          	beq	a0,s4,13410 <_printf_common+0x138>
   13484:	00190913          	addi	s2,s2,1
   13488:	f65ff06f          	j	133ec <_printf_common+0x114>

0001348c <_printf_i>:
   1348c:	fc010113          	addi	sp,sp,-64
   13490:	02812c23          	sw	s0,56(sp)
   13494:	02912a23          	sw	s1,52(sp)
   13498:	03412423          	sw	s4,40(sp)
   1349c:	03512223          	sw	s5,36(sp)
   134a0:	02112e23          	sw	ra,60(sp)
   134a4:	03212823          	sw	s2,48(sp)
   134a8:	03312623          	sw	s3,44(sp)
   134ac:	0185c783          	lbu	a5,24(a1)
   134b0:	00068493          	mv	s1,a3
   134b4:	07800693          	li	a3,120
   134b8:	00050a13          	mv	s4,a0
   134bc:	00058413          	mv	s0,a1
   134c0:	00060a93          	mv	s5,a2
   134c4:	02f6e263          	bltu	a3,a5,134e8 <_printf_i+0x5c>
   134c8:	06200693          	li	a3,98
   134cc:	04358613          	addi	a2,a1,67
   134d0:	02f6e063          	bltu	a3,a5,134f0 <_printf_i+0x64>
   134d4:	28078863          	beqz	a5,13764 <_printf_i+0x2d8>
   134d8:	05800593          	li	a1,88
   134dc:	0000d697          	auipc	a3,0xd
   134e0:	3bc68693          	addi	a3,a3,956 # 20898 <__global_pointer$+0x30>
   134e4:	1cb78c63          	beq	a5,a1,136bc <_printf_i+0x230>
   134e8:	04240913          	addi	s2,s0,66
   134ec:	0440006f          	j	13530 <_printf_i+0xa4>
   134f0:	f9d78693          	addi	a3,a5,-99
   134f4:	0ff6f693          	zext.b	a3,a3
   134f8:	01500593          	li	a1,21
   134fc:	fed5e6e3          	bltu	a1,a3,134e8 <_printf_i+0x5c>
   13500:	0000d597          	auipc	a1,0xd
   13504:	3c058593          	addi	a1,a1,960 # 208c0 <__global_pointer$+0x58>
   13508:	00269693          	slli	a3,a3,0x2
   1350c:	00b686b3          	add	a3,a3,a1
   13510:	0006a683          	lw	a3,0(a3)
   13514:	00b686b3          	add	a3,a3,a1
   13518:	00068067          	jr	a3
   1351c:	00072783          	lw	a5,0(a4)
   13520:	04240913          	addi	s2,s0,66
   13524:	00478693          	addi	a3,a5,4
   13528:	0007a783          	lw	a5,0(a5)
   1352c:	00d72023          	sw	a3,0(a4)
   13530:	04f40123          	sb	a5,66(s0)
   13534:	00100793          	li	a5,1
   13538:	26c0006f          	j	137a4 <_printf_i+0x318>
   1353c:	00042783          	lw	a5,0(s0)
   13540:	00072503          	lw	a0,0(a4)
   13544:	0807f693          	andi	a3,a5,128
   13548:	00450593          	addi	a1,a0,4
   1354c:	02068663          	beqz	a3,13578 <_printf_i+0xec>
   13550:	00052783          	lw	a5,0(a0)
   13554:	00b72023          	sw	a1,0(a4)
   13558:	0007d863          	bgez	a5,13568 <_printf_i+0xdc>
   1355c:	02d00713          	li	a4,45
   13560:	40f007b3          	neg	a5,a5
   13564:	04e401a3          	sb	a4,67(s0)
   13568:	0000d697          	auipc	a3,0xd
   1356c:	33068693          	addi	a3,a3,816 # 20898 <__global_pointer$+0x30>
   13570:	00a00713          	li	a4,10
   13574:	0680006f          	j	135dc <_printf_i+0x150>
   13578:	0407f693          	andi	a3,a5,64
   1357c:	00052783          	lw	a5,0(a0)
   13580:	00b72023          	sw	a1,0(a4)
   13584:	fc068ae3          	beqz	a3,13558 <_printf_i+0xcc>
   13588:	01079793          	slli	a5,a5,0x10
   1358c:	4107d793          	srai	a5,a5,0x10
   13590:	fc9ff06f          	j	13558 <_printf_i+0xcc>
   13594:	00042583          	lw	a1,0(s0)
   13598:	00072683          	lw	a3,0(a4)
   1359c:	0805f513          	andi	a0,a1,128
   135a0:	0006a783          	lw	a5,0(a3)
   135a4:	00468693          	addi	a3,a3,4
   135a8:	00051a63          	bnez	a0,135bc <_printf_i+0x130>
   135ac:	0405f593          	andi	a1,a1,64
   135b0:	00058663          	beqz	a1,135bc <_printf_i+0x130>
   135b4:	01079793          	slli	a5,a5,0x10
   135b8:	0107d793          	srli	a5,a5,0x10
   135bc:	00d72023          	sw	a3,0(a4)
   135c0:	01844683          	lbu	a3,24(s0)
   135c4:	06f00713          	li	a4,111
   135c8:	14e69863          	bne	a3,a4,13718 <_printf_i+0x28c>
   135cc:	0000d697          	auipc	a3,0xd
   135d0:	2cc68693          	addi	a3,a3,716 # 20898 <__global_pointer$+0x30>
   135d4:	00800713          	li	a4,8
   135d8:	040401a3          	sb	zero,67(s0)
   135dc:	00442583          	lw	a1,4(s0)
   135e0:	00b42423          	sw	a1,8(s0)
   135e4:	0005ce63          	bltz	a1,13600 <_printf_i+0x174>
   135e8:	00042503          	lw	a0,0(s0)
   135ec:	00b7e5b3          	or	a1,a5,a1
   135f0:	00060913          	mv	s2,a2
   135f4:	ffb57513          	andi	a0,a0,-5
   135f8:	00a42023          	sw	a0,0(s0)
   135fc:	02058463          	beqz	a1,13624 <_printf_i+0x198>
   13600:	00060913          	mv	s2,a2
   13604:	02e7f5b3          	remu	a1,a5,a4
   13608:	fff90913          	addi	s2,s2,-1
   1360c:	00b685b3          	add	a1,a3,a1
   13610:	0005c583          	lbu	a1,0(a1)
   13614:	00b90023          	sb	a1,0(s2)
   13618:	00078593          	mv	a1,a5
   1361c:	02e7d7b3          	divu	a5,a5,a4
   13620:	fee5f2e3          	bgeu	a1,a4,13604 <_printf_i+0x178>
   13624:	00800793          	li	a5,8
   13628:	02f71463          	bne	a4,a5,13650 <_printf_i+0x1c4>
   1362c:	00042783          	lw	a5,0(s0)
   13630:	0017f793          	andi	a5,a5,1
   13634:	00078e63          	beqz	a5,13650 <_printf_i+0x1c4>
   13638:	00442703          	lw	a4,4(s0)
   1363c:	01042783          	lw	a5,16(s0)
   13640:	00e7c863          	blt	a5,a4,13650 <_printf_i+0x1c4>
   13644:	03000793          	li	a5,48
   13648:	fef90fa3          	sb	a5,-1(s2)
   1364c:	fff90913          	addi	s2,s2,-1
   13650:	41260633          	sub	a2,a2,s2
   13654:	00c42823          	sw	a2,16(s0)
   13658:	00048713          	mv	a4,s1
   1365c:	000a8693          	mv	a3,s5
   13660:	01c10613          	addi	a2,sp,28
   13664:	00040593          	mv	a1,s0
   13668:	000a0513          	mv	a0,s4
   1366c:	00000097          	auipc	ra,0x0
   13670:	c6c080e7          	jalr	-916(ra) # 132d8 <_printf_common>
   13674:	fff00993          	li	s3,-1
   13678:	13351c63          	bne	a0,s3,137b0 <_printf_i+0x324>
   1367c:	fff00513          	li	a0,-1
   13680:	03c12083          	lw	ra,60(sp)
   13684:	03812403          	lw	s0,56(sp)
   13688:	03412483          	lw	s1,52(sp)
   1368c:	03012903          	lw	s2,48(sp)
   13690:	02c12983          	lw	s3,44(sp)
   13694:	02812a03          	lw	s4,40(sp)
   13698:	02412a83          	lw	s5,36(sp)
   1369c:	04010113          	addi	sp,sp,64
   136a0:	00008067          	ret
   136a4:	00042783          	lw	a5,0(s0)
   136a8:	0207e793          	ori	a5,a5,32
   136ac:	00f42023          	sw	a5,0(s0)
   136b0:	07800793          	li	a5,120
   136b4:	0000d697          	auipc	a3,0xd
   136b8:	1f868693          	addi	a3,a3,504 # 208ac <__global_pointer$+0x44>
   136bc:	04f402a3          	sb	a5,69(s0)
   136c0:	00042583          	lw	a1,0(s0)
   136c4:	00072503          	lw	a0,0(a4)
   136c8:	0805f813          	andi	a6,a1,128
   136cc:	00052783          	lw	a5,0(a0)
   136d0:	00450513          	addi	a0,a0,4
   136d4:	00081a63          	bnez	a6,136e8 <_printf_i+0x25c>
   136d8:	0405f813          	andi	a6,a1,64
   136dc:	00080663          	beqz	a6,136e8 <_printf_i+0x25c>
   136e0:	01079793          	slli	a5,a5,0x10
   136e4:	0107d793          	srli	a5,a5,0x10
   136e8:	00a72023          	sw	a0,0(a4)
   136ec:	0015f713          	andi	a4,a1,1
   136f0:	00070663          	beqz	a4,136fc <_printf_i+0x270>
   136f4:	0205e593          	ori	a1,a1,32
   136f8:	00b42023          	sw	a1,0(s0)
   136fc:	00078663          	beqz	a5,13708 <_printf_i+0x27c>
   13700:	01000713          	li	a4,16
   13704:	ed5ff06f          	j	135d8 <_printf_i+0x14c>
   13708:	00042703          	lw	a4,0(s0)
   1370c:	fdf77713          	andi	a4,a4,-33
   13710:	00e42023          	sw	a4,0(s0)
   13714:	fedff06f          	j	13700 <_printf_i+0x274>
   13718:	0000d697          	auipc	a3,0xd
   1371c:	18068693          	addi	a3,a3,384 # 20898 <__global_pointer$+0x30>
   13720:	00a00713          	li	a4,10
   13724:	eb5ff06f          	j	135d8 <_printf_i+0x14c>
   13728:	00042683          	lw	a3,0(s0)
   1372c:	00072783          	lw	a5,0(a4)
   13730:	01442583          	lw	a1,20(s0)
   13734:	0806f813          	andi	a6,a3,128
   13738:	00478513          	addi	a0,a5,4
   1373c:	00080a63          	beqz	a6,13750 <_printf_i+0x2c4>
   13740:	00a72023          	sw	a0,0(a4)
   13744:	0007a783          	lw	a5,0(a5)
   13748:	00b7a023          	sw	a1,0(a5)
   1374c:	0180006f          	j	13764 <_printf_i+0x2d8>
   13750:	00a72023          	sw	a0,0(a4)
   13754:	0406f693          	andi	a3,a3,64
   13758:	0007a783          	lw	a5,0(a5)
   1375c:	fe0686e3          	beqz	a3,13748 <_printf_i+0x2bc>
   13760:	00b79023          	sh	a1,0(a5)
   13764:	00042823          	sw	zero,16(s0)
   13768:	00060913          	mv	s2,a2
   1376c:	eedff06f          	j	13658 <_printf_i+0x1cc>
   13770:	00072783          	lw	a5,0(a4)
   13774:	00442603          	lw	a2,4(s0)
   13778:	00000593          	li	a1,0
   1377c:	00478693          	addi	a3,a5,4
   13780:	00d72023          	sw	a3,0(a4)
   13784:	0007a903          	lw	s2,0(a5)
   13788:	00090513          	mv	a0,s2
   1378c:	00001097          	auipc	ra,0x1
   13790:	9b0080e7          	jalr	-1616(ra) # 1413c <memchr>
   13794:	00050663          	beqz	a0,137a0 <_printf_i+0x314>
   13798:	41250533          	sub	a0,a0,s2
   1379c:	00a42223          	sw	a0,4(s0)
   137a0:	00442783          	lw	a5,4(s0)
   137a4:	00f42823          	sw	a5,16(s0)
   137a8:	040401a3          	sb	zero,67(s0)
   137ac:	eadff06f          	j	13658 <_printf_i+0x1cc>
   137b0:	01042683          	lw	a3,16(s0)
   137b4:	00090613          	mv	a2,s2
   137b8:	000a8593          	mv	a1,s5
   137bc:	000a0513          	mv	a0,s4
   137c0:	000480e7          	jalr	s1
   137c4:	eb350ce3          	beq	a0,s3,1367c <_printf_i+0x1f0>
   137c8:	00042783          	lw	a5,0(s0)
   137cc:	0027f793          	andi	a5,a5,2
   137d0:	04079663          	bnez	a5,1381c <_printf_i+0x390>
   137d4:	01c12783          	lw	a5,28(sp)
   137d8:	00c42503          	lw	a0,12(s0)
   137dc:	eaf552e3          	bge	a0,a5,13680 <_printf_i+0x1f4>
   137e0:	00078513          	mv	a0,a5
   137e4:	e9dff06f          	j	13680 <_printf_i+0x1f4>
   137e8:	00100693          	li	a3,1
   137ec:	000a8593          	mv	a1,s5
   137f0:	000a0513          	mv	a0,s4
   137f4:	00c12623          	sw	a2,12(sp)
   137f8:	000480e7          	jalr	s1
   137fc:	e93500e3          	beq	a0,s3,1367c <_printf_i+0x1f0>
   13800:	00c12603          	lw	a2,12(sp)
   13804:	00190913          	addi	s2,s2,1
   13808:	00c42783          	lw	a5,12(s0)
   1380c:	01c12703          	lw	a4,28(sp)
   13810:	40e787b3          	sub	a5,a5,a4
   13814:	fcf94ae3          	blt	s2,a5,137e8 <_printf_i+0x35c>
   13818:	fbdff06f          	j	137d4 <_printf_i+0x348>
   1381c:	00000913          	li	s2,0
   13820:	01940613          	addi	a2,s0,25
   13824:	fe5ff06f          	j	13808 <_printf_i+0x37c>

00013828 <__sflush_r>:
   13828:	00c59783          	lh	a5,12(a1)
   1382c:	fe010113          	addi	sp,sp,-32
   13830:	00812c23          	sw	s0,24(sp)
   13834:	00912a23          	sw	s1,20(sp)
   13838:	00112e23          	sw	ra,28(sp)
   1383c:	01212823          	sw	s2,16(sp)
   13840:	0087f713          	andi	a4,a5,8
   13844:	00050493          	mv	s1,a0
   13848:	00058413          	mv	s0,a1
   1384c:	12071463          	bnez	a4,13974 <__sflush_r+0x14c>
   13850:	0045a703          	lw	a4,4(a1)
   13854:	00e04663          	bgtz	a4,13860 <__sflush_r+0x38>
   13858:	0405a703          	lw	a4,64(a1)
   1385c:	10e05863          	blez	a4,1396c <__sflush_r+0x144>
   13860:	02c42703          	lw	a4,44(s0)
   13864:	10070463          	beqz	a4,1396c <__sflush_r+0x144>
   13868:	0004a903          	lw	s2,0(s1)
   1386c:	01379693          	slli	a3,a5,0x13
   13870:	0004a023          	sw	zero,0(s1)
   13874:	0a06de63          	bgez	a3,13930 <__sflush_r+0x108>
   13878:	05442603          	lw	a2,84(s0)
   1387c:	00c45783          	lhu	a5,12(s0)
   13880:	0047f793          	andi	a5,a5,4
   13884:	00078e63          	beqz	a5,138a0 <__sflush_r+0x78>
   13888:	00442783          	lw	a5,4(s0)
   1388c:	40f60633          	sub	a2,a2,a5
   13890:	03442783          	lw	a5,52(s0)
   13894:	00078663          	beqz	a5,138a0 <__sflush_r+0x78>
   13898:	04042783          	lw	a5,64(s0)
   1389c:	40f60633          	sub	a2,a2,a5
   138a0:	02c42783          	lw	a5,44(s0)
   138a4:	02042583          	lw	a1,32(s0)
   138a8:	00000693          	li	a3,0
   138ac:	00048513          	mv	a0,s1
   138b0:	000780e7          	jalr	a5
   138b4:	fff00713          	li	a4,-1
   138b8:	00c41783          	lh	a5,12(s0)
   138bc:	02e51263          	bne	a0,a4,138e0 <__sflush_r+0xb8>
   138c0:	0004a683          	lw	a3,0(s1)
   138c4:	01d00713          	li	a4,29
   138c8:	0ed76e63          	bltu	a4,a3,139c4 <__sflush_r+0x19c>
   138cc:	20400737          	lui	a4,0x20400
   138d0:	00170713          	addi	a4,a4,1 # 20400001 <__stack_top__+0x203d0001>
   138d4:	00d75733          	srl	a4,a4,a3
   138d8:	00177713          	andi	a4,a4,1
   138dc:	0e070463          	beqz	a4,139c4 <__sflush_r+0x19c>
   138e0:	01042703          	lw	a4,16(s0)
   138e4:	00042223          	sw	zero,4(s0)
   138e8:	00e42023          	sw	a4,0(s0)
   138ec:	01379713          	slli	a4,a5,0x13
   138f0:	00075c63          	bgez	a4,13908 <__sflush_r+0xe0>
   138f4:	fff00793          	li	a5,-1
   138f8:	00f51663          	bne	a0,a5,13904 <__sflush_r+0xdc>
   138fc:	0004a783          	lw	a5,0(s1)
   13900:	00079463          	bnez	a5,13908 <__sflush_r+0xe0>
   13904:	04a42a23          	sw	a0,84(s0)
   13908:	03442583          	lw	a1,52(s0)
   1390c:	0124a023          	sw	s2,0(s1)
   13910:	04058e63          	beqz	a1,1396c <__sflush_r+0x144>
   13914:	04440793          	addi	a5,s0,68
   13918:	00f58863          	beq	a1,a5,13928 <__sflush_r+0x100>
   1391c:	00048513          	mv	a0,s1
   13920:	fffff097          	auipc	ra,0xfffff
   13924:	14c080e7          	jalr	332(ra) # 12a6c <_free_r>
   13928:	02042a23          	sw	zero,52(s0)
   1392c:	0400006f          	j	1396c <__sflush_r+0x144>
   13930:	02042583          	lw	a1,32(s0)
   13934:	00000613          	li	a2,0
   13938:	00100693          	li	a3,1
   1393c:	00048513          	mv	a0,s1
   13940:	000700e7          	jalr	a4
   13944:	fff00793          	li	a5,-1
   13948:	00050613          	mv	a2,a0
   1394c:	f2f518e3          	bne	a0,a5,1387c <__sflush_r+0x54>
   13950:	0004a783          	lw	a5,0(s1)
   13954:	f20784e3          	beqz	a5,1387c <__sflush_r+0x54>
   13958:	fe378713          	addi	a4,a5,-29
   1395c:	00070663          	beqz	a4,13968 <__sflush_r+0x140>
   13960:	fea78793          	addi	a5,a5,-22
   13964:	04079e63          	bnez	a5,139c0 <__sflush_r+0x198>
   13968:	0124a023          	sw	s2,0(s1)
   1396c:	00000513          	li	a0,0
   13970:	0600006f          	j	139d0 <__sflush_r+0x1a8>
   13974:	0105a603          	lw	a2,16(a1)
   13978:	fe060ae3          	beqz	a2,1396c <__sflush_r+0x144>
   1397c:	0005a683          	lw	a3,0(a1)
   13980:	0037f793          	andi	a5,a5,3
   13984:	00c5a023          	sw	a2,0(a1)
   13988:	40c68933          	sub	s2,a3,a2
   1398c:	00000713          	li	a4,0
   13990:	00079463          	bnez	a5,13998 <__sflush_r+0x170>
   13994:	0145a703          	lw	a4,20(a1)
   13998:	00e42423          	sw	a4,8(s0)
   1399c:	fd2058e3          	blez	s2,1396c <__sflush_r+0x144>
   139a0:	02842783          	lw	a5,40(s0)
   139a4:	02042583          	lw	a1,32(s0)
   139a8:	00090693          	mv	a3,s2
   139ac:	00048513          	mv	a0,s1
   139b0:	00c12623          	sw	a2,12(sp)
   139b4:	000780e7          	jalr	a5
   139b8:	00c12603          	lw	a2,12(sp)
   139bc:	02a04663          	bgtz	a0,139e8 <__sflush_r+0x1c0>
   139c0:	00c45783          	lhu	a5,12(s0)
   139c4:	0407e793          	ori	a5,a5,64
   139c8:	00f41623          	sh	a5,12(s0)
   139cc:	fff00513          	li	a0,-1
   139d0:	01c12083          	lw	ra,28(sp)
   139d4:	01812403          	lw	s0,24(sp)
   139d8:	01412483          	lw	s1,20(sp)
   139dc:	01012903          	lw	s2,16(sp)
   139e0:	02010113          	addi	sp,sp,32
   139e4:	00008067          	ret
   139e8:	00a60633          	add	a2,a2,a0
   139ec:	40a90933          	sub	s2,s2,a0
   139f0:	fadff06f          	j	1399c <__sflush_r+0x174>

000139f4 <_fflush_r>:
   139f4:	0105a783          	lw	a5,16(a1)
   139f8:	ff010113          	addi	sp,sp,-16
   139fc:	00112623          	sw	ra,12(sp)
   13a00:	00812423          	sw	s0,8(sp)
   13a04:	00912223          	sw	s1,4(sp)
   13a08:	02079063          	bnez	a5,13a28 <_fflush_r+0x34>
   13a0c:	00000493          	li	s1,0
   13a10:	00c12083          	lw	ra,12(sp)
   13a14:	00812403          	lw	s0,8(sp)
   13a18:	00048513          	mv	a0,s1
   13a1c:	00412483          	lw	s1,4(sp)
   13a20:	01010113          	addi	sp,sp,16
   13a24:	00008067          	ret
   13a28:	00050493          	mv	s1,a0
   13a2c:	00058413          	mv	s0,a1
   13a30:	00050a63          	beqz	a0,13a44 <_fflush_r+0x50>
   13a34:	02052783          	lw	a5,32(a0)
   13a38:	00079663          	bnez	a5,13a44 <_fflush_r+0x50>
   13a3c:	00000097          	auipc	ra,0x0
   13a40:	268080e7          	jalr	616(ra) # 13ca4 <__sinit>
   13a44:	00c41783          	lh	a5,12(s0)
   13a48:	fc0782e3          	beqz	a5,13a0c <_fflush_r+0x18>
   13a4c:	06442703          	lw	a4,100(s0)
   13a50:	00177713          	andi	a4,a4,1
   13a54:	00071c63          	bnez	a4,13a6c <_fflush_r+0x78>
   13a58:	2007f793          	andi	a5,a5,512
   13a5c:	00079863          	bnez	a5,13a6c <_fflush_r+0x78>
   13a60:	05842503          	lw	a0,88(s0)
   13a64:	fffff097          	auipc	ra,0xfffff
   13a68:	000080e7          	jalr	ra # 12a64 <__retarget_lock_acquire_recursive>
   13a6c:	00048513          	mv	a0,s1
   13a70:	00040593          	mv	a1,s0
   13a74:	00000097          	auipc	ra,0x0
   13a78:	db4080e7          	jalr	-588(ra) # 13828 <__sflush_r>
   13a7c:	06442783          	lw	a5,100(s0)
   13a80:	00050493          	mv	s1,a0
   13a84:	0017f793          	andi	a5,a5,1
   13a88:	f80794e3          	bnez	a5,13a10 <_fflush_r+0x1c>
   13a8c:	00c45783          	lhu	a5,12(s0)
   13a90:	2007f793          	andi	a5,a5,512
   13a94:	f6079ee3          	bnez	a5,13a10 <_fflush_r+0x1c>
   13a98:	05842503          	lw	a0,88(s0)
   13a9c:	fffff097          	auipc	ra,0xfffff
   13aa0:	fcc080e7          	jalr	-52(ra) # 12a68 <__retarget_lock_release_recursive>
   13aa4:	f6dff06f          	j	13a10 <_fflush_r+0x1c>

00013aa8 <std>:
   13aa8:	ff010113          	addi	sp,sp,-16
   13aac:	00812423          	sw	s0,8(sp)
   13ab0:	00112623          	sw	ra,12(sp)
   13ab4:	00050413          	mv	s0,a0
   13ab8:	00b51623          	sh	a1,12(a0)
   13abc:	00c51723          	sh	a2,14(a0)
   13ac0:	00052023          	sw	zero,0(a0)
   13ac4:	00052223          	sw	zero,4(a0)
   13ac8:	00052423          	sw	zero,8(a0)
   13acc:	06052223          	sw	zero,100(a0)
   13ad0:	00052823          	sw	zero,16(a0)
   13ad4:	00052a23          	sw	zero,20(a0)
   13ad8:	00052c23          	sw	zero,24(a0)
   13adc:	00800613          	li	a2,8
   13ae0:	00000593          	li	a1,0
   13ae4:	05c50513          	addi	a0,a0,92
   13ae8:	ffffd097          	auipc	ra,0xffffd
   13aec:	8dc080e7          	jalr	-1828(ra) # 103c4 <memset>
   13af0:	00000797          	auipc	a5,0x0
   13af4:	50478793          	addi	a5,a5,1284 # 13ff4 <__sread>
   13af8:	02f42223          	sw	a5,36(s0)
   13afc:	00000797          	auipc	a5,0x0
   13b00:	54c78793          	addi	a5,a5,1356 # 14048 <__swrite>
   13b04:	02f42423          	sw	a5,40(s0)
   13b08:	00000797          	auipc	a5,0x0
   13b0c:	5cc78793          	addi	a5,a5,1484 # 140d4 <__sseek>
   13b10:	02f42623          	sw	a5,44(s0)
   13b14:	00000797          	auipc	a5,0x0
   13b18:	61c78793          	addi	a5,a5,1564 # 14130 <__sclose>
   13b1c:	02f42823          	sw	a5,48(s0)
   13b20:	0000d717          	auipc	a4,0xd
   13b24:	70070713          	addi	a4,a4,1792 # 21220 <__sf>
   13b28:	0000d797          	auipc	a5,0xd
   13b2c:	76078793          	addi	a5,a5,1888 # 21288 <__sf+0x68>
   13b30:	40f407b3          	sub	a5,s0,a5
   13b34:	40e40733          	sub	a4,s0,a4
   13b38:	0017b793          	seqz	a5,a5
   13b3c:	00173713          	seqz	a4,a4
   13b40:	02842023          	sw	s0,32(s0)
   13b44:	00e7e7b3          	or	a5,a5,a4
   13b48:	00079863          	bnez	a5,13b58 <std+0xb0>
   13b4c:	0000d797          	auipc	a5,0xd
   13b50:	7a478793          	addi	a5,a5,1956 # 212f0 <__sf+0xd0>
   13b54:	00f41e63          	bne	s0,a5,13b70 <std+0xc8>
   13b58:	05840513          	addi	a0,s0,88
   13b5c:	00812403          	lw	s0,8(sp)
   13b60:	00c12083          	lw	ra,12(sp)
   13b64:	01010113          	addi	sp,sp,16
   13b68:	fffff317          	auipc	t1,0xfffff
   13b6c:	ef830067          	jr	-264(t1) # 12a60 <__retarget_lock_init_recursive>
   13b70:	00c12083          	lw	ra,12(sp)
   13b74:	00812403          	lw	s0,8(sp)
   13b78:	01010113          	addi	sp,sp,16
   13b7c:	00008067          	ret

00013b80 <stdio_exit_handler>:
   13b80:	0000c617          	auipc	a2,0xc
   13b84:	4d860613          	addi	a2,a2,1240 # 20058 <__sglue>
   13b88:	00000597          	auipc	a1,0x0
   13b8c:	e6c58593          	addi	a1,a1,-404 # 139f4 <_fflush_r>
   13b90:	0000c517          	auipc	a0,0xc
   13b94:	47c50513          	addi	a0,a0,1148 # 2000c <_impure_data>
   13b98:	00000317          	auipc	t1,0x0
   13b9c:	16030067          	jr	352(t1) # 13cf8 <_fwalk_sglue>

00013ba0 <cleanup_stdio>:
   13ba0:	00452583          	lw	a1,4(a0)
   13ba4:	ff010113          	addi	sp,sp,-16
   13ba8:	00812423          	sw	s0,8(sp)
   13bac:	00112623          	sw	ra,12(sp)
   13bb0:	0000d797          	auipc	a5,0xd
   13bb4:	67078793          	addi	a5,a5,1648 # 21220 <__sf>
   13bb8:	00050413          	mv	s0,a0
   13bbc:	00f58663          	beq	a1,a5,13bc8 <cleanup_stdio+0x28>
   13bc0:	00000097          	auipc	ra,0x0
   13bc4:	e34080e7          	jalr	-460(ra) # 139f4 <_fflush_r>
   13bc8:	00842583          	lw	a1,8(s0)
   13bcc:	0000d797          	auipc	a5,0xd
   13bd0:	6bc78793          	addi	a5,a5,1724 # 21288 <__sf+0x68>
   13bd4:	00f58863          	beq	a1,a5,13be4 <cleanup_stdio+0x44>
   13bd8:	00040513          	mv	a0,s0
   13bdc:	00000097          	auipc	ra,0x0
   13be0:	e18080e7          	jalr	-488(ra) # 139f4 <_fflush_r>
   13be4:	00c42583          	lw	a1,12(s0)
   13be8:	0000d797          	auipc	a5,0xd
   13bec:	70878793          	addi	a5,a5,1800 # 212f0 <__sf+0xd0>
   13bf0:	00f58e63          	beq	a1,a5,13c0c <cleanup_stdio+0x6c>
   13bf4:	00040513          	mv	a0,s0
   13bf8:	00812403          	lw	s0,8(sp)
   13bfc:	00c12083          	lw	ra,12(sp)
   13c00:	01010113          	addi	sp,sp,16
   13c04:	00000317          	auipc	t1,0x0
   13c08:	df030067          	jr	-528(t1) # 139f4 <_fflush_r>
   13c0c:	00c12083          	lw	ra,12(sp)
   13c10:	00812403          	lw	s0,8(sp)
   13c14:	01010113          	addi	sp,sp,16
   13c18:	00008067          	ret

00013c1c <global_stdio_init.part.0>:
   13c1c:	ff010113          	addi	sp,sp,-16
   13c20:	00000797          	auipc	a5,0x0
   13c24:	f6078793          	addi	a5,a5,-160 # 13b80 <stdio_exit_handler>
   13c28:	00000613          	li	a2,0
   13c2c:	00400593          	li	a1,4
   13c30:	0000d517          	auipc	a0,0xd
   13c34:	5f050513          	addi	a0,a0,1520 # 21220 <__sf>
   13c38:	00112623          	sw	ra,12(sp)
   13c3c:	0000d717          	auipc	a4,0xd
   13c40:	def72823          	sw	a5,-528(a4) # 20a2c <__stdio_exit_handler>
   13c44:	00000097          	auipc	ra,0x0
   13c48:	e64080e7          	jalr	-412(ra) # 13aa8 <std>
   13c4c:	00100613          	li	a2,1
   13c50:	00900593          	li	a1,9
   13c54:	0000d517          	auipc	a0,0xd
   13c58:	63450513          	addi	a0,a0,1588 # 21288 <__sf+0x68>
   13c5c:	00000097          	auipc	ra,0x0
   13c60:	e4c080e7          	jalr	-436(ra) # 13aa8 <std>
   13c64:	00c12083          	lw	ra,12(sp)
   13c68:	00200613          	li	a2,2
   13c6c:	01200593          	li	a1,18
   13c70:	0000d517          	auipc	a0,0xd
   13c74:	68050513          	addi	a0,a0,1664 # 212f0 <__sf+0xd0>
   13c78:	01010113          	addi	sp,sp,16
   13c7c:	00000317          	auipc	t1,0x0
   13c80:	e2c30067          	jr	-468(t1) # 13aa8 <std>

00013c84 <__sfp_lock_acquire>:
   13c84:	0000d517          	auipc	a0,0xd
   13c88:	d9c50513          	addi	a0,a0,-612 # 20a20 <__lock___sfp_recursive_mutex>
   13c8c:	fffff317          	auipc	t1,0xfffff
   13c90:	dd830067          	jr	-552(t1) # 12a64 <__retarget_lock_acquire_recursive>

00013c94 <__sfp_lock_release>:
   13c94:	0000d517          	auipc	a0,0xd
   13c98:	d8c50513          	addi	a0,a0,-628 # 20a20 <__lock___sfp_recursive_mutex>
   13c9c:	fffff317          	auipc	t1,0xfffff
   13ca0:	dcc30067          	jr	-564(t1) # 12a68 <__retarget_lock_release_recursive>

00013ca4 <__sinit>:
   13ca4:	fe010113          	addi	sp,sp,-32
   13ca8:	00a12623          	sw	a0,12(sp)
   13cac:	00112e23          	sw	ra,28(sp)
   13cb0:	00000097          	auipc	ra,0x0
   13cb4:	fd4080e7          	jalr	-44(ra) # 13c84 <__sfp_lock_acquire>
   13cb8:	00c12503          	lw	a0,12(sp)
   13cbc:	02052783          	lw	a5,32(a0)
   13cc0:	00078a63          	beqz	a5,13cd4 <__sinit+0x30>
   13cc4:	01c12083          	lw	ra,28(sp)
   13cc8:	02010113          	addi	sp,sp,32
   13ccc:	00000317          	auipc	t1,0x0
   13cd0:	fc830067          	jr	-56(t1) # 13c94 <__sfp_lock_release>
   13cd4:	00000797          	auipc	a5,0x0
   13cd8:	ecc78793          	addi	a5,a5,-308 # 13ba0 <cleanup_stdio>
   13cdc:	02f52023          	sw	a5,32(a0)
   13ce0:	0000d797          	auipc	a5,0xd
   13ce4:	d4c7a783          	lw	a5,-692(a5) # 20a2c <__stdio_exit_handler>
   13ce8:	fc079ee3          	bnez	a5,13cc4 <__sinit+0x20>
   13cec:	00000097          	auipc	ra,0x0
   13cf0:	f30080e7          	jalr	-208(ra) # 13c1c <global_stdio_init.part.0>
   13cf4:	fd1ff06f          	j	13cc4 <__sinit+0x20>

00013cf8 <_fwalk_sglue>:
   13cf8:	fd010113          	addi	sp,sp,-48
   13cfc:	02812423          	sw	s0,40(sp)
   13d00:	03212023          	sw	s2,32(sp)
   13d04:	01312e23          	sw	s3,28(sp)
   13d08:	01412c23          	sw	s4,24(sp)
   13d0c:	01512a23          	sw	s5,20(sp)
   13d10:	02112623          	sw	ra,44(sp)
   13d14:	02912223          	sw	s1,36(sp)
   13d18:	00050a13          	mv	s4,a0
   13d1c:	00058a93          	mv	s5,a1
   13d20:	00000413          	li	s0,0
   13d24:	00100913          	li	s2,1
   13d28:	fff00993          	li	s3,-1
   13d2c:	00862583          	lw	a1,8(a2)
   13d30:	00462483          	lw	s1,4(a2)
   13d34:	fff48493          	addi	s1,s1,-1
   13d38:	0204da63          	bgez	s1,13d6c <_fwalk_sglue+0x74>
   13d3c:	00062603          	lw	a2,0(a2)
   13d40:	fe0616e3          	bnez	a2,13d2c <_fwalk_sglue+0x34>
   13d44:	02c12083          	lw	ra,44(sp)
   13d48:	00040513          	mv	a0,s0
   13d4c:	02812403          	lw	s0,40(sp)
   13d50:	02412483          	lw	s1,36(sp)
   13d54:	02012903          	lw	s2,32(sp)
   13d58:	01c12983          	lw	s3,28(sp)
   13d5c:	01812a03          	lw	s4,24(sp)
   13d60:	01412a83          	lw	s5,20(sp)
   13d64:	03010113          	addi	sp,sp,48
   13d68:	00008067          	ret
   13d6c:	00c5d783          	lhu	a5,12(a1)
   13d70:	02f97463          	bgeu	s2,a5,13d98 <_fwalk_sglue+0xa0>
   13d74:	00e59783          	lh	a5,14(a1)
   13d78:	03378063          	beq	a5,s3,13d98 <_fwalk_sglue+0xa0>
   13d7c:	000a0513          	mv	a0,s4
   13d80:	00c12623          	sw	a2,12(sp)
   13d84:	00b12423          	sw	a1,8(sp)
   13d88:	000a80e7          	jalr	s5
   13d8c:	00c12603          	lw	a2,12(sp)
   13d90:	00812583          	lw	a1,8(sp)
   13d94:	00a46433          	or	s0,s0,a0
   13d98:	06858593          	addi	a1,a1,104
   13d9c:	f99ff06f          	j	13d34 <_fwalk_sglue+0x3c>

00013da0 <__swhatbuf_r>:
   13da0:	f8010113          	addi	sp,sp,-128
   13da4:	06812c23          	sw	s0,120(sp)
   13da8:	00058413          	mv	s0,a1
   13dac:	00e59583          	lh	a1,14(a1)
   13db0:	06912a23          	sw	s1,116(sp)
   13db4:	06112e23          	sw	ra,124(sp)
   13db8:	00060493          	mv	s1,a2
   13dbc:	0205da63          	bgez	a1,13df0 <__swhatbuf_r+0x50>
   13dc0:	00c45783          	lhu	a5,12(s0)
   13dc4:	0807f793          	andi	a5,a5,128
   13dc8:	04079e63          	bnez	a5,13e24 <__swhatbuf_r+0x84>
   13dcc:	40000713          	li	a4,1024
   13dd0:	07c12083          	lw	ra,124(sp)
   13dd4:	07812403          	lw	s0,120(sp)
   13dd8:	00f6a023          	sw	a5,0(a3)
   13ddc:	00e4a023          	sw	a4,0(s1)
   13de0:	00000513          	li	a0,0
   13de4:	07412483          	lw	s1,116(sp)
   13de8:	08010113          	addi	sp,sp,128
   13dec:	00008067          	ret
   13df0:	01810613          	addi	a2,sp,24
   13df4:	00d12623          	sw	a3,12(sp)
   13df8:	00000097          	auipc	ra,0x0
   13dfc:	3b4080e7          	jalr	948(ra) # 141ac <_fstat_r>
   13e00:	00c12683          	lw	a3,12(sp)
   13e04:	fa054ee3          	bltz	a0,13dc0 <__swhatbuf_r+0x20>
   13e08:	01c12783          	lw	a5,28(sp)
   13e0c:	0000f737          	lui	a4,0xf
   13e10:	00e7f7b3          	and	a5,a5,a4
   13e14:	ffffe737          	lui	a4,0xffffe
   13e18:	00e787b3          	add	a5,a5,a4
   13e1c:	0017b793          	seqz	a5,a5
   13e20:	fadff06f          	j	13dcc <__swhatbuf_r+0x2c>
   13e24:	00000793          	li	a5,0
   13e28:	04000713          	li	a4,64
   13e2c:	fa5ff06f          	j	13dd0 <__swhatbuf_r+0x30>

00013e30 <__smakebuf_r>:
   13e30:	00c5d703          	lhu	a4,12(a1)
   13e34:	fd010113          	addi	sp,sp,-48
   13e38:	02812423          	sw	s0,40(sp)
   13e3c:	02112623          	sw	ra,44(sp)
   13e40:	02912223          	sw	s1,36(sp)
   13e44:	00277713          	andi	a4,a4,2
   13e48:	00058413          	mv	s0,a1
   13e4c:	02070663          	beqz	a4,13e78 <__smakebuf_r+0x48>
   13e50:	04740793          	addi	a5,s0,71
   13e54:	00f42023          	sw	a5,0(s0)
   13e58:	00f42823          	sw	a5,16(s0)
   13e5c:	00100793          	li	a5,1
   13e60:	00f42a23          	sw	a5,20(s0)
   13e64:	02c12083          	lw	ra,44(sp)
   13e68:	02812403          	lw	s0,40(sp)
   13e6c:	02412483          	lw	s1,36(sp)
   13e70:	03010113          	addi	sp,sp,48
   13e74:	00008067          	ret
   13e78:	01c10693          	addi	a3,sp,28
   13e7c:	01810613          	addi	a2,sp,24
   13e80:	00050493          	mv	s1,a0
   13e84:	00000097          	auipc	ra,0x0
   13e88:	f1c080e7          	jalr	-228(ra) # 13da0 <__swhatbuf_r>
   13e8c:	01812583          	lw	a1,24(sp)
   13e90:	00048513          	mv	a0,s1
   13e94:	00b12623          	sw	a1,12(sp)
   13e98:	fffff097          	auipc	ra,0xfffff
   13e9c:	d74080e7          	jalr	-652(ra) # 12c0c <_malloc_r>
   13ea0:	00c41783          	lh	a5,12(s0)
   13ea4:	00c12583          	lw	a1,12(sp)
   13ea8:	00051e63          	bnez	a0,13ec4 <__smakebuf_r+0x94>
   13eac:	2007f713          	andi	a4,a5,512
   13eb0:	fa071ae3          	bnez	a4,13e64 <__smakebuf_r+0x34>
   13eb4:	ffc7f793          	andi	a5,a5,-4
   13eb8:	0027e793          	ori	a5,a5,2
   13ebc:	00f41623          	sh	a5,12(s0)
   13ec0:	f91ff06f          	j	13e50 <__smakebuf_r+0x20>
   13ec4:	0807e793          	ori	a5,a5,128
   13ec8:	00f41623          	sh	a5,12(s0)
   13ecc:	01c12783          	lw	a5,28(sp)
   13ed0:	00a42023          	sw	a0,0(s0)
   13ed4:	00a42823          	sw	a0,16(s0)
   13ed8:	00b42a23          	sw	a1,20(s0)
   13edc:	f80784e3          	beqz	a5,13e64 <__smakebuf_r+0x34>
   13ee0:	00e41583          	lh	a1,14(s0)
   13ee4:	00048513          	mv	a0,s1
   13ee8:	00000097          	auipc	ra,0x0
   13eec:	314080e7          	jalr	788(ra) # 141fc <_isatty_r>
   13ef0:	f6050ae3          	beqz	a0,13e64 <__smakebuf_r+0x34>
   13ef4:	00c45783          	lhu	a5,12(s0)
   13ef8:	ffc7f793          	andi	a5,a5,-4
   13efc:	0017e793          	ori	a5,a5,1
   13f00:	00f41623          	sh	a5,12(s0)
   13f04:	f61ff06f          	j	13e64 <__smakebuf_r+0x34>

00013f08 <_putc_r>:
   13f08:	fe010113          	addi	sp,sp,-32
   13f0c:	00812c23          	sw	s0,24(sp)
   13f10:	00912a23          	sw	s1,20(sp)
   13f14:	00112e23          	sw	ra,28(sp)
   13f18:	00050493          	mv	s1,a0
   13f1c:	00060413          	mv	s0,a2
   13f20:	00050e63          	beqz	a0,13f3c <_putc_r+0x34>
   13f24:	02052783          	lw	a5,32(a0)
   13f28:	00079a63          	bnez	a5,13f3c <_putc_r+0x34>
   13f2c:	00b12623          	sw	a1,12(sp)
   13f30:	00000097          	auipc	ra,0x0
   13f34:	d74080e7          	jalr	-652(ra) # 13ca4 <__sinit>
   13f38:	00c12583          	lw	a1,12(sp)
   13f3c:	06442783          	lw	a5,100(s0)
   13f40:	0017f793          	andi	a5,a5,1
   13f44:	02079263          	bnez	a5,13f68 <_putc_r+0x60>
   13f48:	00c45783          	lhu	a5,12(s0)
   13f4c:	2007f793          	andi	a5,a5,512
   13f50:	00079c63          	bnez	a5,13f68 <_putc_r+0x60>
   13f54:	05842503          	lw	a0,88(s0)
   13f58:	00b12623          	sw	a1,12(sp)
   13f5c:	fffff097          	auipc	ra,0xfffff
   13f60:	b08080e7          	jalr	-1272(ra) # 12a64 <__retarget_lock_acquire_recursive>
   13f64:	00c12583          	lw	a1,12(sp)
   13f68:	00842783          	lw	a5,8(s0)
   13f6c:	0ff5f713          	zext.b	a4,a1
   13f70:	fff78793          	addi	a5,a5,-1
   13f74:	00f42423          	sw	a5,8(s0)
   13f78:	0007da63          	bgez	a5,13f8c <_putc_r+0x84>
   13f7c:	01842683          	lw	a3,24(s0)
   13f80:	04d7ce63          	blt	a5,a3,13fdc <_putc_r+0xd4>
   13f84:	ff670793          	addi	a5,a4,-10 # ffffdff6 <__stack_top__+0xfffcdff6>
   13f88:	04078a63          	beqz	a5,13fdc <_putc_r+0xd4>
   13f8c:	00042783          	lw	a5,0(s0)
   13f90:	0ff5f493          	zext.b	s1,a1
   13f94:	00178693          	addi	a3,a5,1
   13f98:	00d42023          	sw	a3,0(s0)
   13f9c:	00e78023          	sb	a4,0(a5)
   13fa0:	06442783          	lw	a5,100(s0)
   13fa4:	0017f793          	andi	a5,a5,1
   13fa8:	00079e63          	bnez	a5,13fc4 <_putc_r+0xbc>
   13fac:	00c45783          	lhu	a5,12(s0)
   13fb0:	2007f793          	andi	a5,a5,512
   13fb4:	00079863          	bnez	a5,13fc4 <_putc_r+0xbc>
   13fb8:	05842503          	lw	a0,88(s0)
   13fbc:	fffff097          	auipc	ra,0xfffff
   13fc0:	aac080e7          	jalr	-1364(ra) # 12a68 <__retarget_lock_release_recursive>
   13fc4:	01c12083          	lw	ra,28(sp)
   13fc8:	01812403          	lw	s0,24(sp)
   13fcc:	00048513          	mv	a0,s1
   13fd0:	01412483          	lw	s1,20(sp)
   13fd4:	02010113          	addi	sp,sp,32
   13fd8:	00008067          	ret
   13fdc:	00048513          	mv	a0,s1
   13fe0:	00040613          	mv	a2,s0
   13fe4:	fffff097          	auipc	ra,0xfffff
   13fe8:	848080e7          	jalr	-1976(ra) # 1282c <__swbuf_r>
   13fec:	00050493          	mv	s1,a0
   13ff0:	fb1ff06f          	j	13fa0 <_putc_r+0x98>

00013ff4 <__sread>:
   13ff4:	ff010113          	addi	sp,sp,-16
   13ff8:	00812423          	sw	s0,8(sp)
   13ffc:	00058413          	mv	s0,a1
   14000:	00e59583          	lh	a1,14(a1)
   14004:	00112623          	sw	ra,12(sp)
   14008:	00000097          	auipc	ra,0x0
   1400c:	294080e7          	jalr	660(ra) # 1429c <_read_r>
   14010:	02054063          	bltz	a0,14030 <__sread+0x3c>
   14014:	05442783          	lw	a5,84(s0)
   14018:	00a787b3          	add	a5,a5,a0
   1401c:	04f42a23          	sw	a5,84(s0)
   14020:	00c12083          	lw	ra,12(sp)
   14024:	00812403          	lw	s0,8(sp)
   14028:	01010113          	addi	sp,sp,16
   1402c:	00008067          	ret
   14030:	00c45783          	lhu	a5,12(s0)
   14034:	fffff737          	lui	a4,0xfffff
   14038:	fff70713          	addi	a4,a4,-1 # ffffefff <__stack_top__+0xfffcefff>
   1403c:	00e7f7b3          	and	a5,a5,a4
   14040:	00f41623          	sh	a5,12(s0)
   14044:	fddff06f          	j	14020 <__sread+0x2c>

00014048 <__swrite>:
   14048:	00c5d783          	lhu	a5,12(a1)
   1404c:	fe010113          	addi	sp,sp,-32
   14050:	00812c23          	sw	s0,24(sp)
   14054:	00912a23          	sw	s1,20(sp)
   14058:	01212823          	sw	s2,16(sp)
   1405c:	01312623          	sw	s3,12(sp)
   14060:	00112e23          	sw	ra,28(sp)
   14064:	1007f793          	andi	a5,a5,256
   14068:	00050493          	mv	s1,a0
   1406c:	00058413          	mv	s0,a1
   14070:	00060913          	mv	s2,a2
   14074:	00068993          	mv	s3,a3
   14078:	00078c63          	beqz	a5,14090 <__swrite+0x48>
   1407c:	00e59583          	lh	a1,14(a1)
   14080:	00200693          	li	a3,2
   14084:	00000613          	li	a2,0
   14088:	00000097          	auipc	ra,0x0
   1408c:	1c0080e7          	jalr	448(ra) # 14248 <_lseek_r>
   14090:	00c45783          	lhu	a5,12(s0)
   14094:	fffff737          	lui	a4,0xfffff
   14098:	fff70713          	addi	a4,a4,-1 # ffffefff <__stack_top__+0xfffcefff>
   1409c:	00e7f7b3          	and	a5,a5,a4
   140a0:	00e41583          	lh	a1,14(s0)
   140a4:	00f41623          	sh	a5,12(s0)
   140a8:	01812403          	lw	s0,24(sp)
   140ac:	01c12083          	lw	ra,28(sp)
   140b0:	00098693          	mv	a3,s3
   140b4:	00090613          	mv	a2,s2
   140b8:	00c12983          	lw	s3,12(sp)
   140bc:	01012903          	lw	s2,16(sp)
   140c0:	00048513          	mv	a0,s1
   140c4:	01412483          	lw	s1,20(sp)
   140c8:	02010113          	addi	sp,sp,32
   140cc:	00000317          	auipc	t1,0x0
   140d0:	27030067          	jr	624(t1) # 1433c <_write_r>

000140d4 <__sseek>:
   140d4:	ff010113          	addi	sp,sp,-16
   140d8:	00812423          	sw	s0,8(sp)
   140dc:	00058413          	mv	s0,a1
   140e0:	00e59583          	lh	a1,14(a1)
   140e4:	00112623          	sw	ra,12(sp)
   140e8:	00000097          	auipc	ra,0x0
   140ec:	160080e7          	jalr	352(ra) # 14248 <_lseek_r>
   140f0:	fff00713          	li	a4,-1
   140f4:	00c41783          	lh	a5,12(s0)
   140f8:	02e51263          	bne	a0,a4,1411c <__sseek+0x48>
   140fc:	80050713          	addi	a4,a0,-2048
   14100:	80070713          	addi	a4,a4,-2048
   14104:	00e7f7b3          	and	a5,a5,a4
   14108:	00f41623          	sh	a5,12(s0)
   1410c:	00c12083          	lw	ra,12(sp)
   14110:	00812403          	lw	s0,8(sp)
   14114:	01010113          	addi	sp,sp,16
   14118:	00008067          	ret
   1411c:	00001737          	lui	a4,0x1
   14120:	00e7e7b3          	or	a5,a5,a4
   14124:	00f41623          	sh	a5,12(s0)
   14128:	04a42a23          	sw	a0,84(s0)
   1412c:	fe1ff06f          	j	1410c <__sseek+0x38>

00014130 <__sclose>:
   14130:	00e59583          	lh	a1,14(a1)
   14134:	00000317          	auipc	t1,0x0
   14138:	02c30067          	jr	44(t1) # 14160 <_close_r>

0001413c <memchr>:
   1413c:	0ff5f593          	zext.b	a1,a1
   14140:	00c50633          	add	a2,a0,a2
   14144:	00c51663          	bne	a0,a2,14150 <memchr+0x14>
   14148:	00000513          	li	a0,0
   1414c:	00008067          	ret
   14150:	00054783          	lbu	a5,0(a0)
   14154:	feb78ce3          	beq	a5,a1,1414c <memchr+0x10>
   14158:	00150513          	addi	a0,a0,1
   1415c:	fe9ff06f          	j	14144 <memchr+0x8>

00014160 <_close_r>:
   14160:	ff010113          	addi	sp,sp,-16
   14164:	00812423          	sw	s0,8(sp)
   14168:	00050413          	mv	s0,a0
   1416c:	00058513          	mv	a0,a1
   14170:	0000d797          	auipc	a5,0xd
   14174:	8a07a423          	sw	zero,-1880(a5) # 20a18 <errno>
   14178:	00112623          	sw	ra,12(sp)
   1417c:	ffffc097          	auipc	ra,0xffffc
   14180:	430080e7          	jalr	1072(ra) # 105ac <_close>
   14184:	fff00793          	li	a5,-1
   14188:	00f51a63          	bne	a0,a5,1419c <_close_r+0x3c>
   1418c:	0000d797          	auipc	a5,0xd
   14190:	88c7a783          	lw	a5,-1908(a5) # 20a18 <errno>
   14194:	00078463          	beqz	a5,1419c <_close_r+0x3c>
   14198:	00f42023          	sw	a5,0(s0)
   1419c:	00c12083          	lw	ra,12(sp)
   141a0:	00812403          	lw	s0,8(sp)
   141a4:	01010113          	addi	sp,sp,16
   141a8:	00008067          	ret

000141ac <_fstat_r>:
   141ac:	ff010113          	addi	sp,sp,-16
   141b0:	00812423          	sw	s0,8(sp)
   141b4:	00050413          	mv	s0,a0
   141b8:	00058513          	mv	a0,a1
   141bc:	00060593          	mv	a1,a2
   141c0:	0000d797          	auipc	a5,0xd
   141c4:	8407ac23          	sw	zero,-1960(a5) # 20a18 <errno>
   141c8:	00112623          	sw	ra,12(sp)
   141cc:	ffffc097          	auipc	ra,0xffffc
   141d0:	3e8080e7          	jalr	1000(ra) # 105b4 <_fstat>
   141d4:	fff00793          	li	a5,-1
   141d8:	00f51a63          	bne	a0,a5,141ec <_fstat_r+0x40>
   141dc:	0000d797          	auipc	a5,0xd
   141e0:	83c7a783          	lw	a5,-1988(a5) # 20a18 <errno>
   141e4:	00078463          	beqz	a5,141ec <_fstat_r+0x40>
   141e8:	00f42023          	sw	a5,0(s0)
   141ec:	00c12083          	lw	ra,12(sp)
   141f0:	00812403          	lw	s0,8(sp)
   141f4:	01010113          	addi	sp,sp,16
   141f8:	00008067          	ret

000141fc <_isatty_r>:
   141fc:	ff010113          	addi	sp,sp,-16
   14200:	00812423          	sw	s0,8(sp)
   14204:	00050413          	mv	s0,a0
   14208:	00058513          	mv	a0,a1
   1420c:	0000d797          	auipc	a5,0xd
   14210:	8007a623          	sw	zero,-2036(a5) # 20a18 <errno>
   14214:	00112623          	sw	ra,12(sp)
   14218:	ffffc097          	auipc	ra,0xffffc
   1421c:	3ac080e7          	jalr	940(ra) # 105c4 <_isatty>
   14220:	fff00793          	li	a5,-1
   14224:	00f51a63          	bne	a0,a5,14238 <_isatty_r+0x3c>
   14228:	0000c797          	auipc	a5,0xc
   1422c:	7f07a783          	lw	a5,2032(a5) # 20a18 <errno>
   14230:	00078463          	beqz	a5,14238 <_isatty_r+0x3c>
   14234:	00f42023          	sw	a5,0(s0)
   14238:	00c12083          	lw	ra,12(sp)
   1423c:	00812403          	lw	s0,8(sp)
   14240:	01010113          	addi	sp,sp,16
   14244:	00008067          	ret

00014248 <_lseek_r>:
   14248:	ff010113          	addi	sp,sp,-16
   1424c:	00812423          	sw	s0,8(sp)
   14250:	00050413          	mv	s0,a0
   14254:	00058513          	mv	a0,a1
   14258:	00060593          	mv	a1,a2
   1425c:	00068613          	mv	a2,a3
   14260:	0000c797          	auipc	a5,0xc
   14264:	7a07ac23          	sw	zero,1976(a5) # 20a18 <errno>
   14268:	00112623          	sw	ra,12(sp)
   1426c:	ffffc097          	auipc	ra,0xffffc
   14270:	360080e7          	jalr	864(ra) # 105cc <_lseek>
   14274:	fff00793          	li	a5,-1
   14278:	00f51a63          	bne	a0,a5,1428c <_lseek_r+0x44>
   1427c:	0000c797          	auipc	a5,0xc
   14280:	79c7a783          	lw	a5,1948(a5) # 20a18 <errno>
   14284:	00078463          	beqz	a5,1428c <_lseek_r+0x44>
   14288:	00f42023          	sw	a5,0(s0)
   1428c:	00c12083          	lw	ra,12(sp)
   14290:	00812403          	lw	s0,8(sp)
   14294:	01010113          	addi	sp,sp,16
   14298:	00008067          	ret

0001429c <_read_r>:
   1429c:	ff010113          	addi	sp,sp,-16
   142a0:	00812423          	sw	s0,8(sp)
   142a4:	00050413          	mv	s0,a0
   142a8:	00058513          	mv	a0,a1
   142ac:	00060593          	mv	a1,a2
   142b0:	00068613          	mv	a2,a3
   142b4:	0000c797          	auipc	a5,0xc
   142b8:	7607a223          	sw	zero,1892(a5) # 20a18 <errno>
   142bc:	00112623          	sw	ra,12(sp)
   142c0:	ffffc097          	auipc	ra,0xffffc
   142c4:	314080e7          	jalr	788(ra) # 105d4 <_read>
   142c8:	fff00793          	li	a5,-1
   142cc:	00f51a63          	bne	a0,a5,142e0 <_read_r+0x44>
   142d0:	0000c797          	auipc	a5,0xc
   142d4:	7487a783          	lw	a5,1864(a5) # 20a18 <errno>
   142d8:	00078463          	beqz	a5,142e0 <_read_r+0x44>
   142dc:	00f42023          	sw	a5,0(s0)
   142e0:	00c12083          	lw	ra,12(sp)
   142e4:	00812403          	lw	s0,8(sp)
   142e8:	01010113          	addi	sp,sp,16
   142ec:	00008067          	ret

000142f0 <_sbrk_r>:
   142f0:	ff010113          	addi	sp,sp,-16
   142f4:	00812423          	sw	s0,8(sp)
   142f8:	00050413          	mv	s0,a0
   142fc:	00058513          	mv	a0,a1
   14300:	0000c797          	auipc	a5,0xc
   14304:	7007ac23          	sw	zero,1816(a5) # 20a18 <errno>
   14308:	00112623          	sw	ra,12(sp)
   1430c:	ffffc097          	auipc	ra,0xffffc
   14310:	2d0080e7          	jalr	720(ra) # 105dc <_sbrk>
   14314:	fff00793          	li	a5,-1
   14318:	00f51a63          	bne	a0,a5,1432c <_sbrk_r+0x3c>
   1431c:	0000c797          	auipc	a5,0xc
   14320:	6fc7a783          	lw	a5,1788(a5) # 20a18 <errno>
   14324:	00078463          	beqz	a5,1432c <_sbrk_r+0x3c>
   14328:	00f42023          	sw	a5,0(s0)
   1432c:	00c12083          	lw	ra,12(sp)
   14330:	00812403          	lw	s0,8(sp)
   14334:	01010113          	addi	sp,sp,16
   14338:	00008067          	ret

0001433c <_write_r>:
   1433c:	ff010113          	addi	sp,sp,-16
   14340:	00812423          	sw	s0,8(sp)
   14344:	00050413          	mv	s0,a0
   14348:	00058513          	mv	a0,a1
   1434c:	00060593          	mv	a1,a2
   14350:	00068613          	mv	a2,a3
   14354:	0000c797          	auipc	a5,0xc
   14358:	6c07a223          	sw	zero,1732(a5) # 20a18 <errno>
   1435c:	00112623          	sw	ra,12(sp)
   14360:	ffffc097          	auipc	ra,0xffffc
   14364:	2c4080e7          	jalr	708(ra) # 10624 <_write>
   14368:	fff00793          	li	a5,-1
   1436c:	00f51a63          	bne	a0,a5,14380 <_write_r+0x44>
   14370:	0000c797          	auipc	a5,0xc
   14374:	6a87a783          	lw	a5,1704(a5) # 20a18 <errno>
   14378:	00078463          	beqz	a5,14380 <_write_r+0x44>
   1437c:	00f42023          	sw	a5,0(s0)
   14380:	00c12083          	lw	ra,12(sp)
   14384:	00812403          	lw	s0,8(sp)
   14388:	01010113          	addi	sp,sp,16
   1438c:	00008067          	ret

00014390 <__udivdi3>:
   14390:	00060813          	mv	a6,a2
   14394:	00050793          	mv	a5,a0
   14398:	00058893          	mv	a7,a1
   1439c:	0c069c63          	bnez	a3,14474 <__udivdi3+0xe4>
   143a0:	22c5fa63          	bgeu	a1,a2,145d4 <__udivdi3+0x244>
   143a4:	00010737          	lui	a4,0x10
   143a8:	36e66863          	bltu	a2,a4,14718 <__udivdi3+0x388>
   143ac:	01000737          	lui	a4,0x1000
   143b0:	01800313          	li	t1,24
   143b4:	00e67463          	bgeu	a2,a4,143bc <__udivdi3+0x2c>
   143b8:	01000313          	li	t1,16
   143bc:	006656b3          	srl	a3,a2,t1
   143c0:	0000c717          	auipc	a4,0xc
   143c4:	55870713          	addi	a4,a4,1368 # 20918 <__clz_tab>
   143c8:	00d70733          	add	a4,a4,a3
   143cc:	00074703          	lbu	a4,0(a4)
   143d0:	02000693          	li	a3,32
   143d4:	00670733          	add	a4,a4,t1
   143d8:	00d70e63          	beq	a4,a3,143f4 <__udivdi3+0x64>
   143dc:	40e686b3          	sub	a3,a3,a4
   143e0:	00d598b3          	sll	a7,a1,a3
   143e4:	00e55733          	srl	a4,a0,a4
   143e8:	00d61833          	sll	a6,a2,a3
   143ec:	00d517b3          	sll	a5,a0,a3
   143f0:	011768b3          	or	a7,a4,a7
   143f4:	01085613          	srli	a2,a6,0x10
   143f8:	02c8d533          	divu	a0,a7,a2
   143fc:	01081693          	slli	a3,a6,0x10
   14400:	0106d693          	srli	a3,a3,0x10
   14404:	0107d713          	srli	a4,a5,0x10
   14408:	02c8f8b3          	remu	a7,a7,a2
   1440c:	02a685b3          	mul	a1,a3,a0
   14410:	01089893          	slli	a7,a7,0x10
   14414:	01176733          	or	a4,a4,a7
   14418:	00b77c63          	bgeu	a4,a1,14430 <__udivdi3+0xa0>
   1441c:	00e808b3          	add	a7,a6,a4
   14420:	00088713          	mv	a4,a7
   14424:	00b8f463          	bgeu	a7,a1,1442c <__udivdi3+0x9c>
   14428:	3908f463          	bgeu	a7,a6,147b0 <__udivdi3+0x420>
   1442c:	fff50513          	addi	a0,a0,-1
   14430:	40b70733          	sub	a4,a4,a1
   14434:	02c755b3          	divu	a1,a4,a2
   14438:	01079793          	slli	a5,a5,0x10
   1443c:	0107d793          	srli	a5,a5,0x10
   14440:	02c77733          	remu	a4,a4,a2
   14444:	02b686b3          	mul	a3,a3,a1
   14448:	01071713          	slli	a4,a4,0x10
   1444c:	00e7e7b3          	or	a5,a5,a4
   14450:	00d7fa63          	bgeu	a5,a3,14464 <__udivdi3+0xd4>
   14454:	00f807b3          	add	a5,a6,a5
   14458:	00d7f463          	bgeu	a5,a3,14460 <__udivdi3+0xd0>
   1445c:	3507f663          	bgeu	a5,a6,147a8 <__udivdi3+0x418>
   14460:	fff58593          	addi	a1,a1,-1
   14464:	01051513          	slli	a0,a0,0x10
   14468:	00b56533          	or	a0,a0,a1
   1446c:	00000593          	li	a1,0
   14470:	00008067          	ret
   14474:	00d5f863          	bgeu	a1,a3,14484 <__udivdi3+0xf4>
   14478:	00000593          	li	a1,0
   1447c:	00000513          	li	a0,0
   14480:	00008067          	ret
   14484:	000107b7          	lui	a5,0x10
   14488:	2af6e663          	bltu	a3,a5,14734 <__udivdi3+0x3a4>
   1448c:	01000737          	lui	a4,0x1000
   14490:	01800793          	li	a5,24
   14494:	00e6f463          	bgeu	a3,a4,1449c <__udivdi3+0x10c>
   14498:	01000793          	li	a5,16
   1449c:	00f6d833          	srl	a6,a3,a5
   144a0:	0000c717          	auipc	a4,0xc
   144a4:	47870713          	addi	a4,a4,1144 # 20918 <__clz_tab>
   144a8:	01070733          	add	a4,a4,a6
   144ac:	00074703          	lbu	a4,0(a4)
   144b0:	02000813          	li	a6,32
   144b4:	00f70733          	add	a4,a4,a5
   144b8:	29070663          	beq	a4,a6,14744 <__udivdi3+0x3b4>
   144bc:	40e80833          	sub	a6,a6,a4
   144c0:	00e658b3          	srl	a7,a2,a4
   144c4:	010696b3          	sll	a3,a3,a6
   144c8:	00d8e8b3          	or	a7,a7,a3
   144cc:	00e5d333          	srl	t1,a1,a4
   144d0:	0108de93          	srli	t4,a7,0x10
   144d4:	03d357b3          	divu	a5,t1,t4
   144d8:	01089e13          	slli	t3,a7,0x10
   144dc:	010595b3          	sll	a1,a1,a6
   144e0:	010e5e13          	srli	t3,t3,0x10
   144e4:	00e55733          	srl	a4,a0,a4
   144e8:	00b76733          	or	a4,a4,a1
   144ec:	01075693          	srli	a3,a4,0x10
   144f0:	01061633          	sll	a2,a2,a6
   144f4:	03d37333          	remu	t1,t1,t4
   144f8:	02fe05b3          	mul	a1,t3,a5
   144fc:	01031313          	slli	t1,t1,0x10
   14500:	0066e6b3          	or	a3,a3,t1
   14504:	00b6fc63          	bgeu	a3,a1,1451c <__udivdi3+0x18c>
   14508:	00d88333          	add	t1,a7,a3
   1450c:	00030693          	mv	a3,t1
   14510:	00b37463          	bgeu	t1,a1,14518 <__udivdi3+0x188>
   14514:	2d137c63          	bgeu	t1,a7,147ec <__udivdi3+0x45c>
   14518:	fff78793          	addi	a5,a5,-1 # ffff <__HEAP_SIZE+0xdfff>
   1451c:	40b686b3          	sub	a3,a3,a1
   14520:	03d6d333          	divu	t1,a3,t4
   14524:	01071713          	slli	a4,a4,0x10
   14528:	01075713          	srli	a4,a4,0x10
   1452c:	03d6f6b3          	remu	a3,a3,t4
   14530:	026e05b3          	mul	a1,t3,t1
   14534:	01069693          	slli	a3,a3,0x10
   14538:	00d76733          	or	a4,a4,a3
   1453c:	00b77c63          	bgeu	a4,a1,14554 <__udivdi3+0x1c4>
   14540:	00e886b3          	add	a3,a7,a4
   14544:	00068713          	mv	a4,a3
   14548:	00b6f463          	bgeu	a3,a1,14550 <__udivdi3+0x1c0>
   1454c:	2916f463          	bgeu	a3,a7,147d4 <__udivdi3+0x444>
   14550:	fff30313          	addi	t1,t1,-1
   14554:	01079793          	slli	a5,a5,0x10
   14558:	0067e6b3          	or	a3,a5,t1
   1455c:	40b70733          	sub	a4,a4,a1
   14560:	01061793          	slli	a5,a2,0x10
   14564:	01031593          	slli	a1,t1,0x10
   14568:	0107d793          	srli	a5,a5,0x10
   1456c:	0105d593          	srli	a1,a1,0x10
   14570:	0106d313          	srli	t1,a3,0x10
   14574:	01065613          	srli	a2,a2,0x10
   14578:	02f30e33          	mul	t3,t1,a5
   1457c:	02f588b3          	mul	a7,a1,a5
   14580:	02c585b3          	mul	a1,a1,a2
   14584:	0108d793          	srli	a5,a7,0x10
   14588:	01c585b3          	add	a1,a1,t3
   1458c:	00b787b3          	add	a5,a5,a1
   14590:	02c30333          	mul	t1,t1,a2
   14594:	01c7f663          	bgeu	a5,t3,145a0 <__udivdi3+0x210>
   14598:	00010637          	lui	a2,0x10
   1459c:	00c30333          	add	t1,t1,a2
   145a0:	0107d613          	srli	a2,a5,0x10
   145a4:	00660633          	add	a2,a2,t1
   145a8:	02c76063          	bltu	a4,a2,145c8 <__udivdi3+0x238>
   145ac:	01089893          	slli	a7,a7,0x10
   145b0:	0108d893          	srli	a7,a7,0x10
   145b4:	01079793          	slli	a5,a5,0x10
   145b8:	01051533          	sll	a0,a0,a6
   145bc:	011787b3          	add	a5,a5,a7
   145c0:	1ef57e63          	bgeu	a0,a5,147bc <__udivdi3+0x42c>
   145c4:	1ec71c63          	bne	a4,a2,147bc <__udivdi3+0x42c>
   145c8:	fff68513          	addi	a0,a3,-1
   145cc:	00000593          	li	a1,0
   145d0:	00008067          	ret
   145d4:	14060a63          	beqz	a2,14728 <__udivdi3+0x398>
   145d8:	00010737          	lui	a4,0x10
   145dc:	18e67c63          	bgeu	a2,a4,14774 <__udivdi3+0x3e4>
   145e0:	10063893          	sltiu	a7,a2,256
   145e4:	0018b893          	seqz	a7,a7
   145e8:	00389893          	slli	a7,a7,0x3
   145ec:	011656b3          	srl	a3,a2,a7
   145f0:	0000c717          	auipc	a4,0xc
   145f4:	32870713          	addi	a4,a4,808 # 20918 <__clz_tab>
   145f8:	00d70733          	add	a4,a4,a3
   145fc:	00074703          	lbu	a4,0(a4)
   14600:	02000693          	li	a3,32
   14604:	01170733          	add	a4,a4,a7
   14608:	14d70a63          	beq	a4,a3,1475c <__udivdi3+0x3cc>
   1460c:	40e687b3          	sub	a5,a3,a4
   14610:	00f61833          	sll	a6,a2,a5
   14614:	00e5d333          	srl	t1,a1,a4
   14618:	01085893          	srli	a7,a6,0x10
   1461c:	03135e33          	divu	t3,t1,a7
   14620:	01081613          	slli	a2,a6,0x10
   14624:	00f595b3          	sll	a1,a1,a5
   14628:	01065613          	srli	a2,a2,0x10
   1462c:	00e55733          	srl	a4,a0,a4
   14630:	00b76733          	or	a4,a4,a1
   14634:	01075693          	srli	a3,a4,0x10
   14638:	00f517b3          	sll	a5,a0,a5
   1463c:	03137333          	remu	t1,t1,a7
   14640:	03c605b3          	mul	a1,a2,t3
   14644:	01031313          	slli	t1,t1,0x10
   14648:	0066e6b3          	or	a3,a3,t1
   1464c:	00b6fc63          	bgeu	a3,a1,14664 <__udivdi3+0x2d4>
   14650:	00d80533          	add	a0,a6,a3
   14654:	00050693          	mv	a3,a0
   14658:	00b57463          	bgeu	a0,a1,14660 <__udivdi3+0x2d0>
   1465c:	17057663          	bgeu	a0,a6,147c8 <__udivdi3+0x438>
   14660:	fffe0e13          	addi	t3,t3,-1
   14664:	40b686b3          	sub	a3,a3,a1
   14668:	0316d533          	divu	a0,a3,a7
   1466c:	01071713          	slli	a4,a4,0x10
   14670:	01075713          	srli	a4,a4,0x10
   14674:	0316f6b3          	remu	a3,a3,a7
   14678:	02a60333          	mul	t1,a2,a0
   1467c:	01069693          	slli	a3,a3,0x10
   14680:	00d76733          	or	a4,a4,a3
   14684:	00677c63          	bgeu	a4,t1,1469c <__udivdi3+0x30c>
   14688:	00e806b3          	add	a3,a6,a4
   1468c:	00068713          	mv	a4,a3
   14690:	0066f463          	bgeu	a3,t1,14698 <__udivdi3+0x308>
   14694:	1506f663          	bgeu	a3,a6,147e0 <__udivdi3+0x450>
   14698:	fff50513          	addi	a0,a0,-1
   1469c:	010e1593          	slli	a1,t3,0x10
   146a0:	00a5e5b3          	or	a1,a1,a0
   146a4:	40670733          	sub	a4,a4,t1
   146a8:	03175533          	divu	a0,a4,a7
   146ac:	0107d693          	srli	a3,a5,0x10
   146b0:	03177733          	remu	a4,a4,a7
   146b4:	02c50333          	mul	t1,a0,a2
   146b8:	01071713          	slli	a4,a4,0x10
   146bc:	00e6e733          	or	a4,a3,a4
   146c0:	00677c63          	bgeu	a4,t1,146d8 <__udivdi3+0x348>
   146c4:	00e806b3          	add	a3,a6,a4
   146c8:	00068713          	mv	a4,a3
   146cc:	0066f463          	bgeu	a3,t1,146d4 <__udivdi3+0x344>
   146d0:	0d06f663          	bgeu	a3,a6,1479c <__udivdi3+0x40c>
   146d4:	fff50513          	addi	a0,a0,-1
   146d8:	40670733          	sub	a4,a4,t1
   146dc:	031756b3          	divu	a3,a4,a7
   146e0:	01079793          	slli	a5,a5,0x10
   146e4:	0107d793          	srli	a5,a5,0x10
   146e8:	03177733          	remu	a4,a4,a7
   146ec:	02c68633          	mul	a2,a3,a2
   146f0:	01071713          	slli	a4,a4,0x10
   146f4:	00e7e7b3          	or	a5,a5,a4
   146f8:	00c7fa63          	bgeu	a5,a2,1470c <__udivdi3+0x37c>
   146fc:	00f807b3          	add	a5,a6,a5
   14700:	00c7f463          	bgeu	a5,a2,14708 <__udivdi3+0x378>
   14704:	0907f863          	bgeu	a5,a6,14794 <__udivdi3+0x404>
   14708:	fff68693          	addi	a3,a3,-1
   1470c:	01051513          	slli	a0,a0,0x10
   14710:	00d56533          	or	a0,a0,a3
   14714:	00008067          	ret
   14718:	10063313          	sltiu	t1,a2,256
   1471c:	00133313          	seqz	t1,t1
   14720:	00331313          	slli	t1,t1,0x3
   14724:	c99ff06f          	j	143bc <__udivdi3+0x2c>
   14728:	00000693          	li	a3,0
   1472c:	00000893          	li	a7,0
   14730:	ec1ff06f          	j	145f0 <__udivdi3+0x260>
   14734:	1006b793          	sltiu	a5,a3,256
   14738:	0017b793          	seqz	a5,a5
   1473c:	00379793          	slli	a5,a5,0x3
   14740:	d5dff06f          	j	1449c <__udivdi3+0x10c>
   14744:	00c53633          	sltu	a2,a0,a2
   14748:	00b6b6b3          	sltu	a3,a3,a1
   1474c:	00163613          	seqz	a2,a2
   14750:	00c6e533          	or	a0,a3,a2
   14754:	00000593          	li	a1,0
   14758:	00008067          	ret
   1475c:	40c58733          	sub	a4,a1,a2
   14760:	01065893          	srli	a7,a2,0x10
   14764:	01061613          	slli	a2,a2,0x10
   14768:	01065613          	srli	a2,a2,0x10
   1476c:	00100593          	li	a1,1
   14770:	f39ff06f          	j	146a8 <__udivdi3+0x318>
   14774:	01000737          	lui	a4,0x1000
   14778:	00e67863          	bgeu	a2,a4,14788 <__udivdi3+0x3f8>
   1477c:	01065693          	srli	a3,a2,0x10
   14780:	01000893          	li	a7,16
   14784:	e6dff06f          	j	145f0 <__udivdi3+0x260>
   14788:	01865693          	srli	a3,a2,0x18
   1478c:	01800893          	li	a7,24
   14790:	e61ff06f          	j	145f0 <__udivdi3+0x260>
   14794:	ffe68693          	addi	a3,a3,-2
   14798:	f75ff06f          	j	1470c <__udivdi3+0x37c>
   1479c:	ffe50513          	addi	a0,a0,-2
   147a0:	01068733          	add	a4,a3,a6
   147a4:	f35ff06f          	j	146d8 <__udivdi3+0x348>
   147a8:	ffe58593          	addi	a1,a1,-2
   147ac:	cb9ff06f          	j	14464 <__udivdi3+0xd4>
   147b0:	ffe50513          	addi	a0,a0,-2
   147b4:	01088733          	add	a4,a7,a6
   147b8:	c79ff06f          	j	14430 <__udivdi3+0xa0>
   147bc:	00068513          	mv	a0,a3
   147c0:	00000593          	li	a1,0
   147c4:	00008067          	ret
   147c8:	ffee0e13          	addi	t3,t3,-2
   147cc:	010506b3          	add	a3,a0,a6
   147d0:	e95ff06f          	j	14664 <__udivdi3+0x2d4>
   147d4:	ffe30313          	addi	t1,t1,-2
   147d8:	01168733          	add	a4,a3,a7
   147dc:	d79ff06f          	j	14554 <__udivdi3+0x1c4>
   147e0:	ffe50513          	addi	a0,a0,-2
   147e4:	01068733          	add	a4,a3,a6
   147e8:	eb5ff06f          	j	1469c <__udivdi3+0x30c>
   147ec:	ffe78793          	addi	a5,a5,-2
   147f0:	011306b3          	add	a3,t1,a7
   147f4:	d29ff06f          	j	1451c <__udivdi3+0x18c>
