
D:\Desktop\OpenClaw_Workspace\Working\SDK\demos\newlib\coremark\build_O2\coremark.elf:     file format elf32-littleriscv


Disassembly of section .text:

00010000 <_reset_vector>:
   10000:	1000006f          	j	10100 <_start>
	...

00010080 <__vector_table>:
   10080:	0c40006f 3380006f 3340006f 1f80006f     o.@.o..3o.@3o...
   10090:	32c0006f 3280006f 3240006f 14c0006f     o..2o..2o.@2o...
   100a0:	31c0006f 3180006f 3140006f 2740006f     o..1o..1o.@1o.@'
   100b0:	30c0006f 3080006f 3040006f 3000006f     o..0o..0o.@0o..0
   100c0:	2fc0006f 2f80006f 2f40006f 2f00006f     o../o../o.@/o../
   100d0:	2ec0006f 2e80006f 2e40006f 2e00006f     o...o...o.@.o...
   100e0:	2dc0006f 2d80006f 2d40006f 2d00006f     o..-o..-o.@-o..-
   100f0:	2cc0006f 2c80006f 2c40006f 2c00006f     o..,o..,o.@,o..,

00010100 <_start>:
   10100:	00010197          	auipc	gp,0x10
   10104:	76818193          	addi	gp,gp,1896 # 20868 <__global_pointer$>
   10108:	00020117          	auipc	sp,0x20
   1010c:	ef810113          	addi	sp,sp,-264 # 30000 <__stack_top__>
   10110:	00011517          	auipc	a0,0x11
   10114:	88850513          	addi	a0,a0,-1912 # 20998 <errno>
   10118:	00011597          	auipc	a1,0x11
   1011c:	1c458593          	addi	a1,a1,452 # 212dc <__bss_end>
   10120:	00b50863          	beq	a0,a1,10130 <_start+0x30>
   10124:	00052023          	sw	zero,0(a0)
   10128:	00450513          	addi	a0,a0,4
   1012c:	feb56ce3          	bltu	a0,a1,10124 <_start+0x24>
   10130:	00000097          	auipc	ra,0x0
   10134:	2b4080e7          	jalr	692(ra) # 103e4 <_init>
   10138:	00001097          	auipc	ra,0x1
   1013c:	ed0080e7          	jalr	-304(ra) # 11008 <main>
   10140:	0000006f          	j	10140 <_start+0x40>

00010144 <exc_entry>:
   10144:	fb010113          	addi	sp,sp,-80
   10148:	00112023          	sw	ra,0(sp)
   1014c:	00412223          	sw	tp,4(sp)
   10150:	00512423          	sw	t0,8(sp)
   10154:	00612623          	sw	t1,12(sp)
   10158:	00712823          	sw	t2,16(sp)
   1015c:	00a12a23          	sw	a0,20(sp)
   10160:	00b12c23          	sw	a1,24(sp)
   10164:	00c12e23          	sw	a2,28(sp)
   10168:	02d12023          	sw	a3,32(sp)
   1016c:	02e12223          	sw	a4,36(sp)
   10170:	02f12423          	sw	a5,40(sp)
   10174:	03012623          	sw	a6,44(sp)
   10178:	03112823          	sw	a7,48(sp)
   1017c:	03c12a23          	sw	t3,52(sp)
   10180:	03d12c23          	sw	t4,56(sp)
   10184:	03e12e23          	sw	t5,60(sp)
   10188:	05f12023          	sw	t6,64(sp)
   1018c:	34202573          	csrr	a0,mcause
   10190:	341025f3          	csrr	a1,mepc
   10194:	00000097          	auipc	ra,0x0
   10198:	430080e7          	jalr	1072(ra) # 105c4 <serr_handler>
   1019c:	00012083          	lw	ra,0(sp)
   101a0:	00412203          	lw	tp,4(sp)
   101a4:	00812283          	lw	t0,8(sp)
   101a8:	00c12303          	lw	t1,12(sp)
   101ac:	01012383          	lw	t2,16(sp)
   101b0:	01412503          	lw	a0,20(sp)
   101b4:	01812583          	lw	a1,24(sp)
   101b8:	01c12603          	lw	a2,28(sp)
   101bc:	02012683          	lw	a3,32(sp)
   101c0:	02412703          	lw	a4,36(sp)
   101c4:	02812783          	lw	a5,40(sp)
   101c8:	02c12803          	lw	a6,44(sp)
   101cc:	03012883          	lw	a7,48(sp)
   101d0:	03412e03          	lw	t3,52(sp)
   101d4:	03812e83          	lw	t4,56(sp)
   101d8:	03c12f03          	lw	t5,60(sp)
   101dc:	04012f83          	lw	t6,64(sp)
   101e0:	05010113          	addi	sp,sp,80
   101e4:	30200073          	mret

000101e8 <irq_timer_entry>:
   101e8:	fb010113          	addi	sp,sp,-80
   101ec:	00112023          	sw	ra,0(sp)
   101f0:	00412223          	sw	tp,4(sp)
   101f4:	00512423          	sw	t0,8(sp)
   101f8:	00612623          	sw	t1,12(sp)
   101fc:	00712823          	sw	t2,16(sp)
   10200:	00a12a23          	sw	a0,20(sp)
   10204:	00b12c23          	sw	a1,24(sp)
   10208:	00c12e23          	sw	a2,28(sp)
   1020c:	02d12023          	sw	a3,32(sp)
   10210:	02e12223          	sw	a4,36(sp)
   10214:	02f12423          	sw	a5,40(sp)
   10218:	03012623          	sw	a6,44(sp)
   1021c:	03112823          	sw	a7,48(sp)
   10220:	03c12a23          	sw	t3,52(sp)
   10224:	03d12c23          	sw	t4,56(sp)
   10228:	03e12e23          	sw	t5,60(sp)
   1022c:	05f12023          	sw	t6,64(sp)
   10230:	00000097          	auipc	ra,0x0
   10234:	38c080e7          	jalr	908(ra) # 105bc <tmr_irq_handler>
   10238:	00012083          	lw	ra,0(sp)
   1023c:	00412203          	lw	tp,4(sp)
   10240:	00812283          	lw	t0,8(sp)
   10244:	00c12303          	lw	t1,12(sp)
   10248:	01012383          	lw	t2,16(sp)
   1024c:	01412503          	lw	a0,20(sp)
   10250:	01812583          	lw	a1,24(sp)
   10254:	01c12603          	lw	a2,28(sp)
   10258:	02012683          	lw	a3,32(sp)
   1025c:	02412703          	lw	a4,36(sp)
   10260:	02812783          	lw	a5,40(sp)
   10264:	02c12803          	lw	a6,44(sp)
   10268:	03012883          	lw	a7,48(sp)
   1026c:	03412e03          	lw	t3,52(sp)
   10270:	03812e83          	lw	t4,56(sp)
   10274:	03c12f03          	lw	t5,60(sp)
   10278:	04012f83          	lw	t6,64(sp)
   1027c:	05010113          	addi	sp,sp,80
   10280:	30200073          	mret

00010284 <irq_software_entry>:
   10284:	fb010113          	addi	sp,sp,-80
   10288:	00112023          	sw	ra,0(sp)
   1028c:	00412223          	sw	tp,4(sp)
   10290:	00512423          	sw	t0,8(sp)
   10294:	00612623          	sw	t1,12(sp)
   10298:	00712823          	sw	t2,16(sp)
   1029c:	00a12a23          	sw	a0,20(sp)
   102a0:	00b12c23          	sw	a1,24(sp)
   102a4:	00c12e23          	sw	a2,28(sp)
   102a8:	02d12023          	sw	a3,32(sp)
   102ac:	02e12223          	sw	a4,36(sp)
   102b0:	02f12423          	sw	a5,40(sp)
   102b4:	03012623          	sw	a6,44(sp)
   102b8:	03112823          	sw	a7,48(sp)
   102bc:	03c12a23          	sw	t3,52(sp)
   102c0:	03d12c23          	sw	t4,56(sp)
   102c4:	03e12e23          	sw	t5,60(sp)
   102c8:	05f12023          	sw	t6,64(sp)
   102cc:	00000097          	auipc	ra,0x0
   102d0:	2ec080e7          	jalr	748(ra) # 105b8 <sw_irq_handler>
   102d4:	00012083          	lw	ra,0(sp)
   102d8:	00412203          	lw	tp,4(sp)
   102dc:	00812283          	lw	t0,8(sp)
   102e0:	00c12303          	lw	t1,12(sp)
   102e4:	01012383          	lw	t2,16(sp)
   102e8:	01412503          	lw	a0,20(sp)
   102ec:	01812583          	lw	a1,24(sp)
   102f0:	01c12603          	lw	a2,28(sp)
   102f4:	02012683          	lw	a3,32(sp)
   102f8:	02412703          	lw	a4,36(sp)
   102fc:	02812783          	lw	a5,40(sp)
   10300:	02c12803          	lw	a6,44(sp)
   10304:	03012883          	lw	a7,48(sp)
   10308:	03412e03          	lw	t3,52(sp)
   1030c:	03812e83          	lw	t4,56(sp)
   10310:	03c12f03          	lw	t5,60(sp)
   10314:	04012f83          	lw	t6,64(sp)
   10318:	05010113          	addi	sp,sp,80
   1031c:	30200073          	mret

00010320 <irq_external_entry>:
   10320:	fb010113          	addi	sp,sp,-80
   10324:	00112023          	sw	ra,0(sp)
   10328:	00412223          	sw	tp,4(sp)
   1032c:	00512423          	sw	t0,8(sp)
   10330:	00612623          	sw	t1,12(sp)
   10334:	00712823          	sw	t2,16(sp)
   10338:	00a12a23          	sw	a0,20(sp)
   1033c:	00b12c23          	sw	a1,24(sp)
   10340:	00c12e23          	sw	a2,28(sp)
   10344:	02d12023          	sw	a3,32(sp)
   10348:	02e12223          	sw	a4,36(sp)
   1034c:	02f12423          	sw	a5,40(sp)
   10350:	03012623          	sw	a6,44(sp)
   10354:	03112823          	sw	a7,48(sp)
   10358:	03c12a23          	sw	t3,52(sp)
   1035c:	03d12c23          	sw	t4,56(sp)
   10360:	03e12e23          	sw	t5,60(sp)
   10364:	05f12023          	sw	t6,64(sp)
   10368:	00000097          	auipc	ra,0x0
   1036c:	258080e7          	jalr	600(ra) # 105c0 <ext_irq_handler>
   10370:	00012083          	lw	ra,0(sp)
   10374:	00412203          	lw	tp,4(sp)
   10378:	00812283          	lw	t0,8(sp)
   1037c:	00c12303          	lw	t1,12(sp)
   10380:	01012383          	lw	t2,16(sp)
   10384:	01412503          	lw	a0,20(sp)
   10388:	01812583          	lw	a1,24(sp)
   1038c:	01c12603          	lw	a2,28(sp)
   10390:	02012683          	lw	a3,32(sp)
   10394:	02412703          	lw	a4,36(sp)
   10398:	02812783          	lw	a5,40(sp)
   1039c:	02c12803          	lw	a6,44(sp)
   103a0:	03012883          	lw	a7,48(sp)
   103a4:	03412e03          	lw	t3,52(sp)
   103a8:	03812e83          	lw	t4,56(sp)
   103ac:	03c12f03          	lw	t5,60(sp)
   103b0:	04012f83          	lw	t6,64(sp)
   103b4:	05010113          	addi	sp,sp,80
   103b8:	30200073          	mret

000103bc <irq_unhandled>:
   103bc:	10500073          	wfi
   103c0:	ffdff06f          	j	103bc <irq_unhandled>

000103c4 <memset>:
   103c4:	00050313          	mv	t1,a0
   103c8:	00060a63          	beqz	a2,103dc <memset+0x18>
   103cc:	00b30023          	sb	a1,0(t1)
   103d0:	fff60613          	addi	a2,a2,-1
   103d4:	00130313          	addi	t1,t1,1
   103d8:	fe061ae3          	bnez	a2,103cc <memset+0x8>
   103dc:	00008067          	ret

000103e0 <board_init>:
   103e0:	00008067          	ret

000103e4 <_init>:
   103e4:	ff010113          	addi	sp,sp,-16
   103e8:	00112623          	sw	ra,12(sp)
   103ec:	3060d073          	csrwi	mcounteren,1
   103f0:	c0102773          	rdtime	a4
   103f4:	b00027f3          	csrr	a5,mcycle
   103f8:	c01027f3          	rdtime	a5
   103fc:	fef70ce3          	beq	a4,a5,103f4 <_init+0x10>
   10400:	c0102773          	rdtime	a4
   10404:	b00026f3          	csrr	a3,mcycle
   10408:	fee78ce3          	beq	a5,a4,10400 <_init+0x1c>
   1040c:	c0102773          	rdtime	a4
   10410:	b00026f3          	csrr	a3,mcycle
   10414:	c01027f3          	rdtime	a5
   10418:	fef70ce3          	beq	a4,a5,10410 <_init+0x2c>
   1041c:	00002737          	lui	a4,0x2
   10420:	70f70713          	addi	a4,a4,1807 # 270f <__HEAP_SIZE+0x70f>
   10424:	c0102673          	rdtime	a2
   10428:	40f60633          	sub	a2,a2,a5
   1042c:	b00025f3          	csrr	a1,mcycle
   10430:	fec77ae3          	bgeu	a4,a2,10424 <_init+0x40>
   10434:	000f4737          	lui	a4,0xf4
   10438:	24070713          	addi	a4,a4,576 # f4240 <__stack_top__+0xc4240>
   1043c:	40d585b3          	sub	a1,a1,a3
   10440:	02e587b3          	mul	a5,a1,a4
   10444:	00165513          	srli	a0,a2,0x1
   10448:	00000693          	li	a3,0
   1044c:	02e5b5b3          	mulhu	a1,a1,a4
   10450:	00a78533          	add	a0,a5,a0
   10454:	00f537b3          	sltu	a5,a0,a5
   10458:	00b785b3          	add	a1,a5,a1
   1045c:	00004097          	auipc	ra,0x4
   10460:	760080e7          	jalr	1888(ra) # 14bbc <__udivdi3>
   10464:	fbfa1737          	lui	a4,0xfbfa1
   10468:	82070713          	addi	a4,a4,-2016 # fbfa0820 <__stack_top__+0xfbf70820>
   1046c:	00e4e6b7          	lui	a3,0xe4e
   10470:	00e50733          	add	a4,a0,a4
   10474:	1c068693          	addi	a3,a3,448 # e4e1c0 <__stack_top__+0xe1e1c0>
   10478:	00050793          	mv	a5,a0
   1047c:	00e6f663          	bgeu	a3,a4,10488 <_init+0xa4>
   10480:	047877b7          	lui	a5,0x4787
   10484:	8c078793          	addi	a5,a5,-1856 # 47868c0 <__stack_top__+0x47568c0>
   10488:	0001c537          	lui	a0,0x1c
   1048c:	00021737          	lui	a4,0x21
   10490:	20050513          	addi	a0,a0,512 # 1c200 <_etext+0x71dc>
   10494:	9af72823          	sw	a5,-1616(a4) # 209b0 <g_cpu_freq_hz>
   10498:	00000097          	auipc	ra,0x0
   1049c:	034080e7          	jalr	52(ra) # 104cc <uart_init>
   104a0:	00000517          	auipc	a0,0x0
   104a4:	be050513          	addi	a0,a0,-1056 # 10080 <__vector_table>
   104a8:	00156513          	ori	a0,a0,1
   104ac:	30551073          	csrw	mtvec,a0
   104b0:	00000097          	auipc	ra,0x0
   104b4:	f30080e7          	jalr	-208(ra) # 103e0 <board_init>
   104b8:	3fd00513          	li	a0,1021
   104bc:	30652073          	csrs	mcounteren,a0
   104c0:	00c12083          	lw	ra,12(sp)
   104c4:	01010113          	addi	sp,sp,16
   104c8:	00008067          	ret

000104cc <uart_init>:
   104cc:	ff010113          	addi	sp,sp,-16
   104d0:	000217b7          	lui	a5,0x21
   104d4:	00812423          	sw	s0,8(sp)
   104d8:	9b07a403          	lw	s0,-1616(a5) # 209b0 <g_cpu_freq_hz>
   104dc:	00912223          	sw	s1,4(sp)
   104e0:	00112623          	sw	ra,12(sp)
   104e4:	00050493          	mv	s1,a0
   104e8:	06040063          	beqz	s0,10548 <uart_init+0x7c>
   104ec:	00145513          	srli	a0,s0,0x1
   104f0:	00040613          	mv	a2,s0
   104f4:	00449493          	slli	s1,s1,0x4
   104f8:	02945433          	divu	s0,s0,s1
   104fc:	00048593          	mv	a1,s1
   10500:	00000693          	li	a3,0
   10504:	00004097          	auipc	ra,0x4
   10508:	6b8080e7          	jalr	1720(ra) # 14bbc <__udivdi3>
   1050c:	e00107b7          	lui	a5,0xe0010
   10510:	02478713          	addi	a4,a5,36 # e0010024 <__stack_top__+0xdffe0024>
   10514:	00a72023          	sw	a0,0(a4)
   10518:	08000713          	li	a4,128
   1051c:	00e7a623          	sw	a4,12(a5)
   10520:	00c12083          	lw	ra,12(sp)
   10524:	00300693          	li	a3,3
   10528:	00412483          	lw	s1,4(sp)
   1052c:	0ff47413          	zext.b	s0,s0
   10530:	0087a023          	sw	s0,0(a5)
   10534:	00812403          	lw	s0,8(sp)
   10538:	0007a223          	sw	zero,4(a5)
   1053c:	00d7a623          	sw	a3,12(a5)
   10540:	01010113          	addi	sp,sp,16
   10544:	00008067          	ret
   10548:	04787637          	lui	a2,0x4787
   1054c:	8c060613          	addi	a2,a2,-1856 # 47868c0 <__stack_top__+0x47568c0>
   10550:	023c3537          	lui	a0,0x23c3
   10554:	00060413          	mv	s0,a2
   10558:	46050513          	addi	a0,a0,1120 # 23c3460 <__stack_top__+0x2393460>
   1055c:	f99ff06f          	j	104f4 <uart_init+0x28>

00010560 <uart_puts>:
   10560:	00054783          	lbu	a5,0(a0)
   10564:	02078e63          	beqz	a5,105a0 <uart_puts+0x40>
   10568:	e0010737          	lui	a4,0xe0010
   1056c:	01470713          	addi	a4,a4,20 # e0010014 <__stack_top__+0xdffe0014>
   10570:	00a00593          	li	a1,10
   10574:	e0010637          	lui	a2,0xe0010
   10578:	00d00813          	li	a6,13
   1057c:	02b78463          	beq	a5,a1,105a4 <uart_puts+0x44>
   10580:	00054683          	lbu	a3,0(a0)
   10584:	00150513          	addi	a0,a0,1
   10588:	00072783          	lw	a5,0(a4)
   1058c:	0207f793          	andi	a5,a5,32
   10590:	fe078ce3          	beqz	a5,10588 <uart_puts+0x28>
   10594:	00d62023          	sw	a3,0(a2) # e0010000 <__stack_top__+0xdffe0000>
   10598:	00054783          	lbu	a5,0(a0)
   1059c:	fe0790e3          	bnez	a5,1057c <uart_puts+0x1c>
   105a0:	00008067          	ret
   105a4:	00072783          	lw	a5,0(a4)
   105a8:	0207f793          	andi	a5,a5,32
   105ac:	fe078ce3          	beqz	a5,105a4 <uart_puts+0x44>
   105b0:	01062023          	sw	a6,0(a2)
   105b4:	fcdff06f          	j	10580 <uart_puts+0x20>

000105b8 <sw_irq_handler>:
   105b8:	00008067          	ret

000105bc <tmr_irq_handler>:
   105bc:	00008067          	ret

000105c0 <ext_irq_handler>:
   105c0:	00008067          	ret

000105c4 <serr_handler>:
   105c4:	0000006f          	j	105c4 <serr_handler>

000105c8 <_close>:
   105c8:	fff00513          	li	a0,-1
   105cc:	00008067          	ret

000105d0 <_fstat>:
   105d0:	000027b7          	lui	a5,0x2
   105d4:	00f5a223          	sw	a5,4(a1)
   105d8:	00000513          	li	a0,0
   105dc:	00008067          	ret

000105e0 <_isatty>:
   105e0:	00100513          	li	a0,1
   105e4:	00008067          	ret

000105e8 <_lseek>:
   105e8:	00000513          	li	a0,0
   105ec:	00008067          	ret

000105f0 <_read>:
   105f0:	00000513          	li	a0,0
   105f4:	00008067          	ret

000105f8 <_sbrk>:
   105f8:	000206b7          	lui	a3,0x20
   105fc:	0006a703          	lw	a4,0(a3) # 20000 <heap_ptr>
   10600:	000217b7          	lui	a5,0x21
   10604:	2dc78793          	addi	a5,a5,732 # 212dc <__bss_end>
   10608:	00a70533          	add	a0,a4,a0
   1060c:	00f56e63          	bltu	a0,a5,10628 <_sbrk+0x30>
   10610:	000237b7          	lui	a5,0x23
   10614:	2dc78793          	addi	a5,a5,732 # 232dc <__heap_end>
   10618:	00a7e863          	bltu	a5,a0,10628 <_sbrk+0x30>
   1061c:	00a6a023          	sw	a0,0(a3)
   10620:	00070513          	mv	a0,a4
   10624:	00008067          	ret
   10628:	000217b7          	lui	a5,0x21
   1062c:	00c00713          	li	a4,12
   10630:	98e7ac23          	sw	a4,-1640(a5) # 20998 <errno>
   10634:	fff00713          	li	a4,-1
   10638:	00070513          	mv	a0,a4
   1063c:	00008067          	ret

00010640 <_write>:
   10640:	fff50793          	addi	a5,a0,-1
   10644:	00100713          	li	a4,1
   10648:	02f76e63          	bltu	a4,a5,10684 <_write+0x44>
   1064c:	02060863          	beqz	a2,1067c <_write+0x3c>
   10650:	e0010737          	lui	a4,0xe0010
   10654:	00c588b3          	add	a7,a1,a2
   10658:	01470713          	addi	a4,a4,20 # e0010014 <__stack_top__+0xdffe0014>
   1065c:	e0010837          	lui	a6,0xe0010
   10660:	0005c683          	lbu	a3,0(a1)
   10664:	00072783          	lw	a5,0(a4)
   10668:	0207f793          	andi	a5,a5,32
   1066c:	fe078ce3          	beqz	a5,10664 <_write+0x24>
   10670:	00d82023          	sw	a3,0(a6) # e0010000 <__stack_top__+0xdffe0000>
   10674:	00158593          	addi	a1,a1,1
   10678:	ff1594e3          	bne	a1,a7,10660 <_write+0x20>
   1067c:	00060513          	mv	a0,a2
   10680:	00008067          	ret
   10684:	fff00513          	li	a0,-1
   10688:	00008067          	ret

0001068c <print_fixed_scaled>:
   1068c:	0cb05263          	blez	a1,10750 <print_fixed_scaled+0xc4>
   10690:	fe010113          	addi	sp,sp,-32
   10694:	00812c23          	sw	s0,24(sp)
   10698:	00912a23          	sw	s1,20(sp)
   1069c:	00112e23          	sw	ra,28(sp)
   106a0:	00050413          	mv	s0,a0
   106a4:	00058493          	mv	s1,a1
   106a8:	0a054663          	bltz	a0,10754 <print_fixed_scaled+0xc8>
   106ac:	029445b3          	div	a1,s0,s1
   106b0:	00020537          	lui	a0,0x20
   106b4:	26c50513          	addi	a0,a0,620 # 2026c <_impure_ptr+0x204>
   106b8:	00002097          	auipc	ra,0x2
   106bc:	7bc080e7          	jalr	1980(ra) # 12e74 <iprintf>
   106c0:	029467b3          	rem	a5,s0,s1
   106c4:	00079c63          	bnez	a5,106dc <print_fixed_scaled+0x50>
   106c8:	01c12083          	lw	ra,28(sp)
   106cc:	01812403          	lw	s0,24(sp)
   106d0:	01412483          	lw	s1,20(sp)
   106d4:	02010113          	addi	sp,sp,32
   106d8:	00008067          	ret
   106dc:	02e00513          	li	a0,46
   106e0:	01212823          	sw	s2,16(sp)
   106e4:	00f12623          	sw	a5,12(sp)
   106e8:	00002097          	auipc	ra,0x2
   106ec:	7e0080e7          	jalr	2016(ra) # 12ec8 <putchar>
   106f0:	00c12783          	lw	a5,12(sp)
   106f4:	ccccd937          	lui	s2,0xccccd
   106f8:	ccd90913          	addi	s2,s2,-819 # cccccccd <__stack_top__+0xccc9cccd>
   106fc:	00279413          	slli	s0,a5,0x2
   10700:	00f40433          	add	s0,s0,a5
   10704:	00141413          	slli	s0,s0,0x1
   10708:	02945533          	divu	a0,s0,s1
   1070c:	03253733          	mulhu	a4,a0,s2
   10710:	00375713          	srli	a4,a4,0x3
   10714:	00271793          	slli	a5,a4,0x2
   10718:	00e787b3          	add	a5,a5,a4
   1071c:	00179793          	slli	a5,a5,0x1
   10720:	40f50533          	sub	a0,a0,a5
   10724:	03050513          	addi	a0,a0,48
   10728:	00002097          	auipc	ra,0x2
   1072c:	7a0080e7          	jalr	1952(ra) # 12ec8 <putchar>
   10730:	029477b3          	remu	a5,s0,s1
   10734:	fc0794e3          	bnez	a5,106fc <print_fixed_scaled+0x70>
   10738:	01c12083          	lw	ra,28(sp)
   1073c:	01812403          	lw	s0,24(sp)
   10740:	01012903          	lw	s2,16(sp)
   10744:	01412483          	lw	s1,20(sp)
   10748:	02010113          	addi	sp,sp,32
   1074c:	00008067          	ret
   10750:	00008067          	ret
   10754:	02d00513          	li	a0,45
   10758:	00002097          	auipc	ra,0x2
   1075c:	770080e7          	jalr	1904(ra) # 12ec8 <putchar>
   10760:	40800433          	neg	s0,s0
   10764:	f49ff06f          	j	106ac <print_fixed_scaled+0x20>

00010768 <cmp_idx>:
   10768:	00060a63          	beqz	a2,1077c <cmp_idx+0x14>
   1076c:	00251503          	lh	a0,2(a0)
   10770:	00259783          	lh	a5,2(a1)
   10774:	40f50533          	sub	a0,a0,a5
   10778:	00008067          	ret
   1077c:	00051783          	lh	a5,0(a0)
   10780:	01079693          	slli	a3,a5,0x10
   10784:	f007f713          	andi	a4,a5,-256
   10788:	0186d793          	srli	a5,a3,0x18
   1078c:	00f767b3          	or	a5,a4,a5
   10790:	00f51023          	sh	a5,0(a0)
   10794:	00059783          	lh	a5,0(a1)
   10798:	00251503          	lh	a0,2(a0)
   1079c:	01079693          	slli	a3,a5,0x10
   107a0:	f007f713          	andi	a4,a5,-256
   107a4:	0186d793          	srli	a5,a3,0x18
   107a8:	00f767b3          	or	a5,a4,a5
   107ac:	00f59023          	sh	a5,0(a1)
   107b0:	00259783          	lh	a5,2(a1)
   107b4:	40f50533          	sub	a0,a0,a5
   107b8:	00008067          	ret

000107bc <calc_func>:
   107bc:	00051803          	lh	a6,0(a0)
   107c0:	40785793          	srai	a5,a6,0x7
   107c4:	0017f793          	andi	a5,a5,1
   107c8:	00078663          	beqz	a5,107d4 <calc_func+0x18>
   107cc:	07f87513          	andi	a0,a6,127
   107d0:	00008067          	ret
   107d4:	40385713          	srai	a4,a6,0x3
   107d8:	00f77713          	andi	a4,a4,15
   107dc:	fe010113          	addi	sp,sp,-32
   107e0:	00471793          	slli	a5,a4,0x4
   107e4:	00f70633          	add	a2,a4,a5
   107e8:	00812c23          	sw	s0,24(sp)
   107ec:	00112e23          	sw	ra,28(sp)
   107f0:	00912a23          	sw	s1,20(sp)
   107f4:	00787693          	andi	a3,a6,7
   107f8:	0385d783          	lhu	a5,56(a1)
   107fc:	00058893          	mv	a7,a1
   10800:	00050413          	mv	s0,a0
   10804:	00060713          	mv	a4,a2
   10808:	0a068263          	beqz	a3,108ac <calc_func+0xf0>
   1080c:	00100613          	li	a2,1
   10810:	08c69663          	bne	a3,a2,1089c <calc_func+0xe0>
   10814:	00078613          	mv	a2,a5
   10818:	02888513          	addi	a0,a7,40
   1081c:	00070593          	mv	a1,a4
   10820:	01012623          	sw	a6,12(sp)
   10824:	01112423          	sw	a7,8(sp)
   10828:	00001097          	auipc	ra,0x1
   1082c:	63c080e7          	jalr	1596(ra) # 11e64 <core_bench_matrix>
   10830:	00812883          	lw	a7,8(sp)
   10834:	01051493          	slli	s1,a0,0x10
   10838:	00c12803          	lw	a6,12(sp)
   1083c:	03c8d783          	lhu	a5,60(a7)
   10840:	4104d493          	srai	s1,s1,0x10
   10844:	0a079863          	bnez	a5,108f4 <calc_func+0x138>
   10848:	0388d783          	lhu	a5,56(a7)
   1084c:	02a89e23          	sh	a0,60(a7)
   10850:	00078593          	mv	a1,a5
   10854:	01112623          	sw	a7,12(sp)
   10858:	01012423          	sw	a6,8(sp)
   1085c:	00002097          	auipc	ra,0x2
   10860:	d9c080e7          	jalr	-612(ra) # 125f8 <crcu16>
   10864:	00812803          	lw	a6,8(sp)
   10868:	00c12883          	lw	a7,12(sp)
   1086c:	00050793          	mv	a5,a0
   10870:	f0087813          	andi	a6,a6,-256
   10874:	07f4f513          	andi	a0,s1,127
   10878:	01056833          	or	a6,a0,a6
   1087c:	02f89c23          	sh	a5,56(a7)
   10880:	08086813          	ori	a6,a6,128
   10884:	01c12083          	lw	ra,28(sp)
   10888:	01041023          	sh	a6,0(s0)
   1088c:	01812403          	lw	s0,24(sp)
   10890:	01412483          	lw	s1,20(sp)
   10894:	02010113          	addi	sp,sp,32
   10898:	00008067          	ret
   1089c:	01081513          	slli	a0,a6,0x10
   108a0:	01055513          	srli	a0,a0,0x10
   108a4:	00080493          	mv	s1,a6
   108a8:	fa9ff06f          	j	10850 <calc_func+0x94>
   108ac:	02100693          	li	a3,33
   108b0:	00c6e463          	bltu	a3,a2,108b8 <calc_func+0xfc>
   108b4:	02200713          	li	a4,34
   108b8:	00289683          	lh	a3,2(a7)
   108bc:	00089603          	lh	a2,0(a7)
   108c0:	0148a583          	lw	a1,20(a7)
   108c4:	0188a503          	lw	a0,24(a7)
   108c8:	01012623          	sw	a6,12(sp)
   108cc:	01112423          	sw	a7,8(sp)
   108d0:	00002097          	auipc	ra,0x2
   108d4:	b00080e7          	jalr	-1280(ra) # 123d0 <core_bench_state>
   108d8:	00812883          	lw	a7,8(sp)
   108dc:	01051493          	slli	s1,a0,0x10
   108e0:	00c12803          	lw	a6,12(sp)
   108e4:	03e8d783          	lhu	a5,62(a7)
   108e8:	4104d493          	srai	s1,s1,0x10
   108ec:	00079463          	bnez	a5,108f4 <calc_func+0x138>
   108f0:	02a89f23          	sh	a0,62(a7)
   108f4:	0388d783          	lhu	a5,56(a7)
   108f8:	f59ff06f          	j	10850 <calc_func+0x94>

000108fc <cmp_complex>:
   108fc:	fe010113          	addi	sp,sp,-32
   10900:	00912a23          	sw	s1,20(sp)
   10904:	00058493          	mv	s1,a1
   10908:	00060593          	mv	a1,a2
   1090c:	00112e23          	sw	ra,28(sp)
   10910:	00812c23          	sw	s0,24(sp)
   10914:	00c12623          	sw	a2,12(sp)
   10918:	00000097          	auipc	ra,0x0
   1091c:	ea4080e7          	jalr	-348(ra) # 107bc <calc_func>
   10920:	00c12583          	lw	a1,12(sp)
   10924:	00050413          	mv	s0,a0
   10928:	00048513          	mv	a0,s1
   1092c:	00000097          	auipc	ra,0x0
   10930:	e90080e7          	jalr	-368(ra) # 107bc <calc_func>
   10934:	01c12083          	lw	ra,28(sp)
   10938:	40a40533          	sub	a0,s0,a0
   1093c:	01812403          	lw	s0,24(sp)
   10940:	01412483          	lw	s1,20(sp)
   10944:	02010113          	addi	sp,sp,32
   10948:	00008067          	ret

0001094c <core_list_mergesort>:
   1094c:	fd010113          	addi	sp,sp,-48
   10950:	03212023          	sw	s2,32(sp)
   10954:	01512a23          	sw	s5,20(sp)
   10958:	01612823          	sw	s6,16(sp)
   1095c:	01712623          	sw	s7,12(sp)
   10960:	01a12023          	sw	s10,0(sp)
   10964:	00100a93          	li	s5,1
   10968:	02112623          	sw	ra,44(sp)
   1096c:	02812423          	sw	s0,40(sp)
   10970:	02912223          	sw	s1,36(sp)
   10974:	01312e23          	sw	s3,28(sp)
   10978:	01412c23          	sw	s4,24(sp)
   1097c:	01812423          	sw	s8,8(sp)
   10980:	01912223          	sw	s9,4(sp)
   10984:	00050913          	mv	s2,a0
   10988:	00058b93          	mv	s7,a1
   1098c:	00060b13          	mv	s6,a2
   10990:	000a8d13          	mv	s10,s5
   10994:	0e090863          	beqz	s2,10a84 <core_list_mergesort+0x138>
   10998:	00000c93          	li	s9,0
   1099c:	00000493          	li	s1,0
   109a0:	00000c13          	li	s8,0
   109a4:	001c8c93          	addi	s9,s9,1
   109a8:	00090793          	mv	a5,s2
   109ac:	00000413          	li	s0,0
   109b0:	01545863          	bge	s0,s5,109c0 <core_list_mergesort+0x74>
   109b4:	0007a783          	lw	a5,0(a5)
   109b8:	00140413          	addi	s0,s0,1
   109bc:	fe079ae3          	bnez	a5,109b0 <core_list_mergesort+0x64>
   109c0:	00090993          	mv	s3,s2
   109c4:	000a8a13          	mv	s4,s5
   109c8:	00078913          	mv	s2,a5
   109cc:	02805463          	blez	s0,109f4 <core_list_mergesort+0xa8>
   109d0:	000a0463          	beqz	s4,109d8 <core_list_mergesort+0x8c>
   109d4:	02091863          	bnez	s2,10a04 <core_list_mergesort+0xb8>
   109d8:	00048793          	mv	a5,s1
   109dc:	fff40413          	addi	s0,s0,-1
   109e0:	00098493          	mv	s1,s3
   109e4:	0009a983          	lw	s3,0(s3)
   109e8:	04078263          	beqz	a5,10a2c <core_list_mergesort+0xe0>
   109ec:	0097a023          	sw	s1,0(a5)
   109f0:	fe8040e3          	bgtz	s0,109d0 <core_list_mergesort+0x84>
   109f4:	012037b3          	snez	a5,s2
   109f8:	07405a63          	blez	s4,10a6c <core_list_mergesort+0x120>
   109fc:	06078a63          	beqz	a5,10a70 <core_list_mergesort+0x124>
   10a00:	04040463          	beqz	s0,10a48 <core_list_mergesort+0xfc>
   10a04:	00492583          	lw	a1,4(s2)
   10a08:	0049a503          	lw	a0,4(s3)
   10a0c:	000b0613          	mv	a2,s6
   10a10:	000b80e7          	jalr	s7
   10a14:	06a05c63          	blez	a0,10a8c <core_list_mergesort+0x140>
   10a18:	00048793          	mv	a5,s1
   10a1c:	fffa0a13          	addi	s4,s4,-1
   10a20:	00090493          	mv	s1,s2
   10a24:	00092903          	lw	s2,0(s2)
   10a28:	fc0792e3          	bnez	a5,109ec <core_list_mergesort+0xa0>
   10a2c:	00048c13          	mv	s8,s1
   10a30:	f9dff06f          	j	109cc <core_list_mergesort+0x80>
   10a34:	00e4a023          	sw	a4,0(s1)
   10a38:	012037b3          	snez	a5,s2
   10a3c:	00070493          	mv	s1,a4
   10a40:	020a0463          	beqz	s4,10a68 <core_list_mergesort+0x11c>
   10a44:	02078263          	beqz	a5,10a68 <core_list_mergesort+0x11c>
   10a48:	00090713          	mv	a4,s2
   10a4c:	fffa0a13          	addi	s4,s4,-1
   10a50:	00092903          	lw	s2,0(s2)
   10a54:	fe0490e3          	bnez	s1,10a34 <core_list_mergesort+0xe8>
   10a58:	00070c13          	mv	s8,a4
   10a5c:	012037b3          	snez	a5,s2
   10a60:	00070493          	mv	s1,a4
   10a64:	fe0a10e3          	bnez	s4,10a44 <core_list_mergesort+0xf8>
   10a68:	00070493          	mv	s1,a4
   10a6c:	f2079ce3          	bnez	a5,109a4 <core_list_mergesort+0x58>
   10a70:	0004a023          	sw	zero,0(s1)
   10a74:	05ac8663          	beq	s9,s10,10ac0 <core_list_mergesort+0x174>
   10a78:	000c0913          	mv	s2,s8
   10a7c:	001a9a93          	slli	s5,s5,0x1
   10a80:	f0091ce3          	bnez	s2,10998 <core_list_mergesort+0x4c>
   10a84:	00002023          	sw	zero,0(zero) # 0 <__STACK_SIZE-0x1000>
   10a88:	00100073          	ebreak
   10a8c:	0009a703          	lw	a4,0(s3)
   10a90:	fff40413          	addi	s0,s0,-1
   10a94:	00048c63          	beqz	s1,10aac <core_list_mergesort+0x160>
   10a98:	00048793          	mv	a5,s1
   10a9c:	00098493          	mv	s1,s3
   10aa0:	0097a023          	sw	s1,0(a5)
   10aa4:	00070993          	mv	s3,a4
   10aa8:	f49ff06f          	j	109f0 <core_list_mergesort+0xa4>
   10aac:	00098c13          	mv	s8,s3
   10ab0:	00098493          	mv	s1,s3
   10ab4:	00070993          	mv	s3,a4
   10ab8:	f48046e3          	bgtz	s0,10a04 <core_list_mergesort+0xb8>
   10abc:	f39ff06f          	j	109f4 <core_list_mergesort+0xa8>
   10ac0:	02c12083          	lw	ra,44(sp)
   10ac4:	02812403          	lw	s0,40(sp)
   10ac8:	02412483          	lw	s1,36(sp)
   10acc:	02012903          	lw	s2,32(sp)
   10ad0:	01c12983          	lw	s3,28(sp)
   10ad4:	01812a03          	lw	s4,24(sp)
   10ad8:	01412a83          	lw	s5,20(sp)
   10adc:	01012b03          	lw	s6,16(sp)
   10ae0:	00c12b83          	lw	s7,12(sp)
   10ae4:	00412c83          	lw	s9,4(sp)
   10ae8:	00012d03          	lw	s10,0(sp)
   10aec:	000c0513          	mv	a0,s8
   10af0:	00812c03          	lw	s8,8(sp)
   10af4:	03010113          	addi	sp,sp,48
   10af8:	00008067          	ret

00010afc <core_bench_list>:
   10afc:	00451603          	lh	a2,4(a0)
   10b00:	fd010113          	addi	sp,sp,-48
   10b04:	02812423          	sw	s0,40(sp)
   10b08:	02112623          	sw	ra,44(sp)
   10b0c:	02912223          	sw	s1,36(sp)
   10b10:	03212023          	sw	s2,32(sp)
   10b14:	01312e23          	sw	s3,28(sp)
   10b18:	02452403          	lw	s0,36(a0)
   10b1c:	00000313          	li	t1,0
   10b20:	2ac05a63          	blez	a2,10dd4 <core_bench_list+0x2d8>
   10b24:	2a05ce63          	bltz	a1,10de0 <core_bench_list+0x2e4>
   10b28:	2c040e63          	beqz	s0,10e04 <core_bench_list+0x308>
   10b2c:	00058693          	mv	a3,a1
   10b30:	00000e13          	li	t3,0
   10b34:	00000f13          	li	t5,0
   10b38:	00000e93          	li	t4,0
   10b3c:	00000893          	li	a7,0
   10b40:	00040793          	mv	a5,s0
   10b44:	00c0006f          	j	10b50 <core_bench_list+0x54>
   10b48:	0007a783          	lw	a5,0(a5)
   10b4c:	0e078463          	beqz	a5,10c34 <core_bench_list+0x138>
   10b50:	0047a703          	lw	a4,4(a5)
   10b54:	00271803          	lh	a6,2(a4)
   10b58:	fed818e3          	bne	a6,a3,10b48 <core_bench_list+0x4c>
   10b5c:	00000693          	li	a3,0
   10b60:	0080006f          	j	10b68 <core_bench_list+0x6c>
   10b64:	00070413          	mv	s0,a4
   10b68:	00042703          	lw	a4,0(s0)
   10b6c:	00d42023          	sw	a3,0(s0)
   10b70:	00040693          	mv	a3,s0
   10b74:	fe0718e3          	bnez	a4,10b64 <core_bench_list+0x68>
   10b78:	0c078263          	beqz	a5,10c3c <core_bench_list+0x140>
   10b7c:	0047a703          	lw	a4,4(a5)
   10b80:	001e8e93          	addi	t4,t4,1
   10b84:	00071703          	lh	a4,0(a4)
   10b88:	00177693          	andi	a3,a4,1
   10b8c:	00068863          	beqz	a3,10b9c <core_bench_list+0xa0>
   10b90:	40975713          	srai	a4,a4,0x9
   10b94:	00177713          	andi	a4,a4,1
   10b98:	00e888b3          	add	a7,a7,a4
   10b9c:	0007a703          	lw	a4,0(a5)
   10ba0:	00070c63          	beqz	a4,10bb8 <core_bench_list+0xbc>
   10ba4:	00072683          	lw	a3,0(a4)
   10ba8:	00d7a023          	sw	a3,0(a5)
   10bac:	00042783          	lw	a5,0(s0)
   10bb0:	00f72023          	sw	a5,0(a4)
   10bb4:	00e42023          	sw	a4,0(s0)
   10bb8:	04084063          	bltz	a6,10bf8 <core_bench_list+0xfc>
   10bbc:	001e0793          	addi	a5,t3,1
   10bc0:	01079e13          	slli	t3,a5,0x10
   10bc4:	00180693          	addi	a3,a6,1
   10bc8:	01069693          	slli	a3,a3,0x10
   10bcc:	01079793          	slli	a5,a5,0x10
   10bd0:	410e5e13          	srai	t3,t3,0x10
   10bd4:	4106d693          	srai	a3,a3,0x10
   10bd8:	0107d793          	srli	a5,a5,0x10
   10bdc:	09c60463          	beq	a2,t3,10c64 <core_bench_list+0x168>
   10be0:	0ff7f313          	zext.b	t1,a5
   10be4:	f406dee3          	bgez	a3,10b40 <core_bench_list+0x44>
   10be8:	00030693          	mv	a3,t1
   10bec:	00040793          	mv	a5,s0
   10bf0:	ffff8837          	lui	a6,0xffff8
   10bf4:	0300006f          	j	10c24 <core_bench_list+0x128>
   10bf8:	001e0693          	addi	a3,t3,1
   10bfc:	01069e13          	slli	t3,a3,0x10
   10c00:	410e5e13          	srai	t3,t3,0x10
   10c04:	01069693          	slli	a3,a3,0x10
   10c08:	0106d693          	srli	a3,a3,0x10
   10c0c:	05c60a63          	beq	a2,t3,10c60 <core_bench_list+0x164>
   10c10:	0ff6f693          	zext.b	a3,a3
   10c14:	00040793          	mv	a5,s0
   10c18:	00c0006f          	j	10c24 <core_bench_list+0x128>
   10c1c:	0007a783          	lw	a5,0(a5)
   10c20:	02078c63          	beqz	a5,10c58 <core_bench_list+0x15c>
   10c24:	0047a703          	lw	a4,4(a5)
   10c28:	00074303          	lbu	t1,0(a4)
   10c2c:	fed318e3          	bne	t1,a3,10c1c <core_bench_list+0x120>
   10c30:	f2dff06f          	j	10b5c <core_bench_list+0x60>
   10c34:	00068813          	mv	a6,a3
   10c38:	f25ff06f          	j	10b5c <core_bench_list+0x60>
   10c3c:	00042783          	lw	a5,0(s0)
   10c40:	001f0f13          	addi	t5,t5,1
   10c44:	0047a783          	lw	a5,4(a5)
   10c48:	00178783          	lb	a5,1(a5)
   10c4c:	0017f793          	andi	a5,a5,1
   10c50:	00f888b3          	add	a7,a7,a5
   10c54:	f65ff06f          	j	10bb8 <core_bench_list+0xbc>
   10c58:	00068313          	mv	t1,a3
   10c5c:	f01ff06f          	j	10b5c <core_bench_list+0x60>
   10c60:	00080693          	mv	a3,a6
   10c64:	002e9793          	slli	a5,t4,0x2
   10c68:	41e787b3          	sub	a5,a5,t5
   10c6c:	00f888b3          	add	a7,a7,a5
   10c70:	01089493          	slli	s1,a7,0x10
   10c74:	0104d493          	srli	s1,s1,0x10
   10c78:	02b05863          	blez	a1,10ca8 <core_bench_list+0x1ac>
   10c7c:	000115b7          	lui	a1,0x11
   10c80:	00050613          	mv	a2,a0
   10c84:	8fc58593          	addi	a1,a1,-1796 # 108fc <cmp_complex>
   10c88:	00040513          	mv	a0,s0
   10c8c:	00612623          	sw	t1,12(sp)
   10c90:	00d12423          	sw	a3,8(sp)
   10c94:	00000097          	auipc	ra,0x0
   10c98:	cb8080e7          	jalr	-840(ra) # 1094c <core_list_mergesort>
   10c9c:	00c12303          	lw	t1,12(sp)
   10ca0:	00812683          	lw	a3,8(sp)
   10ca4:	00050413          	mv	s0,a0
   10ca8:	00042783          	lw	a5,0(s0)
   10cac:	00040913          	mv	s2,s0
   10cb0:	0007a983          	lw	s3,0(a5)
   10cb4:	0047a703          	lw	a4,4(a5)
   10cb8:	0049a583          	lw	a1,4(s3)
   10cbc:	0009a603          	lw	a2,0(s3)
   10cc0:	00b7a223          	sw	a1,4(a5)
   10cc4:	00e9a223          	sw	a4,4(s3)
   10cc8:	00c7a023          	sw	a2,0(a5)
   10ccc:	0009a023          	sw	zero,0(s3)
   10cd0:	0006d863          	bgez	a3,10ce0 <core_bench_list+0x1e4>
   10cd4:	0c40006f          	j	10d98 <core_bench_list+0x29c>
   10cd8:	00092903          	lw	s2,0(s2)
   10cdc:	0c090663          	beqz	s2,10da8 <core_bench_list+0x2ac>
   10ce0:	00492783          	lw	a5,4(s2)
   10ce4:	00279783          	lh	a5,2(a5)
   10ce8:	fed798e3          	bne	a5,a3,10cd8 <core_bench_list+0x1dc>
   10cec:	00442783          	lw	a5,4(s0)
   10cf0:	00048593          	mv	a1,s1
   10cf4:	00079503          	lh	a0,0(a5)
   10cf8:	00002097          	auipc	ra,0x2
   10cfc:	f48080e7          	jalr	-184(ra) # 12c40 <crc16>
   10d00:	00092903          	lw	s2,0(s2)
   10d04:	00050493          	mv	s1,a0
   10d08:	fe0912e3          	bnez	s2,10cec <core_bench_list+0x1f0>
   10d0c:	00042903          	lw	s2,0(s0)
   10d10:	0049a703          	lw	a4,4(s3)
   10d14:	00492683          	lw	a3,4(s2)
   10d18:	00092783          	lw	a5,0(s2)
   10d1c:	000105b7          	lui	a1,0x10
   10d20:	00d9a223          	sw	a3,4(s3)
   10d24:	00e92223          	sw	a4,4(s2)
   10d28:	00f9a023          	sw	a5,0(s3)
   10d2c:	00040513          	mv	a0,s0
   10d30:	01392023          	sw	s3,0(s2)
   10d34:	76858593          	addi	a1,a1,1896 # 10768 <cmp_idx>
   10d38:	00000613          	li	a2,0
   10d3c:	00000097          	auipc	ra,0x0
   10d40:	c10080e7          	jalr	-1008(ra) # 1094c <core_list_mergesort>
   10d44:	00052403          	lw	s0,0(a0)
   10d48:	00050913          	mv	s2,a0
   10d4c:	02040263          	beqz	s0,10d70 <core_bench_list+0x274>
   10d50:	00492783          	lw	a5,4(s2)
   10d54:	00048593          	mv	a1,s1
   10d58:	00079503          	lh	a0,0(a5)
   10d5c:	00002097          	auipc	ra,0x2
   10d60:	ee4080e7          	jalr	-284(ra) # 12c40 <crc16>
   10d64:	00042403          	lw	s0,0(s0)
   10d68:	00050493          	mv	s1,a0
   10d6c:	fe0412e3          	bnez	s0,10d50 <core_bench_list+0x254>
   10d70:	02c12083          	lw	ra,44(sp)
   10d74:	02812403          	lw	s0,40(sp)
   10d78:	02012903          	lw	s2,32(sp)
   10d7c:	01c12983          	lw	s3,28(sp)
   10d80:	00048513          	mv	a0,s1
   10d84:	02412483          	lw	s1,36(sp)
   10d88:	03010113          	addi	sp,sp,48
   10d8c:	00008067          	ret
   10d90:	00092903          	lw	s2,0(s2)
   10d94:	00090a63          	beqz	s2,10da8 <core_bench_list+0x2ac>
   10d98:	00492783          	lw	a5,4(s2)
   10d9c:	0007c783          	lbu	a5,0(a5)
   10da0:	fef318e3          	bne	t1,a5,10d90 <core_bench_list+0x294>
   10da4:	f49ff06f          	j	10cec <core_bench_list+0x1f0>
   10da8:	00042903          	lw	s2,0(s0)
   10dac:	f60904e3          	beqz	s2,10d14 <core_bench_list+0x218>
   10db0:	00442783          	lw	a5,4(s0)
   10db4:	00048593          	mv	a1,s1
   10db8:	00079503          	lh	a0,0(a5)
   10dbc:	00002097          	auipc	ra,0x2
   10dc0:	e84080e7          	jalr	-380(ra) # 12c40 <crc16>
   10dc4:	00092903          	lw	s2,0(s2)
   10dc8:	00050493          	mv	s1,a0
   10dcc:	f20910e3          	bnez	s2,10cec <core_bench_list+0x1f0>
   10dd0:	f3dff06f          	j	10d0c <core_bench_list+0x210>
   10dd4:	00058693          	mv	a3,a1
   10dd8:	00000493          	li	s1,0
   10ddc:	e9dff06f          	j	10c78 <core_bench_list+0x17c>
   10de0:	02040263          	beqz	s0,10e04 <core_bench_list+0x308>
   10de4:	00058813          	mv	a6,a1
   10de8:	00040793          	mv	a5,s0
   10dec:	00000893          	li	a7,0
   10df0:	00000693          	li	a3,0
   10df4:	00000f13          	li	t5,0
   10df8:	00000e13          	li	t3,0
   10dfc:	00000e93          	li	t4,0
   10e00:	e25ff06f          	j	10c24 <core_bench_list+0x128>
   10e04:	00002783          	lw	a5,0(zero) # 0 <__STACK_SIZE-0x1000>
   10e08:	00100073          	ebreak

00010e0c <core_list_init>:
   10e0c:	ccccd7b7          	lui	a5,0xccccd
   10e10:	ccd78793          	addi	a5,a5,-819 # cccccccd <__stack_top__+0xccc9cccd>
   10e14:	02f538b3          	mulhu	a7,a0,a5
   10e18:	00058513          	mv	a0,a1
   10e1c:	0005a023          	sw	zero,0(a1)
   10e20:	ffff87b7          	lui	a5,0xffff8
   10e24:	08078793          	addi	a5,a5,128 # ffff8080 <__stack_top__+0xfffc8080>
   10e28:	01058693          	addi	a3,a1,16
   10e2c:	ffff8737          	lui	a4,0xffff8
   10e30:	00858593          	addi	a1,a1,8
   10e34:	0048d893          	srli	a7,a7,0x4
   10e38:	ffe88893          	addi	a7,a7,-2
   10e3c:	00389e13          	slli	t3,a7,0x3
   10e40:	01c50e33          	add	t3,a0,t3
   10e44:	01c52223          	sw	t3,4(a0)
   10e48:	00fe1023          	sh	a5,0(t3)
   10e4c:	00289f13          	slli	t5,a7,0x2
   10e50:	000e1123          	sh	zero,2(t3)
   10e54:	01ee0f33          	add	t5,t3,t5
   10e58:	004e0793          	addi	a5,t3,4
   10e5c:	11c6f463          	bgeu	a3,t3,10f64 <core_list_init+0x158>
   10e60:	008e0813          	addi	a6,t3,8
   10e64:	11e87063          	bgeu	a6,t5,10f64 <core_list_init+0x158>
   10e68:	00f52623          	sw	a5,12(a0)
   10e6c:	00052423          	sw	zero,8(a0)
   10e70:	00b52023          	sw	a1,0(a0)
   10e74:	fff74713          	not	a4,a4
   10e78:	fff00793          	li	a5,-1
   10e7c:	00ee1323          	sh	a4,6(t3)
   10e80:	00fe1223          	sh	a5,4(t3)
   10e84:	ffff8fb7          	lui	t6,0xffff8
   10e88:	ffffcf93          	not	t6,t6
   10e8c:	00000713          	li	a4,0
   10e90:	04088c63          	beqz	a7,10ee8 <core_list_init+0xdc>
   10e94:	00c747b3          	xor	a5,a4,a2
   10e98:	00379793          	slli	a5,a5,0x3
   10e9c:	00777593          	andi	a1,a4,7
   10ea0:	0787f793          	andi	a5,a5,120
   10ea4:	00b7e7b3          	or	a5,a5,a1
   10ea8:	00879e93          	slli	t4,a5,0x8
   10eac:	00868313          	addi	t1,a3,8
   10eb0:	00170713          	addi	a4,a4,1 # ffff8001 <__stack_top__+0xfffc8001>
   10eb4:	00480593          	addi	a1,a6,4 # ffff8004 <__stack_top__+0xfffc8004>
   10eb8:	01d787b3          	add	a5,a5,t4
   10ebc:	03c37463          	bgeu	t1,t3,10ee4 <core_list_init+0xd8>
   10ec0:	03e5f263          	bgeu	a1,t5,10ee4 <core_list_init+0xd8>
   10ec4:	00052e83          	lw	t4,0(a0)
   10ec8:	01d6a023          	sw	t4,0(a3)
   10ecc:	00d52023          	sw	a3,0(a0)
   10ed0:	0106a223          	sw	a6,4(a3)
   10ed4:	00f81023          	sh	a5,0(a6)
   10ed8:	01f81123          	sh	t6,2(a6)
   10edc:	00030693          	mv	a3,t1
   10ee0:	00058813          	mv	a6,a1
   10ee4:	fae898e3          	bne	a7,a4,10e94 <core_list_init+0x88>
   10ee8:	00052583          	lw	a1,0(a0)
   10eec:	0005a683          	lw	a3,0(a1)
   10ef0:	06068063          	beqz	a3,10f50 <core_list_init+0x144>
   10ef4:	ccccd7b7          	lui	a5,0xccccd
   10ef8:	ccd78793          	addi	a5,a5,-819 # cccccccd <__stack_top__+0xccc9cccd>
   10efc:	02f8b8b3          	mulhu	a7,a7,a5
   10f00:	00004e37          	lui	t3,0x4
   10f04:	fffe0e13          	addi	t3,t3,-1 # 3fff <__HEAP_SIZE+0x1fff>
   10f08:	20000813          	li	a6,512
   10f0c:	00100713          	li	a4,1
   10f10:	0028d893          	srli	a7,a7,0x2
   10f14:	0080006f          	j	10f1c <core_list_init+0x110>
   10f18:	00030693          	mv	a3,t1
   10f1c:	70087793          	andi	a5,a6,1792
   10f20:	00e64333          	xor	t1,a2,a4
   10f24:	0067e7b3          	or	a5,a5,t1
   10f28:	0045a583          	lw	a1,4(a1)
   10f2c:	01c7f7b3          	and	a5,a5,t3
   10f30:	01177463          	bgeu	a4,a7,10f38 <core_list_init+0x12c>
   10f34:	00070793          	mv	a5,a4
   10f38:	0006a303          	lw	t1,0(a3)
   10f3c:	00f59123          	sh	a5,2(a1)
   10f40:	00170713          	addi	a4,a4,1
   10f44:	10080813          	addi	a6,a6,256
   10f48:	00068593          	mv	a1,a3
   10f4c:	fc0316e3          	bnez	t1,10f18 <core_list_init+0x10c>
   10f50:	000105b7          	lui	a1,0x10
   10f54:	76858593          	addi	a1,a1,1896 # 10768 <cmp_idx>
   10f58:	00000613          	li	a2,0
   10f5c:	00000317          	auipc	t1,0x0
   10f60:	9f030067          	jr	-1552(t1) # 1094c <core_list_mergesort>
   10f64:	00078813          	mv	a6,a5
   10f68:	00058693          	mv	a3,a1
   10f6c:	f19ff06f          	j	10e84 <core_list_init+0x78>

00010f70 <iterate>:
   10f70:	ff010113          	addi	sp,sp,-16
   10f74:	01212023          	sw	s2,0(sp)
   10f78:	01c52903          	lw	s2,28(a0)
   10f7c:	00112623          	sw	ra,12(sp)
   10f80:	02052c23          	sw	zero,56(a0)
   10f84:	02052e23          	sw	zero,60(a0)
   10f88:	06090663          	beqz	s2,10ff4 <iterate+0x84>
   10f8c:	00812423          	sw	s0,8(sp)
   10f90:	00912223          	sw	s1,4(sp)
   10f94:	00050413          	mv	s0,a0
   10f98:	00000493          	li	s1,0
   10f9c:	00100593          	li	a1,1
   10fa0:	00040513          	mv	a0,s0
   10fa4:	00000097          	auipc	ra,0x0
   10fa8:	b58080e7          	jalr	-1192(ra) # 10afc <core_bench_list>
   10fac:	03845583          	lhu	a1,56(s0)
   10fb0:	00001097          	auipc	ra,0x1
   10fb4:	648080e7          	jalr	1608(ra) # 125f8 <crcu16>
   10fb8:	02a41c23          	sh	a0,56(s0)
   10fbc:	fff00593          	li	a1,-1
   10fc0:	00040513          	mv	a0,s0
   10fc4:	00000097          	auipc	ra,0x0
   10fc8:	b38080e7          	jalr	-1224(ra) # 10afc <core_bench_list>
   10fcc:	03845583          	lhu	a1,56(s0)
   10fd0:	00001097          	auipc	ra,0x1
   10fd4:	628080e7          	jalr	1576(ra) # 125f8 <crcu16>
   10fd8:	02a41c23          	sh	a0,56(s0)
   10fdc:	00049463          	bnez	s1,10fe4 <iterate+0x74>
   10fe0:	02a41d23          	sh	a0,58(s0)
   10fe4:	00148493          	addi	s1,s1,1
   10fe8:	fa991ae3          	bne	s2,s1,10f9c <iterate+0x2c>
   10fec:	00812403          	lw	s0,8(sp)
   10ff0:	00412483          	lw	s1,4(sp)
   10ff4:	00c12083          	lw	ra,12(sp)
   10ff8:	00012903          	lw	s2,0(sp)
   10ffc:	00000513          	li	a0,0
   11000:	01010113          	addi	sp,sp,16
   11004:	00008067          	ret

00011008 <main>:
   11008:	f9010113          	addi	sp,sp,-112
   1100c:	00410613          	addi	a2,sp,4
   11010:	00010593          	mv	a1,sp
   11014:	04c10513          	addi	a0,sp,76
   11018:	06112623          	sw	ra,108(sp)
   1101c:	06812423          	sw	s0,104(sp)
   11020:	06912223          	sw	s1,100(sp)
   11024:	07212023          	sw	s2,96(sp)
   11028:	05312e23          	sw	s3,92(sp)
   1102c:	00012023          	sw	zero,0(sp)
   11030:	00001097          	auipc	ra,0x1
   11034:	f0c080e7          	jalr	-244(ra) # 11f3c <portable_init>
   11038:	00100513          	li	a0,1
   1103c:	00001097          	auipc	ra,0x1
   11040:	558080e7          	jalr	1368(ra) # 12594 <get_seed_32>
   11044:	00a11423          	sh	a0,8(sp)
   11048:	00200513          	li	a0,2
   1104c:	00001097          	auipc	ra,0x1
   11050:	548080e7          	jalr	1352(ra) # 12594 <get_seed_32>
   11054:	00a11523          	sh	a0,10(sp)
   11058:	00300513          	li	a0,3
   1105c:	00001097          	auipc	ra,0x1
   11060:	538080e7          	jalr	1336(ra) # 12594 <get_seed_32>
   11064:	00a11623          	sh	a0,12(sp)
   11068:	00400513          	li	a0,4
   1106c:	00001097          	auipc	ra,0x1
   11070:	528080e7          	jalr	1320(ra) # 12594 <get_seed_32>
   11074:	02a12223          	sw	a0,36(sp)
   11078:	00500513          	li	a0,5
   1107c:	00001097          	auipc	ra,0x1
   11080:	518080e7          	jalr	1304(ra) # 12594 <get_seed_32>
   11084:	00051463          	bnez	a0,1108c <main+0x84>
   11088:	00700513          	li	a0,7
   1108c:	00812783          	lw	a5,8(sp)
   11090:	02a12423          	sw	a0,40(sp)
   11094:	5c078263          	beqz	a5,11658 <main+0x650>
   11098:	00100713          	li	a4,1
   1109c:	6ce78063          	beq	a5,a4,1175c <main+0x754>
   110a0:	00021837          	lui	a6,0x21
   110a4:	00257793          	andi	a5,a0,2
   110a8:	00f037b3          	snez	a5,a5
   110ac:	9b480813          	addi	a6,a6,-1612 # 209b4 <static_memblk>
   110b0:	00157713          	andi	a4,a0,1
   110b4:	00f70733          	add	a4,a4,a5
   110b8:	04011423          	sh	zero,72(sp)
   110bc:	01012823          	sw	a6,16(sp)
   110c0:	00457793          	andi	a5,a0,4
   110c4:	00078863          	beqz	a5,110d4 <main+0xcc>
   110c8:	00170713          	addi	a4,a4,1
   110cc:	01071713          	slli	a4,a4,0x10
   110d0:	01075713          	srli	a4,a4,0x10
   110d4:	7d000593          	li	a1,2000
   110d8:	02e5d5b3          	divu	a1,a1,a4
   110dc:	00810693          	addi	a3,sp,8
   110e0:	00000793          	li	a5,0
   110e4:	00000613          	li	a2,0
   110e8:	00100313          	li	t1,1
   110ec:	00300893          	li	a7,3
   110f0:	02b12023          	sw	a1,32(sp)
   110f4:	00f31733          	sll	a4,t1,a5
   110f8:	00a77733          	and	a4,a4,a0
   110fc:	00178793          	addi	a5,a5,1
   11100:	1a071063          	bnez	a4,112a0 <main+0x298>
   11104:	00468693          	addi	a3,a3,4
   11108:	ff1796e3          	bne	a5,a7,110f4 <main+0xec>
   1110c:	02812783          	lw	a5,40(sp)
   11110:	0017f713          	andi	a4,a5,1
   11114:	02070063          	beqz	a4,11134 <main+0x12c>
   11118:	00811603          	lh	a2,8(sp)
   1111c:	01412583          	lw	a1,20(sp)
   11120:	02012503          	lw	a0,32(sp)
   11124:	00000097          	auipc	ra,0x0
   11128:	ce8080e7          	jalr	-792(ra) # 10e0c <core_list_init>
   1112c:	02812783          	lw	a5,40(sp)
   11130:	02a12623          	sw	a0,44(sp)
   11134:	0027f713          	andi	a4,a5,2
   11138:	12071e63          	bnez	a4,11274 <main+0x26c>
   1113c:	0047f793          	andi	a5,a5,4
   11140:	00078c63          	beqz	a5,11158 <main+0x150>
   11144:	01c12603          	lw	a2,28(sp)
   11148:	00811583          	lh	a1,8(sp)
   1114c:	02012503          	lw	a0,32(sp)
   11150:	00001097          	auipc	ra,0x1
   11154:	dfc080e7          	jalr	-516(ra) # 11f4c <core_init_state>
   11158:	02412783          	lw	a5,36(sp)
   1115c:	06079463          	bnez	a5,111c4 <main+0x1bc>
   11160:	00100793          	li	a5,1
   11164:	02f12223          	sw	a5,36(sp)
   11168:	02412703          	lw	a4,36(sp)
   1116c:	00271793          	slli	a5,a4,0x2
   11170:	00e787b3          	add	a5,a5,a4
   11174:	00179793          	slli	a5,a5,0x1
   11178:	02f12223          	sw	a5,36(sp)
   1117c:	00001097          	auipc	ra,0x1
   11180:	d2c080e7          	jalr	-724(ra) # 11ea8 <start_time>
   11184:	00810513          	addi	a0,sp,8
   11188:	00000097          	auipc	ra,0x0
   1118c:	de8080e7          	jalr	-536(ra) # 10f70 <iterate>
   11190:	00001097          	auipc	ra,0x1
   11194:	d38080e7          	jalr	-712(ra) # 11ec8 <stop_time>
   11198:	00001097          	auipc	ra,0x1
   1119c:	d50080e7          	jalr	-688(ra) # 11ee8 <get_time>
   111a0:	00001097          	auipc	ra,0x1
   111a4:	d74080e7          	jalr	-652(ra) # 11f14 <time_in_secs>
   111a8:	fc0500e3          	beqz	a0,11168 <main+0x160>
   111ac:	00a00793          	li	a5,10
   111b0:	02a7d7b3          	divu	a5,a5,a0
   111b4:	02412703          	lw	a4,36(sp)
   111b8:	00178793          	addi	a5,a5,1
   111bc:	02f707b3          	mul	a5,a4,a5
   111c0:	02f12223          	sw	a5,36(sp)
   111c4:	00001097          	auipc	ra,0x1
   111c8:	ce4080e7          	jalr	-796(ra) # 11ea8 <start_time>
   111cc:	00810513          	addi	a0,sp,8
   111d0:	00000097          	auipc	ra,0x0
   111d4:	da0080e7          	jalr	-608(ra) # 10f70 <iterate>
   111d8:	00001097          	auipc	ra,0x1
   111dc:	cf0080e7          	jalr	-784(ra) # 11ec8 <stop_time>
   111e0:	00001097          	auipc	ra,0x1
   111e4:	d08080e7          	jalr	-760(ra) # 11ee8 <get_time>
   111e8:	00050913          	mv	s2,a0
   111ec:	00811503          	lh	a0,8(sp)
   111f0:	00058993          	mv	s3,a1
   111f4:	00000593          	li	a1,0
   111f8:	00002097          	auipc	ra,0x2
   111fc:	a48080e7          	jalr	-1464(ra) # 12c40 <crc16>
   11200:	00050593          	mv	a1,a0
   11204:	00a11503          	lh	a0,10(sp)
   11208:	00002097          	auipc	ra,0x2
   1120c:	a38080e7          	jalr	-1480(ra) # 12c40 <crc16>
   11210:	00050593          	mv	a1,a0
   11214:	00c11503          	lh	a0,12(sp)
   11218:	00002097          	auipc	ra,0x2
   1121c:	a28080e7          	jalr	-1496(ra) # 12c40 <crc16>
   11220:	00050593          	mv	a1,a0
   11224:	02011503          	lh	a0,32(sp)
   11228:	00002097          	auipc	ra,0x2
   1122c:	a18080e7          	jalr	-1512(ra) # 12c40 <crc16>
   11230:	000087b7          	lui	a5,0x8
   11234:	b0578793          	addi	a5,a5,-1275 # 7b05 <__HEAP_SIZE+0x5b05>
   11238:	00050493          	mv	s1,a0
   1123c:	4cf50c63          	beq	a0,a5,11714 <main+0x70c>
   11240:	06a7fe63          	bgeu	a5,a0,112bc <main+0x2b4>
   11244:	000097b7          	lui	a5,0x9
   11248:	a0278793          	addi	a5,a5,-1534 # 8a02 <__HEAP_SIZE+0x6a02>
   1124c:	4ef50c63          	beq	a0,a5,11744 <main+0x73c>
   11250:	0000f7b7          	lui	a5,0xf
   11254:	9f578793          	addi	a5,a5,-1547 # e9f5 <__HEAP_SIZE+0xc9f5>
   11258:	40f51a63          	bne	a0,a5,1166c <main+0x664>
   1125c:	00020537          	lui	a0,0x20
   11260:	2fc50513          	addi	a0,a0,764 # 202fc <_impure_ptr+0x294>
   11264:	00002097          	auipc	ra,0x2
   11268:	de0080e7          	jalr	-544(ra) # 13044 <puts>
   1126c:	00300413          	li	s0,3
   11270:	0780006f          	j	112e8 <main+0x2e0>
   11274:	00a11783          	lh	a5,10(sp)
   11278:	00811603          	lh	a2,8(sp)
   1127c:	01812583          	lw	a1,24(sp)
   11280:	02012503          	lw	a0,32(sp)
   11284:	01079793          	slli	a5,a5,0x10
   11288:	00c7e633          	or	a2,a5,a2
   1128c:	03010693          	addi	a3,sp,48
   11290:	00000097          	auipc	ra,0x0
   11294:	4ec080e7          	jalr	1260(ra) # 1177c <core_init_matrix>
   11298:	02812783          	lw	a5,40(sp)
   1129c:	ea1ff06f          	j	1113c <main+0x134>
   112a0:	02b60733          	mul	a4,a2,a1
   112a4:	00160613          	addi	a2,a2,1
   112a8:	01061613          	slli	a2,a2,0x10
   112ac:	01065613          	srli	a2,a2,0x10
   112b0:	00e80733          	add	a4,a6,a4
   112b4:	00e6a623          	sw	a4,12(a3)
   112b8:	e4dff06f          	j	11104 <main+0xfc>
   112bc:	000027b7          	lui	a5,0x2
   112c0:	8f278793          	addi	a5,a5,-1806 # 18f2 <__STACK_SIZE+0x8f2>
   112c4:	46f50463          	beq	a0,a5,1172c <main+0x724>
   112c8:	000057b7          	lui	a5,0x5
   112cc:	eaf78793          	addi	a5,a5,-337 # 4eaf <__HEAP_SIZE+0x2eaf>
   112d0:	38f51e63          	bne	a0,a5,1166c <main+0x664>
   112d4:	00020537          	lui	a0,0x20
   112d8:	2cc50513          	addi	a0,a0,716 # 202cc <_impure_ptr+0x264>
   112dc:	00002097          	auipc	ra,0x2
   112e0:	d68080e7          	jalr	-664(ra) # 13044 <puts>
   112e4:	00200413          	li	s0,2
   112e8:	02812783          	lw	a5,40(sp)
   112ec:	04011423          	sh	zero,72(sp)
   112f0:	0017f713          	andi	a4,a5,1
   112f4:	04070263          	beqz	a4,11338 <main+0x330>
   112f8:	000206b7          	lui	a3,0x20
   112fc:	7dc68693          	addi	a3,a3,2012 # 207dc <list_known_crc>
   11300:	00141713          	slli	a4,s0,0x1
   11304:	00e686b3          	add	a3,a3,a4
   11308:	0006d683          	lhu	a3,0(a3)
   1130c:	04215603          	lhu	a2,66(sp)
   11310:	02d60463          	beq	a2,a3,11338 <main+0x330>
   11314:	00020537          	lui	a0,0x20
   11318:	35450513          	addi	a0,a0,852 # 20354 <_impure_ptr+0x2ec>
   1131c:	00000593          	li	a1,0
   11320:	00002097          	auipc	ra,0x2
   11324:	b54080e7          	jalr	-1196(ra) # 12e74 <iprintf>
   11328:	04815703          	lhu	a4,72(sp)
   1132c:	02812783          	lw	a5,40(sp)
   11330:	00170713          	addi	a4,a4,1
   11334:	04e11423          	sh	a4,72(sp)
   11338:	0027f713          	andi	a4,a5,2
   1133c:	04070263          	beqz	a4,11380 <main+0x378>
   11340:	000206b7          	lui	a3,0x20
   11344:	7d068693          	addi	a3,a3,2000 # 207d0 <matrix_known_crc>
   11348:	00141713          	slli	a4,s0,0x1
   1134c:	00e686b3          	add	a3,a3,a4
   11350:	0006d683          	lhu	a3,0(a3)
   11354:	04415603          	lhu	a2,68(sp)
   11358:	02d60463          	beq	a2,a3,11380 <main+0x378>
   1135c:	00020537          	lui	a0,0x20
   11360:	38450513          	addi	a0,a0,900 # 20384 <_impure_ptr+0x31c>
   11364:	00000593          	li	a1,0
   11368:	00002097          	auipc	ra,0x2
   1136c:	b0c080e7          	jalr	-1268(ra) # 12e74 <iprintf>
   11370:	04815703          	lhu	a4,72(sp)
   11374:	02812783          	lw	a5,40(sp)
   11378:	00170713          	addi	a4,a4,1
   1137c:	04e11423          	sh	a4,72(sp)
   11380:	0047f793          	andi	a5,a5,4
   11384:	04078063          	beqz	a5,113c4 <main+0x3bc>
   11388:	000207b7          	lui	a5,0x20
   1138c:	00141713          	slli	a4,s0,0x1
   11390:	7c478793          	addi	a5,a5,1988 # 207c4 <state_known_crc>
   11394:	00e787b3          	add	a5,a5,a4
   11398:	0007d683          	lhu	a3,0(a5)
   1139c:	04615603          	lhu	a2,70(sp)
   113a0:	02d60263          	beq	a2,a3,113c4 <main+0x3bc>
   113a4:	00020537          	lui	a0,0x20
   113a8:	3b850513          	addi	a0,a0,952 # 203b8 <_impure_ptr+0x350>
   113ac:	00000593          	li	a1,0
   113b0:	00002097          	auipc	ra,0x2
   113b4:	ac4080e7          	jalr	-1340(ra) # 12e74 <iprintf>
   113b8:	04815783          	lhu	a5,72(sp)
   113bc:	00178793          	addi	a5,a5,1
   113c0:	04f11423          	sh	a5,72(sp)
   113c4:	04811403          	lh	s0,72(sp)
   113c8:	00002097          	auipc	ra,0x2
   113cc:	aa4080e7          	jalr	-1372(ra) # 12e6c <check_data_types>
   113d0:	02012583          	lw	a1,32(sp)
   113d4:	00850433          	add	s0,a0,s0
   113d8:	00020537          	lui	a0,0x20
   113dc:	3e850513          	addi	a0,a0,1000 # 203e8 <_impure_ptr+0x380>
   113e0:	00002097          	auipc	ra,0x2
   113e4:	a94080e7          	jalr	-1388(ra) # 12e74 <iprintf>
   113e8:	00020537          	lui	a0,0x20
   113ec:	00090593          	mv	a1,s2
   113f0:	40050513          	addi	a0,a0,1024 # 20400 <_impure_ptr+0x398>
   113f4:	00002097          	auipc	ra,0x2
   113f8:	a80080e7          	jalr	-1408(ra) # 12e74 <iprintf>
   113fc:	000f4537          	lui	a0,0xf4
   11400:	24050513          	addi	a0,a0,576 # f4240 <__stack_top__+0xc4240>
   11404:	02a985b3          	mul	a1,s3,a0
   11408:	04787637          	lui	a2,0x4787
   1140c:	8c060613          	addi	a2,a2,-1856 # 47868c0 <__stack_top__+0x47568c0>
   11410:	00000693          	li	a3,0
   11414:	01041413          	slli	s0,s0,0x10
   11418:	41045413          	srai	s0,s0,0x10
   1141c:	02a937b3          	mulhu	a5,s2,a0
   11420:	02a90533          	mul	a0,s2,a0
   11424:	00f585b3          	add	a1,a1,a5
   11428:	00003097          	auipc	ra,0x3
   1142c:	794080e7          	jalr	1940(ra) # 14bbc <__udivdi3>
   11430:	00050993          	mv	s3,a0
   11434:	00050593          	mv	a1,a0
   11438:	00020537          	lui	a0,0x20
   1143c:	41850513          	addi	a0,a0,1048 # 20418 <_impure_ptr+0x3b0>
   11440:	00002097          	auipc	ra,0x2
   11444:	a34080e7          	jalr	-1484(ra) # 12e74 <iprintf>
   11448:	22098663          	beqz	s3,11674 <main+0x66c>
   1144c:	02412503          	lw	a0,36(sp)
   11450:	9f7bd7b7          	lui	a5,0x9f7bd
   11454:	c0078793          	addi	a5,a5,-1024 # 9f7bcc00 <__stack_top__+0x9f78cc00>
   11458:	0ae00713          	li	a4,174
   1145c:	02f535b3          	mulhu	a1,a0,a5
   11460:	00090613          	mv	a2,s2
   11464:	00000693          	li	a3,0
   11468:	02e50733          	mul	a4,a0,a4
   1146c:	02f50533          	mul	a0,a0,a5
   11470:	00b705b3          	add	a1,a4,a1
   11474:	00003097          	auipc	ra,0x3
   11478:	748080e7          	jalr	1864(ra) # 14bbc <__udivdi3>
   1147c:	00050913          	mv	s2,a0
   11480:	00020537          	lui	a0,0x20
   11484:	43050513          	addi	a0,a0,1072 # 20430 <_impure_ptr+0x3c8>
   11488:	00058993          	mv	s3,a1
   1148c:	00002097          	auipc	ra,0x2
   11490:	9e8080e7          	jalr	-1560(ra) # 12e74 <iprintf>
   11494:	000025b7          	lui	a1,0x2
   11498:	71058593          	addi	a1,a1,1808 # 2710 <__HEAP_SIZE+0x710>
   1149c:	00090513          	mv	a0,s2
   114a0:	fffff097          	auipc	ra,0xfffff
   114a4:	1ec080e7          	jalr	492(ra) # 1068c <print_fixed_scaled>
   114a8:	00a00513          	li	a0,10
   114ac:	00002097          	auipc	ra,0x2
   114b0:	a1c080e7          	jalr	-1508(ra) # 12ec8 <putchar>
   114b4:	00020537          	lui	a0,0x20
   114b8:	44450513          	addi	a0,a0,1092 # 20444 <_impure_ptr+0x3dc>
   114bc:	00002097          	auipc	ra,0x2
   114c0:	9b8080e7          	jalr	-1608(ra) # 12e74 <iprintf>
   114c4:	04b00613          	li	a2,75
   114c8:	00000693          	li	a3,0
   114cc:	00090513          	mv	a0,s2
   114d0:	00098593          	mv	a1,s3
   114d4:	00003097          	auipc	ra,0x3
   114d8:	6e8080e7          	jalr	1768(ra) # 14bbc <__udivdi3>
   114dc:	000025b7          	lui	a1,0x2
   114e0:	71058593          	addi	a1,a1,1808 # 2710 <__HEAP_SIZE+0x710>
   114e4:	fffff097          	auipc	ra,0xfffff
   114e8:	1a8080e7          	jalr	424(ra) # 1068c <print_fixed_scaled>
   114ec:	00a00513          	li	a0,10
   114f0:	00002097          	auipc	ra,0x2
   114f4:	9d8080e7          	jalr	-1576(ra) # 12ec8 <putchar>
   114f8:	bc602973          	csrr	s2,0xbc6
   114fc:	bc9029f3          	csrr	s3,0xbc9
   11500:	00020537          	lui	a0,0x20
   11504:	00090593          	mv	a1,s2
   11508:	49850513          	addi	a0,a0,1176 # 20498 <_impure_ptr+0x430>
   1150c:	00002097          	auipc	ra,0x2
   11510:	968080e7          	jalr	-1688(ra) # 12e74 <iprintf>
   11514:	00020537          	lui	a0,0x20
   11518:	00098593          	mv	a1,s3
   1151c:	4b050513          	addi	a0,a0,1200 # 204b0 <_impure_ptr+0x448>
   11520:	00002097          	auipc	ra,0x2
   11524:	954080e7          	jalr	-1708(ra) # 12e74 <iprintf>
   11528:	18091263          	bnez	s2,116ac <main+0x6a4>
   1152c:	02412583          	lw	a1,36(sp)
   11530:	00020537          	lui	a0,0x20
   11534:	4e050513          	addi	a0,a0,1248 # 204e0 <_impure_ptr+0x478>
   11538:	00002097          	auipc	ra,0x2
   1153c:	93c080e7          	jalr	-1732(ra) # 12e74 <iprintf>
   11540:	000205b7          	lui	a1,0x20
   11544:	00020537          	lui	a0,0x20
   11548:	4f858593          	addi	a1,a1,1272 # 204f8 <_impure_ptr+0x490>
   1154c:	50450513          	addi	a0,a0,1284 # 20504 <_impure_ptr+0x49c>
   11550:	00002097          	auipc	ra,0x2
   11554:	924080e7          	jalr	-1756(ra) # 12e74 <iprintf>
   11558:	000205b7          	lui	a1,0x20
   1155c:	00020537          	lui	a0,0x20
   11560:	51c58593          	addi	a1,a1,1308 # 2051c <_impure_ptr+0x4b4>
   11564:	54050513          	addi	a0,a0,1344 # 20540 <_impure_ptr+0x4d8>
   11568:	00002097          	auipc	ra,0x2
   1156c:	90c080e7          	jalr	-1780(ra) # 12e74 <iprintf>
   11570:	000205b7          	lui	a1,0x20
   11574:	00020537          	lui	a0,0x20
   11578:	55858593          	addi	a1,a1,1368 # 20558 <_impure_ptr+0x4f0>
   1157c:	56050513          	addi	a0,a0,1376 # 20560 <_impure_ptr+0x4f8>
   11580:	00002097          	auipc	ra,0x2
   11584:	8f4080e7          	jalr	-1804(ra) # 12e74 <iprintf>
   11588:	00020537          	lui	a0,0x20
   1158c:	00048593          	mv	a1,s1
   11590:	57850513          	addi	a0,a0,1400 # 20578 <_impure_ptr+0x510>
   11594:	00002097          	auipc	ra,0x2
   11598:	8e0080e7          	jalr	-1824(ra) # 12e74 <iprintf>
   1159c:	02812783          	lw	a5,40(sp)
   115a0:	0017f713          	andi	a4,a5,1
   115a4:	02070063          	beqz	a4,115c4 <main+0x5bc>
   115a8:	04215603          	lhu	a2,66(sp)
   115ac:	00020537          	lui	a0,0x20
   115b0:	59450513          	addi	a0,a0,1428 # 20594 <_impure_ptr+0x52c>
   115b4:	00000593          	li	a1,0
   115b8:	00002097          	auipc	ra,0x2
   115bc:	8bc080e7          	jalr	-1860(ra) # 12e74 <iprintf>
   115c0:	02812783          	lw	a5,40(sp)
   115c4:	0027f713          	andi	a4,a5,2
   115c8:	02070063          	beqz	a4,115e8 <main+0x5e0>
   115cc:	04415603          	lhu	a2,68(sp)
   115d0:	00020537          	lui	a0,0x20
   115d4:	5b050513          	addi	a0,a0,1456 # 205b0 <_impure_ptr+0x548>
   115d8:	00000593          	li	a1,0
   115dc:	00002097          	auipc	ra,0x2
   115e0:	898080e7          	jalr	-1896(ra) # 12e74 <iprintf>
   115e4:	02812783          	lw	a5,40(sp)
   115e8:	0047f793          	andi	a5,a5,4
   115ec:	00078e63          	beqz	a5,11608 <main+0x600>
   115f0:	04615603          	lhu	a2,70(sp)
   115f4:	00020537          	lui	a0,0x20
   115f8:	5cc50513          	addi	a0,a0,1484 # 205cc <_impure_ptr+0x564>
   115fc:	00000593          	li	a1,0
   11600:	00002097          	auipc	ra,0x2
   11604:	874080e7          	jalr	-1932(ra) # 12e74 <iprintf>
   11608:	04015603          	lhu	a2,64(sp)
   1160c:	00020537          	lui	a0,0x20
   11610:	5e850513          	addi	a0,a0,1512 # 205e8 <_impure_ptr+0x580>
   11614:	00000593          	li	a1,0
   11618:	00002097          	auipc	ra,0x2
   1161c:	85c080e7          	jalr	-1956(ra) # 12e74 <iprintf>
   11620:	06040c63          	beqz	s0,11698 <main+0x690>
   11624:	0c805e63          	blez	s0,11700 <main+0x6f8>
   11628:	00020537          	lui	a0,0x20
   1162c:	6b050513          	addi	a0,a0,1712 # 206b0 <_impure_ptr+0x648>
   11630:	00002097          	auipc	ra,0x2
   11634:	a14080e7          	jalr	-1516(ra) # 13044 <puts>
   11638:	06c12083          	lw	ra,108(sp)
   1163c:	06812403          	lw	s0,104(sp)
   11640:	06412483          	lw	s1,100(sp)
   11644:	06012903          	lw	s2,96(sp)
   11648:	05c12983          	lw	s3,92(sp)
   1164c:	00000513          	li	a0,0
   11650:	07010113          	addi	sp,sp,112
   11654:	00008067          	ret
   11658:	00c11783          	lh	a5,12(sp)
   1165c:	a40792e3          	bnez	a5,110a0 <main+0x98>
   11660:	06600793          	li	a5,102
   11664:	00f11623          	sh	a5,12(sp)
   11668:	a39ff06f          	j	110a0 <main+0x98>
   1166c:	fff00413          	li	s0,-1
   11670:	d59ff06f          	j	113c8 <main+0x3c0>
   11674:	00020537          	lui	a0,0x20
   11678:	45850513          	addi	a0,a0,1112 # 20458 <_impure_ptr+0x3f0>
   1167c:	00002097          	auipc	ra,0x2
   11680:	9c8080e7          	jalr	-1592(ra) # 13044 <puts>
   11684:	00020537          	lui	a0,0x20
   11688:	48050513          	addi	a0,a0,1152 # 20480 <_impure_ptr+0x418>
   1168c:	00002097          	auipc	ra,0x2
   11690:	9b8080e7          	jalr	-1608(ra) # 13044 <puts>
   11694:	e65ff06f          	j	114f8 <main+0x4f0>
   11698:	00020537          	lui	a0,0x20
   1169c:	60450513          	addi	a0,a0,1540 # 20604 <_impure_ptr+0x59c>
   116a0:	00002097          	auipc	ra,0x2
   116a4:	9a4080e7          	jalr	-1628(ra) # 13044 <puts>
   116a8:	f91ff06f          	j	11638 <main+0x630>
   116ac:	00020537          	lui	a0,0x20
   116b0:	4c850513          	addi	a0,a0,1224 # 204c8 <_impure_ptr+0x460>
   116b4:	00001097          	auipc	ra,0x1
   116b8:	7c0080e7          	jalr	1984(ra) # 12e74 <iprintf>
   116bc:	00002537          	lui	a0,0x2
   116c0:	413909b3          	sub	s3,s2,s3
   116c4:	71050513          	addi	a0,a0,1808 # 2710 <__HEAP_SIZE+0x710>
   116c8:	02a9b5b3          	mulhu	a1,s3,a0
   116cc:	00090613          	mv	a2,s2
   116d0:	00000693          	li	a3,0
   116d4:	02a98533          	mul	a0,s3,a0
   116d8:	00003097          	auipc	ra,0x3
   116dc:	4e4080e7          	jalr	1252(ra) # 14bbc <__udivdi3>
   116e0:	06400593          	li	a1,100
   116e4:	fffff097          	auipc	ra,0xfffff
   116e8:	fa8080e7          	jalr	-88(ra) # 1068c <print_fixed_scaled>
   116ec:	00020537          	lui	a0,0x20
   116f0:	4dc50513          	addi	a0,a0,1244 # 204dc <_impure_ptr+0x474>
   116f4:	00001097          	auipc	ra,0x1
   116f8:	780080e7          	jalr	1920(ra) # 12e74 <iprintf>
   116fc:	e31ff06f          	j	1152c <main+0x524>
   11700:	00020537          	lui	a0,0x20
   11704:	64c50513          	addi	a0,a0,1612 # 2064c <_impure_ptr+0x5e4>
   11708:	00002097          	auipc	ra,0x2
   1170c:	93c080e7          	jalr	-1732(ra) # 13044 <puts>
   11710:	f29ff06f          	j	11638 <main+0x630>
   11714:	00020537          	lui	a0,0x20
   11718:	29c50513          	addi	a0,a0,668 # 2029c <_impure_ptr+0x234>
   1171c:	00002097          	auipc	ra,0x2
   11720:	928080e7          	jalr	-1752(ra) # 13044 <puts>
   11724:	00100413          	li	s0,1
   11728:	bc1ff06f          	j	112e8 <main+0x2e0>
   1172c:	00020537          	lui	a0,0x20
   11730:	32850513          	addi	a0,a0,808 # 20328 <_impure_ptr+0x2c0>
   11734:	00002097          	auipc	ra,0x2
   11738:	910080e7          	jalr	-1776(ra) # 13044 <puts>
   1173c:	00400413          	li	s0,4
   11740:	ba9ff06f          	j	112e8 <main+0x2e0>
   11744:	00020537          	lui	a0,0x20
   11748:	27050513          	addi	a0,a0,624 # 20270 <_impure_ptr+0x208>
   1174c:	00002097          	auipc	ra,0x2
   11750:	8f8080e7          	jalr	-1800(ra) # 13044 <puts>
   11754:	00000413          	li	s0,0
   11758:	b91ff06f          	j	112e8 <main+0x2e0>
   1175c:	00c11783          	lh	a5,12(sp)
   11760:	940790e3          	bnez	a5,110a0 <main+0x98>
   11764:	341537b7          	lui	a5,0x34153
   11768:	41578793          	addi	a5,a5,1045 # 34153415 <__stack_top__+0x34123415>
   1176c:	06600713          	li	a4,102
   11770:	00f12423          	sw	a5,8(sp)
   11774:	00e11623          	sh	a4,12(sp)
   11778:	929ff06f          	j	110a0 <main+0x98>

0001177c <core_init_matrix>:
   1177c:	ff010113          	addi	sp,sp,-16
   11780:	00912423          	sw	s1,8(sp)
   11784:	01212223          	sw	s2,4(sp)
   11788:	00050813          	mv	a6,a0
   1178c:	00061463          	bnez	a2,11794 <core_init_matrix+0x18>
   11790:	00100613          	li	a2,1
   11794:	00358593          	addi	a1,a1,3
   11798:	ffc5f393          	andi	t2,a1,-4
   1179c:	00000793          	li	a5,0
   117a0:	0c080a63          	beqz	a6,11874 <core_init_matrix+0xf8>
   117a4:	00078513          	mv	a0,a5
   117a8:	00178793          	addi	a5,a5,1
   117ac:	02f78733          	mul	a4,a5,a5
   117b0:	00371713          	slli	a4,a4,0x3
   117b4:	ff0768e3          	bltu	a4,a6,117a4 <core_init_matrix+0x28>
   117b8:	02a502b3          	mul	t0,a0,a0
   117bc:	00129293          	slli	t0,t0,0x1
   117c0:	005384b3          	add	s1,t2,t0
   117c4:	0c050463          	beqz	a0,1188c <core_init_matrix+0x110>
   117c8:	00812623          	sw	s0,12(sp)
   117cc:	00050913          	mv	s2,a0
   117d0:	00150313          	addi	t1,a0,1
   117d4:	00151413          	slli	s0,a0,0x1
   117d8:	00048f13          	mv	t5,s1
   117dc:	00000e93          	li	t4,0
   117e0:	00100793          	li	a5,1
   117e4:	40938e33          	sub	t3,t2,s1
   117e8:	00078f93          	mv	t6,a5
   117ec:	000f0593          	mv	a1,t5
   117f0:	02f60633          	mul	a2,a2,a5
   117f4:	00be08b3          	add	a7,t3,a1
   117f8:	00258593          	addi	a1,a1,2
   117fc:	41f65713          	srai	a4,a2,0x1f
   11800:	01075713          	srli	a4,a4,0x10
   11804:	00e60633          	add	a2,a2,a4
   11808:	01061613          	slli	a2,a2,0x10
   1180c:	01065613          	srli	a2,a2,0x10
   11810:	40e60633          	sub	a2,a2,a4
   11814:	00c78833          	add	a6,a5,a2
   11818:	00f80733          	add	a4,a6,a5
   1181c:	ff059f23          	sh	a6,-2(a1)
   11820:	0ff77713          	zext.b	a4,a4
   11824:	00178793          	addi	a5,a5,1
   11828:	00e89023          	sh	a4,0(a7)
   1182c:	fc6792e3          	bne	a5,t1,117f0 <core_init_matrix+0x74>
   11830:	001e8e93          	addi	t4,t4,1
   11834:	01f507b3          	add	a5,a0,t6
   11838:	00a30333          	add	t1,t1,a0
   1183c:	008f0f33          	add	t5,t5,s0
   11840:	faae94e3          	bne	t4,a0,117e8 <core_init_matrix+0x6c>
   11844:	00c12403          	lw	s0,12(sp)
   11848:	005487b3          	add	a5,s1,t0
   1184c:	00378793          	addi	a5,a5,3
   11850:	ffc7f793          	andi	a5,a5,-4
   11854:	0096a423          	sw	s1,8(a3)
   11858:	0126a023          	sw	s2,0(a3)
   1185c:	00f6a623          	sw	a5,12(a3)
   11860:	0076a223          	sw	t2,4(a3)
   11864:	00812483          	lw	s1,8(sp)
   11868:	00412903          	lw	s2,4(sp)
   1186c:	01010113          	addi	sp,sp,16
   11870:	00008067          	ret
   11874:	fff00913          	li	s2,-1
   11878:	00812623          	sw	s0,12(sp)
   1187c:	00090513          	mv	a0,s2
   11880:	00238493          	addi	s1,t2,2
   11884:	00200293          	li	t0,2
   11888:	f49ff06f          	j	117d0 <core_init_matrix+0x54>
   1188c:	00000293          	li	t0,0
   11890:	00000913          	li	s2,0
   11894:	fb5ff06f          	j	11848 <core_init_matrix+0xcc>

00011898 <matrix_mul_vect>:
   11898:	04050a63          	beqz	a0,118ec <matrix_mul_vect+0x54>
   1189c:	00251f13          	slli	t5,a0,0x2
   118a0:	00151e13          	slli	t3,a0,0x1
   118a4:	01e58f33          	add	t5,a1,t5
   118a8:	01c68e33          	add	t3,a3,t3
   118ac:	00000e93          	li	t4,0
   118b0:	001e9813          	slli	a6,t4,0x1
   118b4:	01060833          	add	a6,a2,a6
   118b8:	00068793          	mv	a5,a3
   118bc:	00000893          	li	a7,0
   118c0:	00081703          	lh	a4,0(a6)
   118c4:	00079303          	lh	t1,0(a5)
   118c8:	00278793          	addi	a5,a5,2
   118cc:	00280813          	addi	a6,a6,2
   118d0:	02670733          	mul	a4,a4,t1
   118d4:	00e888b3          	add	a7,a7,a4
   118d8:	fefe14e3          	bne	t3,a5,118c0 <matrix_mul_vect+0x28>
   118dc:	0115a023          	sw	a7,0(a1)
   118e0:	00458593          	addi	a1,a1,4
   118e4:	00ae8eb3          	add	t4,t4,a0
   118e8:	fcbf14e3          	bne	t5,a1,118b0 <matrix_mul_vect+0x18>
   118ec:	00008067          	ret

000118f0 <matrix_mul_matrix>:
   118f0:	08050e63          	beqz	a0,1198c <matrix_mul_matrix+0x9c>
   118f4:	ff010113          	addi	sp,sp,-16
   118f8:	00151313          	slli	t1,a0,0x1
   118fc:	00812623          	sw	s0,12(sp)
   11900:	00060293          	mv	t0,a2
   11904:	00068413          	mv	s0,a3
   11908:	00660e33          	add	t3,a2,t1
   1190c:	00000393          	li	t2,0
   11910:	00000693          	li	a3,0
   11914:	00239e93          	slli	t4,t2,0x2
   11918:	01d58eb3          	add	t4,a1,t4
   1191c:	00040f13          	mv	t5,s0
   11920:	00000f93          	li	t6,0
   11924:	000f0613          	mv	a2,t5
   11928:	00028793          	mv	a5,t0
   1192c:	00000813          	li	a6,0
   11930:	00079703          	lh	a4,0(a5)
   11934:	00061883          	lh	a7,0(a2)
   11938:	00278793          	addi	a5,a5,2
   1193c:	00660633          	add	a2,a2,t1
   11940:	03170733          	mul	a4,a4,a7
   11944:	00e80833          	add	a6,a6,a4
   11948:	fefe14e3          	bne	t3,a5,11930 <matrix_mul_matrix+0x40>
   1194c:	010ea023          	sw	a6,0(t4)
   11950:	001f8793          	addi	a5,t6,1 # ffff8001 <__stack_top__+0xfffc8001>
   11954:	004e8e93          	addi	t4,t4,4
   11958:	002f0f13          	addi	t5,t5,2
   1195c:	00f50663          	beq	a0,a5,11968 <matrix_mul_matrix+0x78>
   11960:	00078f93          	mv	t6,a5
   11964:	fc1ff06f          	j	11924 <matrix_mul_matrix+0x34>
   11968:	006282b3          	add	t0,t0,t1
   1196c:	00a383b3          	add	t2,t2,a0
   11970:	006e0e33          	add	t3,t3,t1
   11974:	01f68663          	beq	a3,t6,11980 <matrix_mul_matrix+0x90>
   11978:	00168693          	addi	a3,a3,1
   1197c:	f99ff06f          	j	11914 <matrix_mul_matrix+0x24>
   11980:	00c12403          	lw	s0,12(sp)
   11984:	01010113          	addi	sp,sp,16
   11988:	00008067          	ret
   1198c:	00008067          	ret

00011990 <matrix_mul_matrix_bitextract>:
   11990:	0a050863          	beqz	a0,11a40 <matrix_mul_matrix_bitextract+0xb0>
   11994:	ff010113          	addi	sp,sp,-16
   11998:	00151313          	slli	t1,a0,0x1
   1199c:	00812623          	sw	s0,12(sp)
   119a0:	00060293          	mv	t0,a2
   119a4:	00068413          	mv	s0,a3
   119a8:	00660e33          	add	t3,a2,t1
   119ac:	00000393          	li	t2,0
   119b0:	00000693          	li	a3,0
   119b4:	00239e93          	slli	t4,t2,0x2
   119b8:	01d58eb3          	add	t4,a1,t4
   119bc:	00040f13          	mv	t5,s0
   119c0:	00000f93          	li	t6,0
   119c4:	000f0813          	mv	a6,t5
   119c8:	00028613          	mv	a2,t0
   119cc:	00000893          	li	a7,0
   119d0:	00081703          	lh	a4,0(a6)
   119d4:	00061783          	lh	a5,0(a2)
   119d8:	00260613          	addi	a2,a2,2
   119dc:	00680833          	add	a6,a6,t1
   119e0:	02e787b3          	mul	a5,a5,a4
   119e4:	4027d713          	srai	a4,a5,0x2
   119e8:	4057d793          	srai	a5,a5,0x5
   119ec:	00f77713          	andi	a4,a4,15
   119f0:	07f7f793          	andi	a5,a5,127
   119f4:	02f707b3          	mul	a5,a4,a5
   119f8:	00f888b3          	add	a7,a7,a5
   119fc:	fcce1ae3          	bne	t3,a2,119d0 <matrix_mul_matrix_bitextract+0x40>
   11a00:	011ea023          	sw	a7,0(t4)
   11a04:	001f8793          	addi	a5,t6,1
   11a08:	004e8e93          	addi	t4,t4,4
   11a0c:	002f0f13          	addi	t5,t5,2
   11a10:	00f50663          	beq	a0,a5,11a1c <matrix_mul_matrix_bitextract+0x8c>
   11a14:	00078f93          	mv	t6,a5
   11a18:	fadff06f          	j	119c4 <matrix_mul_matrix_bitextract+0x34>
   11a1c:	006282b3          	add	t0,t0,t1
   11a20:	00a383b3          	add	t2,t2,a0
   11a24:	006e0e33          	add	t3,t3,t1
   11a28:	01f68663          	beq	a3,t6,11a34 <matrix_mul_matrix_bitextract+0xa4>
   11a2c:	00168693          	addi	a3,a3,1
   11a30:	f85ff06f          	j	119b4 <matrix_mul_matrix_bitextract+0x24>
   11a34:	00c12403          	lw	s0,12(sp)
   11a38:	01010113          	addi	sp,sp,16
   11a3c:	00008067          	ret
   11a40:	00008067          	ret

00011a44 <matrix_test>:
   11a44:	fd010113          	addi	sp,sp,-48
   11a48:	03212023          	sw	s2,32(sp)
   11a4c:	01312e23          	sw	s3,28(sp)
   11a50:	01512a23          	sw	s5,20(sp)
   11a54:	02112623          	sw	ra,44(sp)
   11a58:	02812423          	sw	s0,40(sp)
   11a5c:	00058a93          	mv	s5,a1
   11a60:	00060913          	mv	s2,a2
   11a64:	00068993          	mv	s3,a3
   11a68:	36050463          	beqz	a0,11dd0 <matrix_test+0x38c>
   11a6c:	00151593          	slli	a1,a0,0x1
   11a70:	02912223          	sw	s1,36(sp)
   11a74:	01412c23          	sw	s4,24(sp)
   11a78:	00b60633          	add	a2,a2,a1
   11a7c:	00070a13          	mv	s4,a4
   11a80:	fffff4b7          	lui	s1,0xfffff
   11a84:	01612823          	sw	s6,16(sp)
   11a88:	01712623          	sw	s7,12(sp)
   11a8c:	01812423          	sw	s8,8(sp)
   11a90:	01912223          	sw	s9,4(sp)
   11a94:	00060713          	mv	a4,a2
   11a98:	009a64b3          	or	s1,s4,s1
   11a9c:	00000b13          	li	s6,0
   11aa0:	40b707b3          	sub	a5,a4,a1
   11aa4:	0007d683          	lhu	a3,0(a5)
   11aa8:	00278793          	addi	a5,a5,2
   11aac:	00da06b3          	add	a3,s4,a3
   11ab0:	fed79f23          	sh	a3,-2(a5)
   11ab4:	fee798e3          	bne	a5,a4,11aa4 <matrix_test+0x60>
   11ab8:	001b0413          	addi	s0,s6,1
   11abc:	00b78733          	add	a4,a5,a1
   11ac0:	00850663          	beq	a0,s0,11acc <matrix_test+0x88>
   11ac4:	00040b13          	mv	s6,s0
   11ac8:	fd9ff06f          	j	11aa0 <matrix_test+0x5c>
   11acc:	00000513          	li	a0,0
   11ad0:	00000813          	li	a6,0
   11ad4:	00251713          	slli	a4,a0,0x2
   11ad8:	00ea8733          	add	a4,s5,a4
   11adc:	40b607b3          	sub	a5,a2,a1
   11ae0:	00079683          	lh	a3,0(a5)
   11ae4:	00278793          	addi	a5,a5,2
   11ae8:	00470713          	addi	a4,a4,4
   11aec:	034686b3          	mul	a3,a3,s4
   11af0:	fed72e23          	sw	a3,-4(a4)
   11af4:	fef616e3          	bne	a2,a5,11ae0 <matrix_test+0x9c>
   11af8:	00850533          	add	a0,a0,s0
   11afc:	00b60633          	add	a2,a2,a1
   11b00:	01680663          	beq	a6,s6,11b0c <matrix_test+0xc8>
   11b04:	00180813          	addi	a6,a6,1
   11b08:	fcdff06f          	j	11ad4 <matrix_test+0x90>
   11b0c:	00241c13          	slli	s8,s0,0x2
   11b10:	018a8bb3          	add	s7,s5,s8
   11b14:	000b8813          	mv	a6,s7
   11b18:	00000693          	li	a3,0
   11b1c:	00000713          	li	a4,0
   11b20:	00000513          	li	a0,0
   11b24:	00000893          	li	a7,0
   11b28:	418807b3          	sub	a5,a6,s8
   11b2c:	0180006f          	j	11b44 <matrix_test+0x100>
   11b30:	00c505b3          	add	a1,a0,a2
   11b34:	01059513          	slli	a0,a1,0x10
   11b38:	00478793          	addi	a5,a5,4
   11b3c:	41055513          	srai	a0,a0,0x10
   11b40:	02f80863          	beq	a6,a5,11b70 <matrix_test+0x12c>
   11b44:	00068613          	mv	a2,a3
   11b48:	0007a683          	lw	a3,0(a5)
   11b4c:	00a50593          	addi	a1,a0,10
   11b50:	00d70733          	add	a4,a4,a3
   11b54:	00d62633          	slt	a2,a2,a3
   11b58:	fce4dce3          	bge	s1,a4,11b30 <matrix_test+0xec>
   11b5c:	01059513          	slli	a0,a1,0x10
   11b60:	00478793          	addi	a5,a5,4
   11b64:	00000713          	li	a4,0
   11b68:	41055513          	srai	a0,a0,0x10
   11b6c:	fcf81ce3          	bne	a6,a5,11b44 <matrix_test+0x100>
   11b70:	01880833          	add	a6,a6,s8
   11b74:	011b0663          	beq	s6,a7,11b80 <matrix_test+0x13c>
   11b78:	00188893          	addi	a7,a7,1
   11b7c:	fadff06f          	j	11b28 <matrix_test+0xe4>
   11b80:	00000593          	li	a1,0
   11b84:	00001097          	auipc	ra,0x1
   11b88:	0bc080e7          	jalr	188(ra) # 12c40 <crc16>
   11b8c:	00098693          	mv	a3,s3
   11b90:	00050c93          	mv	s9,a0
   11b94:	00090613          	mv	a2,s2
   11b98:	00040513          	mv	a0,s0
   11b9c:	000a8593          	mv	a1,s5
   11ba0:	00000097          	auipc	ra,0x0
   11ba4:	cf8080e7          	jalr	-776(ra) # 11898 <matrix_mul_vect>
   11ba8:	00000693          	li	a3,0
   11bac:	00000713          	li	a4,0
   11bb0:	00000513          	li	a0,0
   11bb4:	00000813          	li	a6,0
   11bb8:	418b87b3          	sub	a5,s7,s8
   11bbc:	0180006f          	j	11bd4 <matrix_test+0x190>
   11bc0:	00c505b3          	add	a1,a0,a2
   11bc4:	01059513          	slli	a0,a1,0x10
   11bc8:	00478793          	addi	a5,a5,4
   11bcc:	41055513          	srai	a0,a0,0x10
   11bd0:	03778863          	beq	a5,s7,11c00 <matrix_test+0x1bc>
   11bd4:	00068613          	mv	a2,a3
   11bd8:	0007a683          	lw	a3,0(a5)
   11bdc:	00a50593          	addi	a1,a0,10
   11be0:	00d70733          	add	a4,a4,a3
   11be4:	00d62633          	slt	a2,a2,a3
   11be8:	fce4dce3          	bge	s1,a4,11bc0 <matrix_test+0x17c>
   11bec:	01059513          	slli	a0,a1,0x10
   11bf0:	00478793          	addi	a5,a5,4
   11bf4:	00000713          	li	a4,0
   11bf8:	41055513          	srai	a0,a0,0x10
   11bfc:	fd779ce3          	bne	a5,s7,11bd4 <matrix_test+0x190>
   11c00:	01878bb3          	add	s7,a5,s8
   11c04:	01680663          	beq	a6,s6,11c10 <matrix_test+0x1cc>
   11c08:	00180813          	addi	a6,a6,1
   11c0c:	fadff06f          	j	11bb8 <matrix_test+0x174>
   11c10:	000c8593          	mv	a1,s9
   11c14:	00001097          	auipc	ra,0x1
   11c18:	02c080e7          	jalr	44(ra) # 12c40 <crc16>
   11c1c:	00098693          	mv	a3,s3
   11c20:	00050b13          	mv	s6,a0
   11c24:	00090613          	mv	a2,s2
   11c28:	00040513          	mv	a0,s0
   11c2c:	000a8593          	mv	a1,s5
   11c30:	00000097          	auipc	ra,0x0
   11c34:	cc0080e7          	jalr	-832(ra) # 118f0 <matrix_mul_matrix>
   11c38:	00000313          	li	t1,0
   11c3c:	00000793          	li	a5,0
   11c40:	00000693          	li	a3,0
   11c44:	00000513          	li	a0,0
   11c48:	00000893          	li	a7,0
   11c4c:	00231613          	slli	a2,t1,0x2
   11c50:	00ca8633          	add	a2,s5,a2
   11c54:	00000593          	li	a1,0
   11c58:	01c0006f          	j	11c74 <matrix_test+0x230>
   11c5c:	00e50833          	add	a6,a0,a4
   11c60:	01081513          	slli	a0,a6,0x10
   11c64:	00158593          	addi	a1,a1,1
   11c68:	41055513          	srai	a0,a0,0x10
   11c6c:	00460613          	addi	a2,a2,4
   11c70:	0285fa63          	bgeu	a1,s0,11ca4 <matrix_test+0x260>
   11c74:	00078713          	mv	a4,a5
   11c78:	00062783          	lw	a5,0(a2)
   11c7c:	00a50813          	addi	a6,a0,10
   11c80:	00f686b3          	add	a3,a3,a5
   11c84:	00f72733          	slt	a4,a4,a5
   11c88:	fcd4dae3          	bge	s1,a3,11c5c <matrix_test+0x218>
   11c8c:	01081513          	slli	a0,a6,0x10
   11c90:	00158593          	addi	a1,a1,1
   11c94:	00000693          	li	a3,0
   11c98:	41055513          	srai	a0,a0,0x10
   11c9c:	00460613          	addi	a2,a2,4
   11ca0:	fc85eae3          	bltu	a1,s0,11c74 <matrix_test+0x230>
   11ca4:	00188893          	addi	a7,a7,1
   11ca8:	00830333          	add	t1,t1,s0
   11cac:	fa88e0e3          	bltu	a7,s0,11c4c <matrix_test+0x208>
   11cb0:	000b0593          	mv	a1,s6
   11cb4:	00001097          	auipc	ra,0x1
   11cb8:	f8c080e7          	jalr	-116(ra) # 12c40 <crc16>
   11cbc:	00098693          	mv	a3,s3
   11cc0:	00050b13          	mv	s6,a0
   11cc4:	00090613          	mv	a2,s2
   11cc8:	00040513          	mv	a0,s0
   11ccc:	000a8593          	mv	a1,s5
   11cd0:	00000097          	auipc	ra,0x0
   11cd4:	cc0080e7          	jalr	-832(ra) # 11990 <matrix_mul_matrix_bitextract>
   11cd8:	00000313          	li	t1,0
   11cdc:	00000793          	li	a5,0
   11ce0:	00000693          	li	a3,0
   11ce4:	00000513          	li	a0,0
   11ce8:	00000893          	li	a7,0
   11cec:	00231613          	slli	a2,t1,0x2
   11cf0:	00ca8633          	add	a2,s5,a2
   11cf4:	00000593          	li	a1,0
   11cf8:	01c0006f          	j	11d14 <matrix_test+0x2d0>
   11cfc:	00e50833          	add	a6,a0,a4
   11d00:	01081513          	slli	a0,a6,0x10
   11d04:	00158593          	addi	a1,a1,1
   11d08:	41055513          	srai	a0,a0,0x10
   11d0c:	00460613          	addi	a2,a2,4
   11d10:	0285fa63          	bgeu	a1,s0,11d44 <matrix_test+0x300>
   11d14:	00078713          	mv	a4,a5
   11d18:	00062783          	lw	a5,0(a2)
   11d1c:	00a50813          	addi	a6,a0,10
   11d20:	00f686b3          	add	a3,a3,a5
   11d24:	00f72733          	slt	a4,a4,a5
   11d28:	fcd4dae3          	bge	s1,a3,11cfc <matrix_test+0x2b8>
   11d2c:	01081513          	slli	a0,a6,0x10
   11d30:	00158593          	addi	a1,a1,1
   11d34:	00000693          	li	a3,0
   11d38:	41055513          	srai	a0,a0,0x10
   11d3c:	00460613          	addi	a2,a2,4
   11d40:	fc85eae3          	bltu	a1,s0,11d14 <matrix_test+0x2d0>
   11d44:	00188893          	addi	a7,a7,1
   11d48:	00830333          	add	t1,t1,s0
   11d4c:	fa88e0e3          	bltu	a7,s0,11cec <matrix_test+0x2a8>
   11d50:	000b0593          	mv	a1,s6
   11d54:	00001097          	auipc	ra,0x1
   11d58:	eec080e7          	jalr	-276(ra) # 12c40 <crc16>
   11d5c:	00000593          	li	a1,0
   11d60:	00000613          	li	a2,0
   11d64:	00159793          	slli	a5,a1,0x1
   11d68:	00f907b3          	add	a5,s2,a5
   11d6c:	00000713          	li	a4,0
   11d70:	0007d683          	lhu	a3,0(a5)
   11d74:	00170713          	addi	a4,a4,1
   11d78:	00278793          	addi	a5,a5,2
   11d7c:	414686b3          	sub	a3,a3,s4
   11d80:	fed79f23          	sh	a3,-2(a5)
   11d84:	fe8766e3          	bltu	a4,s0,11d70 <matrix_test+0x32c>
   11d88:	00160613          	addi	a2,a2,1
   11d8c:	008585b3          	add	a1,a1,s0
   11d90:	fc866ae3          	bltu	a2,s0,11d64 <matrix_test+0x320>
   11d94:	02412483          	lw	s1,36(sp)
   11d98:	01812a03          	lw	s4,24(sp)
   11d9c:	01012b03          	lw	s6,16(sp)
   11da0:	00c12b83          	lw	s7,12(sp)
   11da4:	00812c03          	lw	s8,8(sp)
   11da8:	00412c83          	lw	s9,4(sp)
   11dac:	02c12083          	lw	ra,44(sp)
   11db0:	02812403          	lw	s0,40(sp)
   11db4:	01051513          	slli	a0,a0,0x10
   11db8:	02012903          	lw	s2,32(sp)
   11dbc:	01c12983          	lw	s3,28(sp)
   11dc0:	01412a83          	lw	s5,20(sp)
   11dc4:	41055513          	srai	a0,a0,0x10
   11dc8:	03010113          	addi	sp,sp,48
   11dcc:	00008067          	ret
   11dd0:	00000593          	li	a1,0
   11dd4:	00001097          	auipc	ra,0x1
   11dd8:	e6c080e7          	jalr	-404(ra) # 12c40 <crc16>
   11ddc:	00098693          	mv	a3,s3
   11de0:	00090613          	mv	a2,s2
   11de4:	00050413          	mv	s0,a0
   11de8:	000a8593          	mv	a1,s5
   11dec:	00000513          	li	a0,0
   11df0:	00000097          	auipc	ra,0x0
   11df4:	aa8080e7          	jalr	-1368(ra) # 11898 <matrix_mul_vect>
   11df8:	00040593          	mv	a1,s0
   11dfc:	00000513          	li	a0,0
   11e00:	00001097          	auipc	ra,0x1
   11e04:	e40080e7          	jalr	-448(ra) # 12c40 <crc16>
   11e08:	00098693          	mv	a3,s3
   11e0c:	00090613          	mv	a2,s2
   11e10:	00050413          	mv	s0,a0
   11e14:	000a8593          	mv	a1,s5
   11e18:	00000513          	li	a0,0
   11e1c:	00000097          	auipc	ra,0x0
   11e20:	ad4080e7          	jalr	-1324(ra) # 118f0 <matrix_mul_matrix>
   11e24:	00040593          	mv	a1,s0
   11e28:	00000513          	li	a0,0
   11e2c:	00001097          	auipc	ra,0x1
   11e30:	e14080e7          	jalr	-492(ra) # 12c40 <crc16>
   11e34:	00050413          	mv	s0,a0
   11e38:	000a8593          	mv	a1,s5
   11e3c:	00098693          	mv	a3,s3
   11e40:	00090613          	mv	a2,s2
   11e44:	00000513          	li	a0,0
   11e48:	00000097          	auipc	ra,0x0
   11e4c:	b48080e7          	jalr	-1208(ra) # 11990 <matrix_mul_matrix_bitextract>
   11e50:	00040593          	mv	a1,s0
   11e54:	00000513          	li	a0,0
   11e58:	00001097          	auipc	ra,0x1
   11e5c:	de8080e7          	jalr	-536(ra) # 12c40 <crc16>
   11e60:	f4dff06f          	j	11dac <matrix_test+0x368>

00011e64 <core_bench_matrix>:
   11e64:	ff010113          	addi	sp,sp,-16
   11e68:	00812423          	sw	s0,8(sp)
   11e6c:	00852683          	lw	a3,8(a0)
   11e70:	00060413          	mv	s0,a2
   11e74:	00058713          	mv	a4,a1
   11e78:	00452603          	lw	a2,4(a0)
   11e7c:	00c52583          	lw	a1,12(a0)
   11e80:	00052503          	lw	a0,0(a0)
   11e84:	00112623          	sw	ra,12(sp)
   11e88:	00000097          	auipc	ra,0x0
   11e8c:	bbc080e7          	jalr	-1092(ra) # 11a44 <matrix_test>
   11e90:	00040593          	mv	a1,s0
   11e94:	00812403          	lw	s0,8(sp)
   11e98:	00c12083          	lw	ra,12(sp)
   11e9c:	01010113          	addi	sp,sp,16
   11ea0:	00001317          	auipc	t1,0x1
   11ea4:	da030067          	jr	-608(t1) # 12c40 <crc16>

00011ea8 <start_time>:
   11ea8:	b80027f3          	csrr	a5,mcycleh
   11eac:	b00026f3          	csrr	a3,mcycle
   11eb0:	b8002773          	csrr	a4,mcycleh
   11eb4:	fee79ae3          	bne	a5,a4,11ea8 <start_time>
   11eb8:	00021737          	lui	a4,0x21
   11ebc:	18d72823          	sw	a3,400(a4) # 21190 <t0>
   11ec0:	18f72a23          	sw	a5,404(a4)
   11ec4:	00008067          	ret

00011ec8 <stop_time>:
   11ec8:	b80027f3          	csrr	a5,mcycleh
   11ecc:	b00026f3          	csrr	a3,mcycle
   11ed0:	b8002773          	csrr	a4,mcycleh
   11ed4:	fee79ae3          	bne	a5,a4,11ec8 <stop_time>
   11ed8:	00021737          	lui	a4,0x21
   11edc:	18d72423          	sw	a3,392(a4) # 21188 <t1>
   11ee0:	18f72623          	sw	a5,396(a4)
   11ee4:	00008067          	ret

00011ee8 <get_time>:
   11ee8:	000216b7          	lui	a3,0x21
   11eec:	00021737          	lui	a4,0x21
   11ef0:	1886a783          	lw	a5,392(a3) # 21188 <t1>
   11ef4:	19072503          	lw	a0,400(a4) # 21190 <t0>
   11ef8:	18c6a583          	lw	a1,396(a3)
   11efc:	19472703          	lw	a4,404(a4)
   11f00:	40a78533          	sub	a0,a5,a0
   11f04:	00a7b7b3          	sltu	a5,a5,a0
   11f08:	40e585b3          	sub	a1,a1,a4
   11f0c:	40f585b3          	sub	a1,a1,a5
   11f10:	00008067          	ret

00011f14 <time_in_secs>:
   11f14:	04787637          	lui	a2,0x4787
   11f18:	ff010113          	addi	sp,sp,-16
   11f1c:	8c060613          	addi	a2,a2,-1856 # 47868c0 <__stack_top__+0x47568c0>
   11f20:	00000693          	li	a3,0
   11f24:	00112623          	sw	ra,12(sp)
   11f28:	00003097          	auipc	ra,0x3
   11f2c:	c94080e7          	jalr	-876(ra) # 14bbc <__udivdi3>
   11f30:	00c12083          	lw	ra,12(sp)
   11f34:	01010113          	addi	sp,sp,16
   11f38:	00008067          	ret

00011f3c <portable_init>:
   11f3c:	00020537          	lui	a0,0x20
   11f40:	6c050513          	addi	a0,a0,1728 # 206c0 <_impure_ptr+0x658>
   11f44:	ffffe317          	auipc	t1,0xffffe
   11f48:	61c30067          	jr	1564(t1) # 10560 <uart_puts>

00011f4c <core_init_state>:
   11f4c:	ff010113          	addi	sp,sp,-16
   11f50:	00912423          	sw	s1,8(sp)
   11f54:	01212223          	sw	s2,4(sp)
   11f58:	fff50813          	addi	a6,a0,-1
   11f5c:	00100e13          	li	t3,1
   11f60:	00060893          	mv	a7,a2
   11f64:	170e7c63          	bgeu	t3,a6,120dc <core_init_state+0x190>
   11f68:	01c586b3          	add	a3,a1,t3
   11f6c:	01069693          	slli	a3,a3,0x10
   11f70:	0106d693          	srli	a3,a3,0x10
   11f74:	00812623          	sw	s0,12(sp)
   11f78:	000202b7          	lui	t0,0x20
   11f7c:	00020fb7          	lui	t6,0x20
   11f80:	00021f37          	lui	t5,0x21
   11f84:	00021eb7          	lui	t4,0x21
   11f88:	01b69413          	slli	s0,a3,0x1b
   11f8c:	01312023          	sw	s3,0(sp)
   11f90:	00700593          	li	a1,7
   11f94:	0076f613          	andi	a2,a3,7
   11f98:	7e828293          	addi	t0,t0,2024 # 207e8 <errpat>
   11f9c:	7f8f8f93          	addi	t6,t6,2040 # 207f8 <scipat>
   11fa0:	808f0f13          	addi	t5,t5,-2040 # 20808 <floatpat>
   11fa4:	818e8e93          	addi	t4,t4,-2024 # 20818 <intpat>
   11fa8:	00000913          	li	s2,0
   11fac:	00400313          	li	t1,4
   11fb0:	02c00393          	li	t2,44
   11fb4:	01e45793          	srli	a5,s0,0x1e
   11fb8:	06b60e63          	beq	a2,a1,12034 <core_init_state+0xe8>
   11fbc:	0cc36a63          	bltu	t1,a2,12090 <core_init_state+0x144>
   11fc0:	ffd60613          	addi	a2,a2,-3
   11fc4:	01061613          	slli	a2,a2,0x10
   11fc8:	01065613          	srli	a2,a2,0x10
   11fcc:	00279793          	slli	a5,a5,0x2
   11fd0:	0ace6863          	bltu	t3,a2,12080 <core_init_state+0x134>
   11fd4:	00ff07b3          	add	a5,t5,a5
   11fd8:	0007a783          	lw	a5,0(a5)
   11fdc:	00800413          	li	s0,8
   11fe0:	00190493          	addi	s1,s2,1
   11fe4:	008489b3          	add	s3,s1,s0
   11fe8:	0709f463          	bgeu	s3,a6,12050 <core_init_state+0x104>
   11fec:	00168693          	addi	a3,a3,1
   11ff0:	01288933          	add	s2,a7,s2
   11ff4:	01069693          	slli	a3,a3,0x10
   11ff8:	0106d693          	srli	a3,a3,0x10
   11ffc:	00090713          	mv	a4,s2
   12000:	008784b3          	add	s1,a5,s0
   12004:	0007c603          	lbu	a2,0(a5)
   12008:	00178793          	addi	a5,a5,1
   1200c:	00170713          	addi	a4,a4,1
   12010:	fec70fa3          	sb	a2,-1(a4)
   12014:	fef498e3          	bne	s1,a5,12004 <core_init_state+0xb8>
   12018:	00890733          	add	a4,s2,s0
   1201c:	00770023          	sb	t2,0(a4)
   12020:	01b69413          	slli	s0,a3,0x1b
   12024:	0076f613          	andi	a2,a3,7
   12028:	00098913          	mv	s2,s3
   1202c:	01e45793          	srli	a5,s0,0x1e
   12030:	f8b616e3          	bne	a2,a1,11fbc <core_init_state+0x70>
   12034:	00279793          	slli	a5,a5,0x2
   12038:	00800413          	li	s0,8
   1203c:	00190493          	addi	s1,s2,1
   12040:	00f287b3          	add	a5,t0,a5
   12044:	008489b3          	add	s3,s1,s0
   12048:	0007a783          	lw	a5,0(a5)
   1204c:	fb09e0e3          	bltu	s3,a6,11fec <core_init_state+0xa0>
   12050:	06a97a63          	bgeu	s2,a0,120c4 <core_init_state+0x178>
   12054:	00c12403          	lw	s0,12(sp)
   12058:	00012983          	lw	s3,0(sp)
   1205c:	00100613          	li	a2,1
   12060:	04957263          	bgeu	a0,s1,120a4 <core_init_state+0x158>
   12064:	00812483          	lw	s1,8(sp)
   12068:	01288533          	add	a0,a7,s2
   1206c:	00412903          	lw	s2,4(sp)
   12070:	00000593          	li	a1,0
   12074:	01010113          	addi	sp,sp,16
   12078:	ffffe317          	auipc	t1,0xffffe
   1207c:	34c30067          	jr	844(t1) # 103c4 <memset>
   12080:	00fe87b3          	add	a5,t4,a5
   12084:	0007a783          	lw	a5,0(a5)
   12088:	00400413          	li	s0,4
   1208c:	f55ff06f          	j	11fe0 <core_init_state+0x94>
   12090:	00279793          	slli	a5,a5,0x2
   12094:	00ff87b3          	add	a5,t6,a5
   12098:	0007a783          	lw	a5,0(a5)
   1209c:	00800413          	li	s0,8
   120a0:	f41ff06f          	j	11fe0 <core_init_state+0x94>
   120a4:	00812483          	lw	s1,8(sp)
   120a8:	41250633          	sub	a2,a0,s2
   120ac:	01288533          	add	a0,a7,s2
   120b0:	00412903          	lw	s2,4(sp)
   120b4:	00000593          	li	a1,0
   120b8:	01010113          	addi	sp,sp,16
   120bc:	ffffe317          	auipc	t1,0xffffe
   120c0:	30830067          	jr	776(t1) # 103c4 <memset>
   120c4:	00c12403          	lw	s0,12(sp)
   120c8:	00012983          	lw	s3,0(sp)
   120cc:	00812483          	lw	s1,8(sp)
   120d0:	00412903          	lw	s2,4(sp)
   120d4:	01010113          	addi	sp,sp,16
   120d8:	00008067          	ret
   120dc:	000e0493          	mv	s1,t3
   120e0:	00000913          	li	s2,0
   120e4:	f79ff06f          	j	1205c <core_init_state+0x110>

000120e8 <core_state_transition>:
   120e8:	00052703          	lw	a4,0(a0)
   120ec:	00050613          	mv	a2,a0
   120f0:	00074783          	lbu	a5,0(a4)
   120f4:	26078663          	beqz	a5,12360 <core_state_transition+0x278>
   120f8:	02c00693          	li	a3,44
   120fc:	00000513          	li	a0,0
   12100:	1cd78c63          	beq	a5,a3,122d8 <core_state_transition+0x1f0>
   12104:	02e00813          	li	a6,46
   12108:	1d078c63          	beq	a5,a6,122e0 <core_state_transition+0x1f8>
   1210c:	02f86c63          	bltu	a6,a5,12144 <core_state_transition+0x5c>
   12110:	fd578793          	addi	a5,a5,-43
   12114:	0fd7f793          	andi	a5,a5,253
   12118:	1e078663          	beqz	a5,12304 <core_state_transition+0x21c>
   1211c:	0045a683          	lw	a3,4(a1)
   12120:	0005a783          	lw	a5,0(a1)
   12124:	00170713          	addi	a4,a4,1
   12128:	00168693          	addi	a3,a3,1
   1212c:	00178793          	addi	a5,a5,1
   12130:	00d5a223          	sw	a3,4(a1)
   12134:	00f5a023          	sw	a5,0(a1)
   12138:	00100513          	li	a0,1
   1213c:	00e62023          	sw	a4,0(a2)
   12140:	00008067          	ret
   12144:	fd078793          	addi	a5,a5,-48
   12148:	0ff7f793          	zext.b	a5,a5
   1214c:	00900513          	li	a0,9
   12150:	fcf566e3          	bltu	a0,a5,1211c <core_state_transition+0x34>
   12154:	0005a503          	lw	a0,0(a1)
   12158:	00170793          	addi	a5,a4,1
   1215c:	00150513          	addi	a0,a0,1
   12160:	00a5a023          	sw	a0,0(a1)
   12164:	00174703          	lbu	a4,1(a4)
   12168:	1e070663          	beqz	a4,12354 <core_state_transition+0x26c>
   1216c:	1ed70e63          	beq	a4,a3,12368 <core_state_transition+0x280>
   12170:	02e00693          	li	a3,46
   12174:	04d70463          	beq	a4,a3,121bc <core_state_transition+0xd4>
   12178:	fd070713          	addi	a4,a4,-48
   1217c:	0ff77713          	zext.b	a4,a4
   12180:	00900693          	li	a3,9
   12184:	02e6f263          	bgeu	a3,a4,121a8 <core_state_transition+0xc0>
   12188:	0105a683          	lw	a3,16(a1)
   1218c:	00100513          	li	a0,1
   12190:	00178713          	addi	a4,a5,1
   12194:	00a687b3          	add	a5,a3,a0
   12198:	00f5a823          	sw	a5,16(a1)
   1219c:	00e62023          	sw	a4,0(a2)
   121a0:	00008067          	ret
   121a4:	00a5a423          	sw	a0,8(a1)
   121a8:	0017c703          	lbu	a4,1(a5)
   121ac:	00178793          	addi	a5,a5,1
   121b0:	1a070263          	beqz	a4,12354 <core_state_transition+0x26c>
   121b4:	02c00693          	li	a3,44
   121b8:	fb5ff06f          	j	1216c <core_state_transition+0x84>
   121bc:	0105a703          	lw	a4,16(a1)
   121c0:	00170713          	addi	a4,a4,1
   121c4:	00e5a823          	sw	a4,16(a1)
   121c8:	0017c703          	lbu	a4,1(a5)
   121cc:	00178793          	addi	a5,a5,1
   121d0:	12070463          	beqz	a4,122f8 <core_state_transition+0x210>
   121d4:	02c00693          	li	a3,44
   121d8:	0ed70c63          	beq	a4,a3,122d0 <core_state_transition+0x1e8>
   121dc:	0df77693          	andi	a3,a4,223
   121e0:	04500513          	li	a0,69
   121e4:	0ca69263          	bne	a3,a0,122a8 <core_state_transition+0x1c0>
   121e8:	0145a683          	lw	a3,20(a1)
   121ec:	00178713          	addi	a4,a5,1
   121f0:	00168693          	addi	a3,a3,1
   121f4:	00d5aa23          	sw	a3,20(a1)
   121f8:	0017c683          	lbu	a3,1(a5)
   121fc:	1a068863          	beqz	a3,123ac <core_state_transition+0x2c4>
   12200:	02c00513          	li	a0,44
   12204:	16a68a63          	beq	a3,a0,12378 <core_state_transition+0x290>
   12208:	00c5a703          	lw	a4,12(a1)
   1220c:	fd568693          	addi	a3,a3,-43
   12210:	0fd6f693          	andi	a3,a3,253
   12214:	00170713          	addi	a4,a4,1
   12218:	00e5a623          	sw	a4,12(a1)
   1221c:	08069063          	bnez	a3,1229c <core_state_transition+0x1b4>
   12220:	0027c683          	lbu	a3,2(a5)
   12224:	00278713          	addi	a4,a5,2
   12228:	14068e63          	beqz	a3,12384 <core_state_transition+0x29c>
   1222c:	16a68063          	beq	a3,a0,1238c <core_state_transition+0x2a4>
   12230:	0185a503          	lw	a0,24(a1)
   12234:	fd068693          	addi	a3,a3,-48
   12238:	0ff6f693          	zext.b	a3,a3
   1223c:	00150513          	addi	a0,a0,1
   12240:	00900813          	li	a6,9
   12244:	00a5ac23          	sw	a0,24(a1)
   12248:	00d87a63          	bgeu	a6,a3,1225c <core_state_transition+0x174>
   1224c:	00378713          	addi	a4,a5,3
   12250:	00100513          	li	a0,1
   12254:	00e62023          	sw	a4,0(a2)
   12258:	00008067          	ret
   1225c:	00070513          	mv	a0,a4
   12260:	00174683          	lbu	a3,1(a4)
   12264:	00170713          	addi	a4,a4,1
   12268:	02c00893          	li	a7,44
   1226c:	fd068793          	addi	a5,a3,-48
   12270:	0ff7f793          	zext.b	a5,a5
   12274:	12068263          	beqz	a3,12398 <core_state_transition+0x2b0>
   12278:	13168463          	beq	a3,a7,123a0 <core_state_transition+0x2b8>
   1227c:	fef870e3          	bgeu	a6,a5,1225c <core_state_transition+0x174>
   12280:	0045a783          	lw	a5,4(a1)
   12284:	00250713          	addi	a4,a0,2
   12288:	00100513          	li	a0,1
   1228c:	00a787b3          	add	a5,a5,a0
   12290:	00f5a223          	sw	a5,4(a1)
   12294:	00e62023          	sw	a4,0(a2)
   12298:	00008067          	ret
   1229c:	00278713          	addi	a4,a5,2
   122a0:	00100513          	li	a0,1
   122a4:	e99ff06f          	j	1213c <core_state_transition+0x54>
   122a8:	fd070713          	addi	a4,a4,-48
   122ac:	0ff77713          	zext.b	a4,a4
   122b0:	00900693          	li	a3,9
   122b4:	f0e6fae3          	bgeu	a3,a4,121c8 <core_state_transition+0xe0>
   122b8:	0145a683          	lw	a3,20(a1)
   122bc:	00100513          	li	a0,1
   122c0:	00178713          	addi	a4,a5,1
   122c4:	00a687b3          	add	a5,a3,a0
   122c8:	00f5aa23          	sw	a5,20(a1)
   122cc:	e71ff06f          	j	1213c <core_state_transition+0x54>
   122d0:	00078713          	mv	a4,a5
   122d4:	00500513          	li	a0,5
   122d8:	00170713          	addi	a4,a4,1
   122dc:	e61ff06f          	j	1213c <core_state_transition+0x54>
   122e0:	0005a503          	lw	a0,0(a1)
   122e4:	00170793          	addi	a5,a4,1
   122e8:	00150513          	addi	a0,a0,1
   122ec:	00a5a023          	sw	a0,0(a1)
   122f0:	00174703          	lbu	a4,1(a4)
   122f4:	ee0712e3          	bnez	a4,121d8 <core_state_transition+0xf0>
   122f8:	00078713          	mv	a4,a5
   122fc:	00500513          	li	a0,5
   12300:	e3dff06f          	j	1213c <core_state_transition+0x54>
   12304:	0005a503          	lw	a0,0(a1)
   12308:	00170793          	addi	a5,a4,1
   1230c:	00150513          	addi	a0,a0,1
   12310:	00a5a023          	sw	a0,0(a1)
   12314:	00174303          	lbu	t1,1(a4)
   12318:	08030e63          	beqz	t1,123b4 <core_state_transition+0x2cc>
   1231c:	0ad30263          	beq	t1,a3,123c0 <core_state_transition+0x2d8>
   12320:	0085a503          	lw	a0,8(a1)
   12324:	fd030693          	addi	a3,t1,-48
   12328:	0ff6f693          	zext.b	a3,a3
   1232c:	00900893          	li	a7,9
   12330:	00150513          	addi	a0,a0,1
   12334:	e6d8f8e3          	bgeu	a7,a3,121a4 <core_state_transition+0xbc>
   12338:	01030a63          	beq	t1,a6,1234c <core_state_transition+0x264>
   1233c:	00a5a423          	sw	a0,8(a1)
   12340:	00270713          	addi	a4,a4,2
   12344:	00100513          	li	a0,1
   12348:	df5ff06f          	j	1213c <core_state_transition+0x54>
   1234c:	00a5a423          	sw	a0,8(a1)
   12350:	e79ff06f          	j	121c8 <core_state_transition+0xe0>
   12354:	00078713          	mv	a4,a5
   12358:	00400513          	li	a0,4
   1235c:	de1ff06f          	j	1213c <core_state_transition+0x54>
   12360:	00000513          	li	a0,0
   12364:	dd9ff06f          	j	1213c <core_state_transition+0x54>
   12368:	00078713          	mv	a4,a5
   1236c:	00400513          	li	a0,4
   12370:	00170713          	addi	a4,a4,1
   12374:	dc9ff06f          	j	1213c <core_state_transition+0x54>
   12378:	00300513          	li	a0,3
   1237c:	00170713          	addi	a4,a4,1
   12380:	dbdff06f          	j	1213c <core_state_transition+0x54>
   12384:	00600513          	li	a0,6
   12388:	db5ff06f          	j	1213c <core_state_transition+0x54>
   1238c:	00600513          	li	a0,6
   12390:	00170713          	addi	a4,a4,1
   12394:	da9ff06f          	j	1213c <core_state_transition+0x54>
   12398:	00700513          	li	a0,7
   1239c:	da1ff06f          	j	1213c <core_state_transition+0x54>
   123a0:	00700513          	li	a0,7
   123a4:	00170713          	addi	a4,a4,1
   123a8:	d95ff06f          	j	1213c <core_state_transition+0x54>
   123ac:	00300513          	li	a0,3
   123b0:	d8dff06f          	j	1213c <core_state_transition+0x54>
   123b4:	00078713          	mv	a4,a5
   123b8:	00200513          	li	a0,2
   123bc:	d81ff06f          	j	1213c <core_state_transition+0x54>
   123c0:	00078713          	mv	a4,a5
   123c4:	00200513          	li	a0,2
   123c8:	00170713          	addi	a4,a4,1
   123cc:	d71ff06f          	j	1213c <core_state_transition+0x54>

000123d0 <core_bench_state>:
   123d0:	f8010113          	addi	sp,sp,-128
   123d4:	06812c23          	sw	s0,120(sp)
   123d8:	06912a23          	sw	s1,116(sp)
   123dc:	07212823          	sw	s2,112(sp)
   123e0:	07312623          	sw	s3,108(sp)
   123e4:	07412423          	sw	s4,104(sp)
   123e8:	07512223          	sw	s5,100(sp)
   123ec:	07612023          	sw	s6,96(sp)
   123f0:	05712e23          	sw	s7,92(sp)
   123f4:	05812c23          	sw	s8,88(sp)
   123f8:	06112e23          	sw	ra,124(sp)
   123fc:	00058493          	mv	s1,a1
   12400:	0005c583          	lbu	a1,0(a1)
   12404:	03010993          	addi	s3,sp,48
   12408:	01010413          	addi	s0,sp,16
   1240c:	02012823          	sw	zero,48(sp)
   12410:	00012823          	sw	zero,16(sp)
   12414:	00912623          	sw	s1,12(sp)
   12418:	0009a223          	sw	zero,4(s3)
   1241c:	0009a423          	sw	zero,8(s3)
   12420:	0009a623          	sw	zero,12(s3)
   12424:	0009a823          	sw	zero,16(s3)
   12428:	0009aa23          	sw	zero,20(s3)
   1242c:	0009ac23          	sw	zero,24(s3)
   12430:	0009ae23          	sw	zero,28(s3)
   12434:	00042223          	sw	zero,4(s0)
   12438:	00042423          	sw	zero,8(s0)
   1243c:	00042623          	sw	zero,12(s0)
   12440:	00042823          	sw	zero,16(s0)
   12444:	00042a23          	sw	zero,20(s0)
   12448:	00042c23          	sw	zero,24(s0)
   1244c:	00042e23          	sw	zero,28(s0)
   12450:	00078913          	mv	s2,a5
   12454:	00050c13          	mv	s8,a0
   12458:	00060b93          	mv	s7,a2
   1245c:	00068b13          	mv	s6,a3
   12460:	00070a93          	mv	s5,a4
   12464:	00c10a13          	addi	s4,sp,12
   12468:	12058063          	beqz	a1,12588 <core_bench_state+0x1b8>
   1246c:	00098593          	mv	a1,s3
   12470:	000a0513          	mv	a0,s4
   12474:	00000097          	auipc	ra,0x0
   12478:	c74080e7          	jalr	-908(ra) # 120e8 <core_state_transition>
   1247c:	00251713          	slli	a4,a0,0x2
   12480:	00870733          	add	a4,a4,s0
   12484:	00c12683          	lw	a3,12(sp)
   12488:	00072783          	lw	a5,0(a4)
   1248c:	0006c683          	lbu	a3,0(a3)
   12490:	00178793          	addi	a5,a5,1
   12494:	00f72023          	sw	a5,0(a4)
   12498:	fc069ae3          	bnez	a3,1246c <core_bench_state+0x9c>
   1249c:	00912623          	sw	s1,12(sp)
   124a0:	01848c33          	add	s8,s1,s8
   124a4:	0384f863          	bgeu	s1,s8,124d4 <core_bench_state+0x104>
   124a8:	00048793          	mv	a5,s1
   124ac:	02c00613          	li	a2,44
   124b0:	0007c703          	lbu	a4,0(a5)
   124b4:	017746b3          	xor	a3,a4,s7
   124b8:	00c70463          	beq	a4,a2,124c0 <core_bench_state+0xf0>
   124bc:	00d78023          	sb	a3,0(a5)
   124c0:	015787b3          	add	a5,a5,s5
   124c4:	ff87e6e3          	bltu	a5,s8,124b0 <core_bench_state+0xe0>
   124c8:	0004c783          	lbu	a5,0(s1) # fffff000 <__stack_top__+0xfffcf000>
   124cc:	00c10a13          	addi	s4,sp,12
   124d0:	02078a63          	beqz	a5,12504 <core_bench_state+0x134>
   124d4:	00098593          	mv	a1,s3
   124d8:	000a0513          	mv	a0,s4
   124dc:	00000097          	auipc	ra,0x0
   124e0:	c0c080e7          	jalr	-1012(ra) # 120e8 <core_state_transition>
   124e4:	00251713          	slli	a4,a0,0x2
   124e8:	00870733          	add	a4,a4,s0
   124ec:	00c12683          	lw	a3,12(sp)
   124f0:	00072783          	lw	a5,0(a4)
   124f4:	0006c683          	lbu	a3,0(a3)
   124f8:	00178793          	addi	a5,a5,1
   124fc:	00f72023          	sw	a5,0(a4)
   12500:	fc069ae3          	bnez	a3,124d4 <core_bench_state+0x104>
   12504:	02c00693          	li	a3,44
   12508:	0184fe63          	bgeu	s1,s8,12524 <core_bench_state+0x154>
   1250c:	0004c783          	lbu	a5,0(s1)
   12510:	0167c733          	xor	a4,a5,s6
   12514:	00d78463          	beq	a5,a3,1251c <core_bench_state+0x14c>
   12518:	00e48023          	sb	a4,0(s1)
   1251c:	015484b3          	add	s1,s1,s5
   12520:	ff84e6e3          	bltu	s1,s8,1250c <core_bench_state+0x13c>
   12524:	00098493          	mv	s1,s3
   12528:	00042503          	lw	a0,0(s0)
   1252c:	00090593          	mv	a1,s2
   12530:	00440413          	addi	s0,s0,4
   12534:	00000097          	auipc	ra,0x0
   12538:	2ec080e7          	jalr	748(ra) # 12820 <crcu32>
   1253c:	00050593          	mv	a1,a0
   12540:	0004a503          	lw	a0,0(s1)
   12544:	00448493          	addi	s1,s1,4
   12548:	00000097          	auipc	ra,0x0
   1254c:	2d8080e7          	jalr	728(ra) # 12820 <crcu32>
   12550:	00050913          	mv	s2,a0
   12554:	fc899ae3          	bne	s3,s0,12528 <core_bench_state+0x158>
   12558:	07c12083          	lw	ra,124(sp)
   1255c:	07812403          	lw	s0,120(sp)
   12560:	07412483          	lw	s1,116(sp)
   12564:	07012903          	lw	s2,112(sp)
   12568:	06c12983          	lw	s3,108(sp)
   1256c:	06812a03          	lw	s4,104(sp)
   12570:	06412a83          	lw	s5,100(sp)
   12574:	06012b03          	lw	s6,96(sp)
   12578:	05c12b83          	lw	s7,92(sp)
   1257c:	05812c03          	lw	s8,88(sp)
   12580:	08010113          	addi	sp,sp,128
   12584:	00008067          	ret
   12588:	00a48c33          	add	s8,s1,a0
   1258c:	f184eee3          	bltu	s1,s8,124a8 <core_bench_state+0xd8>
   12590:	f95ff06f          	j	12524 <core_bench_state+0x154>

00012594 <get_seed_32>:
   12594:	00500793          	li	a5,5
   12598:	04a7ec63          	bltu	a5,a0,125f0 <get_seed_32+0x5c>
   1259c:	000217b7          	lui	a5,0x21
   125a0:	82878793          	addi	a5,a5,-2008 # 20828 <intpat+0x10>
   125a4:	00251513          	slli	a0,a0,0x2
   125a8:	00f50533          	add	a0,a0,a5
   125ac:	00052783          	lw	a5,0(a0)
   125b0:	00078067          	jr	a5
   125b4:	000217b7          	lui	a5,0x21
   125b8:	1987a503          	lw	a0,408(a5) # 21198 <seed5_volatile>
   125bc:	00008067          	ret
   125c0:	000217b7          	lui	a5,0x21
   125c4:	1a07a503          	lw	a0,416(a5) # 211a0 <seed1_volatile>
   125c8:	00008067          	ret
   125cc:	000217b7          	lui	a5,0x21
   125d0:	19c7a503          	lw	a0,412(a5) # 2119c <seed2_volatile>
   125d4:	00008067          	ret
   125d8:	000207b7          	lui	a5,0x20
   125dc:	0087a503          	lw	a0,8(a5) # 20008 <seed3_volatile>
   125e0:	00008067          	ret
   125e4:	000207b7          	lui	a5,0x20
   125e8:	0047a503          	lw	a0,4(a5) # 20004 <seed4_volatile>
   125ec:	00008067          	ret
   125f0:	00000513          	li	a0,0
   125f4:	00008067          	ret

000125f8 <crcu16>:
   125f8:	0ff5f793          	zext.b	a5,a1
   125fc:	00879793          	slli	a5,a5,0x8
   12600:	0085d593          	srli	a1,a1,0x8
   12604:	00001737          	lui	a4,0x1
   12608:	fffff337          	lui	t1,0xfffff
   1260c:	0f030313          	addi	t1,t1,240 # fffff0f0 <__stack_top__+0xfffcf0f0>
   12610:	f0f70713          	addi	a4,a4,-241 # f0f <__STACK_SIZE-0xf1>
   12614:	00b7e7b3          	or	a5,a5,a1
   12618:	00e7f5b3          	and	a1,a5,a4
   1261c:	0067f7b3          	and	a5,a5,t1
   12620:	0047d793          	srli	a5,a5,0x4
   12624:	00459593          	slli	a1,a1,0x4
   12628:	00f5e5b3          	or	a1,a1,a5
   1262c:	ffffd8b7          	lui	a7,0xffffd
   12630:	000037b7          	lui	a5,0x3
   12634:	ccc88893          	addi	a7,a7,-820 # ffffcccc <__stack_top__+0xfffccccc>
   12638:	33378793          	addi	a5,a5,819 # 3333 <__HEAP_SIZE+0x1333>
   1263c:	00f57693          	andi	a3,a0,15
   12640:	0f057813          	andi	a6,a0,240
   12644:	00f5f633          	and	a2,a1,a5
   12648:	00485813          	srli	a6,a6,0x4
   1264c:	0115f5b3          	and	a1,a1,a7
   12650:	00469693          	slli	a3,a3,0x4
   12654:	0106e6b3          	or	a3,a3,a6
   12658:	0025d593          	srli	a1,a1,0x2
   1265c:	00261613          	slli	a2,a2,0x2
   12660:	00b66633          	or	a2,a2,a1
   12664:	0336fe13          	andi	t3,a3,51
   12668:	000055b7          	lui	a1,0x5
   1266c:	0cc6f693          	andi	a3,a3,204
   12670:	ffffb837          	lui	a6,0xffffb
   12674:	55558593          	addi	a1,a1,1365 # 5555 <__HEAP_SIZE+0x3555>
   12678:	aaa80813          	addi	a6,a6,-1366 # ffffaaaa <__stack_top__+0xfffcaaaa>
   1267c:	0026de93          	srli	t4,a3,0x2
   12680:	002e1e13          	slli	t3,t3,0x2
   12684:	00b676b3          	and	a3,a2,a1
   12688:	01de6e33          	or	t3,t3,t4
   1268c:	01067633          	and	a2,a2,a6
   12690:	00169693          	slli	a3,a3,0x1
   12694:	00165613          	srli	a2,a2,0x1
   12698:	055e7f13          	andi	t5,t3,85
   1269c:	0aae7e13          	andi	t3,t3,170
   126a0:	00c6eeb3          	or	t4,a3,a2
   126a4:	001f1f13          	slli	t5,t5,0x1
   126a8:	001e5e13          	srli	t3,t3,0x1
   126ac:	01cf6e33          	or	t3,t5,t3
   126b0:	008ede93          	srli	t4,t4,0x8
   126b4:	01ceceb3          	xor	t4,t4,t3
   126b8:	00020e37          	lui	t3,0x20
   126bc:	06ce0e13          	addi	t3,t3,108 # 2006c <_impure_ptr+0x4>
   126c0:	00c6e633          	or	a2,a3,a2
   126c4:	001e9693          	slli	a3,t4,0x1
   126c8:	01c686b3          	add	a3,a3,t3
   126cc:	0006d683          	lhu	a3,0(a3)
   126d0:	00861613          	slli	a2,a2,0x8
   126d4:	00855513          	srli	a0,a0,0x8
   126d8:	00c6c633          	xor	a2,a3,a2
   126dc:	01061e93          	slli	t4,a2,0x10
   126e0:	0ff6f693          	zext.b	a3,a3
   126e4:	018ed613          	srli	a2,t4,0x18
   126e8:	00869693          	slli	a3,a3,0x8
   126ec:	00c6e6b3          	or	a3,a3,a2
   126f0:	00e6f633          	and	a2,a3,a4
   126f4:	0066f6b3          	and	a3,a3,t1
   126f8:	0046d693          	srli	a3,a3,0x4
   126fc:	00461613          	slli	a2,a2,0x4
   12700:	00d66633          	or	a2,a2,a3
   12704:	00f676b3          	and	a3,a2,a5
   12708:	01167633          	and	a2,a2,a7
   1270c:	00265613          	srli	a2,a2,0x2
   12710:	00269693          	slli	a3,a3,0x2
   12714:	00c6e6b3          	or	a3,a3,a2
   12718:	00b6f633          	and	a2,a3,a1
   1271c:	0106f6b3          	and	a3,a3,a6
   12720:	00161613          	slli	a2,a2,0x1
   12724:	0016d693          	srli	a3,a3,0x1
   12728:	00d666b3          	or	a3,a2,a3
   1272c:	0ff6f613          	zext.b	a2,a3
   12730:	00861613          	slli	a2,a2,0x8
   12734:	0086d693          	srli	a3,a3,0x8
   12738:	00d66633          	or	a2,a2,a3
   1273c:	00e676b3          	and	a3,a2,a4
   12740:	00667eb3          	and	t4,a2,t1
   12744:	004ede93          	srli	t4,t4,0x4
   12748:	00f57613          	andi	a2,a0,15
   1274c:	00469693          	slli	a3,a3,0x4
   12750:	01d6e6b3          	or	a3,a3,t4
   12754:	00455513          	srli	a0,a0,0x4
   12758:	00461613          	slli	a2,a2,0x4
   1275c:	00a66633          	or	a2,a2,a0
   12760:	0116feb3          	and	t4,a3,a7
   12764:	00f6f533          	and	a0,a3,a5
   12768:	002ede93          	srli	t4,t4,0x2
   1276c:	03367693          	andi	a3,a2,51
   12770:	00251513          	slli	a0,a0,0x2
   12774:	0cc67613          	andi	a2,a2,204
   12778:	01d56533          	or	a0,a0,t4
   1277c:	00265613          	srli	a2,a2,0x2
   12780:	00269693          	slli	a3,a3,0x2
   12784:	00c6e6b3          	or	a3,a3,a2
   12788:	00b57633          	and	a2,a0,a1
   1278c:	01057533          	and	a0,a0,a6
   12790:	0556ff13          	andi	t5,a3,85
   12794:	00161613          	slli	a2,a2,0x1
   12798:	00155513          	srli	a0,a0,0x1
   1279c:	0aa6f693          	andi	a3,a3,170
   127a0:	00a66eb3          	or	t4,a2,a0
   127a4:	0016d693          	srli	a3,a3,0x1
   127a8:	001f1f13          	slli	t5,t5,0x1
   127ac:	00df6f33          	or	t5,t5,a3
   127b0:	008ed693          	srli	a3,t4,0x8
   127b4:	01e6c6b3          	xor	a3,a3,t5
   127b8:	00169693          	slli	a3,a3,0x1
   127bc:	01c686b3          	add	a3,a3,t3
   127c0:	0006d683          	lhu	a3,0(a3)
   127c4:	008e9613          	slli	a2,t4,0x8
   127c8:	00c6c633          	xor	a2,a3,a2
   127cc:	01061513          	slli	a0,a2,0x10
   127d0:	0ff6f693          	zext.b	a3,a3
   127d4:	01855613          	srli	a2,a0,0x18
   127d8:	00869693          	slli	a3,a3,0x8
   127dc:	00c6e6b3          	or	a3,a3,a2
   127e0:	00e6f733          	and	a4,a3,a4
   127e4:	0066f6b3          	and	a3,a3,t1
   127e8:	0046d693          	srli	a3,a3,0x4
   127ec:	00471713          	slli	a4,a4,0x4
   127f0:	00d76733          	or	a4,a4,a3
   127f4:	00f777b3          	and	a5,a4,a5
   127f8:	01177733          	and	a4,a4,a7
   127fc:	00275713          	srli	a4,a4,0x2
   12800:	00279793          	slli	a5,a5,0x2
   12804:	00e7e7b3          	or	a5,a5,a4
   12808:	00b7f533          	and	a0,a5,a1
   1280c:	0107f7b3          	and	a5,a5,a6
   12810:	0017d793          	srli	a5,a5,0x1
   12814:	00151513          	slli	a0,a0,0x1
   12818:	00f56533          	or	a0,a0,a5
   1281c:	00008067          	ret

00012820 <crcu32>:
   12820:	0ff5f793          	zext.b	a5,a1
   12824:	00879793          	slli	a5,a5,0x8
   12828:	0085d593          	srli	a1,a1,0x8
   1282c:	00001737          	lui	a4,0x1
   12830:	fffff8b7          	lui	a7,0xfffff
   12834:	0f088893          	addi	a7,a7,240 # fffff0f0 <__stack_top__+0xfffcf0f0>
   12838:	f0f70713          	addi	a4,a4,-241 # f0f <__STACK_SIZE-0xf1>
   1283c:	00b7e7b3          	or	a5,a5,a1
   12840:	00e7f6b3          	and	a3,a5,a4
   12844:	0117f7b3          	and	a5,a5,a7
   12848:	0047d793          	srli	a5,a5,0x4
   1284c:	00469693          	slli	a3,a3,0x4
   12850:	00f6e6b3          	or	a3,a3,a5
   12854:	ffffd837          	lui	a6,0xffffd
   12858:	000037b7          	lui	a5,0x3
   1285c:	ccc80813          	addi	a6,a6,-820 # ffffcccc <__stack_top__+0xfffccccc>
   12860:	33378793          	addi	a5,a5,819 # 3333 <__HEAP_SIZE+0x1333>
   12864:	00f57613          	andi	a2,a0,15
   12868:	0f057593          	andi	a1,a0,240
   1286c:	00f6f333          	and	t1,a3,a5
   12870:	0045d593          	srli	a1,a1,0x4
   12874:	0106f6b3          	and	a3,a3,a6
   12878:	00461613          	slli	a2,a2,0x4
   1287c:	00b66633          	or	a2,a2,a1
   12880:	0026d693          	srli	a3,a3,0x2
   12884:	00231313          	slli	t1,t1,0x2
   12888:	00d36333          	or	t1,t1,a3
   1288c:	03367e13          	andi	t3,a2,51
   12890:	000056b7          	lui	a3,0x5
   12894:	0cc67613          	andi	a2,a2,204
   12898:	ffffb5b7          	lui	a1,0xffffb
   1289c:	55568693          	addi	a3,a3,1365 # 5555 <__HEAP_SIZE+0x3555>
   128a0:	aaa58593          	addi	a1,a1,-1366 # ffffaaaa <__stack_top__+0xfffcaaaa>
   128a4:	00265e93          	srli	t4,a2,0x2
   128a8:	002e1e13          	slli	t3,t3,0x2
   128ac:	00d37633          	and	a2,t1,a3
   128b0:	01de6e33          	or	t3,t3,t4
   128b4:	00b37333          	and	t1,t1,a1
   128b8:	00161613          	slli	a2,a2,0x1
   128bc:	00135313          	srli	t1,t1,0x1
   128c0:	055e7f13          	andi	t5,t3,85
   128c4:	0aae7e13          	andi	t3,t3,170
   128c8:	00666eb3          	or	t4,a2,t1
   128cc:	001f1f13          	slli	t5,t5,0x1
   128d0:	001e5e13          	srli	t3,t3,0x1
   128d4:	01cf6e33          	or	t3,t5,t3
   128d8:	008ede93          	srli	t4,t4,0x8
   128dc:	01ceceb3          	xor	t4,t4,t3
   128e0:	00666e33          	or	t3,a2,t1
   128e4:	00020337          	lui	t1,0x20
   128e8:	06c30313          	addi	t1,t1,108 # 2006c <_impure_ptr+0x4>
   128ec:	001e9613          	slli	a2,t4,0x1
   128f0:	00660633          	add	a2,a2,t1
   128f4:	00065603          	lhu	a2,0(a2)
   128f8:	008e1e13          	slli	t3,t3,0x8
   128fc:	00855f13          	srli	t5,a0,0x8
   12900:	01c64e33          	xor	t3,a2,t3
   12904:	010e1e93          	slli	t4,t3,0x10
   12908:	0ff67613          	zext.b	a2,a2
   1290c:	018ede13          	srli	t3,t4,0x18
   12910:	00861613          	slli	a2,a2,0x8
   12914:	01c66633          	or	a2,a2,t3
   12918:	00e67e33          	and	t3,a2,a4
   1291c:	01167633          	and	a2,a2,a7
   12920:	00465613          	srli	a2,a2,0x4
   12924:	004e1e13          	slli	t3,t3,0x4
   12928:	00ce6e33          	or	t3,t3,a2
   1292c:	00fe7633          	and	a2,t3,a5
   12930:	010e7e33          	and	t3,t3,a6
   12934:	002e5e13          	srli	t3,t3,0x2
   12938:	00261613          	slli	a2,a2,0x2
   1293c:	01c66633          	or	a2,a2,t3
   12940:	00d67e33          	and	t3,a2,a3
   12944:	00b67633          	and	a2,a2,a1
   12948:	00165613          	srli	a2,a2,0x1
   1294c:	001e1e13          	slli	t3,t3,0x1
   12950:	00ce6e33          	or	t3,t3,a2
   12954:	0ffe7613          	zext.b	a2,t3
   12958:	00861613          	slli	a2,a2,0x8
   1295c:	008e5e13          	srli	t3,t3,0x8
   12960:	01c66633          	or	a2,a2,t3
   12964:	00e67eb3          	and	t4,a2,a4
   12968:	01167633          	and	a2,a2,a7
   1296c:	00465613          	srli	a2,a2,0x4
   12970:	004e9e93          	slli	t4,t4,0x4
   12974:	00ceeeb3          	or	t4,t4,a2
   12978:	00ff7613          	andi	a2,t5,15
   1297c:	0f0f7f13          	andi	t5,t5,240
   12980:	00fefe33          	and	t3,t4,a5
   12984:	004f5f13          	srli	t5,t5,0x4
   12988:	010efeb3          	and	t4,t4,a6
   1298c:	00461613          	slli	a2,a2,0x4
   12990:	01e66633          	or	a2,a2,t5
   12994:	002ede93          	srli	t4,t4,0x2
   12998:	002e1e13          	slli	t3,t3,0x2
   1299c:	01de6e33          	or	t3,t3,t4
   129a0:	03367e93          	andi	t4,a2,51
   129a4:	0cc67613          	andi	a2,a2,204
   129a8:	00265f13          	srli	t5,a2,0x2
   129ac:	002e9e93          	slli	t4,t4,0x2
   129b0:	00de7633          	and	a2,t3,a3
   129b4:	01eeeeb3          	or	t4,t4,t5
   129b8:	00be7e33          	and	t3,t3,a1
   129bc:	00161613          	slli	a2,a2,0x1
   129c0:	001e5e13          	srli	t3,t3,0x1
   129c4:	055eff93          	andi	t6,t4,85
   129c8:	0aaefe93          	andi	t4,t4,170
   129cc:	01c66f33          	or	t5,a2,t3
   129d0:	001f9f93          	slli	t6,t6,0x1
   129d4:	001ede93          	srli	t4,t4,0x1
   129d8:	008f5f13          	srli	t5,t5,0x8
   129dc:	01dfeeb3          	or	t4,t6,t4
   129e0:	01df4eb3          	xor	t4,t5,t4
   129e4:	01c66e33          	or	t3,a2,t3
   129e8:	001e9613          	slli	a2,t4,0x1
   129ec:	00660633          	add	a2,a2,t1
   129f0:	00065603          	lhu	a2,0(a2)
   129f4:	008e1e13          	slli	t3,t3,0x8
   129f8:	01055e93          	srli	t4,a0,0x10
   129fc:	01c64e33          	xor	t3,a2,t3
   12a00:	010e1f13          	slli	t5,t3,0x10
   12a04:	0ff67613          	zext.b	a2,a2
   12a08:	018f5e13          	srli	t3,t5,0x18
   12a0c:	00861613          	slli	a2,a2,0x8
   12a10:	01c66633          	or	a2,a2,t3
   12a14:	00e67e33          	and	t3,a2,a4
   12a18:	01167633          	and	a2,a2,a7
   12a1c:	00465613          	srli	a2,a2,0x4
   12a20:	004e1e13          	slli	t3,t3,0x4
   12a24:	00ce6e33          	or	t3,t3,a2
   12a28:	00fe7633          	and	a2,t3,a5
   12a2c:	010e7e33          	and	t3,t3,a6
   12a30:	002e5e13          	srli	t3,t3,0x2
   12a34:	00261613          	slli	a2,a2,0x2
   12a38:	01c66633          	or	a2,a2,t3
   12a3c:	00d67e33          	and	t3,a2,a3
   12a40:	00b67633          	and	a2,a2,a1
   12a44:	001e1e13          	slli	t3,t3,0x1
   12a48:	00165613          	srli	a2,a2,0x1
   12a4c:	00ce6633          	or	a2,t3,a2
   12a50:	0ff67e13          	zext.b	t3,a2
   12a54:	008e1e13          	slli	t3,t3,0x8
   12a58:	00865613          	srli	a2,a2,0x8
   12a5c:	00ce6e33          	or	t3,t3,a2
   12a60:	00ee7633          	and	a2,t3,a4
   12a64:	011e7e33          	and	t3,t3,a7
   12a68:	004e5e13          	srli	t3,t3,0x4
   12a6c:	00461613          	slli	a2,a2,0x4
   12a70:	01c66633          	or	a2,a2,t3
   12a74:	00fefe13          	andi	t3,t4,15
   12a78:	0f0efe93          	andi	t4,t4,240
   12a7c:	004edf13          	srli	t5,t4,0x4
   12a80:	004e1e13          	slli	t3,t3,0x4
   12a84:	00f67eb3          	and	t4,a2,a5
   12a88:	01067633          	and	a2,a2,a6
   12a8c:	01ee6e33          	or	t3,t3,t5
   12a90:	00265613          	srli	a2,a2,0x2
   12a94:	002e9e93          	slli	t4,t4,0x2
   12a98:	00ceeeb3          	or	t4,t4,a2
   12a9c:	033e7613          	andi	a2,t3,51
   12aa0:	0cce7e13          	andi	t3,t3,204
   12aa4:	002e5f13          	srli	t5,t3,0x2
   12aa8:	00261613          	slli	a2,a2,0x2
   12aac:	00defe33          	and	t3,t4,a3
   12ab0:	01e66633          	or	a2,a2,t5
   12ab4:	00befeb3          	and	t4,t4,a1
   12ab8:	001ede93          	srli	t4,t4,0x1
   12abc:	001e1e13          	slli	t3,t3,0x1
   12ac0:	05567f93          	andi	t6,a2,85
   12ac4:	0aa67613          	andi	a2,a2,170
   12ac8:	01de6f33          	or	t5,t3,t4
   12acc:	001f9f93          	slli	t6,t6,0x1
   12ad0:	00165613          	srli	a2,a2,0x1
   12ad4:	008f5f13          	srli	t5,t5,0x8
   12ad8:	00cfe633          	or	a2,t6,a2
   12adc:	00cf4633          	xor	a2,t5,a2
   12ae0:	00161613          	slli	a2,a2,0x1
   12ae4:	00660633          	add	a2,a2,t1
   12ae8:	00065603          	lhu	a2,0(a2)
   12aec:	01de6e33          	or	t3,t3,t4
   12af0:	008e1e13          	slli	t3,t3,0x8
   12af4:	01c64e33          	xor	t3,a2,t3
   12af8:	010e1e93          	slli	t4,t3,0x10
   12afc:	0ff67613          	zext.b	a2,a2
   12b00:	018ede13          	srli	t3,t4,0x18
   12b04:	00861613          	slli	a2,a2,0x8
   12b08:	01c66633          	or	a2,a2,t3
   12b0c:	00e67e33          	and	t3,a2,a4
   12b10:	01167633          	and	a2,a2,a7
   12b14:	00465613          	srli	a2,a2,0x4
   12b18:	004e1e13          	slli	t3,t3,0x4
   12b1c:	00ce6e33          	or	t3,t3,a2
   12b20:	00fe7633          	and	a2,t3,a5
   12b24:	010e7e33          	and	t3,t3,a6
   12b28:	002e5e13          	srli	t3,t3,0x2
   12b2c:	00261613          	slli	a2,a2,0x2
   12b30:	01c66633          	or	a2,a2,t3
   12b34:	00d67e33          	and	t3,a2,a3
   12b38:	00b67633          	and	a2,a2,a1
   12b3c:	00165613          	srli	a2,a2,0x1
   12b40:	001e1e13          	slli	t3,t3,0x1
   12b44:	00ce6e33          	or	t3,t3,a2
   12b48:	0ffe7613          	zext.b	a2,t3
   12b4c:	00861613          	slli	a2,a2,0x8
   12b50:	008e5e13          	srli	t3,t3,0x8
   12b54:	01c66633          	or	a2,a2,t3
   12b58:	00e67eb3          	and	t4,a2,a4
   12b5c:	01167e33          	and	t3,a2,a7
   12b60:	01855513          	srli	a0,a0,0x18
   12b64:	00f57613          	andi	a2,a0,15
   12b68:	004e5e13          	srli	t3,t3,0x4
   12b6c:	004e9e93          	slli	t4,t4,0x4
   12b70:	00461613          	slli	a2,a2,0x4
   12b74:	01ceeeb3          	or	t4,t4,t3
   12b78:	00455513          	srli	a0,a0,0x4
   12b7c:	00fefe33          	and	t3,t4,a5
   12b80:	00a66533          	or	a0,a2,a0
   12b84:	010efeb3          	and	t4,t4,a6
   12b88:	03357613          	andi	a2,a0,51
   12b8c:	002ede93          	srli	t4,t4,0x2
   12b90:	0cc57513          	andi	a0,a0,204
   12b94:	002e1e13          	slli	t3,t3,0x2
   12b98:	01de6e33          	or	t3,t3,t4
   12b9c:	00255513          	srli	a0,a0,0x2
   12ba0:	00261613          	slli	a2,a2,0x2
   12ba4:	00a66633          	or	a2,a2,a0
   12ba8:	00de7533          	and	a0,t3,a3
   12bac:	00be7e33          	and	t3,t3,a1
   12bb0:	05567f13          	andi	t5,a2,85
   12bb4:	00151513          	slli	a0,a0,0x1
   12bb8:	001e5e13          	srli	t3,t3,0x1
   12bbc:	0aa67613          	andi	a2,a2,170
   12bc0:	01c56eb3          	or	t4,a0,t3
   12bc4:	00165613          	srli	a2,a2,0x1
   12bc8:	001f1f13          	slli	t5,t5,0x1
   12bcc:	00cf6f33          	or	t5,t5,a2
   12bd0:	008ed613          	srli	a2,t4,0x8
   12bd4:	01e64633          	xor	a2,a2,t5
   12bd8:	00161613          	slli	a2,a2,0x1
   12bdc:	00660633          	add	a2,a2,t1
   12be0:	00065603          	lhu	a2,0(a2)
   12be4:	008e9513          	slli	a0,t4,0x8
   12be8:	00a64533          	xor	a0,a2,a0
   12bec:	01051313          	slli	t1,a0,0x10
   12bf0:	0ff67613          	zext.b	a2,a2
   12bf4:	01835513          	srli	a0,t1,0x18
   12bf8:	00861613          	slli	a2,a2,0x8
   12bfc:	00a66633          	or	a2,a2,a0
   12c00:	00e67733          	and	a4,a2,a4
   12c04:	01167633          	and	a2,a2,a7
   12c08:	00465613          	srli	a2,a2,0x4
   12c0c:	00471713          	slli	a4,a4,0x4
   12c10:	00c76733          	or	a4,a4,a2
   12c14:	00f777b3          	and	a5,a4,a5
   12c18:	01077733          	and	a4,a4,a6
   12c1c:	00275713          	srli	a4,a4,0x2
   12c20:	00279793          	slli	a5,a5,0x2
   12c24:	00e7e7b3          	or	a5,a5,a4
   12c28:	00d7f533          	and	a0,a5,a3
   12c2c:	00b7f7b3          	and	a5,a5,a1
   12c30:	0017d793          	srli	a5,a5,0x1
   12c34:	00151513          	slli	a0,a0,0x1
   12c38:	00f56533          	or	a0,a0,a5
   12c3c:	00008067          	ret

00012c40 <crc16>:
   12c40:	0ff5f793          	zext.b	a5,a1
   12c44:	00879793          	slli	a5,a5,0x8
   12c48:	0085d593          	srli	a1,a1,0x8
   12c4c:	00001737          	lui	a4,0x1
   12c50:	fffff337          	lui	t1,0xfffff
   12c54:	0f030313          	addi	t1,t1,240 # fffff0f0 <__stack_top__+0xfffcf0f0>
   12c58:	f0f70713          	addi	a4,a4,-241 # f0f <__STACK_SIZE-0xf1>
   12c5c:	00b7e7b3          	or	a5,a5,a1
   12c60:	00e7f5b3          	and	a1,a5,a4
   12c64:	0067f7b3          	and	a5,a5,t1
   12c68:	0047d793          	srli	a5,a5,0x4
   12c6c:	00459593          	slli	a1,a1,0x4
   12c70:	00f5e5b3          	or	a1,a1,a5
   12c74:	ffffd8b7          	lui	a7,0xffffd
   12c78:	000037b7          	lui	a5,0x3
   12c7c:	ccc88893          	addi	a7,a7,-820 # ffffcccc <__stack_top__+0xfffccccc>
   12c80:	33378793          	addi	a5,a5,819 # 3333 <__HEAP_SIZE+0x1333>
   12c84:	00f57693          	andi	a3,a0,15
   12c88:	0f057813          	andi	a6,a0,240
   12c8c:	00f5f633          	and	a2,a1,a5
   12c90:	00485813          	srli	a6,a6,0x4
   12c94:	0115f5b3          	and	a1,a1,a7
   12c98:	00469693          	slli	a3,a3,0x4
   12c9c:	0106e6b3          	or	a3,a3,a6
   12ca0:	0025d593          	srli	a1,a1,0x2
   12ca4:	00261613          	slli	a2,a2,0x2
   12ca8:	00b66633          	or	a2,a2,a1
   12cac:	0336fe13          	andi	t3,a3,51
   12cb0:	000055b7          	lui	a1,0x5
   12cb4:	0cc6f693          	andi	a3,a3,204
   12cb8:	ffffb837          	lui	a6,0xffffb
   12cbc:	55558593          	addi	a1,a1,1365 # 5555 <__HEAP_SIZE+0x3555>
   12cc0:	aaa80813          	addi	a6,a6,-1366 # ffffaaaa <__stack_top__+0xfffcaaaa>
   12cc4:	0026de93          	srli	t4,a3,0x2
   12cc8:	002e1e13          	slli	t3,t3,0x2
   12ccc:	00b676b3          	and	a3,a2,a1
   12cd0:	01de6e33          	or	t3,t3,t4
   12cd4:	01067633          	and	a2,a2,a6
   12cd8:	00169693          	slli	a3,a3,0x1
   12cdc:	00165613          	srli	a2,a2,0x1
   12ce0:	055e7f13          	andi	t5,t3,85
   12ce4:	0aae7e13          	andi	t3,t3,170
   12ce8:	00c6eeb3          	or	t4,a3,a2
   12cec:	001f1f13          	slli	t5,t5,0x1
   12cf0:	001e5e13          	srli	t3,t3,0x1
   12cf4:	01cf6e33          	or	t3,t5,t3
   12cf8:	008ede93          	srli	t4,t4,0x8
   12cfc:	01ceceb3          	xor	t4,t4,t3
   12d00:	00020e37          	lui	t3,0x20
   12d04:	06ce0e13          	addi	t3,t3,108 # 2006c <_impure_ptr+0x4>
   12d08:	00c6e633          	or	a2,a3,a2
   12d0c:	001e9693          	slli	a3,t4,0x1
   12d10:	01c686b3          	add	a3,a3,t3
   12d14:	0006d683          	lhu	a3,0(a3)
   12d18:	00861613          	slli	a2,a2,0x8
   12d1c:	00855513          	srli	a0,a0,0x8
   12d20:	00c6c633          	xor	a2,a3,a2
   12d24:	01061e93          	slli	t4,a2,0x10
   12d28:	0ff6f693          	zext.b	a3,a3
   12d2c:	018ed613          	srli	a2,t4,0x18
   12d30:	00869693          	slli	a3,a3,0x8
   12d34:	00c6e6b3          	or	a3,a3,a2
   12d38:	00e6f633          	and	a2,a3,a4
   12d3c:	0066f6b3          	and	a3,a3,t1
   12d40:	0046d693          	srli	a3,a3,0x4
   12d44:	00461613          	slli	a2,a2,0x4
   12d48:	00d66633          	or	a2,a2,a3
   12d4c:	00f676b3          	and	a3,a2,a5
   12d50:	01167633          	and	a2,a2,a7
   12d54:	00265613          	srli	a2,a2,0x2
   12d58:	00269693          	slli	a3,a3,0x2
   12d5c:	00c6e6b3          	or	a3,a3,a2
   12d60:	00b6f633          	and	a2,a3,a1
   12d64:	0106f6b3          	and	a3,a3,a6
   12d68:	00161613          	slli	a2,a2,0x1
   12d6c:	0016d693          	srli	a3,a3,0x1
   12d70:	00d666b3          	or	a3,a2,a3
   12d74:	0ff6f613          	zext.b	a2,a3
   12d78:	00861613          	slli	a2,a2,0x8
   12d7c:	0086d693          	srli	a3,a3,0x8
   12d80:	00d66633          	or	a2,a2,a3
   12d84:	00e676b3          	and	a3,a2,a4
   12d88:	00667eb3          	and	t4,a2,t1
   12d8c:	004ede93          	srli	t4,t4,0x4
   12d90:	00f57613          	andi	a2,a0,15
   12d94:	00469693          	slli	a3,a3,0x4
   12d98:	0f057513          	andi	a0,a0,240
   12d9c:	01d6e6b3          	or	a3,a3,t4
   12da0:	00455513          	srli	a0,a0,0x4
   12da4:	00461613          	slli	a2,a2,0x4
   12da8:	00a66633          	or	a2,a2,a0
   12dac:	0116feb3          	and	t4,a3,a7
   12db0:	00f6f533          	and	a0,a3,a5
   12db4:	002ede93          	srli	t4,t4,0x2
   12db8:	03367693          	andi	a3,a2,51
   12dbc:	00251513          	slli	a0,a0,0x2
   12dc0:	0cc67613          	andi	a2,a2,204
   12dc4:	01d56533          	or	a0,a0,t4
   12dc8:	00265613          	srli	a2,a2,0x2
   12dcc:	00269693          	slli	a3,a3,0x2
   12dd0:	00c6e6b3          	or	a3,a3,a2
   12dd4:	00b57633          	and	a2,a0,a1
   12dd8:	01057533          	and	a0,a0,a6
   12ddc:	0556ff13          	andi	t5,a3,85
   12de0:	00161613          	slli	a2,a2,0x1
   12de4:	00155513          	srli	a0,a0,0x1
   12de8:	0aa6f693          	andi	a3,a3,170
   12dec:	00a66eb3          	or	t4,a2,a0
   12df0:	0016d693          	srli	a3,a3,0x1
   12df4:	001f1f13          	slli	t5,t5,0x1
   12df8:	00df6f33          	or	t5,t5,a3
   12dfc:	008ed693          	srli	a3,t4,0x8
   12e00:	01e6c6b3          	xor	a3,a3,t5
   12e04:	00169693          	slli	a3,a3,0x1
   12e08:	01c686b3          	add	a3,a3,t3
   12e0c:	0006d683          	lhu	a3,0(a3)
   12e10:	008e9613          	slli	a2,t4,0x8
   12e14:	00c6c633          	xor	a2,a3,a2
   12e18:	01061513          	slli	a0,a2,0x10
   12e1c:	0ff6f693          	zext.b	a3,a3
   12e20:	01855613          	srli	a2,a0,0x18
   12e24:	00869693          	slli	a3,a3,0x8
   12e28:	00c6e6b3          	or	a3,a3,a2
   12e2c:	00e6f733          	and	a4,a3,a4
   12e30:	0066f6b3          	and	a3,a3,t1
   12e34:	0046d693          	srli	a3,a3,0x4
   12e38:	00471713          	slli	a4,a4,0x4
   12e3c:	00d76733          	or	a4,a4,a3
   12e40:	00f777b3          	and	a5,a4,a5
   12e44:	01177733          	and	a4,a4,a7
   12e48:	00275713          	srli	a4,a4,0x2
   12e4c:	00279793          	slli	a5,a5,0x2
   12e50:	00e7e7b3          	or	a5,a5,a4
   12e54:	00b7f533          	and	a0,a5,a1
   12e58:	0107f7b3          	and	a5,a5,a6
   12e5c:	0017d793          	srli	a5,a5,0x1
   12e60:	00151513          	slli	a0,a0,0x1
   12e64:	00f56533          	or	a0,a0,a5
   12e68:	00008067          	ret

00012e6c <check_data_types>:
   12e6c:	00000513          	li	a0,0
   12e70:	00008067          	ret

00012e74 <iprintf>:
   12e74:	fc010113          	addi	sp,sp,-64
   12e78:	02f12a23          	sw	a5,52(sp)
   12e7c:	0000d797          	auipc	a5,0xd
   12e80:	1ec7a783          	lw	a5,492(a5) # 20068 <_impure_ptr>
   12e84:	02c12423          	sw	a2,40(sp)
   12e88:	02d12623          	sw	a3,44(sp)
   12e8c:	02b12223          	sw	a1,36(sp)
   12e90:	02e12823          	sw	a4,48(sp)
   12e94:	03012c23          	sw	a6,56(sp)
   12e98:	03112e23          	sw	a7,60(sp)
   12e9c:	0087a583          	lw	a1,8(a5)
   12ea0:	02410693          	addi	a3,sp,36
   12ea4:	00050613          	mv	a2,a0
   12ea8:	00078513          	mv	a0,a5
   12eac:	00112e23          	sw	ra,28(sp)
   12eb0:	00d12623          	sw	a3,12(sp)
   12eb4:	00001097          	auipc	ra,0x1
   12eb8:	83c080e7          	jalr	-1988(ra) # 136f0 <_vfiprintf_r>
   12ebc:	01c12083          	lw	ra,28(sp)
   12ec0:	04010113          	addi	sp,sp,64
   12ec4:	00008067          	ret

00012ec8 <putchar>:
   12ec8:	00050593          	mv	a1,a0
   12ecc:	0000d517          	auipc	a0,0xd
   12ed0:	19c52503          	lw	a0,412(a0) # 20068 <_impure_ptr>
   12ed4:	00852603          	lw	a2,8(a0)
   12ed8:	00002317          	auipc	t1,0x2
   12edc:	85c30067          	jr	-1956(t1) # 14734 <_putc_r>

00012ee0 <_puts_r>:
   12ee0:	02052783          	lw	a5,32(a0)
   12ee4:	fe010113          	addi	sp,sp,-32
   12ee8:	00812c23          	sw	s0,24(sp)
   12eec:	00912a23          	sw	s1,20(sp)
   12ef0:	01212823          	sw	s2,16(sp)
   12ef4:	00112e23          	sw	ra,28(sp)
   12ef8:	01312623          	sw	s3,12(sp)
   12efc:	00852403          	lw	s0,8(a0)
   12f00:	00050493          	mv	s1,a0
   12f04:	00058913          	mv	s2,a1
   12f08:	00079663          	bnez	a5,12f14 <_puts_r+0x34>
   12f0c:	00001097          	auipc	ra,0x1
   12f10:	5c4080e7          	jalr	1476(ra) # 144d0 <__sinit>
   12f14:	06442783          	lw	a5,100(s0)
   12f18:	0017f793          	andi	a5,a5,1
   12f1c:	00079e63          	bnez	a5,12f38 <_puts_r+0x58>
   12f20:	00c45783          	lhu	a5,12(s0)
   12f24:	2007f793          	andi	a5,a5,512
   12f28:	00079863          	bnez	a5,12f38 <_puts_r+0x58>
   12f2c:	05842503          	lw	a0,88(s0)
   12f30:	00000097          	auipc	ra,0x0
   12f34:	360080e7          	jalr	864(ra) # 13290 <__retarget_lock_acquire_recursive>
   12f38:	00c45783          	lhu	a5,12(s0)
   12f3c:	0087f793          	andi	a5,a5,8
   12f40:	00078663          	beqz	a5,12f4c <_puts_r+0x6c>
   12f44:	01042783          	lw	a5,16(s0)
   12f48:	0c079e63          	bnez	a5,13024 <_puts_r+0x144>
   12f4c:	00040593          	mv	a1,s0
   12f50:	00048513          	mv	a0,s1
   12f54:	00000097          	auipc	ra,0x0
   12f58:	210080e7          	jalr	528(ra) # 13164 <__swsetup_r>
   12f5c:	0c050463          	beqz	a0,13024 <_puts_r+0x144>
   12f60:	fff00493          	li	s1,-1
   12f64:	06442783          	lw	a5,100(s0)
   12f68:	0017f793          	andi	a5,a5,1
   12f6c:	00079e63          	bnez	a5,12f88 <_puts_r+0xa8>
   12f70:	00c45783          	lhu	a5,12(s0)
   12f74:	2007f793          	andi	a5,a5,512
   12f78:	00079863          	bnez	a5,12f88 <_puts_r+0xa8>
   12f7c:	05842503          	lw	a0,88(s0)
   12f80:	00000097          	auipc	ra,0x0
   12f84:	314080e7          	jalr	788(ra) # 13294 <__retarget_lock_release_recursive>
   12f88:	01c12083          	lw	ra,28(sp)
   12f8c:	01812403          	lw	s0,24(sp)
   12f90:	01012903          	lw	s2,16(sp)
   12f94:	00c12983          	lw	s3,12(sp)
   12f98:	00048513          	mv	a0,s1
   12f9c:	01412483          	lw	s1,20(sp)
   12fa0:	02010113          	addi	sp,sp,32
   12fa4:	00008067          	ret
   12fa8:	0007da63          	bgez	a5,12fbc <_puts_r+0xdc>
   12fac:	01842703          	lw	a4,24(s0)
   12fb0:	04e7ce63          	blt	a5,a4,1300c <_puts_r+0x12c>
   12fb4:	ff658793          	addi	a5,a1,-10
   12fb8:	04078a63          	beqz	a5,1300c <_puts_r+0x12c>
   12fbc:	00042783          	lw	a5,0(s0)
   12fc0:	00178713          	addi	a4,a5,1
   12fc4:	00e42023          	sw	a4,0(s0)
   12fc8:	00b78023          	sb	a1,0(a5)
   12fcc:	00190913          	addi	s2,s2,1
   12fd0:	00842783          	lw	a5,8(s0)
   12fd4:	00094583          	lbu	a1,0(s2)
   12fd8:	fff78793          	addi	a5,a5,-1
   12fdc:	00f42423          	sw	a5,8(s0)
   12fe0:	fc0594e3          	bnez	a1,12fa8 <_puts_r+0xc8>
   12fe4:	0407d463          	bgez	a5,1302c <_puts_r+0x14c>
   12fe8:	00040613          	mv	a2,s0
   12fec:	00a00593          	li	a1,10
   12ff0:	00048513          	mv	a0,s1
   12ff4:	00000097          	auipc	ra,0x0
   12ff8:	064080e7          	jalr	100(ra) # 13058 <__swbuf_r>
   12ffc:	fff00793          	li	a5,-1
   13000:	f6f500e3          	beq	a0,a5,12f60 <_puts_r+0x80>
   13004:	00a00493          	li	s1,10
   13008:	f5dff06f          	j	12f64 <_puts_r+0x84>
   1300c:	00040613          	mv	a2,s0
   13010:	00048513          	mv	a0,s1
   13014:	00000097          	auipc	ra,0x0
   13018:	044080e7          	jalr	68(ra) # 13058 <__swbuf_r>
   1301c:	fb3518e3          	bne	a0,s3,12fcc <_puts_r+0xec>
   13020:	f41ff06f          	j	12f60 <_puts_r+0x80>
   13024:	fff00993          	li	s3,-1
   13028:	fa9ff06f          	j	12fd0 <_puts_r+0xf0>
   1302c:	00042783          	lw	a5,0(s0)
   13030:	00178713          	addi	a4,a5,1
   13034:	00e42023          	sw	a4,0(s0)
   13038:	00a00713          	li	a4,10
   1303c:	00e78023          	sb	a4,0(a5)
   13040:	fc5ff06f          	j	13004 <_puts_r+0x124>

00013044 <puts>:
   13044:	00050593          	mv	a1,a0
   13048:	0000d517          	auipc	a0,0xd
   1304c:	02052503          	lw	a0,32(a0) # 20068 <_impure_ptr>
   13050:	00000317          	auipc	t1,0x0
   13054:	e9030067          	jr	-368(t1) # 12ee0 <_puts_r>

00013058 <__swbuf_r>:
   13058:	fe010113          	addi	sp,sp,-32
   1305c:	00812c23          	sw	s0,24(sp)
   13060:	00912a23          	sw	s1,20(sp)
   13064:	01312623          	sw	s3,12(sp)
   13068:	00112e23          	sw	ra,28(sp)
   1306c:	01212823          	sw	s2,16(sp)
   13070:	00050493          	mv	s1,a0
   13074:	00058993          	mv	s3,a1
   13078:	00060413          	mv	s0,a2
   1307c:	00050a63          	beqz	a0,13090 <__swbuf_r+0x38>
   13080:	02052783          	lw	a5,32(a0)
   13084:	00079663          	bnez	a5,13090 <__swbuf_r+0x38>
   13088:	00001097          	auipc	ra,0x1
   1308c:	448080e7          	jalr	1096(ra) # 144d0 <__sinit>
   13090:	01842783          	lw	a5,24(s0)
   13094:	00f42423          	sw	a5,8(s0)
   13098:	00c45783          	lhu	a5,12(s0)
   1309c:	0087f793          	andi	a5,a5,8
   130a0:	00078663          	beqz	a5,130ac <__swbuf_r+0x54>
   130a4:	01042783          	lw	a5,16(s0)
   130a8:	02079e63          	bnez	a5,130e4 <__swbuf_r+0x8c>
   130ac:	00040593          	mv	a1,s0
   130b0:	00048513          	mv	a0,s1
   130b4:	00000097          	auipc	ra,0x0
   130b8:	0b0080e7          	jalr	176(ra) # 13164 <__swsetup_r>
   130bc:	02050463          	beqz	a0,130e4 <__swbuf_r+0x8c>
   130c0:	fff00913          	li	s2,-1
   130c4:	01c12083          	lw	ra,28(sp)
   130c8:	01812403          	lw	s0,24(sp)
   130cc:	01412483          	lw	s1,20(sp)
   130d0:	00c12983          	lw	s3,12(sp)
   130d4:	00090513          	mv	a0,s2
   130d8:	01012903          	lw	s2,16(sp)
   130dc:	02010113          	addi	sp,sp,32
   130e0:	00008067          	ret
   130e4:	01042783          	lw	a5,16(s0)
   130e8:	00042503          	lw	a0,0(s0)
   130ec:	40f50533          	sub	a0,a0,a5
   130f0:	01442783          	lw	a5,20(s0)
   130f4:	00f54c63          	blt	a0,a5,1310c <__swbuf_r+0xb4>
   130f8:	00040593          	mv	a1,s0
   130fc:	00048513          	mv	a0,s1
   13100:	00001097          	auipc	ra,0x1
   13104:	120080e7          	jalr	288(ra) # 14220 <_fflush_r>
   13108:	fa051ce3          	bnez	a0,130c0 <__swbuf_r+0x68>
   1310c:	00842783          	lw	a5,8(s0)
   13110:	00150513          	addi	a0,a0,1
   13114:	0ff9f913          	zext.b	s2,s3
   13118:	fff78793          	addi	a5,a5,-1
   1311c:	00f42423          	sw	a5,8(s0)
   13120:	00042783          	lw	a5,0(s0)
   13124:	00178713          	addi	a4,a5,1
   13128:	00e42023          	sw	a4,0(s0)
   1312c:	01378023          	sb	s3,0(a5)
   13130:	01442783          	lw	a5,20(s0)
   13134:	00a78c63          	beq	a5,a0,1314c <__swbuf_r+0xf4>
   13138:	00c45783          	lhu	a5,12(s0)
   1313c:	0017f793          	andi	a5,a5,1
   13140:	f80782e3          	beqz	a5,130c4 <__swbuf_r+0x6c>
   13144:	ff690793          	addi	a5,s2,-10
   13148:	f6079ee3          	bnez	a5,130c4 <__swbuf_r+0x6c>
   1314c:	00040593          	mv	a1,s0
   13150:	00048513          	mv	a0,s1
   13154:	00001097          	auipc	ra,0x1
   13158:	0cc080e7          	jalr	204(ra) # 14220 <_fflush_r>
   1315c:	f60504e3          	beqz	a0,130c4 <__swbuf_r+0x6c>
   13160:	f61ff06f          	j	130c0 <__swbuf_r+0x68>

00013164 <__swsetup_r>:
   13164:	ff010113          	addi	sp,sp,-16
   13168:	00912223          	sw	s1,4(sp)
   1316c:	00050493          	mv	s1,a0
   13170:	0000d517          	auipc	a0,0xd
   13174:	ef852503          	lw	a0,-264(a0) # 20068 <_impure_ptr>
   13178:	00812423          	sw	s0,8(sp)
   1317c:	00112623          	sw	ra,12(sp)
   13180:	00058413          	mv	s0,a1
   13184:	00050a63          	beqz	a0,13198 <__swsetup_r+0x34>
   13188:	02052783          	lw	a5,32(a0)
   1318c:	00079663          	bnez	a5,13198 <__swsetup_r+0x34>
   13190:	00001097          	auipc	ra,0x1
   13194:	340080e7          	jalr	832(ra) # 144d0 <__sinit>
   13198:	00c41783          	lh	a5,12(s0)
   1319c:	0087f713          	andi	a4,a5,8
   131a0:	06071463          	bnez	a4,13208 <__swsetup_r+0xa4>
   131a4:	0107f713          	andi	a4,a5,16
   131a8:	00071e63          	bnez	a4,131c4 <__swsetup_r+0x60>
   131ac:	00900713          	li	a4,9
   131b0:	00e4a023          	sw	a4,0(s1)
   131b4:	0407e793          	ori	a5,a5,64
   131b8:	00f41623          	sh	a5,12(s0)
   131bc:	fff00513          	li	a0,-1
   131c0:	0a00006f          	j	13260 <__swsetup_r+0xfc>
   131c4:	0047f713          	andi	a4,a5,4
   131c8:	02070c63          	beqz	a4,13200 <__swsetup_r+0x9c>
   131cc:	03442583          	lw	a1,52(s0)
   131d0:	00058e63          	beqz	a1,131ec <__swsetup_r+0x88>
   131d4:	04440793          	addi	a5,s0,68
   131d8:	00f58863          	beq	a1,a5,131e8 <__swsetup_r+0x84>
   131dc:	00048513          	mv	a0,s1
   131e0:	00000097          	auipc	ra,0x0
   131e4:	0b8080e7          	jalr	184(ra) # 13298 <_free_r>
   131e8:	02042a23          	sw	zero,52(s0)
   131ec:	00c45783          	lhu	a5,12(s0)
   131f0:	01042703          	lw	a4,16(s0)
   131f4:	00042223          	sw	zero,4(s0)
   131f8:	fdb7f793          	andi	a5,a5,-37
   131fc:	00e42023          	sw	a4,0(s0)
   13200:	0087e793          	ori	a5,a5,8
   13204:	00f41623          	sh	a5,12(s0)
   13208:	01042783          	lw	a5,16(s0)
   1320c:	02079263          	bnez	a5,13230 <__swsetup_r+0xcc>
   13210:	00c42783          	lw	a5,12(s0)
   13214:	20000713          	li	a4,512
   13218:	2807f793          	andi	a5,a5,640
   1321c:	00e78a63          	beq	a5,a4,13230 <__swsetup_r+0xcc>
   13220:	00040593          	mv	a1,s0
   13224:	00048513          	mv	a0,s1
   13228:	00001097          	auipc	ra,0x1
   1322c:	434080e7          	jalr	1076(ra) # 1465c <__smakebuf_r>
   13230:	00c41783          	lh	a5,12(s0)
   13234:	0017f713          	andi	a4,a5,1
   13238:	02070e63          	beqz	a4,13274 <__swsetup_r+0x110>
   1323c:	01442703          	lw	a4,20(s0)
   13240:	00042423          	sw	zero,8(s0)
   13244:	40e00733          	neg	a4,a4
   13248:	00e42c23          	sw	a4,24(s0)
   1324c:	01042703          	lw	a4,16(s0)
   13250:	00000513          	li	a0,0
   13254:	00071663          	bnez	a4,13260 <__swsetup_r+0xfc>
   13258:	0807f713          	andi	a4,a5,128
   1325c:	f4071ce3          	bnez	a4,131b4 <__swsetup_r+0x50>
   13260:	00c12083          	lw	ra,12(sp)
   13264:	00812403          	lw	s0,8(sp)
   13268:	00412483          	lw	s1,4(sp)
   1326c:	01010113          	addi	sp,sp,16
   13270:	00008067          	ret
   13274:	0027f713          	andi	a4,a5,2
   13278:	00000693          	li	a3,0
   1327c:	00071463          	bnez	a4,13284 <__swsetup_r+0x120>
   13280:	01442683          	lw	a3,20(s0)
   13284:	00d42423          	sw	a3,8(s0)
   13288:	fc5ff06f          	j	1324c <__swsetup_r+0xe8>

0001328c <__retarget_lock_init_recursive>:
   1328c:	00008067          	ret

00013290 <__retarget_lock_acquire_recursive>:
   13290:	00008067          	ret

00013294 <__retarget_lock_release_recursive>:
   13294:	00008067          	ret

00013298 <_free_r>:
   13298:	10058263          	beqz	a1,1339c <_free_r+0x104>
   1329c:	ffc5a783          	lw	a5,-4(a1)
   132a0:	fe010113          	addi	sp,sp,-32
   132a4:	00812c23          	sw	s0,24(sp)
   132a8:	00112e23          	sw	ra,28(sp)
   132ac:	ffc58413          	addi	s0,a1,-4
   132b0:	0007d463          	bgez	a5,132b8 <_free_r+0x20>
   132b4:	00f40433          	add	s0,s0,a5
   132b8:	00a12623          	sw	a0,12(sp)
   132bc:	00000097          	auipc	ra,0x0
   132c0:	35c080e7          	jalr	860(ra) # 13618 <__malloc_lock>
   132c4:	0000d797          	auipc	a5,0xd
   132c8:	6e47a783          	lw	a5,1764(a5) # 209a8 <__malloc_free_list>
   132cc:	00c12503          	lw	a0,12(sp)
   132d0:	02079263          	bnez	a5,132f4 <_free_r+0x5c>
   132d4:	00042223          	sw	zero,4(s0)
   132d8:	0000d797          	auipc	a5,0xd
   132dc:	6c87a823          	sw	s0,1744(a5) # 209a8 <__malloc_free_list>
   132e0:	01812403          	lw	s0,24(sp)
   132e4:	01c12083          	lw	ra,28(sp)
   132e8:	02010113          	addi	sp,sp,32
   132ec:	00000317          	auipc	t1,0x0
   132f0:	33c30067          	jr	828(t1) # 13628 <__malloc_unlock>
   132f4:	02f47463          	bgeu	s0,a5,1331c <_free_r+0x84>
   132f8:	00042683          	lw	a3,0(s0)
   132fc:	00d40733          	add	a4,s0,a3
   13300:	00e79a63          	bne	a5,a4,13314 <_free_r+0x7c>
   13304:	0007a703          	lw	a4,0(a5)
   13308:	0047a783          	lw	a5,4(a5)
   1330c:	00d70733          	add	a4,a4,a3
   13310:	00e42023          	sw	a4,0(s0)
   13314:	00f42223          	sw	a5,4(s0)
   13318:	fc1ff06f          	j	132d8 <_free_r+0x40>
   1331c:	00078713          	mv	a4,a5
   13320:	0047a783          	lw	a5,4(a5)
   13324:	00078463          	beqz	a5,1332c <_free_r+0x94>
   13328:	fef47ae3          	bgeu	s0,a5,1331c <_free_r+0x84>
   1332c:	00072683          	lw	a3,0(a4)
   13330:	00d70633          	add	a2,a4,a3
   13334:	02861863          	bne	a2,s0,13364 <_free_r+0xcc>
   13338:	00042603          	lw	a2,0(s0)
   1333c:	00c686b3          	add	a3,a3,a2
   13340:	00d72023          	sw	a3,0(a4)
   13344:	00d70633          	add	a2,a4,a3
   13348:	f8c79ce3          	bne	a5,a2,132e0 <_free_r+0x48>
   1334c:	0007a603          	lw	a2,0(a5)
   13350:	0047a783          	lw	a5,4(a5)
   13354:	00d606b3          	add	a3,a2,a3
   13358:	00d72023          	sw	a3,0(a4)
   1335c:	00f72223          	sw	a5,4(a4)
   13360:	f81ff06f          	j	132e0 <_free_r+0x48>
   13364:	00c47863          	bgeu	s0,a2,13374 <_free_r+0xdc>
   13368:	00c00793          	li	a5,12
   1336c:	00f52023          	sw	a5,0(a0)
   13370:	f71ff06f          	j	132e0 <_free_r+0x48>
   13374:	00042603          	lw	a2,0(s0)
   13378:	00c406b3          	add	a3,s0,a2
   1337c:	00d79a63          	bne	a5,a3,13390 <_free_r+0xf8>
   13380:	0007a683          	lw	a3,0(a5)
   13384:	0047a783          	lw	a5,4(a5)
   13388:	00c686b3          	add	a3,a3,a2
   1338c:	00d42023          	sw	a3,0(s0)
   13390:	00f42223          	sw	a5,4(s0)
   13394:	00872223          	sw	s0,4(a4)
   13398:	f49ff06f          	j	132e0 <_free_r+0x48>
   1339c:	00008067          	ret

000133a0 <sbrk_aligned>:
   133a0:	0000d797          	auipc	a5,0xd
   133a4:	6047a783          	lw	a5,1540(a5) # 209a4 <__malloc_sbrk_start>
   133a8:	ff010113          	addi	sp,sp,-16
   133ac:	00812423          	sw	s0,8(sp)
   133b0:	01212023          	sw	s2,0(sp)
   133b4:	00112623          	sw	ra,12(sp)
   133b8:	00912223          	sw	s1,4(sp)
   133bc:	00050913          	mv	s2,a0
   133c0:	00058413          	mv	s0,a1
   133c4:	00079c63          	bnez	a5,133dc <sbrk_aligned+0x3c>
   133c8:	00000593          	li	a1,0
   133cc:	00001097          	auipc	ra,0x1
   133d0:	750080e7          	jalr	1872(ra) # 14b1c <_sbrk_r>
   133d4:	0000d797          	auipc	a5,0xd
   133d8:	5ca7a823          	sw	a0,1488(a5) # 209a4 <__malloc_sbrk_start>
   133dc:	00040593          	mv	a1,s0
   133e0:	00090513          	mv	a0,s2
   133e4:	00001097          	auipc	ra,0x1
   133e8:	738080e7          	jalr	1848(ra) # 14b1c <_sbrk_r>
   133ec:	fff00493          	li	s1,-1
   133f0:	02951263          	bne	a0,s1,13414 <sbrk_aligned+0x74>
   133f4:	fff00413          	li	s0,-1
   133f8:	00c12083          	lw	ra,12(sp)
   133fc:	00040513          	mv	a0,s0
   13400:	00812403          	lw	s0,8(sp)
   13404:	00412483          	lw	s1,4(sp)
   13408:	00012903          	lw	s2,0(sp)
   1340c:	01010113          	addi	sp,sp,16
   13410:	00008067          	ret
   13414:	00350413          	addi	s0,a0,3
   13418:	ffc47413          	andi	s0,s0,-4
   1341c:	fc850ee3          	beq	a0,s0,133f8 <sbrk_aligned+0x58>
   13420:	40a405b3          	sub	a1,s0,a0
   13424:	00090513          	mv	a0,s2
   13428:	00001097          	auipc	ra,0x1
   1342c:	6f4080e7          	jalr	1780(ra) # 14b1c <_sbrk_r>
   13430:	fc9514e3          	bne	a0,s1,133f8 <sbrk_aligned+0x58>
   13434:	fc1ff06f          	j	133f4 <sbrk_aligned+0x54>

00013438 <_malloc_r>:
   13438:	fe010113          	addi	sp,sp,-32
   1343c:	00912a23          	sw	s1,20(sp)
   13440:	00358493          	addi	s1,a1,3
   13444:	ffc4f493          	andi	s1,s1,-4
   13448:	00112e23          	sw	ra,28(sp)
   1344c:	00812c23          	sw	s0,24(sp)
   13450:	01212823          	sw	s2,16(sp)
   13454:	01312623          	sw	s3,12(sp)
   13458:	01412423          	sw	s4,8(sp)
   1345c:	00848493          	addi	s1,s1,8
   13460:	00c00793          	li	a5,12
   13464:	00f4f463          	bgeu	s1,a5,1346c <_malloc_r+0x34>
   13468:	00078493          	mv	s1,a5
   1346c:	0004c463          	bltz	s1,13474 <_malloc_r+0x3c>
   13470:	02b4f863          	bgeu	s1,a1,134a0 <_malloc_r+0x68>
   13474:	00c00793          	li	a5,12
   13478:	00f52023          	sw	a5,0(a0)
   1347c:	00000513          	li	a0,0
   13480:	01c12083          	lw	ra,28(sp)
   13484:	01812403          	lw	s0,24(sp)
   13488:	01412483          	lw	s1,20(sp)
   1348c:	01012903          	lw	s2,16(sp)
   13490:	00c12983          	lw	s3,12(sp)
   13494:	00812a03          	lw	s4,8(sp)
   13498:	02010113          	addi	sp,sp,32
   1349c:	00008067          	ret
   134a0:	00050913          	mv	s2,a0
   134a4:	0000d997          	auipc	s3,0xd
   134a8:	50498993          	addi	s3,s3,1284 # 209a8 <__malloc_free_list>
   134ac:	00000097          	auipc	ra,0x0
   134b0:	16c080e7          	jalr	364(ra) # 13618 <__malloc_lock>
   134b4:	0009a783          	lw	a5,0(s3)
   134b8:	00078413          	mv	s0,a5
   134bc:	08041863          	bnez	s0,1354c <_malloc_r+0x114>
   134c0:	00048593          	mv	a1,s1
   134c4:	00090513          	mv	a0,s2
   134c8:	00000097          	auipc	ra,0x0
   134cc:	ed8080e7          	jalr	-296(ra) # 133a0 <sbrk_aligned>
   134d0:	fff00793          	li	a5,-1
   134d4:	00050413          	mv	s0,a0
   134d8:	12f51c63          	bne	a0,a5,13610 <_malloc_r+0x1d8>
   134dc:	0009a403          	lw	s0,0(s3)
   134e0:	00040793          	mv	a5,s0
   134e4:	0e079a63          	bnez	a5,135d8 <_malloc_r+0x1a0>
   134e8:	10040863          	beqz	s0,135f8 <_malloc_r+0x1c0>
   134ec:	00042a03          	lw	s4,0(s0)
   134f0:	00000593          	li	a1,0
   134f4:	00090513          	mv	a0,s2
   134f8:	01440a33          	add	s4,s0,s4
   134fc:	00001097          	auipc	ra,0x1
   13500:	620080e7          	jalr	1568(ra) # 14b1c <_sbrk_r>
   13504:	0eaa1a63          	bne	s4,a0,135f8 <_malloc_r+0x1c0>
   13508:	00042783          	lw	a5,0(s0)
   1350c:	00090513          	mv	a0,s2
   13510:	40f484b3          	sub	s1,s1,a5
   13514:	00048593          	mv	a1,s1
   13518:	00000097          	auipc	ra,0x0
   1351c:	e88080e7          	jalr	-376(ra) # 133a0 <sbrk_aligned>
   13520:	fff00793          	li	a5,-1
   13524:	0cf50a63          	beq	a0,a5,135f8 <_malloc_r+0x1c0>
   13528:	00042783          	lw	a5,0(s0)
   1352c:	009787b3          	add	a5,a5,s1
   13530:	00f42023          	sw	a5,0(s0)
   13534:	0009a783          	lw	a5,0(s3)
   13538:	0047a703          	lw	a4,4(a5)
   1353c:	0a071463          	bnez	a4,135e4 <_malloc_r+0x1ac>
   13540:	0000d797          	auipc	a5,0xd
   13544:	4607a423          	sw	zero,1128(a5) # 209a8 <__malloc_free_list>
   13548:	0340006f          	j	1357c <_malloc_r+0x144>
   1354c:	00042683          	lw	a3,0(s0)
   13550:	409686b3          	sub	a3,a3,s1
   13554:	0606cc63          	bltz	a3,135cc <_malloc_r+0x194>
   13558:	00b00713          	li	a4,11
   1355c:	04d77c63          	bgeu	a4,a3,135b4 <_malloc_r+0x17c>
   13560:	00942023          	sw	s1,0(s0)
   13564:	00940733          	add	a4,s0,s1
   13568:	04879263          	bne	a5,s0,135ac <_malloc_r+0x174>
   1356c:	00e9a023          	sw	a4,0(s3)
   13570:	00442783          	lw	a5,4(s0)
   13574:	00d72023          	sw	a3,0(a4)
   13578:	00f72223          	sw	a5,4(a4)
   1357c:	00090513          	mv	a0,s2
   13580:	00000097          	auipc	ra,0x0
   13584:	0a8080e7          	jalr	168(ra) # 13628 <__malloc_unlock>
   13588:	00b40513          	addi	a0,s0,11
   1358c:	00440793          	addi	a5,s0,4
   13590:	ff857513          	andi	a0,a0,-8
   13594:	40f50733          	sub	a4,a0,a5
   13598:	eef504e3          	beq	a0,a5,13480 <_malloc_r+0x48>
   1359c:	00e40433          	add	s0,s0,a4
   135a0:	40a787b3          	sub	a5,a5,a0
   135a4:	00f42023          	sw	a5,0(s0)
   135a8:	ed9ff06f          	j	13480 <_malloc_r+0x48>
   135ac:	00e7a223          	sw	a4,4(a5)
   135b0:	fc1ff06f          	j	13570 <_malloc_r+0x138>
   135b4:	00442703          	lw	a4,4(s0)
   135b8:	00879663          	bne	a5,s0,135c4 <_malloc_r+0x18c>
   135bc:	00e9a023          	sw	a4,0(s3)
   135c0:	fbdff06f          	j	1357c <_malloc_r+0x144>
   135c4:	00e7a223          	sw	a4,4(a5)
   135c8:	fb5ff06f          	j	1357c <_malloc_r+0x144>
   135cc:	00040793          	mv	a5,s0
   135d0:	00442403          	lw	s0,4(s0)
   135d4:	ee9ff06f          	j	134bc <_malloc_r+0x84>
   135d8:	00078413          	mv	s0,a5
   135dc:	0047a783          	lw	a5,4(a5)
   135e0:	f05ff06f          	j	134e4 <_malloc_r+0xac>
   135e4:	00078713          	mv	a4,a5
   135e8:	0047a783          	lw	a5,4(a5)
   135ec:	fe879ce3          	bne	a5,s0,135e4 <_malloc_r+0x1ac>
   135f0:	00072223          	sw	zero,4(a4)
   135f4:	f89ff06f          	j	1357c <_malloc_r+0x144>
   135f8:	00c00793          	li	a5,12
   135fc:	00f92023          	sw	a5,0(s2)
   13600:	00090513          	mv	a0,s2
   13604:	00000097          	auipc	ra,0x0
   13608:	024080e7          	jalr	36(ra) # 13628 <__malloc_unlock>
   1360c:	e71ff06f          	j	1347c <_malloc_r+0x44>
   13610:	00952023          	sw	s1,0(a0)
   13614:	f69ff06f          	j	1357c <_malloc_r+0x144>

00013618 <__malloc_lock>:
   13618:	0000d517          	auipc	a0,0xd
   1361c:	38450513          	addi	a0,a0,900 # 2099c <__lock___malloc_recursive_mutex>
   13620:	00000317          	auipc	t1,0x0
   13624:	c7030067          	jr	-912(t1) # 13290 <__retarget_lock_acquire_recursive>

00013628 <__malloc_unlock>:
   13628:	0000d517          	auipc	a0,0xd
   1362c:	37450513          	addi	a0,a0,884 # 2099c <__lock___malloc_recursive_mutex>
   13630:	00000317          	auipc	t1,0x0
   13634:	c6430067          	jr	-924(t1) # 13294 <__retarget_lock_release_recursive>

00013638 <__sfputc_r>:
   13638:	00862783          	lw	a5,8(a2)
   1363c:	fff78793          	addi	a5,a5,-1
   13640:	00f62423          	sw	a5,8(a2)
   13644:	0007de63          	bgez	a5,13660 <__sfputc_r+0x28>
   13648:	01862703          	lw	a4,24(a2)
   1364c:	00e7c663          	blt	a5,a4,13658 <__sfputc_r+0x20>
   13650:	ff658793          	addi	a5,a1,-10
   13654:	00079663          	bnez	a5,13660 <__sfputc_r+0x28>
   13658:	00000317          	auipc	t1,0x0
   1365c:	a0030067          	jr	-1536(t1) # 13058 <__swbuf_r>
   13660:	00062783          	lw	a5,0(a2)
   13664:	00058513          	mv	a0,a1
   13668:	00178713          	addi	a4,a5,1
   1366c:	00e62023          	sw	a4,0(a2)
   13670:	00b78023          	sb	a1,0(a5)
   13674:	00008067          	ret

00013678 <__sfputs_r>:
   13678:	fe010113          	addi	sp,sp,-32
   1367c:	00812c23          	sw	s0,24(sp)
   13680:	00912a23          	sw	s1,20(sp)
   13684:	01212823          	sw	s2,16(sp)
   13688:	01312623          	sw	s3,12(sp)
   1368c:	01412423          	sw	s4,8(sp)
   13690:	00112e23          	sw	ra,28(sp)
   13694:	00050993          	mv	s3,a0
   13698:	00058a13          	mv	s4,a1
   1369c:	00060413          	mv	s0,a2
   136a0:	00d604b3          	add	s1,a2,a3
   136a4:	fff00913          	li	s2,-1
   136a8:	00941663          	bne	s0,s1,136b4 <__sfputs_r+0x3c>
   136ac:	00000513          	li	a0,0
   136b0:	0200006f          	j	136d0 <__sfputs_r+0x58>
   136b4:	00044583          	lbu	a1,0(s0)
   136b8:	000a0613          	mv	a2,s4
   136bc:	00098513          	mv	a0,s3
   136c0:	00000097          	auipc	ra,0x0
   136c4:	f78080e7          	jalr	-136(ra) # 13638 <__sfputc_r>
   136c8:	00140413          	addi	s0,s0,1
   136cc:	fd251ee3          	bne	a0,s2,136a8 <__sfputs_r+0x30>
   136d0:	01c12083          	lw	ra,28(sp)
   136d4:	01812403          	lw	s0,24(sp)
   136d8:	01412483          	lw	s1,20(sp)
   136dc:	01012903          	lw	s2,16(sp)
   136e0:	00c12983          	lw	s3,12(sp)
   136e4:	00812a03          	lw	s4,8(sp)
   136e8:	02010113          	addi	sp,sp,32
   136ec:	00008067          	ret

000136f0 <_vfiprintf_r>:
   136f0:	f5010113          	addi	sp,sp,-176
   136f4:	0a812423          	sw	s0,168(sp)
   136f8:	0a912223          	sw	s1,164(sp)
   136fc:	09312e23          	sw	s3,156(sp)
   13700:	09412c23          	sw	s4,152(sp)
   13704:	0a112623          	sw	ra,172(sp)
   13708:	0b212023          	sw	s2,160(sp)
   1370c:	09512a23          	sw	s5,148(sp)
   13710:	09612823          	sw	s6,144(sp)
   13714:	09712623          	sw	s7,140(sp)
   13718:	09812423          	sw	s8,136(sp)
   1371c:	09912223          	sw	s9,132(sp)
   13720:	00050993          	mv	s3,a0
   13724:	00058493          	mv	s1,a1
   13728:	00060413          	mv	s0,a2
   1372c:	00068a13          	mv	s4,a3
   13730:	00050a63          	beqz	a0,13744 <_vfiprintf_r+0x54>
   13734:	02052783          	lw	a5,32(a0)
   13738:	00079663          	bnez	a5,13744 <_vfiprintf_r+0x54>
   1373c:	00001097          	auipc	ra,0x1
   13740:	d94080e7          	jalr	-620(ra) # 144d0 <__sinit>
   13744:	0644a783          	lw	a5,100(s1)
   13748:	0017f793          	andi	a5,a5,1
   1374c:	00079e63          	bnez	a5,13768 <_vfiprintf_r+0x78>
   13750:	00c4d783          	lhu	a5,12(s1)
   13754:	2007f793          	andi	a5,a5,512
   13758:	00079863          	bnez	a5,13768 <_vfiprintf_r+0x78>
   1375c:	0584a503          	lw	a0,88(s1)
   13760:	00000097          	auipc	ra,0x0
   13764:	b30080e7          	jalr	-1232(ra) # 13290 <__retarget_lock_acquire_recursive>
   13768:	00c4d783          	lhu	a5,12(s1)
   1376c:	0087f793          	andi	a5,a5,8
   13770:	00078663          	beqz	a5,1377c <_vfiprintf_r+0x8c>
   13774:	0104a783          	lw	a5,16(s1)
   13778:	06079c63          	bnez	a5,137f0 <_vfiprintf_r+0x100>
   1377c:	00048593          	mv	a1,s1
   13780:	00098513          	mv	a0,s3
   13784:	00000097          	auipc	ra,0x0
   13788:	9e0080e7          	jalr	-1568(ra) # 13164 <__swsetup_r>
   1378c:	06050263          	beqz	a0,137f0 <_vfiprintf_r+0x100>
   13790:	0644a783          	lw	a5,100(s1)
   13794:	0017f793          	andi	a5,a5,1
   13798:	02078e63          	beqz	a5,137d4 <_vfiprintf_r+0xe4>
   1379c:	fff00513          	li	a0,-1
   137a0:	0ac12083          	lw	ra,172(sp)
   137a4:	0a812403          	lw	s0,168(sp)
   137a8:	0a412483          	lw	s1,164(sp)
   137ac:	0a012903          	lw	s2,160(sp)
   137b0:	09c12983          	lw	s3,156(sp)
   137b4:	09812a03          	lw	s4,152(sp)
   137b8:	09412a83          	lw	s5,148(sp)
   137bc:	09012b03          	lw	s6,144(sp)
   137c0:	08c12b83          	lw	s7,140(sp)
   137c4:	08812c03          	lw	s8,136(sp)
   137c8:	08412c83          	lw	s9,132(sp)
   137cc:	0b010113          	addi	sp,sp,176
   137d0:	00008067          	ret
   137d4:	00c4d783          	lhu	a5,12(s1)
   137d8:	2007f793          	andi	a5,a5,512
   137dc:	fc0790e3          	bnez	a5,1379c <_vfiprintf_r+0xac>
   137e0:	0584a503          	lw	a0,88(s1)
   137e4:	00000097          	auipc	ra,0x0
   137e8:	ab0080e7          	jalr	-1360(ra) # 13294 <__retarget_lock_release_recursive>
   137ec:	fb1ff06f          	j	1379c <_vfiprintf_r+0xac>
   137f0:	02000793          	li	a5,32
   137f4:	02f10ca3          	sb	a5,57(sp)
   137f8:	03000793          	li	a5,48
   137fc:	01412e23          	sw	s4,28(sp)
   13800:	02012a23          	sw	zero,52(sp)
   13804:	02f10d23          	sb	a5,58(sp)
   13808:	fff00a13          	li	s4,-1
   1380c:	0000db17          	auipc	s6,0xd
   13810:	f7cb0b13          	addi	s6,s6,-132 # 20788 <_impure_ptr+0x720>
   13814:	00100b93          	li	s7,1
   13818:	00a00a93          	li	s5,10
   1381c:	00040c13          	mv	s8,s0
   13820:	000c4783          	lbu	a5,0(s8)
   13824:	00f03cb3          	snez	s9,a5
   13828:	fdb78793          	addi	a5,a5,-37
   1382c:	00f037b3          	snez	a5,a5
   13830:	00fcfcb3          	and	s9,s9,a5
   13834:	0c0c9863          	bnez	s9,13904 <_vfiprintf_r+0x214>
   13838:	408c06b3          	sub	a3,s8,s0
   1383c:	028c0863          	beq	s8,s0,1386c <_vfiprintf_r+0x17c>
   13840:	00040613          	mv	a2,s0
   13844:	00048593          	mv	a1,s1
   13848:	00098513          	mv	a0,s3
   1384c:	00d12623          	sw	a3,12(sp)
   13850:	00000097          	auipc	ra,0x0
   13854:	e28080e7          	jalr	-472(ra) # 13678 <__sfputs_r>
   13858:	25450863          	beq	a0,s4,13aa8 <_vfiprintf_r+0x3b8>
   1385c:	03412783          	lw	a5,52(sp)
   13860:	00c12683          	lw	a3,12(sp)
   13864:	00d787b3          	add	a5,a5,a3
   13868:	02f12a23          	sw	a5,52(sp)
   1386c:	000c4783          	lbu	a5,0(s8)
   13870:	22078c63          	beqz	a5,13aa8 <_vfiprintf_r+0x3b8>
   13874:	001c0413          	addi	s0,s8,1
   13878:	02012023          	sw	zero,32(sp)
   1387c:	02012623          	sw	zero,44(sp)
   13880:	03412223          	sw	s4,36(sp)
   13884:	02012423          	sw	zero,40(sp)
   13888:	060101a3          	sb	zero,99(sp)
   1388c:	06012c23          	sw	zero,120(sp)
   13890:	00044583          	lbu	a1,0(s0)
   13894:	00500613          	li	a2,5
   13898:	0000d517          	auipc	a0,0xd
   1389c:	ef050513          	addi	a0,a0,-272 # 20788 <_impure_ptr+0x720>
   138a0:	00001097          	auipc	ra,0x1
   138a4:	0c8080e7          	jalr	200(ra) # 14968 <memchr>
   138a8:	02012783          	lw	a5,32(sp)
   138ac:	00140693          	addi	a3,s0,1
   138b0:	04051e63          	bnez	a0,1390c <_vfiprintf_r+0x21c>
   138b4:	0107f713          	andi	a4,a5,16
   138b8:	00070663          	beqz	a4,138c4 <_vfiprintf_r+0x1d4>
   138bc:	02000713          	li	a4,32
   138c0:	06e101a3          	sb	a4,99(sp)
   138c4:	0087f713          	andi	a4,a5,8
   138c8:	00070663          	beqz	a4,138d4 <_vfiprintf_r+0x1e4>
   138cc:	02b00713          	li	a4,43
   138d0:	06e101a3          	sb	a4,99(sp)
   138d4:	00044603          	lbu	a2,0(s0)
   138d8:	02a00713          	li	a4,42
   138dc:	04e60463          	beq	a2,a4,13924 <_vfiprintf_r+0x234>
   138e0:	02c12783          	lw	a5,44(sp)
   138e4:	00000693          	li	a3,0
   138e8:	00900613          	li	a2,9
   138ec:	00044703          	lbu	a4,0(s0)
   138f0:	fd070713          	addi	a4,a4,-48
   138f4:	08e67e63          	bgeu	a2,a4,13990 <_vfiprintf_r+0x2a0>
   138f8:	04068463          	beqz	a3,13940 <_vfiprintf_r+0x250>
   138fc:	02f12623          	sw	a5,44(sp)
   13900:	0400006f          	j	13940 <_vfiprintf_r+0x250>
   13904:	001c0c13          	addi	s8,s8,1
   13908:	f19ff06f          	j	13820 <_vfiprintf_r+0x130>
   1390c:	41650533          	sub	a0,a0,s6
   13910:	00ab9533          	sll	a0,s7,a0
   13914:	00f56533          	or	a0,a0,a5
   13918:	02a12023          	sw	a0,32(sp)
   1391c:	00068413          	mv	s0,a3
   13920:	f71ff06f          	j	13890 <_vfiprintf_r+0x1a0>
   13924:	01c12703          	lw	a4,28(sp)
   13928:	00470613          	addi	a2,a4,4
   1392c:	00072703          	lw	a4,0(a4)
   13930:	00c12e23          	sw	a2,28(sp)
   13934:	04074463          	bltz	a4,1397c <_vfiprintf_r+0x28c>
   13938:	02e12623          	sw	a4,44(sp)
   1393c:	00068413          	mv	s0,a3
   13940:	00044703          	lbu	a4,0(s0)
   13944:	02e00793          	li	a5,46
   13948:	06f71e63          	bne	a4,a5,139c4 <_vfiprintf_r+0x2d4>
   1394c:	00144703          	lbu	a4,1(s0)
   13950:	02a00793          	li	a5,42
   13954:	04f71863          	bne	a4,a5,139a4 <_vfiprintf_r+0x2b4>
   13958:	01c12783          	lw	a5,28(sp)
   1395c:	00240413          	addi	s0,s0,2
   13960:	00478713          	addi	a4,a5,4
   13964:	0007a783          	lw	a5,0(a5)
   13968:	00e12e23          	sw	a4,28(sp)
   1396c:	0007d463          	bgez	a5,13974 <_vfiprintf_r+0x284>
   13970:	fff00793          	li	a5,-1
   13974:	02f12223          	sw	a5,36(sp)
   13978:	04c0006f          	j	139c4 <_vfiprintf_r+0x2d4>
   1397c:	40e00733          	neg	a4,a4
   13980:	0027e793          	ori	a5,a5,2
   13984:	02e12623          	sw	a4,44(sp)
   13988:	02f12023          	sw	a5,32(sp)
   1398c:	fb1ff06f          	j	1393c <_vfiprintf_r+0x24c>
   13990:	035787b3          	mul	a5,a5,s5
   13994:	00140413          	addi	s0,s0,1
   13998:	00100693          	li	a3,1
   1399c:	00e787b3          	add	a5,a5,a4
   139a0:	f4dff06f          	j	138ec <_vfiprintf_r+0x1fc>
   139a4:	00140413          	addi	s0,s0,1
   139a8:	02012223          	sw	zero,36(sp)
   139ac:	00000793          	li	a5,0
   139b0:	00900693          	li	a3,9
   139b4:	00044703          	lbu	a4,0(s0)
   139b8:	fd070713          	addi	a4,a4,-48
   139bc:	0ae6f063          	bgeu	a3,a4,13a5c <_vfiprintf_r+0x36c>
   139c0:	fa0c9ae3          	bnez	s9,13974 <_vfiprintf_r+0x284>
   139c4:	00044583          	lbu	a1,0(s0)
   139c8:	00300613          	li	a2,3
   139cc:	0000d517          	auipc	a0,0xd
   139d0:	dc450513          	addi	a0,a0,-572 # 20790 <_impure_ptr+0x728>
   139d4:	00001097          	auipc	ra,0x1
   139d8:	f94080e7          	jalr	-108(ra) # 14968 <memchr>
   139dc:	02050463          	beqz	a0,13a04 <_vfiprintf_r+0x314>
   139e0:	0000d797          	auipc	a5,0xd
   139e4:	db078793          	addi	a5,a5,-592 # 20790 <_impure_ptr+0x728>
   139e8:	40f50533          	sub	a0,a0,a5
   139ec:	02012783          	lw	a5,32(sp)
   139f0:	04000713          	li	a4,64
   139f4:	00a71733          	sll	a4,a4,a0
   139f8:	00e7e7b3          	or	a5,a5,a4
   139fc:	00140413          	addi	s0,s0,1
   13a00:	02f12023          	sw	a5,32(sp)
   13a04:	00044583          	lbu	a1,0(s0)
   13a08:	00600613          	li	a2,6
   13a0c:	0000d517          	auipc	a0,0xd
   13a10:	d8850513          	addi	a0,a0,-632 # 20794 <_impure_ptr+0x72c>
   13a14:	02b10c23          	sb	a1,56(sp)
   13a18:	00001097          	auipc	ra,0x1
   13a1c:	f50080e7          	jalr	-176(ra) # 14968 <memchr>
   13a20:	0c050063          	beqz	a0,13ae0 <_vfiprintf_r+0x3f0>
   13a24:	fffec797          	auipc	a5,0xfffec
   13a28:	5dc78793          	addi	a5,a5,1500 # 0 <__STACK_SIZE-0x1000>
   13a2c:	04079a63          	bnez	a5,13a80 <_vfiprintf_r+0x390>
   13a30:	02012703          	lw	a4,32(sp)
   13a34:	01c12783          	lw	a5,28(sp)
   13a38:	10077713          	andi	a4,a4,256
   13a3c:	02070a63          	beqz	a4,13a70 <_vfiprintf_r+0x380>
   13a40:	00478793          	addi	a5,a5,4
   13a44:	00f12e23          	sw	a5,28(sp)
   13a48:	03412783          	lw	a5,52(sp)
   13a4c:	00140413          	addi	s0,s0,1
   13a50:	012787b3          	add	a5,a5,s2
   13a54:	02f12a23          	sw	a5,52(sp)
   13a58:	dc5ff06f          	j	1381c <_vfiprintf_r+0x12c>
   13a5c:	035787b3          	mul	a5,a5,s5
   13a60:	00140413          	addi	s0,s0,1
   13a64:	00100c93          	li	s9,1
   13a68:	00e787b3          	add	a5,a5,a4
   13a6c:	f49ff06f          	j	139b4 <_vfiprintf_r+0x2c4>
   13a70:	00778793          	addi	a5,a5,7
   13a74:	ff87f793          	andi	a5,a5,-8
   13a78:	00878793          	addi	a5,a5,8
   13a7c:	fc9ff06f          	j	13a44 <_vfiprintf_r+0x354>
   13a80:	01c10713          	addi	a4,sp,28
   13a84:	00000697          	auipc	a3,0x0
   13a88:	bf468693          	addi	a3,a3,-1036 # 13678 <__sfputs_r>
   13a8c:	00048613          	mv	a2,s1
   13a90:	02010593          	addi	a1,sp,32
   13a94:	00098513          	mv	a0,s3
   13a98:	00000097          	auipc	ra,0x0
   13a9c:	000000e7          	jalr	zero # 0 <__STACK_SIZE-0x1000>
   13aa0:	00050913          	mv	s2,a0
   13aa4:	fb4512e3          	bne	a0,s4,13a48 <_vfiprintf_r+0x358>
   13aa8:	0644a783          	lw	a5,100(s1)
   13aac:	0017f793          	andi	a5,a5,1
   13ab0:	00079e63          	bnez	a5,13acc <_vfiprintf_r+0x3dc>
   13ab4:	00c4d783          	lhu	a5,12(s1)
   13ab8:	2007f793          	andi	a5,a5,512
   13abc:	00079863          	bnez	a5,13acc <_vfiprintf_r+0x3dc>
   13ac0:	0584a503          	lw	a0,88(s1)
   13ac4:	fffff097          	auipc	ra,0xfffff
   13ac8:	7d0080e7          	jalr	2000(ra) # 13294 <__retarget_lock_release_recursive>
   13acc:	00c4d783          	lhu	a5,12(s1)
   13ad0:	0407f793          	andi	a5,a5,64
   13ad4:	cc0794e3          	bnez	a5,1379c <_vfiprintf_r+0xac>
   13ad8:	03412503          	lw	a0,52(sp)
   13adc:	cc5ff06f          	j	137a0 <_vfiprintf_r+0xb0>
   13ae0:	01c10713          	addi	a4,sp,28
   13ae4:	00000697          	auipc	a3,0x0
   13ae8:	b9468693          	addi	a3,a3,-1132 # 13678 <__sfputs_r>
   13aec:	00048613          	mv	a2,s1
   13af0:	02010593          	addi	a1,sp,32
   13af4:	00098513          	mv	a0,s3
   13af8:	00000097          	auipc	ra,0x0
   13afc:	1c0080e7          	jalr	448(ra) # 13cb8 <_printf_i>
   13b00:	fa1ff06f          	j	13aa0 <_vfiprintf_r+0x3b0>

00013b04 <_printf_common>:
   13b04:	fd010113          	addi	sp,sp,-48
   13b08:	01312e23          	sw	s3,28(sp)
   13b0c:	0105a783          	lw	a5,16(a1)
   13b10:	00070993          	mv	s3,a4
   13b14:	0085a703          	lw	a4,8(a1)
   13b18:	02812423          	sw	s0,40(sp)
   13b1c:	03212023          	sw	s2,32(sp)
   13b20:	01612823          	sw	s6,16(sp)
   13b24:	01712623          	sw	s7,12(sp)
   13b28:	02112623          	sw	ra,44(sp)
   13b2c:	02912223          	sw	s1,36(sp)
   13b30:	01412c23          	sw	s4,24(sp)
   13b34:	01512a23          	sw	s5,20(sp)
   13b38:	00050b13          	mv	s6,a0
   13b3c:	00058413          	mv	s0,a1
   13b40:	00060913          	mv	s2,a2
   13b44:	00068b93          	mv	s7,a3
   13b48:	00e7d463          	bge	a5,a4,13b50 <_printf_common+0x4c>
   13b4c:	00070793          	mv	a5,a4
   13b50:	00f92023          	sw	a5,0(s2)
   13b54:	04344703          	lbu	a4,67(s0)
   13b58:	00070663          	beqz	a4,13b64 <_printf_common+0x60>
   13b5c:	00178793          	addi	a5,a5,1
   13b60:	00f92023          	sw	a5,0(s2)
   13b64:	00042783          	lw	a5,0(s0)
   13b68:	0207f793          	andi	a5,a5,32
   13b6c:	00078863          	beqz	a5,13b7c <_printf_common+0x78>
   13b70:	00092783          	lw	a5,0(s2)
   13b74:	00278793          	addi	a5,a5,2
   13b78:	00f92023          	sw	a5,0(s2)
   13b7c:	00042483          	lw	s1,0(s0)
   13b80:	0064f493          	andi	s1,s1,6
   13b84:	00049e63          	bnez	s1,13ba0 <_printf_common+0x9c>
   13b88:	01940a13          	addi	s4,s0,25
   13b8c:	fff00a93          	li	s5,-1
   13b90:	00c42783          	lw	a5,12(s0)
   13b94:	00092703          	lw	a4,0(s2)
   13b98:	40e787b3          	sub	a5,a5,a4
   13b9c:	08f4c463          	blt	s1,a5,13c24 <_printf_common+0x120>
   13ba0:	00042783          	lw	a5,0(s0)
   13ba4:	04344683          	lbu	a3,67(s0)
   13ba8:	0207f793          	andi	a5,a5,32
   13bac:	00d036b3          	snez	a3,a3
   13bb0:	0c079263          	bnez	a5,13c74 <_printf_common+0x170>
   13bb4:	04340613          	addi	a2,s0,67
   13bb8:	000b8593          	mv	a1,s7
   13bbc:	000b0513          	mv	a0,s6
   13bc0:	000980e7          	jalr	s3
   13bc4:	fff00793          	li	a5,-1
   13bc8:	06f50a63          	beq	a0,a5,13c3c <_printf_common+0x138>
   13bcc:	00042783          	lw	a5,0(s0)
   13bd0:	00400713          	li	a4,4
   13bd4:	00000493          	li	s1,0
   13bd8:	0067f793          	andi	a5,a5,6
   13bdc:	00e79e63          	bne	a5,a4,13bf8 <_printf_common+0xf4>
   13be0:	00092783          	lw	a5,0(s2)
   13be4:	00c42483          	lw	s1,12(s0)
   13be8:	40f484b3          	sub	s1,s1,a5
   13bec:	fff4c793          	not	a5,s1
   13bf0:	41f7d793          	srai	a5,a5,0x1f
   13bf4:	00f4f4b3          	and	s1,s1,a5
   13bf8:	00842783          	lw	a5,8(s0)
   13bfc:	01042703          	lw	a4,16(s0)
   13c00:	00f75663          	bge	a4,a5,13c0c <_printf_common+0x108>
   13c04:	40e787b3          	sub	a5,a5,a4
   13c08:	00f484b3          	add	s1,s1,a5
   13c0c:	00000913          	li	s2,0
   13c10:	01a40413          	addi	s0,s0,26
   13c14:	fff00a13          	li	s4,-1
   13c18:	09249063          	bne	s1,s2,13c98 <_printf_common+0x194>
   13c1c:	00000513          	li	a0,0
   13c20:	0200006f          	j	13c40 <_printf_common+0x13c>
   13c24:	00100693          	li	a3,1
   13c28:	000a0613          	mv	a2,s4
   13c2c:	000b8593          	mv	a1,s7
   13c30:	000b0513          	mv	a0,s6
   13c34:	000980e7          	jalr	s3
   13c38:	03551a63          	bne	a0,s5,13c6c <_printf_common+0x168>
   13c3c:	fff00513          	li	a0,-1
   13c40:	02c12083          	lw	ra,44(sp)
   13c44:	02812403          	lw	s0,40(sp)
   13c48:	02412483          	lw	s1,36(sp)
   13c4c:	02012903          	lw	s2,32(sp)
   13c50:	01c12983          	lw	s3,28(sp)
   13c54:	01812a03          	lw	s4,24(sp)
   13c58:	01412a83          	lw	s5,20(sp)
   13c5c:	01012b03          	lw	s6,16(sp)
   13c60:	00c12b83          	lw	s7,12(sp)
   13c64:	03010113          	addi	sp,sp,48
   13c68:	00008067          	ret
   13c6c:	00148493          	addi	s1,s1,1
   13c70:	f21ff06f          	j	13b90 <_printf_common+0x8c>
   13c74:	00d40733          	add	a4,s0,a3
   13c78:	03000613          	li	a2,48
   13c7c:	04c701a3          	sb	a2,67(a4)
   13c80:	04544703          	lbu	a4,69(s0)
   13c84:	00168793          	addi	a5,a3,1
   13c88:	00f407b3          	add	a5,s0,a5
   13c8c:	00268693          	addi	a3,a3,2
   13c90:	04e781a3          	sb	a4,67(a5)
   13c94:	f21ff06f          	j	13bb4 <_printf_common+0xb0>
   13c98:	00100693          	li	a3,1
   13c9c:	00040613          	mv	a2,s0
   13ca0:	000b8593          	mv	a1,s7
   13ca4:	000b0513          	mv	a0,s6
   13ca8:	000980e7          	jalr	s3
   13cac:	f94508e3          	beq	a0,s4,13c3c <_printf_common+0x138>
   13cb0:	00190913          	addi	s2,s2,1
   13cb4:	f65ff06f          	j	13c18 <_printf_common+0x114>

00013cb8 <_printf_i>:
   13cb8:	fc010113          	addi	sp,sp,-64
   13cbc:	02812c23          	sw	s0,56(sp)
   13cc0:	02912a23          	sw	s1,52(sp)
   13cc4:	03412423          	sw	s4,40(sp)
   13cc8:	03512223          	sw	s5,36(sp)
   13ccc:	02112e23          	sw	ra,60(sp)
   13cd0:	03212823          	sw	s2,48(sp)
   13cd4:	03312623          	sw	s3,44(sp)
   13cd8:	0185c783          	lbu	a5,24(a1)
   13cdc:	00068493          	mv	s1,a3
   13ce0:	07800693          	li	a3,120
   13ce4:	00050a13          	mv	s4,a0
   13ce8:	00058413          	mv	s0,a1
   13cec:	00060a93          	mv	s5,a2
   13cf0:	02f6e263          	bltu	a3,a5,13d14 <_printf_i+0x5c>
   13cf4:	06200693          	li	a3,98
   13cf8:	04358613          	addi	a2,a1,67
   13cfc:	02f6e063          	bltu	a3,a5,13d1c <_printf_i+0x64>
   13d00:	28078863          	beqz	a5,13f90 <_printf_i+0x2d8>
   13d04:	05800593          	li	a1,88
   13d08:	0000d697          	auipc	a3,0xd
   13d0c:	a9468693          	addi	a3,a3,-1388 # 2079c <_impure_ptr+0x734>
   13d10:	1cb78c63          	beq	a5,a1,13ee8 <_printf_i+0x230>
   13d14:	04240913          	addi	s2,s0,66
   13d18:	0440006f          	j	13d5c <_printf_i+0xa4>
   13d1c:	f9d78693          	addi	a3,a5,-99
   13d20:	0ff6f693          	zext.b	a3,a3
   13d24:	01500593          	li	a1,21
   13d28:	fed5e6e3          	bltu	a1,a3,13d14 <_printf_i+0x5c>
   13d2c:	0000d597          	auipc	a1,0xd
   13d30:	b1458593          	addi	a1,a1,-1260 # 20840 <intpat+0x28>
   13d34:	00269693          	slli	a3,a3,0x2
   13d38:	00b686b3          	add	a3,a3,a1
   13d3c:	0006a683          	lw	a3,0(a3)
   13d40:	00b686b3          	add	a3,a3,a1
   13d44:	00068067          	jr	a3
   13d48:	00072783          	lw	a5,0(a4)
   13d4c:	04240913          	addi	s2,s0,66
   13d50:	00478693          	addi	a3,a5,4
   13d54:	0007a783          	lw	a5,0(a5)
   13d58:	00d72023          	sw	a3,0(a4)
   13d5c:	04f40123          	sb	a5,66(s0)
   13d60:	00100793          	li	a5,1
   13d64:	26c0006f          	j	13fd0 <_printf_i+0x318>
   13d68:	00042783          	lw	a5,0(s0)
   13d6c:	00072503          	lw	a0,0(a4)
   13d70:	0807f693          	andi	a3,a5,128
   13d74:	00450593          	addi	a1,a0,4
   13d78:	02068663          	beqz	a3,13da4 <_printf_i+0xec>
   13d7c:	00052783          	lw	a5,0(a0)
   13d80:	00b72023          	sw	a1,0(a4)
   13d84:	0007d863          	bgez	a5,13d94 <_printf_i+0xdc>
   13d88:	02d00713          	li	a4,45
   13d8c:	40f007b3          	neg	a5,a5
   13d90:	04e401a3          	sb	a4,67(s0)
   13d94:	0000d697          	auipc	a3,0xd
   13d98:	a0868693          	addi	a3,a3,-1528 # 2079c <_impure_ptr+0x734>
   13d9c:	00a00713          	li	a4,10
   13da0:	0680006f          	j	13e08 <_printf_i+0x150>
   13da4:	0407f693          	andi	a3,a5,64
   13da8:	00052783          	lw	a5,0(a0)
   13dac:	00b72023          	sw	a1,0(a4)
   13db0:	fc068ae3          	beqz	a3,13d84 <_printf_i+0xcc>
   13db4:	01079793          	slli	a5,a5,0x10
   13db8:	4107d793          	srai	a5,a5,0x10
   13dbc:	fc9ff06f          	j	13d84 <_printf_i+0xcc>
   13dc0:	00042583          	lw	a1,0(s0)
   13dc4:	00072683          	lw	a3,0(a4)
   13dc8:	0805f513          	andi	a0,a1,128
   13dcc:	0006a783          	lw	a5,0(a3)
   13dd0:	00468693          	addi	a3,a3,4
   13dd4:	00051a63          	bnez	a0,13de8 <_printf_i+0x130>
   13dd8:	0405f593          	andi	a1,a1,64
   13ddc:	00058663          	beqz	a1,13de8 <_printf_i+0x130>
   13de0:	01079793          	slli	a5,a5,0x10
   13de4:	0107d793          	srli	a5,a5,0x10
   13de8:	00d72023          	sw	a3,0(a4)
   13dec:	01844683          	lbu	a3,24(s0)
   13df0:	06f00713          	li	a4,111
   13df4:	14e69863          	bne	a3,a4,13f44 <_printf_i+0x28c>
   13df8:	0000d697          	auipc	a3,0xd
   13dfc:	9a468693          	addi	a3,a3,-1628 # 2079c <_impure_ptr+0x734>
   13e00:	00800713          	li	a4,8
   13e04:	040401a3          	sb	zero,67(s0)
   13e08:	00442583          	lw	a1,4(s0)
   13e0c:	00b42423          	sw	a1,8(s0)
   13e10:	0005ce63          	bltz	a1,13e2c <_printf_i+0x174>
   13e14:	00042503          	lw	a0,0(s0)
   13e18:	00b7e5b3          	or	a1,a5,a1
   13e1c:	00060913          	mv	s2,a2
   13e20:	ffb57513          	andi	a0,a0,-5
   13e24:	00a42023          	sw	a0,0(s0)
   13e28:	02058463          	beqz	a1,13e50 <_printf_i+0x198>
   13e2c:	00060913          	mv	s2,a2
   13e30:	02e7f5b3          	remu	a1,a5,a4
   13e34:	fff90913          	addi	s2,s2,-1
   13e38:	00b685b3          	add	a1,a3,a1
   13e3c:	0005c583          	lbu	a1,0(a1)
   13e40:	00b90023          	sb	a1,0(s2)
   13e44:	00078593          	mv	a1,a5
   13e48:	02e7d7b3          	divu	a5,a5,a4
   13e4c:	fee5f2e3          	bgeu	a1,a4,13e30 <_printf_i+0x178>
   13e50:	00800793          	li	a5,8
   13e54:	02f71463          	bne	a4,a5,13e7c <_printf_i+0x1c4>
   13e58:	00042783          	lw	a5,0(s0)
   13e5c:	0017f793          	andi	a5,a5,1
   13e60:	00078e63          	beqz	a5,13e7c <_printf_i+0x1c4>
   13e64:	00442703          	lw	a4,4(s0)
   13e68:	01042783          	lw	a5,16(s0)
   13e6c:	00e7c863          	blt	a5,a4,13e7c <_printf_i+0x1c4>
   13e70:	03000793          	li	a5,48
   13e74:	fef90fa3          	sb	a5,-1(s2)
   13e78:	fff90913          	addi	s2,s2,-1
   13e7c:	41260633          	sub	a2,a2,s2
   13e80:	00c42823          	sw	a2,16(s0)
   13e84:	00048713          	mv	a4,s1
   13e88:	000a8693          	mv	a3,s5
   13e8c:	01c10613          	addi	a2,sp,28
   13e90:	00040593          	mv	a1,s0
   13e94:	000a0513          	mv	a0,s4
   13e98:	00000097          	auipc	ra,0x0
   13e9c:	c6c080e7          	jalr	-916(ra) # 13b04 <_printf_common>
   13ea0:	fff00993          	li	s3,-1
   13ea4:	13351c63          	bne	a0,s3,13fdc <_printf_i+0x324>
   13ea8:	fff00513          	li	a0,-1
   13eac:	03c12083          	lw	ra,60(sp)
   13eb0:	03812403          	lw	s0,56(sp)
   13eb4:	03412483          	lw	s1,52(sp)
   13eb8:	03012903          	lw	s2,48(sp)
   13ebc:	02c12983          	lw	s3,44(sp)
   13ec0:	02812a03          	lw	s4,40(sp)
   13ec4:	02412a83          	lw	s5,36(sp)
   13ec8:	04010113          	addi	sp,sp,64
   13ecc:	00008067          	ret
   13ed0:	00042783          	lw	a5,0(s0)
   13ed4:	0207e793          	ori	a5,a5,32
   13ed8:	00f42023          	sw	a5,0(s0)
   13edc:	07800793          	li	a5,120
   13ee0:	0000d697          	auipc	a3,0xd
   13ee4:	8d068693          	addi	a3,a3,-1840 # 207b0 <_impure_ptr+0x748>
   13ee8:	04f402a3          	sb	a5,69(s0)
   13eec:	00042583          	lw	a1,0(s0)
   13ef0:	00072503          	lw	a0,0(a4)
   13ef4:	0805f813          	andi	a6,a1,128
   13ef8:	00052783          	lw	a5,0(a0)
   13efc:	00450513          	addi	a0,a0,4
   13f00:	00081a63          	bnez	a6,13f14 <_printf_i+0x25c>
   13f04:	0405f813          	andi	a6,a1,64
   13f08:	00080663          	beqz	a6,13f14 <_printf_i+0x25c>
   13f0c:	01079793          	slli	a5,a5,0x10
   13f10:	0107d793          	srli	a5,a5,0x10
   13f14:	00a72023          	sw	a0,0(a4)
   13f18:	0015f713          	andi	a4,a1,1
   13f1c:	00070663          	beqz	a4,13f28 <_printf_i+0x270>
   13f20:	0205e593          	ori	a1,a1,32
   13f24:	00b42023          	sw	a1,0(s0)
   13f28:	00078663          	beqz	a5,13f34 <_printf_i+0x27c>
   13f2c:	01000713          	li	a4,16
   13f30:	ed5ff06f          	j	13e04 <_printf_i+0x14c>
   13f34:	00042703          	lw	a4,0(s0)
   13f38:	fdf77713          	andi	a4,a4,-33
   13f3c:	00e42023          	sw	a4,0(s0)
   13f40:	fedff06f          	j	13f2c <_printf_i+0x274>
   13f44:	0000d697          	auipc	a3,0xd
   13f48:	85868693          	addi	a3,a3,-1960 # 2079c <_impure_ptr+0x734>
   13f4c:	00a00713          	li	a4,10
   13f50:	eb5ff06f          	j	13e04 <_printf_i+0x14c>
   13f54:	00042683          	lw	a3,0(s0)
   13f58:	00072783          	lw	a5,0(a4)
   13f5c:	01442583          	lw	a1,20(s0)
   13f60:	0806f813          	andi	a6,a3,128
   13f64:	00478513          	addi	a0,a5,4
   13f68:	00080a63          	beqz	a6,13f7c <_printf_i+0x2c4>
   13f6c:	00a72023          	sw	a0,0(a4)
   13f70:	0007a783          	lw	a5,0(a5)
   13f74:	00b7a023          	sw	a1,0(a5)
   13f78:	0180006f          	j	13f90 <_printf_i+0x2d8>
   13f7c:	00a72023          	sw	a0,0(a4)
   13f80:	0406f693          	andi	a3,a3,64
   13f84:	0007a783          	lw	a5,0(a5)
   13f88:	fe0686e3          	beqz	a3,13f74 <_printf_i+0x2bc>
   13f8c:	00b79023          	sh	a1,0(a5)
   13f90:	00042823          	sw	zero,16(s0)
   13f94:	00060913          	mv	s2,a2
   13f98:	eedff06f          	j	13e84 <_printf_i+0x1cc>
   13f9c:	00072783          	lw	a5,0(a4)
   13fa0:	00442603          	lw	a2,4(s0)
   13fa4:	00000593          	li	a1,0
   13fa8:	00478693          	addi	a3,a5,4
   13fac:	00d72023          	sw	a3,0(a4)
   13fb0:	0007a903          	lw	s2,0(a5)
   13fb4:	00090513          	mv	a0,s2
   13fb8:	00001097          	auipc	ra,0x1
   13fbc:	9b0080e7          	jalr	-1616(ra) # 14968 <memchr>
   13fc0:	00050663          	beqz	a0,13fcc <_printf_i+0x314>
   13fc4:	41250533          	sub	a0,a0,s2
   13fc8:	00a42223          	sw	a0,4(s0)
   13fcc:	00442783          	lw	a5,4(s0)
   13fd0:	00f42823          	sw	a5,16(s0)
   13fd4:	040401a3          	sb	zero,67(s0)
   13fd8:	eadff06f          	j	13e84 <_printf_i+0x1cc>
   13fdc:	01042683          	lw	a3,16(s0)
   13fe0:	00090613          	mv	a2,s2
   13fe4:	000a8593          	mv	a1,s5
   13fe8:	000a0513          	mv	a0,s4
   13fec:	000480e7          	jalr	s1
   13ff0:	eb350ce3          	beq	a0,s3,13ea8 <_printf_i+0x1f0>
   13ff4:	00042783          	lw	a5,0(s0)
   13ff8:	0027f793          	andi	a5,a5,2
   13ffc:	04079663          	bnez	a5,14048 <_printf_i+0x390>
   14000:	01c12783          	lw	a5,28(sp)
   14004:	00c42503          	lw	a0,12(s0)
   14008:	eaf552e3          	bge	a0,a5,13eac <_printf_i+0x1f4>
   1400c:	00078513          	mv	a0,a5
   14010:	e9dff06f          	j	13eac <_printf_i+0x1f4>
   14014:	00100693          	li	a3,1
   14018:	000a8593          	mv	a1,s5
   1401c:	000a0513          	mv	a0,s4
   14020:	00c12623          	sw	a2,12(sp)
   14024:	000480e7          	jalr	s1
   14028:	e93500e3          	beq	a0,s3,13ea8 <_printf_i+0x1f0>
   1402c:	00c12603          	lw	a2,12(sp)
   14030:	00190913          	addi	s2,s2,1
   14034:	00c42783          	lw	a5,12(s0)
   14038:	01c12703          	lw	a4,28(sp)
   1403c:	40e787b3          	sub	a5,a5,a4
   14040:	fcf94ae3          	blt	s2,a5,14014 <_printf_i+0x35c>
   14044:	fbdff06f          	j	14000 <_printf_i+0x348>
   14048:	00000913          	li	s2,0
   1404c:	01940613          	addi	a2,s0,25
   14050:	fe5ff06f          	j	14034 <_printf_i+0x37c>

00014054 <__sflush_r>:
   14054:	00c59783          	lh	a5,12(a1)
   14058:	fe010113          	addi	sp,sp,-32
   1405c:	00812c23          	sw	s0,24(sp)
   14060:	00912a23          	sw	s1,20(sp)
   14064:	00112e23          	sw	ra,28(sp)
   14068:	01212823          	sw	s2,16(sp)
   1406c:	0087f713          	andi	a4,a5,8
   14070:	00050493          	mv	s1,a0
   14074:	00058413          	mv	s0,a1
   14078:	12071463          	bnez	a4,141a0 <__sflush_r+0x14c>
   1407c:	0045a703          	lw	a4,4(a1)
   14080:	00e04663          	bgtz	a4,1408c <__sflush_r+0x38>
   14084:	0405a703          	lw	a4,64(a1)
   14088:	10e05863          	blez	a4,14198 <__sflush_r+0x144>
   1408c:	02c42703          	lw	a4,44(s0)
   14090:	10070463          	beqz	a4,14198 <__sflush_r+0x144>
   14094:	0004a903          	lw	s2,0(s1)
   14098:	01379693          	slli	a3,a5,0x13
   1409c:	0004a023          	sw	zero,0(s1)
   140a0:	0a06de63          	bgez	a3,1415c <__sflush_r+0x108>
   140a4:	05442603          	lw	a2,84(s0)
   140a8:	00c45783          	lhu	a5,12(s0)
   140ac:	0047f793          	andi	a5,a5,4
   140b0:	00078e63          	beqz	a5,140cc <__sflush_r+0x78>
   140b4:	00442783          	lw	a5,4(s0)
   140b8:	40f60633          	sub	a2,a2,a5
   140bc:	03442783          	lw	a5,52(s0)
   140c0:	00078663          	beqz	a5,140cc <__sflush_r+0x78>
   140c4:	04042783          	lw	a5,64(s0)
   140c8:	40f60633          	sub	a2,a2,a5
   140cc:	02c42783          	lw	a5,44(s0)
   140d0:	02042583          	lw	a1,32(s0)
   140d4:	00000693          	li	a3,0
   140d8:	00048513          	mv	a0,s1
   140dc:	000780e7          	jalr	a5
   140e0:	fff00713          	li	a4,-1
   140e4:	00c41783          	lh	a5,12(s0)
   140e8:	02e51263          	bne	a0,a4,1410c <__sflush_r+0xb8>
   140ec:	0004a683          	lw	a3,0(s1)
   140f0:	01d00713          	li	a4,29
   140f4:	0ed76e63          	bltu	a4,a3,141f0 <__sflush_r+0x19c>
   140f8:	20400737          	lui	a4,0x20400
   140fc:	00170713          	addi	a4,a4,1 # 20400001 <__stack_top__+0x203d0001>
   14100:	00d75733          	srl	a4,a4,a3
   14104:	00177713          	andi	a4,a4,1
   14108:	0e070463          	beqz	a4,141f0 <__sflush_r+0x19c>
   1410c:	01042703          	lw	a4,16(s0)
   14110:	00042223          	sw	zero,4(s0)
   14114:	00e42023          	sw	a4,0(s0)
   14118:	01379713          	slli	a4,a5,0x13
   1411c:	00075c63          	bgez	a4,14134 <__sflush_r+0xe0>
   14120:	fff00793          	li	a5,-1
   14124:	00f51663          	bne	a0,a5,14130 <__sflush_r+0xdc>
   14128:	0004a783          	lw	a5,0(s1)
   1412c:	00079463          	bnez	a5,14134 <__sflush_r+0xe0>
   14130:	04a42a23          	sw	a0,84(s0)
   14134:	03442583          	lw	a1,52(s0)
   14138:	0124a023          	sw	s2,0(s1)
   1413c:	04058e63          	beqz	a1,14198 <__sflush_r+0x144>
   14140:	04440793          	addi	a5,s0,68
   14144:	00f58863          	beq	a1,a5,14154 <__sflush_r+0x100>
   14148:	00048513          	mv	a0,s1
   1414c:	fffff097          	auipc	ra,0xfffff
   14150:	14c080e7          	jalr	332(ra) # 13298 <_free_r>
   14154:	02042a23          	sw	zero,52(s0)
   14158:	0400006f          	j	14198 <__sflush_r+0x144>
   1415c:	02042583          	lw	a1,32(s0)
   14160:	00000613          	li	a2,0
   14164:	00100693          	li	a3,1
   14168:	00048513          	mv	a0,s1
   1416c:	000700e7          	jalr	a4
   14170:	fff00793          	li	a5,-1
   14174:	00050613          	mv	a2,a0
   14178:	f2f518e3          	bne	a0,a5,140a8 <__sflush_r+0x54>
   1417c:	0004a783          	lw	a5,0(s1)
   14180:	f20784e3          	beqz	a5,140a8 <__sflush_r+0x54>
   14184:	fe378713          	addi	a4,a5,-29
   14188:	00070663          	beqz	a4,14194 <__sflush_r+0x140>
   1418c:	fea78793          	addi	a5,a5,-22
   14190:	04079e63          	bnez	a5,141ec <__sflush_r+0x198>
   14194:	0124a023          	sw	s2,0(s1)
   14198:	00000513          	li	a0,0
   1419c:	0600006f          	j	141fc <__sflush_r+0x1a8>
   141a0:	0105a603          	lw	a2,16(a1)
   141a4:	fe060ae3          	beqz	a2,14198 <__sflush_r+0x144>
   141a8:	0005a683          	lw	a3,0(a1)
   141ac:	0037f793          	andi	a5,a5,3
   141b0:	00c5a023          	sw	a2,0(a1)
   141b4:	40c68933          	sub	s2,a3,a2
   141b8:	00000713          	li	a4,0
   141bc:	00079463          	bnez	a5,141c4 <__sflush_r+0x170>
   141c0:	0145a703          	lw	a4,20(a1)
   141c4:	00e42423          	sw	a4,8(s0)
   141c8:	fd2058e3          	blez	s2,14198 <__sflush_r+0x144>
   141cc:	02842783          	lw	a5,40(s0)
   141d0:	02042583          	lw	a1,32(s0)
   141d4:	00090693          	mv	a3,s2
   141d8:	00048513          	mv	a0,s1
   141dc:	00c12623          	sw	a2,12(sp)
   141e0:	000780e7          	jalr	a5
   141e4:	00c12603          	lw	a2,12(sp)
   141e8:	02a04663          	bgtz	a0,14214 <__sflush_r+0x1c0>
   141ec:	00c45783          	lhu	a5,12(s0)
   141f0:	0407e793          	ori	a5,a5,64
   141f4:	00f41623          	sh	a5,12(s0)
   141f8:	fff00513          	li	a0,-1
   141fc:	01c12083          	lw	ra,28(sp)
   14200:	01812403          	lw	s0,24(sp)
   14204:	01412483          	lw	s1,20(sp)
   14208:	01012903          	lw	s2,16(sp)
   1420c:	02010113          	addi	sp,sp,32
   14210:	00008067          	ret
   14214:	00a60633          	add	a2,a2,a0
   14218:	40a90933          	sub	s2,s2,a0
   1421c:	fadff06f          	j	141c8 <__sflush_r+0x174>

00014220 <_fflush_r>:
   14220:	0105a783          	lw	a5,16(a1)
   14224:	ff010113          	addi	sp,sp,-16
   14228:	00112623          	sw	ra,12(sp)
   1422c:	00812423          	sw	s0,8(sp)
   14230:	00912223          	sw	s1,4(sp)
   14234:	02079063          	bnez	a5,14254 <_fflush_r+0x34>
   14238:	00000493          	li	s1,0
   1423c:	00c12083          	lw	ra,12(sp)
   14240:	00812403          	lw	s0,8(sp)
   14244:	00048513          	mv	a0,s1
   14248:	00412483          	lw	s1,4(sp)
   1424c:	01010113          	addi	sp,sp,16
   14250:	00008067          	ret
   14254:	00050493          	mv	s1,a0
   14258:	00058413          	mv	s0,a1
   1425c:	00050a63          	beqz	a0,14270 <_fflush_r+0x50>
   14260:	02052783          	lw	a5,32(a0)
   14264:	00079663          	bnez	a5,14270 <_fflush_r+0x50>
   14268:	00000097          	auipc	ra,0x0
   1426c:	268080e7          	jalr	616(ra) # 144d0 <__sinit>
   14270:	00c41783          	lh	a5,12(s0)
   14274:	fc0782e3          	beqz	a5,14238 <_fflush_r+0x18>
   14278:	06442703          	lw	a4,100(s0)
   1427c:	00177713          	andi	a4,a4,1
   14280:	00071c63          	bnez	a4,14298 <_fflush_r+0x78>
   14284:	2007f793          	andi	a5,a5,512
   14288:	00079863          	bnez	a5,14298 <_fflush_r+0x78>
   1428c:	05842503          	lw	a0,88(s0)
   14290:	fffff097          	auipc	ra,0xfffff
   14294:	000080e7          	jalr	ra # 13290 <__retarget_lock_acquire_recursive>
   14298:	00048513          	mv	a0,s1
   1429c:	00040593          	mv	a1,s0
   142a0:	00000097          	auipc	ra,0x0
   142a4:	db4080e7          	jalr	-588(ra) # 14054 <__sflush_r>
   142a8:	06442783          	lw	a5,100(s0)
   142ac:	00050493          	mv	s1,a0
   142b0:	0017f793          	andi	a5,a5,1
   142b4:	f80794e3          	bnez	a5,1423c <_fflush_r+0x1c>
   142b8:	00c45783          	lhu	a5,12(s0)
   142bc:	2007f793          	andi	a5,a5,512
   142c0:	f6079ee3          	bnez	a5,1423c <_fflush_r+0x1c>
   142c4:	05842503          	lw	a0,88(s0)
   142c8:	fffff097          	auipc	ra,0xfffff
   142cc:	fcc080e7          	jalr	-52(ra) # 13294 <__retarget_lock_release_recursive>
   142d0:	f6dff06f          	j	1423c <_fflush_r+0x1c>

000142d4 <std>:
   142d4:	ff010113          	addi	sp,sp,-16
   142d8:	00812423          	sw	s0,8(sp)
   142dc:	00112623          	sw	ra,12(sp)
   142e0:	00050413          	mv	s0,a0
   142e4:	00b51623          	sh	a1,12(a0)
   142e8:	00c51723          	sh	a2,14(a0)
   142ec:	00052023          	sw	zero,0(a0)
   142f0:	00052223          	sw	zero,4(a0)
   142f4:	00052423          	sw	zero,8(a0)
   142f8:	06052223          	sw	zero,100(a0)
   142fc:	00052823          	sw	zero,16(a0)
   14300:	00052a23          	sw	zero,20(a0)
   14304:	00052c23          	sw	zero,24(a0)
   14308:	00800613          	li	a2,8
   1430c:	00000593          	li	a1,0
   14310:	05c50513          	addi	a0,a0,92
   14314:	ffffc097          	auipc	ra,0xffffc
   14318:	0b0080e7          	jalr	176(ra) # 103c4 <memset>
   1431c:	00000797          	auipc	a5,0x0
   14320:	50478793          	addi	a5,a5,1284 # 14820 <__sread>
   14324:	02f42223          	sw	a5,36(s0)
   14328:	00000797          	auipc	a5,0x0
   1432c:	54c78793          	addi	a5,a5,1356 # 14874 <__swrite>
   14330:	02f42423          	sw	a5,40(s0)
   14334:	00000797          	auipc	a5,0x0
   14338:	5cc78793          	addi	a5,a5,1484 # 14900 <__sseek>
   1433c:	02f42623          	sw	a5,44(s0)
   14340:	00000797          	auipc	a5,0x0
   14344:	61c78793          	addi	a5,a5,1564 # 1495c <__sclose>
   14348:	02f42823          	sw	a5,48(s0)
   1434c:	0000d717          	auipc	a4,0xd
   14350:	e5870713          	addi	a4,a4,-424 # 211a4 <__sf>
   14354:	0000d797          	auipc	a5,0xd
   14358:	eb878793          	addi	a5,a5,-328 # 2120c <__sf+0x68>
   1435c:	40f407b3          	sub	a5,s0,a5
   14360:	40e40733          	sub	a4,s0,a4
   14364:	0017b793          	seqz	a5,a5
   14368:	00173713          	seqz	a4,a4
   1436c:	02842023          	sw	s0,32(s0)
   14370:	00e7e7b3          	or	a5,a5,a4
   14374:	00079863          	bnez	a5,14384 <std+0xb0>
   14378:	0000d797          	auipc	a5,0xd
   1437c:	efc78793          	addi	a5,a5,-260 # 21274 <__sf+0xd0>
   14380:	00f41e63          	bne	s0,a5,1439c <std+0xc8>
   14384:	05840513          	addi	a0,s0,88
   14388:	00812403          	lw	s0,8(sp)
   1438c:	00c12083          	lw	ra,12(sp)
   14390:	01010113          	addi	sp,sp,16
   14394:	fffff317          	auipc	t1,0xfffff
   14398:	ef830067          	jr	-264(t1) # 1328c <__retarget_lock_init_recursive>
   1439c:	00c12083          	lw	ra,12(sp)
   143a0:	00812403          	lw	s0,8(sp)
   143a4:	01010113          	addi	sp,sp,16
   143a8:	00008067          	ret

000143ac <stdio_exit_handler>:
   143ac:	0000c617          	auipc	a2,0xc
   143b0:	cac60613          	addi	a2,a2,-852 # 20058 <__sglue>
   143b4:	00000597          	auipc	a1,0x0
   143b8:	e6c58593          	addi	a1,a1,-404 # 14220 <_fflush_r>
   143bc:	0000c517          	auipc	a0,0xc
   143c0:	c5050513          	addi	a0,a0,-944 # 2000c <_impure_data>
   143c4:	00000317          	auipc	t1,0x0
   143c8:	16030067          	jr	352(t1) # 14524 <_fwalk_sglue>

000143cc <cleanup_stdio>:
   143cc:	00452583          	lw	a1,4(a0)
   143d0:	ff010113          	addi	sp,sp,-16
   143d4:	00812423          	sw	s0,8(sp)
   143d8:	00112623          	sw	ra,12(sp)
   143dc:	0000d797          	auipc	a5,0xd
   143e0:	dc878793          	addi	a5,a5,-568 # 211a4 <__sf>
   143e4:	00050413          	mv	s0,a0
   143e8:	00f58663          	beq	a1,a5,143f4 <cleanup_stdio+0x28>
   143ec:	00000097          	auipc	ra,0x0
   143f0:	e34080e7          	jalr	-460(ra) # 14220 <_fflush_r>
   143f4:	00842583          	lw	a1,8(s0)
   143f8:	0000d797          	auipc	a5,0xd
   143fc:	e1478793          	addi	a5,a5,-492 # 2120c <__sf+0x68>
   14400:	00f58863          	beq	a1,a5,14410 <cleanup_stdio+0x44>
   14404:	00040513          	mv	a0,s0
   14408:	00000097          	auipc	ra,0x0
   1440c:	e18080e7          	jalr	-488(ra) # 14220 <_fflush_r>
   14410:	00c42583          	lw	a1,12(s0)
   14414:	0000d797          	auipc	a5,0xd
   14418:	e6078793          	addi	a5,a5,-416 # 21274 <__sf+0xd0>
   1441c:	00f58e63          	beq	a1,a5,14438 <cleanup_stdio+0x6c>
   14420:	00040513          	mv	a0,s0
   14424:	00812403          	lw	s0,8(sp)
   14428:	00c12083          	lw	ra,12(sp)
   1442c:	01010113          	addi	sp,sp,16
   14430:	00000317          	auipc	t1,0x0
   14434:	df030067          	jr	-528(t1) # 14220 <_fflush_r>
   14438:	00c12083          	lw	ra,12(sp)
   1443c:	00812403          	lw	s0,8(sp)
   14440:	01010113          	addi	sp,sp,16
   14444:	00008067          	ret

00014448 <global_stdio_init.part.0>:
   14448:	ff010113          	addi	sp,sp,-16
   1444c:	00000797          	auipc	a5,0x0
   14450:	f6078793          	addi	a5,a5,-160 # 143ac <stdio_exit_handler>
   14454:	00000613          	li	a2,0
   14458:	00400593          	li	a1,4
   1445c:	0000d517          	auipc	a0,0xd
   14460:	d4850513          	addi	a0,a0,-696 # 211a4 <__sf>
   14464:	00112623          	sw	ra,12(sp)
   14468:	0000c717          	auipc	a4,0xc
   1446c:	54f72223          	sw	a5,1348(a4) # 209ac <__stdio_exit_handler>
   14470:	00000097          	auipc	ra,0x0
   14474:	e64080e7          	jalr	-412(ra) # 142d4 <std>
   14478:	00100613          	li	a2,1
   1447c:	00900593          	li	a1,9
   14480:	0000d517          	auipc	a0,0xd
   14484:	d8c50513          	addi	a0,a0,-628 # 2120c <__sf+0x68>
   14488:	00000097          	auipc	ra,0x0
   1448c:	e4c080e7          	jalr	-436(ra) # 142d4 <std>
   14490:	00c12083          	lw	ra,12(sp)
   14494:	00200613          	li	a2,2
   14498:	01200593          	li	a1,18
   1449c:	0000d517          	auipc	a0,0xd
   144a0:	dd850513          	addi	a0,a0,-552 # 21274 <__sf+0xd0>
   144a4:	01010113          	addi	sp,sp,16
   144a8:	00000317          	auipc	t1,0x0
   144ac:	e2c30067          	jr	-468(t1) # 142d4 <std>

000144b0 <__sfp_lock_acquire>:
   144b0:	0000c517          	auipc	a0,0xc
   144b4:	4f050513          	addi	a0,a0,1264 # 209a0 <__lock___sfp_recursive_mutex>
   144b8:	fffff317          	auipc	t1,0xfffff
   144bc:	dd830067          	jr	-552(t1) # 13290 <__retarget_lock_acquire_recursive>

000144c0 <__sfp_lock_release>:
   144c0:	0000c517          	auipc	a0,0xc
   144c4:	4e050513          	addi	a0,a0,1248 # 209a0 <__lock___sfp_recursive_mutex>
   144c8:	fffff317          	auipc	t1,0xfffff
   144cc:	dcc30067          	jr	-564(t1) # 13294 <__retarget_lock_release_recursive>

000144d0 <__sinit>:
   144d0:	fe010113          	addi	sp,sp,-32
   144d4:	00a12623          	sw	a0,12(sp)
   144d8:	00112e23          	sw	ra,28(sp)
   144dc:	00000097          	auipc	ra,0x0
   144e0:	fd4080e7          	jalr	-44(ra) # 144b0 <__sfp_lock_acquire>
   144e4:	00c12503          	lw	a0,12(sp)
   144e8:	02052783          	lw	a5,32(a0)
   144ec:	00078a63          	beqz	a5,14500 <__sinit+0x30>
   144f0:	01c12083          	lw	ra,28(sp)
   144f4:	02010113          	addi	sp,sp,32
   144f8:	00000317          	auipc	t1,0x0
   144fc:	fc830067          	jr	-56(t1) # 144c0 <__sfp_lock_release>
   14500:	00000797          	auipc	a5,0x0
   14504:	ecc78793          	addi	a5,a5,-308 # 143cc <cleanup_stdio>
   14508:	02f52023          	sw	a5,32(a0)
   1450c:	0000c797          	auipc	a5,0xc
   14510:	4a07a783          	lw	a5,1184(a5) # 209ac <__stdio_exit_handler>
   14514:	fc079ee3          	bnez	a5,144f0 <__sinit+0x20>
   14518:	00000097          	auipc	ra,0x0
   1451c:	f30080e7          	jalr	-208(ra) # 14448 <global_stdio_init.part.0>
   14520:	fd1ff06f          	j	144f0 <__sinit+0x20>

00014524 <_fwalk_sglue>:
   14524:	fd010113          	addi	sp,sp,-48
   14528:	02812423          	sw	s0,40(sp)
   1452c:	03212023          	sw	s2,32(sp)
   14530:	01312e23          	sw	s3,28(sp)
   14534:	01412c23          	sw	s4,24(sp)
   14538:	01512a23          	sw	s5,20(sp)
   1453c:	02112623          	sw	ra,44(sp)
   14540:	02912223          	sw	s1,36(sp)
   14544:	00050a13          	mv	s4,a0
   14548:	00058a93          	mv	s5,a1
   1454c:	00000413          	li	s0,0
   14550:	00100913          	li	s2,1
   14554:	fff00993          	li	s3,-1
   14558:	00862583          	lw	a1,8(a2)
   1455c:	00462483          	lw	s1,4(a2)
   14560:	fff48493          	addi	s1,s1,-1
   14564:	0204da63          	bgez	s1,14598 <_fwalk_sglue+0x74>
   14568:	00062603          	lw	a2,0(a2)
   1456c:	fe0616e3          	bnez	a2,14558 <_fwalk_sglue+0x34>
   14570:	02c12083          	lw	ra,44(sp)
   14574:	00040513          	mv	a0,s0
   14578:	02812403          	lw	s0,40(sp)
   1457c:	02412483          	lw	s1,36(sp)
   14580:	02012903          	lw	s2,32(sp)
   14584:	01c12983          	lw	s3,28(sp)
   14588:	01812a03          	lw	s4,24(sp)
   1458c:	01412a83          	lw	s5,20(sp)
   14590:	03010113          	addi	sp,sp,48
   14594:	00008067          	ret
   14598:	00c5d783          	lhu	a5,12(a1)
   1459c:	02f97463          	bgeu	s2,a5,145c4 <_fwalk_sglue+0xa0>
   145a0:	00e59783          	lh	a5,14(a1)
   145a4:	03378063          	beq	a5,s3,145c4 <_fwalk_sglue+0xa0>
   145a8:	000a0513          	mv	a0,s4
   145ac:	00c12623          	sw	a2,12(sp)
   145b0:	00b12423          	sw	a1,8(sp)
   145b4:	000a80e7          	jalr	s5
   145b8:	00c12603          	lw	a2,12(sp)
   145bc:	00812583          	lw	a1,8(sp)
   145c0:	00a46433          	or	s0,s0,a0
   145c4:	06858593          	addi	a1,a1,104
   145c8:	f99ff06f          	j	14560 <_fwalk_sglue+0x3c>

000145cc <__swhatbuf_r>:
   145cc:	f8010113          	addi	sp,sp,-128
   145d0:	06812c23          	sw	s0,120(sp)
   145d4:	00058413          	mv	s0,a1
   145d8:	00e59583          	lh	a1,14(a1)
   145dc:	06912a23          	sw	s1,116(sp)
   145e0:	06112e23          	sw	ra,124(sp)
   145e4:	00060493          	mv	s1,a2
   145e8:	0205da63          	bgez	a1,1461c <__swhatbuf_r+0x50>
   145ec:	00c45783          	lhu	a5,12(s0)
   145f0:	0807f793          	andi	a5,a5,128
   145f4:	04079e63          	bnez	a5,14650 <__swhatbuf_r+0x84>
   145f8:	40000713          	li	a4,1024
   145fc:	07c12083          	lw	ra,124(sp)
   14600:	07812403          	lw	s0,120(sp)
   14604:	00f6a023          	sw	a5,0(a3)
   14608:	00e4a023          	sw	a4,0(s1)
   1460c:	00000513          	li	a0,0
   14610:	07412483          	lw	s1,116(sp)
   14614:	08010113          	addi	sp,sp,128
   14618:	00008067          	ret
   1461c:	01810613          	addi	a2,sp,24
   14620:	00d12623          	sw	a3,12(sp)
   14624:	00000097          	auipc	ra,0x0
   14628:	3b4080e7          	jalr	948(ra) # 149d8 <_fstat_r>
   1462c:	00c12683          	lw	a3,12(sp)
   14630:	fa054ee3          	bltz	a0,145ec <__swhatbuf_r+0x20>
   14634:	01c12783          	lw	a5,28(sp)
   14638:	0000f737          	lui	a4,0xf
   1463c:	00e7f7b3          	and	a5,a5,a4
   14640:	ffffe737          	lui	a4,0xffffe
   14644:	00e787b3          	add	a5,a5,a4
   14648:	0017b793          	seqz	a5,a5
   1464c:	fadff06f          	j	145f8 <__swhatbuf_r+0x2c>
   14650:	00000793          	li	a5,0
   14654:	04000713          	li	a4,64
   14658:	fa5ff06f          	j	145fc <__swhatbuf_r+0x30>

0001465c <__smakebuf_r>:
   1465c:	00c5d703          	lhu	a4,12(a1)
   14660:	fd010113          	addi	sp,sp,-48
   14664:	02812423          	sw	s0,40(sp)
   14668:	02112623          	sw	ra,44(sp)
   1466c:	02912223          	sw	s1,36(sp)
   14670:	00277713          	andi	a4,a4,2
   14674:	00058413          	mv	s0,a1
   14678:	02070663          	beqz	a4,146a4 <__smakebuf_r+0x48>
   1467c:	04740793          	addi	a5,s0,71
   14680:	00f42023          	sw	a5,0(s0)
   14684:	00f42823          	sw	a5,16(s0)
   14688:	00100793          	li	a5,1
   1468c:	00f42a23          	sw	a5,20(s0)
   14690:	02c12083          	lw	ra,44(sp)
   14694:	02812403          	lw	s0,40(sp)
   14698:	02412483          	lw	s1,36(sp)
   1469c:	03010113          	addi	sp,sp,48
   146a0:	00008067          	ret
   146a4:	01c10693          	addi	a3,sp,28
   146a8:	01810613          	addi	a2,sp,24
   146ac:	00050493          	mv	s1,a0
   146b0:	00000097          	auipc	ra,0x0
   146b4:	f1c080e7          	jalr	-228(ra) # 145cc <__swhatbuf_r>
   146b8:	01812583          	lw	a1,24(sp)
   146bc:	00048513          	mv	a0,s1
   146c0:	00b12623          	sw	a1,12(sp)
   146c4:	fffff097          	auipc	ra,0xfffff
   146c8:	d74080e7          	jalr	-652(ra) # 13438 <_malloc_r>
   146cc:	00c41783          	lh	a5,12(s0)
   146d0:	00c12583          	lw	a1,12(sp)
   146d4:	00051e63          	bnez	a0,146f0 <__smakebuf_r+0x94>
   146d8:	2007f713          	andi	a4,a5,512
   146dc:	fa071ae3          	bnez	a4,14690 <__smakebuf_r+0x34>
   146e0:	ffc7f793          	andi	a5,a5,-4
   146e4:	0027e793          	ori	a5,a5,2
   146e8:	00f41623          	sh	a5,12(s0)
   146ec:	f91ff06f          	j	1467c <__smakebuf_r+0x20>
   146f0:	0807e793          	ori	a5,a5,128
   146f4:	00f41623          	sh	a5,12(s0)
   146f8:	01c12783          	lw	a5,28(sp)
   146fc:	00a42023          	sw	a0,0(s0)
   14700:	00a42823          	sw	a0,16(s0)
   14704:	00b42a23          	sw	a1,20(s0)
   14708:	f80784e3          	beqz	a5,14690 <__smakebuf_r+0x34>
   1470c:	00e41583          	lh	a1,14(s0)
   14710:	00048513          	mv	a0,s1
   14714:	00000097          	auipc	ra,0x0
   14718:	314080e7          	jalr	788(ra) # 14a28 <_isatty_r>
   1471c:	f6050ae3          	beqz	a0,14690 <__smakebuf_r+0x34>
   14720:	00c45783          	lhu	a5,12(s0)
   14724:	ffc7f793          	andi	a5,a5,-4
   14728:	0017e793          	ori	a5,a5,1
   1472c:	00f41623          	sh	a5,12(s0)
   14730:	f61ff06f          	j	14690 <__smakebuf_r+0x34>

00014734 <_putc_r>:
   14734:	fe010113          	addi	sp,sp,-32
   14738:	00812c23          	sw	s0,24(sp)
   1473c:	00912a23          	sw	s1,20(sp)
   14740:	00112e23          	sw	ra,28(sp)
   14744:	00050493          	mv	s1,a0
   14748:	00060413          	mv	s0,a2
   1474c:	00050e63          	beqz	a0,14768 <_putc_r+0x34>
   14750:	02052783          	lw	a5,32(a0)
   14754:	00079a63          	bnez	a5,14768 <_putc_r+0x34>
   14758:	00b12623          	sw	a1,12(sp)
   1475c:	00000097          	auipc	ra,0x0
   14760:	d74080e7          	jalr	-652(ra) # 144d0 <__sinit>
   14764:	00c12583          	lw	a1,12(sp)
   14768:	06442783          	lw	a5,100(s0)
   1476c:	0017f793          	andi	a5,a5,1
   14770:	02079263          	bnez	a5,14794 <_putc_r+0x60>
   14774:	00c45783          	lhu	a5,12(s0)
   14778:	2007f793          	andi	a5,a5,512
   1477c:	00079c63          	bnez	a5,14794 <_putc_r+0x60>
   14780:	05842503          	lw	a0,88(s0)
   14784:	00b12623          	sw	a1,12(sp)
   14788:	fffff097          	auipc	ra,0xfffff
   1478c:	b08080e7          	jalr	-1272(ra) # 13290 <__retarget_lock_acquire_recursive>
   14790:	00c12583          	lw	a1,12(sp)
   14794:	00842783          	lw	a5,8(s0)
   14798:	0ff5f713          	zext.b	a4,a1
   1479c:	fff78793          	addi	a5,a5,-1
   147a0:	00f42423          	sw	a5,8(s0)
   147a4:	0007da63          	bgez	a5,147b8 <_putc_r+0x84>
   147a8:	01842683          	lw	a3,24(s0)
   147ac:	04d7ce63          	blt	a5,a3,14808 <_putc_r+0xd4>
   147b0:	ff670793          	addi	a5,a4,-10 # ffffdff6 <__stack_top__+0xfffcdff6>
   147b4:	04078a63          	beqz	a5,14808 <_putc_r+0xd4>
   147b8:	00042783          	lw	a5,0(s0)
   147bc:	0ff5f493          	zext.b	s1,a1
   147c0:	00178693          	addi	a3,a5,1
   147c4:	00d42023          	sw	a3,0(s0)
   147c8:	00e78023          	sb	a4,0(a5)
   147cc:	06442783          	lw	a5,100(s0)
   147d0:	0017f793          	andi	a5,a5,1
   147d4:	00079e63          	bnez	a5,147f0 <_putc_r+0xbc>
   147d8:	00c45783          	lhu	a5,12(s0)
   147dc:	2007f793          	andi	a5,a5,512
   147e0:	00079863          	bnez	a5,147f0 <_putc_r+0xbc>
   147e4:	05842503          	lw	a0,88(s0)
   147e8:	fffff097          	auipc	ra,0xfffff
   147ec:	aac080e7          	jalr	-1364(ra) # 13294 <__retarget_lock_release_recursive>
   147f0:	01c12083          	lw	ra,28(sp)
   147f4:	01812403          	lw	s0,24(sp)
   147f8:	00048513          	mv	a0,s1
   147fc:	01412483          	lw	s1,20(sp)
   14800:	02010113          	addi	sp,sp,32
   14804:	00008067          	ret
   14808:	00048513          	mv	a0,s1
   1480c:	00040613          	mv	a2,s0
   14810:	fffff097          	auipc	ra,0xfffff
   14814:	848080e7          	jalr	-1976(ra) # 13058 <__swbuf_r>
   14818:	00050493          	mv	s1,a0
   1481c:	fb1ff06f          	j	147cc <_putc_r+0x98>

00014820 <__sread>:
   14820:	ff010113          	addi	sp,sp,-16
   14824:	00812423          	sw	s0,8(sp)
   14828:	00058413          	mv	s0,a1
   1482c:	00e59583          	lh	a1,14(a1)
   14830:	00112623          	sw	ra,12(sp)
   14834:	00000097          	auipc	ra,0x0
   14838:	294080e7          	jalr	660(ra) # 14ac8 <_read_r>
   1483c:	02054063          	bltz	a0,1485c <__sread+0x3c>
   14840:	05442783          	lw	a5,84(s0)
   14844:	00a787b3          	add	a5,a5,a0
   14848:	04f42a23          	sw	a5,84(s0)
   1484c:	00c12083          	lw	ra,12(sp)
   14850:	00812403          	lw	s0,8(sp)
   14854:	01010113          	addi	sp,sp,16
   14858:	00008067          	ret
   1485c:	00c45783          	lhu	a5,12(s0)
   14860:	fffff737          	lui	a4,0xfffff
   14864:	fff70713          	addi	a4,a4,-1 # ffffefff <__stack_top__+0xfffcefff>
   14868:	00e7f7b3          	and	a5,a5,a4
   1486c:	00f41623          	sh	a5,12(s0)
   14870:	fddff06f          	j	1484c <__sread+0x2c>

00014874 <__swrite>:
   14874:	00c5d783          	lhu	a5,12(a1)
   14878:	fe010113          	addi	sp,sp,-32
   1487c:	00812c23          	sw	s0,24(sp)
   14880:	00912a23          	sw	s1,20(sp)
   14884:	01212823          	sw	s2,16(sp)
   14888:	01312623          	sw	s3,12(sp)
   1488c:	00112e23          	sw	ra,28(sp)
   14890:	1007f793          	andi	a5,a5,256
   14894:	00050493          	mv	s1,a0
   14898:	00058413          	mv	s0,a1
   1489c:	00060913          	mv	s2,a2
   148a0:	00068993          	mv	s3,a3
   148a4:	00078c63          	beqz	a5,148bc <__swrite+0x48>
   148a8:	00e59583          	lh	a1,14(a1)
   148ac:	00200693          	li	a3,2
   148b0:	00000613          	li	a2,0
   148b4:	00000097          	auipc	ra,0x0
   148b8:	1c0080e7          	jalr	448(ra) # 14a74 <_lseek_r>
   148bc:	00c45783          	lhu	a5,12(s0)
   148c0:	fffff737          	lui	a4,0xfffff
   148c4:	fff70713          	addi	a4,a4,-1 # ffffefff <__stack_top__+0xfffcefff>
   148c8:	00e7f7b3          	and	a5,a5,a4
   148cc:	00e41583          	lh	a1,14(s0)
   148d0:	00f41623          	sh	a5,12(s0)
   148d4:	01812403          	lw	s0,24(sp)
   148d8:	01c12083          	lw	ra,28(sp)
   148dc:	00098693          	mv	a3,s3
   148e0:	00090613          	mv	a2,s2
   148e4:	00c12983          	lw	s3,12(sp)
   148e8:	01012903          	lw	s2,16(sp)
   148ec:	00048513          	mv	a0,s1
   148f0:	01412483          	lw	s1,20(sp)
   148f4:	02010113          	addi	sp,sp,32
   148f8:	00000317          	auipc	t1,0x0
   148fc:	27030067          	jr	624(t1) # 14b68 <_write_r>

00014900 <__sseek>:
   14900:	ff010113          	addi	sp,sp,-16
   14904:	00812423          	sw	s0,8(sp)
   14908:	00058413          	mv	s0,a1
   1490c:	00e59583          	lh	a1,14(a1)
   14910:	00112623          	sw	ra,12(sp)
   14914:	00000097          	auipc	ra,0x0
   14918:	160080e7          	jalr	352(ra) # 14a74 <_lseek_r>
   1491c:	fff00713          	li	a4,-1
   14920:	00c41783          	lh	a5,12(s0)
   14924:	02e51263          	bne	a0,a4,14948 <__sseek+0x48>
   14928:	80050713          	addi	a4,a0,-2048
   1492c:	80070713          	addi	a4,a4,-2048
   14930:	00e7f7b3          	and	a5,a5,a4
   14934:	00f41623          	sh	a5,12(s0)
   14938:	00c12083          	lw	ra,12(sp)
   1493c:	00812403          	lw	s0,8(sp)
   14940:	01010113          	addi	sp,sp,16
   14944:	00008067          	ret
   14948:	00001737          	lui	a4,0x1
   1494c:	00e7e7b3          	or	a5,a5,a4
   14950:	00f41623          	sh	a5,12(s0)
   14954:	04a42a23          	sw	a0,84(s0)
   14958:	fe1ff06f          	j	14938 <__sseek+0x38>

0001495c <__sclose>:
   1495c:	00e59583          	lh	a1,14(a1)
   14960:	00000317          	auipc	t1,0x0
   14964:	02c30067          	jr	44(t1) # 1498c <_close_r>

00014968 <memchr>:
   14968:	0ff5f593          	zext.b	a1,a1
   1496c:	00c50633          	add	a2,a0,a2
   14970:	00c51663          	bne	a0,a2,1497c <memchr+0x14>
   14974:	00000513          	li	a0,0
   14978:	00008067          	ret
   1497c:	00054783          	lbu	a5,0(a0)
   14980:	feb78ce3          	beq	a5,a1,14978 <memchr+0x10>
   14984:	00150513          	addi	a0,a0,1
   14988:	fe9ff06f          	j	14970 <memchr+0x8>

0001498c <_close_r>:
   1498c:	ff010113          	addi	sp,sp,-16
   14990:	00812423          	sw	s0,8(sp)
   14994:	00050413          	mv	s0,a0
   14998:	00058513          	mv	a0,a1
   1499c:	0000c797          	auipc	a5,0xc
   149a0:	fe07ae23          	sw	zero,-4(a5) # 20998 <errno>
   149a4:	00112623          	sw	ra,12(sp)
   149a8:	ffffc097          	auipc	ra,0xffffc
   149ac:	c20080e7          	jalr	-992(ra) # 105c8 <_close>
   149b0:	fff00793          	li	a5,-1
   149b4:	00f51a63          	bne	a0,a5,149c8 <_close_r+0x3c>
   149b8:	0000c797          	auipc	a5,0xc
   149bc:	fe07a783          	lw	a5,-32(a5) # 20998 <errno>
   149c0:	00078463          	beqz	a5,149c8 <_close_r+0x3c>
   149c4:	00f42023          	sw	a5,0(s0)
   149c8:	00c12083          	lw	ra,12(sp)
   149cc:	00812403          	lw	s0,8(sp)
   149d0:	01010113          	addi	sp,sp,16
   149d4:	00008067          	ret

000149d8 <_fstat_r>:
   149d8:	ff010113          	addi	sp,sp,-16
   149dc:	00812423          	sw	s0,8(sp)
   149e0:	00050413          	mv	s0,a0
   149e4:	00058513          	mv	a0,a1
   149e8:	00060593          	mv	a1,a2
   149ec:	0000c797          	auipc	a5,0xc
   149f0:	fa07a623          	sw	zero,-84(a5) # 20998 <errno>
   149f4:	00112623          	sw	ra,12(sp)
   149f8:	ffffc097          	auipc	ra,0xffffc
   149fc:	bd8080e7          	jalr	-1064(ra) # 105d0 <_fstat>
   14a00:	fff00793          	li	a5,-1
   14a04:	00f51a63          	bne	a0,a5,14a18 <_fstat_r+0x40>
   14a08:	0000c797          	auipc	a5,0xc
   14a0c:	f907a783          	lw	a5,-112(a5) # 20998 <errno>
   14a10:	00078463          	beqz	a5,14a18 <_fstat_r+0x40>
   14a14:	00f42023          	sw	a5,0(s0)
   14a18:	00c12083          	lw	ra,12(sp)
   14a1c:	00812403          	lw	s0,8(sp)
   14a20:	01010113          	addi	sp,sp,16
   14a24:	00008067          	ret

00014a28 <_isatty_r>:
   14a28:	ff010113          	addi	sp,sp,-16
   14a2c:	00812423          	sw	s0,8(sp)
   14a30:	00050413          	mv	s0,a0
   14a34:	00058513          	mv	a0,a1
   14a38:	0000c797          	auipc	a5,0xc
   14a3c:	f607a023          	sw	zero,-160(a5) # 20998 <errno>
   14a40:	00112623          	sw	ra,12(sp)
   14a44:	ffffc097          	auipc	ra,0xffffc
   14a48:	b9c080e7          	jalr	-1124(ra) # 105e0 <_isatty>
   14a4c:	fff00793          	li	a5,-1
   14a50:	00f51a63          	bne	a0,a5,14a64 <_isatty_r+0x3c>
   14a54:	0000c797          	auipc	a5,0xc
   14a58:	f447a783          	lw	a5,-188(a5) # 20998 <errno>
   14a5c:	00078463          	beqz	a5,14a64 <_isatty_r+0x3c>
   14a60:	00f42023          	sw	a5,0(s0)
   14a64:	00c12083          	lw	ra,12(sp)
   14a68:	00812403          	lw	s0,8(sp)
   14a6c:	01010113          	addi	sp,sp,16
   14a70:	00008067          	ret

00014a74 <_lseek_r>:
   14a74:	ff010113          	addi	sp,sp,-16
   14a78:	00812423          	sw	s0,8(sp)
   14a7c:	00050413          	mv	s0,a0
   14a80:	00058513          	mv	a0,a1
   14a84:	00060593          	mv	a1,a2
   14a88:	00068613          	mv	a2,a3
   14a8c:	0000c797          	auipc	a5,0xc
   14a90:	f007a623          	sw	zero,-244(a5) # 20998 <errno>
   14a94:	00112623          	sw	ra,12(sp)
   14a98:	ffffc097          	auipc	ra,0xffffc
   14a9c:	b50080e7          	jalr	-1200(ra) # 105e8 <_lseek>
   14aa0:	fff00793          	li	a5,-1
   14aa4:	00f51a63          	bne	a0,a5,14ab8 <_lseek_r+0x44>
   14aa8:	0000c797          	auipc	a5,0xc
   14aac:	ef07a783          	lw	a5,-272(a5) # 20998 <errno>
   14ab0:	00078463          	beqz	a5,14ab8 <_lseek_r+0x44>
   14ab4:	00f42023          	sw	a5,0(s0)
   14ab8:	00c12083          	lw	ra,12(sp)
   14abc:	00812403          	lw	s0,8(sp)
   14ac0:	01010113          	addi	sp,sp,16
   14ac4:	00008067          	ret

00014ac8 <_read_r>:
   14ac8:	ff010113          	addi	sp,sp,-16
   14acc:	00812423          	sw	s0,8(sp)
   14ad0:	00050413          	mv	s0,a0
   14ad4:	00058513          	mv	a0,a1
   14ad8:	00060593          	mv	a1,a2
   14adc:	00068613          	mv	a2,a3
   14ae0:	0000c797          	auipc	a5,0xc
   14ae4:	ea07ac23          	sw	zero,-328(a5) # 20998 <errno>
   14ae8:	00112623          	sw	ra,12(sp)
   14aec:	ffffc097          	auipc	ra,0xffffc
   14af0:	b04080e7          	jalr	-1276(ra) # 105f0 <_read>
   14af4:	fff00793          	li	a5,-1
   14af8:	00f51a63          	bne	a0,a5,14b0c <_read_r+0x44>
   14afc:	0000c797          	auipc	a5,0xc
   14b00:	e9c7a783          	lw	a5,-356(a5) # 20998 <errno>
   14b04:	00078463          	beqz	a5,14b0c <_read_r+0x44>
   14b08:	00f42023          	sw	a5,0(s0)
   14b0c:	00c12083          	lw	ra,12(sp)
   14b10:	00812403          	lw	s0,8(sp)
   14b14:	01010113          	addi	sp,sp,16
   14b18:	00008067          	ret

00014b1c <_sbrk_r>:
   14b1c:	ff010113          	addi	sp,sp,-16
   14b20:	00812423          	sw	s0,8(sp)
   14b24:	00050413          	mv	s0,a0
   14b28:	00058513          	mv	a0,a1
   14b2c:	0000c797          	auipc	a5,0xc
   14b30:	e607a623          	sw	zero,-404(a5) # 20998 <errno>
   14b34:	00112623          	sw	ra,12(sp)
   14b38:	ffffc097          	auipc	ra,0xffffc
   14b3c:	ac0080e7          	jalr	-1344(ra) # 105f8 <_sbrk>
   14b40:	fff00793          	li	a5,-1
   14b44:	00f51a63          	bne	a0,a5,14b58 <_sbrk_r+0x3c>
   14b48:	0000c797          	auipc	a5,0xc
   14b4c:	e507a783          	lw	a5,-432(a5) # 20998 <errno>
   14b50:	00078463          	beqz	a5,14b58 <_sbrk_r+0x3c>
   14b54:	00f42023          	sw	a5,0(s0)
   14b58:	00c12083          	lw	ra,12(sp)
   14b5c:	00812403          	lw	s0,8(sp)
   14b60:	01010113          	addi	sp,sp,16
   14b64:	00008067          	ret

00014b68 <_write_r>:
   14b68:	ff010113          	addi	sp,sp,-16
   14b6c:	00812423          	sw	s0,8(sp)
   14b70:	00050413          	mv	s0,a0
   14b74:	00058513          	mv	a0,a1
   14b78:	00060593          	mv	a1,a2
   14b7c:	00068613          	mv	a2,a3
   14b80:	0000c797          	auipc	a5,0xc
   14b84:	e007ac23          	sw	zero,-488(a5) # 20998 <errno>
   14b88:	00112623          	sw	ra,12(sp)
   14b8c:	ffffc097          	auipc	ra,0xffffc
   14b90:	ab4080e7          	jalr	-1356(ra) # 10640 <_write>
   14b94:	fff00793          	li	a5,-1
   14b98:	00f51a63          	bne	a0,a5,14bac <_write_r+0x44>
   14b9c:	0000c797          	auipc	a5,0xc
   14ba0:	dfc7a783          	lw	a5,-516(a5) # 20998 <errno>
   14ba4:	00078463          	beqz	a5,14bac <_write_r+0x44>
   14ba8:	00f42023          	sw	a5,0(s0)
   14bac:	00c12083          	lw	ra,12(sp)
   14bb0:	00812403          	lw	s0,8(sp)
   14bb4:	01010113          	addi	sp,sp,16
   14bb8:	00008067          	ret

00014bbc <__udivdi3>:
   14bbc:	00060813          	mv	a6,a2
   14bc0:	00050793          	mv	a5,a0
   14bc4:	00058893          	mv	a7,a1
   14bc8:	0c069c63          	bnez	a3,14ca0 <__udivdi3+0xe4>
   14bcc:	22c5fa63          	bgeu	a1,a2,14e00 <__udivdi3+0x244>
   14bd0:	00010737          	lui	a4,0x10
   14bd4:	36e66863          	bltu	a2,a4,14f44 <__udivdi3+0x388>
   14bd8:	01000737          	lui	a4,0x1000
   14bdc:	01800313          	li	t1,24
   14be0:	00e67463          	bgeu	a2,a4,14be8 <__udivdi3+0x2c>
   14be4:	01000313          	li	t1,16
   14be8:	006656b3          	srl	a3,a2,t1
   14bec:	0000c717          	auipc	a4,0xc
   14bf0:	cac70713          	addi	a4,a4,-852 # 20898 <__clz_tab>
   14bf4:	00d70733          	add	a4,a4,a3
   14bf8:	00074703          	lbu	a4,0(a4)
   14bfc:	02000693          	li	a3,32
   14c00:	00670733          	add	a4,a4,t1
   14c04:	00d70e63          	beq	a4,a3,14c20 <__udivdi3+0x64>
   14c08:	40e686b3          	sub	a3,a3,a4
   14c0c:	00d598b3          	sll	a7,a1,a3
   14c10:	00e55733          	srl	a4,a0,a4
   14c14:	00d61833          	sll	a6,a2,a3
   14c18:	00d517b3          	sll	a5,a0,a3
   14c1c:	011768b3          	or	a7,a4,a7
   14c20:	01085613          	srli	a2,a6,0x10
   14c24:	02c8d533          	divu	a0,a7,a2
   14c28:	01081693          	slli	a3,a6,0x10
   14c2c:	0106d693          	srli	a3,a3,0x10
   14c30:	0107d713          	srli	a4,a5,0x10
   14c34:	02c8f8b3          	remu	a7,a7,a2
   14c38:	02a685b3          	mul	a1,a3,a0
   14c3c:	01089893          	slli	a7,a7,0x10
   14c40:	01176733          	or	a4,a4,a7
   14c44:	00b77c63          	bgeu	a4,a1,14c5c <__udivdi3+0xa0>
   14c48:	00e808b3          	add	a7,a6,a4
   14c4c:	00088713          	mv	a4,a7
   14c50:	00b8f463          	bgeu	a7,a1,14c58 <__udivdi3+0x9c>
   14c54:	3908f463          	bgeu	a7,a6,14fdc <__udivdi3+0x420>
   14c58:	fff50513          	addi	a0,a0,-1
   14c5c:	40b70733          	sub	a4,a4,a1
   14c60:	02c755b3          	divu	a1,a4,a2
   14c64:	01079793          	slli	a5,a5,0x10
   14c68:	0107d793          	srli	a5,a5,0x10
   14c6c:	02c77733          	remu	a4,a4,a2
   14c70:	02b686b3          	mul	a3,a3,a1
   14c74:	01071713          	slli	a4,a4,0x10
   14c78:	00e7e7b3          	or	a5,a5,a4
   14c7c:	00d7fa63          	bgeu	a5,a3,14c90 <__udivdi3+0xd4>
   14c80:	00f807b3          	add	a5,a6,a5
   14c84:	00d7f463          	bgeu	a5,a3,14c8c <__udivdi3+0xd0>
   14c88:	3507f663          	bgeu	a5,a6,14fd4 <__udivdi3+0x418>
   14c8c:	fff58593          	addi	a1,a1,-1
   14c90:	01051513          	slli	a0,a0,0x10
   14c94:	00b56533          	or	a0,a0,a1
   14c98:	00000593          	li	a1,0
   14c9c:	00008067          	ret
   14ca0:	00d5f863          	bgeu	a1,a3,14cb0 <__udivdi3+0xf4>
   14ca4:	00000593          	li	a1,0
   14ca8:	00000513          	li	a0,0
   14cac:	00008067          	ret
   14cb0:	000107b7          	lui	a5,0x10
   14cb4:	2af6e663          	bltu	a3,a5,14f60 <__udivdi3+0x3a4>
   14cb8:	01000737          	lui	a4,0x1000
   14cbc:	01800793          	li	a5,24
   14cc0:	00e6f463          	bgeu	a3,a4,14cc8 <__udivdi3+0x10c>
   14cc4:	01000793          	li	a5,16
   14cc8:	00f6d833          	srl	a6,a3,a5
   14ccc:	0000c717          	auipc	a4,0xc
   14cd0:	bcc70713          	addi	a4,a4,-1076 # 20898 <__clz_tab>
   14cd4:	01070733          	add	a4,a4,a6
   14cd8:	00074703          	lbu	a4,0(a4)
   14cdc:	02000813          	li	a6,32
   14ce0:	00f70733          	add	a4,a4,a5
   14ce4:	29070663          	beq	a4,a6,14f70 <__udivdi3+0x3b4>
   14ce8:	40e80833          	sub	a6,a6,a4
   14cec:	00e658b3          	srl	a7,a2,a4
   14cf0:	010696b3          	sll	a3,a3,a6
   14cf4:	00d8e8b3          	or	a7,a7,a3
   14cf8:	00e5d333          	srl	t1,a1,a4
   14cfc:	0108de93          	srli	t4,a7,0x10
   14d00:	03d357b3          	divu	a5,t1,t4
   14d04:	01089e13          	slli	t3,a7,0x10
   14d08:	010595b3          	sll	a1,a1,a6
   14d0c:	010e5e13          	srli	t3,t3,0x10
   14d10:	00e55733          	srl	a4,a0,a4
   14d14:	00b76733          	or	a4,a4,a1
   14d18:	01075693          	srli	a3,a4,0x10
   14d1c:	01061633          	sll	a2,a2,a6
   14d20:	03d37333          	remu	t1,t1,t4
   14d24:	02fe05b3          	mul	a1,t3,a5
   14d28:	01031313          	slli	t1,t1,0x10
   14d2c:	0066e6b3          	or	a3,a3,t1
   14d30:	00b6fc63          	bgeu	a3,a1,14d48 <__udivdi3+0x18c>
   14d34:	00d88333          	add	t1,a7,a3
   14d38:	00030693          	mv	a3,t1
   14d3c:	00b37463          	bgeu	t1,a1,14d44 <__udivdi3+0x188>
   14d40:	2d137c63          	bgeu	t1,a7,15018 <__udivdi3+0x45c>
   14d44:	fff78793          	addi	a5,a5,-1 # ffff <__HEAP_SIZE+0xdfff>
   14d48:	40b686b3          	sub	a3,a3,a1
   14d4c:	03d6d333          	divu	t1,a3,t4
   14d50:	01071713          	slli	a4,a4,0x10
   14d54:	01075713          	srli	a4,a4,0x10
   14d58:	03d6f6b3          	remu	a3,a3,t4
   14d5c:	026e05b3          	mul	a1,t3,t1
   14d60:	01069693          	slli	a3,a3,0x10
   14d64:	00d76733          	or	a4,a4,a3
   14d68:	00b77c63          	bgeu	a4,a1,14d80 <__udivdi3+0x1c4>
   14d6c:	00e886b3          	add	a3,a7,a4
   14d70:	00068713          	mv	a4,a3
   14d74:	00b6f463          	bgeu	a3,a1,14d7c <__udivdi3+0x1c0>
   14d78:	2916f463          	bgeu	a3,a7,15000 <__udivdi3+0x444>
   14d7c:	fff30313          	addi	t1,t1,-1
   14d80:	01079793          	slli	a5,a5,0x10
   14d84:	0067e6b3          	or	a3,a5,t1
   14d88:	40b70733          	sub	a4,a4,a1
   14d8c:	01061793          	slli	a5,a2,0x10
   14d90:	01031593          	slli	a1,t1,0x10
   14d94:	0107d793          	srli	a5,a5,0x10
   14d98:	0105d593          	srli	a1,a1,0x10
   14d9c:	0106d313          	srli	t1,a3,0x10
   14da0:	01065613          	srli	a2,a2,0x10
   14da4:	02f30e33          	mul	t3,t1,a5
   14da8:	02f588b3          	mul	a7,a1,a5
   14dac:	02c585b3          	mul	a1,a1,a2
   14db0:	0108d793          	srli	a5,a7,0x10
   14db4:	01c585b3          	add	a1,a1,t3
   14db8:	00b787b3          	add	a5,a5,a1
   14dbc:	02c30333          	mul	t1,t1,a2
   14dc0:	01c7f663          	bgeu	a5,t3,14dcc <__udivdi3+0x210>
   14dc4:	00010637          	lui	a2,0x10
   14dc8:	00c30333          	add	t1,t1,a2
   14dcc:	0107d613          	srli	a2,a5,0x10
   14dd0:	00660633          	add	a2,a2,t1
   14dd4:	02c76063          	bltu	a4,a2,14df4 <__udivdi3+0x238>
   14dd8:	01089893          	slli	a7,a7,0x10
   14ddc:	0108d893          	srli	a7,a7,0x10
   14de0:	01079793          	slli	a5,a5,0x10
   14de4:	01051533          	sll	a0,a0,a6
   14de8:	011787b3          	add	a5,a5,a7
   14dec:	1ef57e63          	bgeu	a0,a5,14fe8 <__udivdi3+0x42c>
   14df0:	1ec71c63          	bne	a4,a2,14fe8 <__udivdi3+0x42c>
   14df4:	fff68513          	addi	a0,a3,-1
   14df8:	00000593          	li	a1,0
   14dfc:	00008067          	ret
   14e00:	14060a63          	beqz	a2,14f54 <__udivdi3+0x398>
   14e04:	00010737          	lui	a4,0x10
   14e08:	18e67c63          	bgeu	a2,a4,14fa0 <__udivdi3+0x3e4>
   14e0c:	10063893          	sltiu	a7,a2,256
   14e10:	0018b893          	seqz	a7,a7
   14e14:	00389893          	slli	a7,a7,0x3
   14e18:	011656b3          	srl	a3,a2,a7
   14e1c:	0000c717          	auipc	a4,0xc
   14e20:	a7c70713          	addi	a4,a4,-1412 # 20898 <__clz_tab>
   14e24:	00d70733          	add	a4,a4,a3
   14e28:	00074703          	lbu	a4,0(a4)
   14e2c:	02000693          	li	a3,32
   14e30:	01170733          	add	a4,a4,a7
   14e34:	14d70a63          	beq	a4,a3,14f88 <__udivdi3+0x3cc>
   14e38:	40e687b3          	sub	a5,a3,a4
   14e3c:	00f61833          	sll	a6,a2,a5
   14e40:	00e5d333          	srl	t1,a1,a4
   14e44:	01085893          	srli	a7,a6,0x10
   14e48:	03135e33          	divu	t3,t1,a7
   14e4c:	01081613          	slli	a2,a6,0x10
   14e50:	00f595b3          	sll	a1,a1,a5
   14e54:	01065613          	srli	a2,a2,0x10
   14e58:	00e55733          	srl	a4,a0,a4
   14e5c:	00b76733          	or	a4,a4,a1
   14e60:	01075693          	srli	a3,a4,0x10
   14e64:	00f517b3          	sll	a5,a0,a5
   14e68:	03137333          	remu	t1,t1,a7
   14e6c:	03c605b3          	mul	a1,a2,t3
   14e70:	01031313          	slli	t1,t1,0x10
   14e74:	0066e6b3          	or	a3,a3,t1
   14e78:	00b6fc63          	bgeu	a3,a1,14e90 <__udivdi3+0x2d4>
   14e7c:	00d80533          	add	a0,a6,a3
   14e80:	00050693          	mv	a3,a0
   14e84:	00b57463          	bgeu	a0,a1,14e8c <__udivdi3+0x2d0>
   14e88:	17057663          	bgeu	a0,a6,14ff4 <__udivdi3+0x438>
   14e8c:	fffe0e13          	addi	t3,t3,-1
   14e90:	40b686b3          	sub	a3,a3,a1
   14e94:	0316d533          	divu	a0,a3,a7
   14e98:	01071713          	slli	a4,a4,0x10
   14e9c:	01075713          	srli	a4,a4,0x10
   14ea0:	0316f6b3          	remu	a3,a3,a7
   14ea4:	02a60333          	mul	t1,a2,a0
   14ea8:	01069693          	slli	a3,a3,0x10
   14eac:	00d76733          	or	a4,a4,a3
   14eb0:	00677c63          	bgeu	a4,t1,14ec8 <__udivdi3+0x30c>
   14eb4:	00e806b3          	add	a3,a6,a4
   14eb8:	00068713          	mv	a4,a3
   14ebc:	0066f463          	bgeu	a3,t1,14ec4 <__udivdi3+0x308>
   14ec0:	1506f663          	bgeu	a3,a6,1500c <__udivdi3+0x450>
   14ec4:	fff50513          	addi	a0,a0,-1
   14ec8:	010e1593          	slli	a1,t3,0x10
   14ecc:	00a5e5b3          	or	a1,a1,a0
   14ed0:	40670733          	sub	a4,a4,t1
   14ed4:	03175533          	divu	a0,a4,a7
   14ed8:	0107d693          	srli	a3,a5,0x10
   14edc:	03177733          	remu	a4,a4,a7
   14ee0:	02c50333          	mul	t1,a0,a2
   14ee4:	01071713          	slli	a4,a4,0x10
   14ee8:	00e6e733          	or	a4,a3,a4
   14eec:	00677c63          	bgeu	a4,t1,14f04 <__udivdi3+0x348>
   14ef0:	00e806b3          	add	a3,a6,a4
   14ef4:	00068713          	mv	a4,a3
   14ef8:	0066f463          	bgeu	a3,t1,14f00 <__udivdi3+0x344>
   14efc:	0d06f663          	bgeu	a3,a6,14fc8 <__udivdi3+0x40c>
   14f00:	fff50513          	addi	a0,a0,-1
   14f04:	40670733          	sub	a4,a4,t1
   14f08:	031756b3          	divu	a3,a4,a7
   14f0c:	01079793          	slli	a5,a5,0x10
   14f10:	0107d793          	srli	a5,a5,0x10
   14f14:	03177733          	remu	a4,a4,a7
   14f18:	02c68633          	mul	a2,a3,a2
   14f1c:	01071713          	slli	a4,a4,0x10
   14f20:	00e7e7b3          	or	a5,a5,a4
   14f24:	00c7fa63          	bgeu	a5,a2,14f38 <__udivdi3+0x37c>
   14f28:	00f807b3          	add	a5,a6,a5
   14f2c:	00c7f463          	bgeu	a5,a2,14f34 <__udivdi3+0x378>
   14f30:	0907f863          	bgeu	a5,a6,14fc0 <__udivdi3+0x404>
   14f34:	fff68693          	addi	a3,a3,-1
   14f38:	01051513          	slli	a0,a0,0x10
   14f3c:	00d56533          	or	a0,a0,a3
   14f40:	00008067          	ret
   14f44:	10063313          	sltiu	t1,a2,256
   14f48:	00133313          	seqz	t1,t1
   14f4c:	00331313          	slli	t1,t1,0x3
   14f50:	c99ff06f          	j	14be8 <__udivdi3+0x2c>
   14f54:	00000693          	li	a3,0
   14f58:	00000893          	li	a7,0
   14f5c:	ec1ff06f          	j	14e1c <__udivdi3+0x260>
   14f60:	1006b793          	sltiu	a5,a3,256
   14f64:	0017b793          	seqz	a5,a5
   14f68:	00379793          	slli	a5,a5,0x3
   14f6c:	d5dff06f          	j	14cc8 <__udivdi3+0x10c>
   14f70:	00c53633          	sltu	a2,a0,a2
   14f74:	00b6b6b3          	sltu	a3,a3,a1
   14f78:	00163613          	seqz	a2,a2
   14f7c:	00c6e533          	or	a0,a3,a2
   14f80:	00000593          	li	a1,0
   14f84:	00008067          	ret
   14f88:	40c58733          	sub	a4,a1,a2
   14f8c:	01065893          	srli	a7,a2,0x10
   14f90:	01061613          	slli	a2,a2,0x10
   14f94:	01065613          	srli	a2,a2,0x10
   14f98:	00100593          	li	a1,1
   14f9c:	f39ff06f          	j	14ed4 <__udivdi3+0x318>
   14fa0:	01000737          	lui	a4,0x1000
   14fa4:	00e67863          	bgeu	a2,a4,14fb4 <__udivdi3+0x3f8>
   14fa8:	01065693          	srli	a3,a2,0x10
   14fac:	01000893          	li	a7,16
   14fb0:	e6dff06f          	j	14e1c <__udivdi3+0x260>
   14fb4:	01865693          	srli	a3,a2,0x18
   14fb8:	01800893          	li	a7,24
   14fbc:	e61ff06f          	j	14e1c <__udivdi3+0x260>
   14fc0:	ffe68693          	addi	a3,a3,-2
   14fc4:	f75ff06f          	j	14f38 <__udivdi3+0x37c>
   14fc8:	ffe50513          	addi	a0,a0,-2
   14fcc:	01068733          	add	a4,a3,a6
   14fd0:	f35ff06f          	j	14f04 <__udivdi3+0x348>
   14fd4:	ffe58593          	addi	a1,a1,-2
   14fd8:	cb9ff06f          	j	14c90 <__udivdi3+0xd4>
   14fdc:	ffe50513          	addi	a0,a0,-2
   14fe0:	01088733          	add	a4,a7,a6
   14fe4:	c79ff06f          	j	14c5c <__udivdi3+0xa0>
   14fe8:	00068513          	mv	a0,a3
   14fec:	00000593          	li	a1,0
   14ff0:	00008067          	ret
   14ff4:	ffee0e13          	addi	t3,t3,-2
   14ff8:	010506b3          	add	a3,a0,a6
   14ffc:	e95ff06f          	j	14e90 <__udivdi3+0x2d4>
   15000:	ffe30313          	addi	t1,t1,-2
   15004:	01168733          	add	a4,a3,a7
   15008:	d79ff06f          	j	14d80 <__udivdi3+0x1c4>
   1500c:	ffe50513          	addi	a0,a0,-2
   15010:	01068733          	add	a4,a3,a6
   15014:	eb5ff06f          	j	14ec8 <__udivdi3+0x30c>
   15018:	ffe78793          	addi	a5,a5,-2
   1501c:	011306b3          	add	a3,t1,a7
   15020:	d29ff06f          	j	14d48 <__udivdi3+0x18c>
