
D:\Desktop\OpenClaw_Workspace\Working\SDK\demos\newlib\coremark\build_clang_Os\coremark.elf:     file format elf32-littleriscv


Disassembly of section .text:

00010000 <_reset_vector>:
   10000:	1000006f          	j	10100 <_start>
	...

00010080 <__vector_table>:
   10080:	0c40006f 3380006f 3340006f 1f80006f     o.@.o..3o.@3o...
   10090:	32c0006f 3280006f 3240006f 14c0006f     o..2o..2o.@2o...
   100a0:	31c0006f 3180006f 3140006f 2740006f     o..1o..1o.@1o.@'
   100b0:	30c0006f 3080006f 3040006f 3000006f     o..0o..0o.@0o..0
   100c0:	2fc0006f 2f80006f 2f40006f 2f00006f     o../o../o.@/o../
   100d0:	2ec0006f 2e80006f 2e40006f 2e00006f     o...o...o.@.o...
   100e0:	2dc0006f 2d80006f 2d40006f 2d00006f     o..-o..-o.@-o..-
   100f0:	2cc0006f 2c80006f 2c40006f 2c00006f     o..,o..,o.@,o..,

00010100 <_start>:
   10100:	00010197          	auipc	gp,0x10
   10104:	76818193          	addi	gp,gp,1896 # 20868 <__global_pointer$>
   10108:	00020117          	auipc	sp,0x20
   1010c:	ef810113          	addi	sp,sp,-264 # 30000 <__stack_top__>
   10110:	00010517          	auipc	a0,0x10
   10114:	70050513          	addi	a0,a0,1792 # 20810 <errno>
   10118:	00011597          	auipc	a1,0x11
   1011c:	03858593          	addi	a1,a1,56 # 21150 <__bss_end>
   10120:	00b50863          	beq	a0,a1,10130 <_start+0x30>
   10124:	00052023          	sw	zero,0(a0)
   10128:	00450513          	addi	a0,a0,4
   1012c:	feb56ce3          	bltu	a0,a1,10124 <_start+0x24>
   10130:	00000097          	auipc	ra,0x0
   10134:	2b4080e7          	jalr	692(ra) # 103e4 <_init>
   10138:	00001097          	auipc	ra,0x1
   1013c:	da8080e7          	jalr	-600(ra) # 10ee0 <main>
   10140:	0000006f          	j	10140 <_start+0x40>

00010144 <exc_entry>:
   10144:	fb010113          	addi	sp,sp,-80
   10148:	00112023          	sw	ra,0(sp)
   1014c:	00412223          	sw	tp,4(sp)
   10150:	00512423          	sw	t0,8(sp)
   10154:	00612623          	sw	t1,12(sp)
   10158:	00712823          	sw	t2,16(sp)
   1015c:	00a12a23          	sw	a0,20(sp)
   10160:	00b12c23          	sw	a1,24(sp)
   10164:	00c12e23          	sw	a2,28(sp)
   10168:	02d12023          	sw	a3,32(sp)
   1016c:	02e12223          	sw	a4,36(sp)
   10170:	02f12423          	sw	a5,40(sp)
   10174:	03012623          	sw	a6,44(sp)
   10178:	03112823          	sw	a7,48(sp)
   1017c:	03c12a23          	sw	t3,52(sp)
   10180:	03d12c23          	sw	t4,56(sp)
   10184:	03e12e23          	sw	t5,60(sp)
   10188:	05f12023          	sw	t6,64(sp)
   1018c:	34202573          	csrr	a0,mcause
   10190:	341025f3          	csrr	a1,mepc
   10194:	00000097          	auipc	ra,0x0
   10198:	40c080e7          	jalr	1036(ra) # 105a0 <serr_handler>
   1019c:	00012083          	lw	ra,0(sp)
   101a0:	00412203          	lw	tp,4(sp)
   101a4:	00812283          	lw	t0,8(sp)
   101a8:	00c12303          	lw	t1,12(sp)
   101ac:	01012383          	lw	t2,16(sp)
   101b0:	01412503          	lw	a0,20(sp)
   101b4:	01812583          	lw	a1,24(sp)
   101b8:	01c12603          	lw	a2,28(sp)
   101bc:	02012683          	lw	a3,32(sp)
   101c0:	02412703          	lw	a4,36(sp)
   101c4:	02812783          	lw	a5,40(sp)
   101c8:	02c12803          	lw	a6,44(sp)
   101cc:	03012883          	lw	a7,48(sp)
   101d0:	03412e03          	lw	t3,52(sp)
   101d4:	03812e83          	lw	t4,56(sp)
   101d8:	03c12f03          	lw	t5,60(sp)
   101dc:	04012f83          	lw	t6,64(sp)
   101e0:	05010113          	addi	sp,sp,80
   101e4:	30200073          	mret

000101e8 <irq_timer_entry>:
   101e8:	fb010113          	addi	sp,sp,-80
   101ec:	00112023          	sw	ra,0(sp)
   101f0:	00412223          	sw	tp,4(sp)
   101f4:	00512423          	sw	t0,8(sp)
   101f8:	00612623          	sw	t1,12(sp)
   101fc:	00712823          	sw	t2,16(sp)
   10200:	00a12a23          	sw	a0,20(sp)
   10204:	00b12c23          	sw	a1,24(sp)
   10208:	00c12e23          	sw	a2,28(sp)
   1020c:	02d12023          	sw	a3,32(sp)
   10210:	02e12223          	sw	a4,36(sp)
   10214:	02f12423          	sw	a5,40(sp)
   10218:	03012623          	sw	a6,44(sp)
   1021c:	03112823          	sw	a7,48(sp)
   10220:	03c12a23          	sw	t3,52(sp)
   10224:	03d12c23          	sw	t4,56(sp)
   10228:	03e12e23          	sw	t5,60(sp)
   1022c:	05f12023          	sw	t6,64(sp)
   10230:	00000097          	auipc	ra,0x0
   10234:	368080e7          	jalr	872(ra) # 10598 <tmr_irq_handler>
   10238:	00012083          	lw	ra,0(sp)
   1023c:	00412203          	lw	tp,4(sp)
   10240:	00812283          	lw	t0,8(sp)
   10244:	00c12303          	lw	t1,12(sp)
   10248:	01012383          	lw	t2,16(sp)
   1024c:	01412503          	lw	a0,20(sp)
   10250:	01812583          	lw	a1,24(sp)
   10254:	01c12603          	lw	a2,28(sp)
   10258:	02012683          	lw	a3,32(sp)
   1025c:	02412703          	lw	a4,36(sp)
   10260:	02812783          	lw	a5,40(sp)
   10264:	02c12803          	lw	a6,44(sp)
   10268:	03012883          	lw	a7,48(sp)
   1026c:	03412e03          	lw	t3,52(sp)
   10270:	03812e83          	lw	t4,56(sp)
   10274:	03c12f03          	lw	t5,60(sp)
   10278:	04012f83          	lw	t6,64(sp)
   1027c:	05010113          	addi	sp,sp,80
   10280:	30200073          	mret

00010284 <irq_software_entry>:
   10284:	fb010113          	addi	sp,sp,-80
   10288:	00112023          	sw	ra,0(sp)
   1028c:	00412223          	sw	tp,4(sp)
   10290:	00512423          	sw	t0,8(sp)
   10294:	00612623          	sw	t1,12(sp)
   10298:	00712823          	sw	t2,16(sp)
   1029c:	00a12a23          	sw	a0,20(sp)
   102a0:	00b12c23          	sw	a1,24(sp)
   102a4:	00c12e23          	sw	a2,28(sp)
   102a8:	02d12023          	sw	a3,32(sp)
   102ac:	02e12223          	sw	a4,36(sp)
   102b0:	02f12423          	sw	a5,40(sp)
   102b4:	03012623          	sw	a6,44(sp)
   102b8:	03112823          	sw	a7,48(sp)
   102bc:	03c12a23          	sw	t3,52(sp)
   102c0:	03d12c23          	sw	t4,56(sp)
   102c4:	03e12e23          	sw	t5,60(sp)
   102c8:	05f12023          	sw	t6,64(sp)
   102cc:	00000097          	auipc	ra,0x0
   102d0:	2c8080e7          	jalr	712(ra) # 10594 <sw_irq_handler>
   102d4:	00012083          	lw	ra,0(sp)
   102d8:	00412203          	lw	tp,4(sp)
   102dc:	00812283          	lw	t0,8(sp)
   102e0:	00c12303          	lw	t1,12(sp)
   102e4:	01012383          	lw	t2,16(sp)
   102e8:	01412503          	lw	a0,20(sp)
   102ec:	01812583          	lw	a1,24(sp)
   102f0:	01c12603          	lw	a2,28(sp)
   102f4:	02012683          	lw	a3,32(sp)
   102f8:	02412703          	lw	a4,36(sp)
   102fc:	02812783          	lw	a5,40(sp)
   10300:	02c12803          	lw	a6,44(sp)
   10304:	03012883          	lw	a7,48(sp)
   10308:	03412e03          	lw	t3,52(sp)
   1030c:	03812e83          	lw	t4,56(sp)
   10310:	03c12f03          	lw	t5,60(sp)
   10314:	04012f83          	lw	t6,64(sp)
   10318:	05010113          	addi	sp,sp,80
   1031c:	30200073          	mret

00010320 <irq_external_entry>:
   10320:	fb010113          	addi	sp,sp,-80
   10324:	00112023          	sw	ra,0(sp)
   10328:	00412223          	sw	tp,4(sp)
   1032c:	00512423          	sw	t0,8(sp)
   10330:	00612623          	sw	t1,12(sp)
   10334:	00712823          	sw	t2,16(sp)
   10338:	00a12a23          	sw	a0,20(sp)
   1033c:	00b12c23          	sw	a1,24(sp)
   10340:	00c12e23          	sw	a2,28(sp)
   10344:	02d12023          	sw	a3,32(sp)
   10348:	02e12223          	sw	a4,36(sp)
   1034c:	02f12423          	sw	a5,40(sp)
   10350:	03012623          	sw	a6,44(sp)
   10354:	03112823          	sw	a7,48(sp)
   10358:	03c12a23          	sw	t3,52(sp)
   1035c:	03d12c23          	sw	t4,56(sp)
   10360:	03e12e23          	sw	t5,60(sp)
   10364:	05f12023          	sw	t6,64(sp)
   10368:	00000097          	auipc	ra,0x0
   1036c:	234080e7          	jalr	564(ra) # 1059c <ext_irq_handler>
   10370:	00012083          	lw	ra,0(sp)
   10374:	00412203          	lw	tp,4(sp)
   10378:	00812283          	lw	t0,8(sp)
   1037c:	00c12303          	lw	t1,12(sp)
   10380:	01012383          	lw	t2,16(sp)
   10384:	01412503          	lw	a0,20(sp)
   10388:	01812583          	lw	a1,24(sp)
   1038c:	01c12603          	lw	a2,28(sp)
   10390:	02012683          	lw	a3,32(sp)
   10394:	02412703          	lw	a4,36(sp)
   10398:	02812783          	lw	a5,40(sp)
   1039c:	02c12803          	lw	a6,44(sp)
   103a0:	03012883          	lw	a7,48(sp)
   103a4:	03412e03          	lw	t3,52(sp)
   103a8:	03812e83          	lw	t4,56(sp)
   103ac:	03c12f03          	lw	t5,60(sp)
   103b0:	04012f83          	lw	t6,64(sp)
   103b4:	05010113          	addi	sp,sp,80
   103b8:	30200073          	mret

000103bc <irq_unhandled>:
   103bc:	10500073          	wfi
   103c0:	ffdff06f          	j	103bc <irq_unhandled>

000103c4 <memset>:
   103c4:	00050313          	mv	t1,a0
   103c8:	00060a63          	beqz	a2,103dc <memset+0x18>
   103cc:	00b30023          	sb	a1,0(t1)
   103d0:	fff60613          	addi	a2,a2,-1
   103d4:	00130313          	addi	t1,t1,1
   103d8:	fe061ae3          	bnez	a2,103cc <memset+0x8>
   103dc:	00008067          	ret

000103e0 <board_init>:
   103e0:	00008067          	ret

000103e4 <_init>:
   103e4:	3060d073          	csrwi	mcounteren,1
   103e8:	c01025f3          	rdtime	a1
   103ec:	b0002573          	csrr	a0,mcycle
   103f0:	c0102573          	rdtime	a0
   103f4:	feb50ce3          	beq	a0,a1,103ec <_init+0x8>
   103f8:	c01025f3          	rdtime	a1
   103fc:	b0002673          	csrr	a2,mcycle
   10400:	fea58ce3          	beq	a1,a0,103f8 <_init+0x14>
   10404:	c0102673          	rdtime	a2
   10408:	b0002573          	csrr	a0,mcycle
   1040c:	c01025f3          	rdtime	a1
   10410:	fec58ce3          	beq	a1,a2,10408 <_init+0x24>
   10414:	27100693          	li	a3,625
   10418:	c0102673          	rdtime	a2
   1041c:	40b60633          	sub	a2,a2,a1
   10420:	00465793          	srli	a5,a2,0x4
   10424:	b0002773          	csrr	a4,mcycle
   10428:	fed7e8e3          	bltu	a5,a3,10418 <_init+0x34>
   1042c:	ff010113          	addi	sp,sp,-16
   10430:	00112623          	sw	ra,12(sp)
   10434:	40a70733          	sub	a4,a4,a0
   10438:	000f4537          	lui	a0,0xf4
   1043c:	24050513          	addi	a0,a0,576 # f4240 <__stack_top__+0xc4240>
   10440:	02a735b3          	mulhu	a1,a4,a0
   10444:	02a706b3          	mul	a3,a4,a0
   10448:	00165513          	srli	a0,a2,0x1
   1044c:	00a68533          	add	a0,a3,a0
   10450:	00d536b3          	sltu	a3,a0,a3
   10454:	00d585b3          	add	a1,a1,a3
   10458:	00000693          	li	a3,0
   1045c:	00004097          	auipc	ra,0x4
   10460:	a74080e7          	jalr	-1420(ra) # 13ed0 <__udivdi3>
   10464:	fbfa15b7          	lui	a1,0xfbfa1
   10468:	00e4e637          	lui	a2,0xe4e
   1046c:	82058593          	addi	a1,a1,-2016 # fbfa0820 <__stack_top__+0xfbf70820>
   10470:	00b505b3          	add	a1,a0,a1
   10474:	1c160613          	addi	a2,a2,449 # e4e1c1 <__stack_top__+0xe1e1c1>
   10478:	00c5e663          	bltu	a1,a2,10484 <_init+0xa0>
   1047c:	04787537          	lui	a0,0x4787
   10480:	8c050513          	addi	a0,a0,-1856 # 47868c0 <__stack_top__+0x47568c0>
   10484:	000215b7          	lui	a1,0x21
   10488:	82a5a423          	sw	a0,-2008(a1) # 20828 <g_cpu_freq_hz>
   1048c:	0001c537          	lui	a0,0x1c
   10490:	20050513          	addi	a0,a0,512 # 1c200 <_etext+0x7ec8>
   10494:	00000097          	auipc	ra,0x0
   10498:	034080e7          	jalr	52(ra) # 104c8 <uart_init>
   1049c:	00000517          	auipc	a0,0x0
   104a0:	be450513          	addi	a0,a0,-1052 # 10080 <__vector_table>
   104a4:	00156513          	ori	a0,a0,1
   104a8:	30551073          	csrw	mtvec,a0
   104ac:	00000097          	auipc	ra,0x0
   104b0:	f34080e7          	jalr	-204(ra) # 103e0 <board_init>
   104b4:	3fd00513          	li	a0,1021
   104b8:	30652073          	csrs	mcounteren,a0
   104bc:	00c12083          	lw	ra,12(sp)
   104c0:	01010113          	addi	sp,sp,16
   104c4:	00008067          	ret

000104c8 <uart_init>:
   104c8:	ff010113          	addi	sp,sp,-16
   104cc:	00112623          	sw	ra,12(sp)
   104d0:	00812423          	sw	s0,8(sp)
   104d4:	00912223          	sw	s1,4(sp)
   104d8:	000215b7          	lui	a1,0x21
   104dc:	8285a403          	lw	s0,-2008(a1) # 20828 <g_cpu_freq_hz>
   104e0:	00041663          	bnez	s0,104ec <uart_init+0x24>
   104e4:	04787437          	lui	s0,0x4787
   104e8:	8c040413          	addi	s0,s0,-1856 # 47868c0 <__stack_top__+0x47568c0>
   104ec:	00145593          	srli	a1,s0,0x1
   104f0:	00451493          	slli	s1,a0,0x4
   104f4:	00058513          	mv	a0,a1
   104f8:	00048593          	mv	a1,s1
   104fc:	00040613          	mv	a2,s0
   10500:	00000693          	li	a3,0
   10504:	00004097          	auipc	ra,0x4
   10508:	9cc080e7          	jalr	-1588(ra) # 13ed0 <__udivdi3>
   1050c:	029455b3          	divu	a1,s0,s1
   10510:	e0010637          	lui	a2,0xe0010
   10514:	08000693          	li	a3,128
   10518:	02a62223          	sw	a0,36(a2) # e0010024 <__stack_top__+0xdffe0024>
   1051c:	00300513          	li	a0,3
   10520:	00d62623          	sw	a3,12(a2)
   10524:	0ff5f593          	zext.b	a1,a1
   10528:	00b62023          	sw	a1,0(a2)
   1052c:	00062223          	sw	zero,4(a2)
   10530:	00a62623          	sw	a0,12(a2)
   10534:	00c12083          	lw	ra,12(sp)
   10538:	00812403          	lw	s0,8(sp)
   1053c:	00412483          	lw	s1,4(sp)
   10540:	01010113          	addi	sp,sp,16
   10544:	00008067          	ret

00010548 <uart_puts>:
   10548:	e00105b7          	lui	a1,0xe0010
   1054c:	00a00613          	li	a2,10
   10550:	00d00693          	li	a3,13
   10554:	00054703          	lbu	a4,0(a0)
   10558:	00c70663          	beq	a4,a2,10564 <uart_puts+0x1c>
   1055c:	00071e63          	bnez	a4,10578 <uart_puts+0x30>
   10560:	0300006f          	j	10590 <uart_puts+0x48>
   10564:	0145a703          	lw	a4,20(a1) # e0010014 <__stack_top__+0xdffe0014>
   10568:	02077713          	andi	a4,a4,32
   1056c:	fe070ce3          	beqz	a4,10564 <uart_puts+0x1c>
   10570:	00d5a023          	sw	a3,0(a1)
   10574:	00054703          	lbu	a4,0(a0)
   10578:	0145a783          	lw	a5,20(a1)
   1057c:	0207f793          	andi	a5,a5,32
   10580:	fe078ce3          	beqz	a5,10578 <uart_puts+0x30>
   10584:	00150513          	addi	a0,a0,1
   10588:	00e5a023          	sw	a4,0(a1)
   1058c:	fc9ff06f          	j	10554 <uart_puts+0xc>
   10590:	00008067          	ret

00010594 <sw_irq_handler>:
   10594:	00008067          	ret

00010598 <tmr_irq_handler>:
   10598:	00008067          	ret

0001059c <ext_irq_handler>:
   1059c:	00008067          	ret

000105a0 <serr_handler>:
   105a0:	0000006f          	j	105a0 <serr_handler>

000105a4 <_close>:
   105a4:	fff00513          	li	a0,-1
   105a8:	00008067          	ret

000105ac <_fstat>:
   105ac:	00002537          	lui	a0,0x2
   105b0:	00a5a223          	sw	a0,4(a1)
   105b4:	00000513          	li	a0,0
   105b8:	00008067          	ret

000105bc <_isatty>:
   105bc:	00100513          	li	a0,1
   105c0:	00008067          	ret

000105c4 <_lseek>:
   105c4:	00000513          	li	a0,0
   105c8:	00008067          	ret

000105cc <_read>:
   105cc:	00000513          	li	a0,0
   105d0:	00008067          	ret

000105d4 <_sbrk>:
   105d4:	00050593          	mv	a1,a0
   105d8:	00020537          	lui	a0,0x20
   105dc:	00052503          	lw	a0,0(a0) # 20000 <heap_ptr>
   105e0:	00b505b3          	add	a1,a0,a1
   105e4:	00023637          	lui	a2,0x23
   105e8:	15060613          	addi	a2,a2,336 # 23150 <__heap_end>
   105ec:	00b66e63          	bltu	a2,a1,10608 <_sbrk+0x34>
   105f0:	00021637          	lui	a2,0x21
   105f4:	15060613          	addi	a2,a2,336 # 21150 <__bss_end>
   105f8:	00c5e863          	bltu	a1,a2,10608 <_sbrk+0x34>
   105fc:	00020637          	lui	a2,0x20
   10600:	00b62023          	sw	a1,0(a2) # 20000 <heap_ptr>
   10604:	00008067          	ret
   10608:	00021537          	lui	a0,0x21
   1060c:	00c00593          	li	a1,12
   10610:	80b52823          	sw	a1,-2032(a0) # 20810 <errno>
   10614:	fff00513          	li	a0,-1
   10618:	00008067          	ret

0001061c <_write>:
   1061c:	ffd50513          	addi	a0,a0,-3
   10620:	ffe00693          	li	a3,-2
   10624:	00d57663          	bgeu	a0,a3,10630 <_write+0x14>
   10628:	fff00613          	li	a2,-1
   1062c:	0300006f          	j	1065c <_write+0x40>
   10630:	02060663          	beqz	a2,1065c <_write+0x40>
   10634:	00000513          	li	a0,0
   10638:	e00106b7          	lui	a3,0xe0010
   1063c:	00a58733          	add	a4,a1,a0
   10640:	00074703          	lbu	a4,0(a4)
   10644:	0146a783          	lw	a5,20(a3) # e0010014 <__stack_top__+0xdffe0014>
   10648:	0207f793          	andi	a5,a5,32
   1064c:	fe078ce3          	beqz	a5,10644 <_write+0x28>
   10650:	00150513          	addi	a0,a0,1
   10654:	00e6a023          	sw	a4,0(a3)
   10658:	fec512e3          	bne	a0,a2,1063c <_write+0x20>
   1065c:	00060513          	mv	a0,a2
   10660:	00008067          	ret

00010664 <print_fixed_scaled>:
   10664:	0cb05463          	blez	a1,1072c <print_fixed_scaled+0xc8>
   10668:	fe010113          	addi	sp,sp,-32
   1066c:	00112e23          	sw	ra,28(sp)
   10670:	00812c23          	sw	s0,24(sp)
   10674:	00912a23          	sw	s1,20(sp)
   10678:	01212823          	sw	s2,16(sp)
   1067c:	01312623          	sw	s3,12(sp)
   10680:	00058413          	mv	s0,a1
   10684:	00050493          	mv	s1,a0
   10688:	00055a63          	bgez	a0,1069c <print_fixed_scaled+0x38>
   1068c:	02d00513          	li	a0,45
   10690:	00002097          	auipc	ra,0x2
   10694:	b4c080e7          	jalr	-1204(ra) # 121dc <putchar>
   10698:	409004b3          	neg	s1,s1
   1069c:	0284d933          	divu	s2,s1,s0
   106a0:	00020537          	lui	a0,0x20
   106a4:	06c50513          	addi	a0,a0,108 # 2006c <_impure_ptr+0x4>
   106a8:	00090593          	mv	a1,s2
   106ac:	00002097          	auipc	ra,0x2
   106b0:	adc080e7          	jalr	-1316(ra) # 12188 <iprintf>
   106b4:	02890533          	mul	a0,s2,s0
   106b8:	40a48933          	sub	s2,s1,a0
   106bc:	04090c63          	beqz	s2,10714 <print_fixed_scaled+0xb0>
   106c0:	02e00513          	li	a0,46
   106c4:	00002097          	auipc	ra,0x2
   106c8:	b18080e7          	jalr	-1256(ra) # 121dc <putchar>
   106cc:	ccccd4b7          	lui	s1,0xccccd
   106d0:	ccd48493          	addi	s1,s1,-819 # cccccccd <__stack_top__+0xccc9cccd>
   106d4:	00191513          	slli	a0,s2,0x1
   106d8:	00391913          	slli	s2,s2,0x3
   106dc:	00a90933          	add	s2,s2,a0
   106e0:	028959b3          	divu	s3,s2,s0
   106e4:	0299b533          	mulhu	a0,s3,s1
   106e8:	ff857593          	andi	a1,a0,-8
   106ec:	00255513          	srli	a0,a0,0x2
   106f0:	ffe57513          	andi	a0,a0,-2
   106f4:	40b985b3          	sub	a1,s3,a1
   106f8:	40a585b3          	sub	a1,a1,a0
   106fc:	03058513          	addi	a0,a1,48
   10700:	00002097          	auipc	ra,0x2
   10704:	adc080e7          	jalr	-1316(ra) # 121dc <putchar>
   10708:	02898533          	mul	a0,s3,s0
   1070c:	40a90933          	sub	s2,s2,a0
   10710:	fc0912e3          	bnez	s2,106d4 <print_fixed_scaled+0x70>
   10714:	01c12083          	lw	ra,28(sp)
   10718:	01812403          	lw	s0,24(sp)
   1071c:	01412483          	lw	s1,20(sp)
   10720:	01012903          	lw	s2,16(sp)
   10724:	00c12983          	lw	s3,12(sp)
   10728:	02010113          	addi	sp,sp,32
   1072c:	00008067          	ret

00010730 <calc_func>:
   10730:	fe010113          	addi	sp,sp,-32
   10734:	00112e23          	sw	ra,28(sp)
   10738:	00812c23          	sw	s0,24(sp)
   1073c:	00912a23          	sw	s1,20(sp)
   10740:	01212823          	sw	s2,16(sp)
   10744:	01312623          	sw	s3,12(sp)
   10748:	00050413          	mv	s0,a0
   1074c:	00055983          	lhu	s3,0(a0)
   10750:	0809f513          	andi	a0,s3,128
   10754:	06051463          	bnez	a0,107bc <calc_func+0x8c>
   10758:	00058493          	mv	s1,a1
   1075c:	0079f513          	andi	a0,s3,7
   10760:	01999593          	slli	a1,s3,0x19
   10764:	01c5d593          	srli	a1,a1,0x1c
   10768:	00459713          	slli	a4,a1,0x4
   1076c:	00100613          	li	a2,1
   10770:	00b76733          	or	a4,a4,a1
   10774:	04c50863          	beq	a0,a2,107c4 <calc_func+0x94>
   10778:	00098913          	mv	s2,s3
   1077c:	06051663          	bnez	a0,107e8 <calc_func+0xb8>
   10780:	02200513          	li	a0,34
   10784:	00e56463          	bltu	a0,a4,1078c <calc_func+0x5c>
   10788:	02200713          	li	a4,34
   1078c:	00049603          	lh	a2,0(s1)
   10790:	00249683          	lh	a3,2(s1)
   10794:	0144a583          	lw	a1,20(s1)
   10798:	0184a503          	lw	a0,24(s1)
   1079c:	0384d783          	lhu	a5,56(s1)
   107a0:	00001097          	auipc	ra,0x1
   107a4:	4a4080e7          	jalr	1188(ra) # 11c44 <core_bench_state>
   107a8:	03e4d583          	lhu	a1,62(s1)
   107ac:	00050913          	mv	s2,a0
   107b0:	02059c63          	bnez	a1,107e8 <calc_func+0xb8>
   107b4:	03249f23          	sh	s2,62(s1)
   107b8:	0300006f          	j	107e8 <calc_func+0xb8>
   107bc:	07f9f513          	andi	a0,s3,127
   107c0:	0500006f          	j	10810 <calc_func+0xe0>
   107c4:	0384d603          	lhu	a2,56(s1)
   107c8:	02848513          	addi	a0,s1,40
   107cc:	00070593          	mv	a1,a4
   107d0:	00001097          	auipc	ra,0x1
   107d4:	e88080e7          	jalr	-376(ra) # 11658 <core_bench_matrix>
   107d8:	03c4d583          	lhu	a1,60(s1)
   107dc:	00050913          	mv	s2,a0
   107e0:	00059463          	bnez	a1,107e8 <calc_func+0xb8>
   107e4:	03249e23          	sh	s2,60(s1)
   107e8:	0384d583          	lhu	a1,56(s1)
   107ec:	00090513          	mv	a0,s2
   107f0:	00002097          	auipc	ra,0x2
   107f4:	8c0080e7          	jalr	-1856(ra) # 120b0 <crcu16>
   107f8:	02a49c23          	sh	a0,56(s1)
   107fc:	07f97513          	andi	a0,s2,127
   10800:	f009f593          	andi	a1,s3,-256
   10804:	00a5e5b3          	or	a1,a1,a0
   10808:	08058593          	addi	a1,a1,128
   1080c:	00b41023          	sh	a1,0(s0)
   10810:	01c12083          	lw	ra,28(sp)
   10814:	01812403          	lw	s0,24(sp)
   10818:	01412483          	lw	s1,20(sp)
   1081c:	01012903          	lw	s2,16(sp)
   10820:	00c12983          	lw	s3,12(sp)
   10824:	02010113          	addi	sp,sp,32
   10828:	00008067          	ret

0001082c <cmp_complex>:
   1082c:	ff010113          	addi	sp,sp,-16
   10830:	00112623          	sw	ra,12(sp)
   10834:	00812423          	sw	s0,8(sp)
   10838:	00912223          	sw	s1,4(sp)
   1083c:	01212023          	sw	s2,0(sp)
   10840:	00060413          	mv	s0,a2
   10844:	00058493          	mv	s1,a1
   10848:	00060593          	mv	a1,a2
   1084c:	00000097          	auipc	ra,0x0
   10850:	ee4080e7          	jalr	-284(ra) # 10730 <calc_func>
   10854:	00050913          	mv	s2,a0
   10858:	00048513          	mv	a0,s1
   1085c:	00040593          	mv	a1,s0
   10860:	00000097          	auipc	ra,0x0
   10864:	ed0080e7          	jalr	-304(ra) # 10730 <calc_func>
   10868:	40a90533          	sub	a0,s2,a0
   1086c:	00c12083          	lw	ra,12(sp)
   10870:	00812403          	lw	s0,8(sp)
   10874:	00412483          	lw	s1,4(sp)
   10878:	00012903          	lw	s2,0(sp)
   1087c:	01010113          	addi	sp,sp,16
   10880:	00008067          	ret

00010884 <cmp_idx>:
   10884:	00061a63          	bnez	a2,10898 <cmp_idx+0x14>
   10888:	00154603          	lbu	a2,1(a0)
   1088c:	00c50023          	sb	a2,0(a0)
   10890:	0015c603          	lbu	a2,1(a1)
   10894:	00c58023          	sb	a2,0(a1)
   10898:	00251503          	lh	a0,2(a0)
   1089c:	00259583          	lh	a1,2(a1)
   108a0:	40b50533          	sub	a0,a0,a1
   108a4:	00008067          	ret

000108a8 <core_bench_list>:
   108a8:	fd010113          	addi	sp,sp,-48
   108ac:	02112623          	sw	ra,44(sp)
   108b0:	02812423          	sw	s0,40(sp)
   108b4:	02912223          	sw	s1,36(sp)
   108b8:	03212023          	sw	s2,32(sp)
   108bc:	01312e23          	sw	s3,28(sp)
   108c0:	01412c23          	sw	s4,24(sp)
   108c4:	01512a23          	sw	s5,20(sp)
   108c8:	01612823          	sw	s6,16(sp)
   108cc:	01712623          	sw	s7,12(sp)
   108d0:	01812423          	sw	s8,8(sp)
   108d4:	01912223          	sw	s9,4(sp)
   108d8:	00050493          	mv	s1,a0
   108dc:	00451903          	lh	s2,4(a0)
   108e0:	02452403          	lw	s0,36(a0)
   108e4:	01059513          	slli	a0,a1,0x10
   108e8:	01055a93          	srli	s5,a0,0x10
   108ec:	00b11123          	sh	a1,2(sp)
   108f0:	0d205a63          	blez	s2,109c4 <core_bench_list+0x11c>
   108f4:	00000b93          	li	s7,0
   108f8:	00000b13          	li	s6,0
   108fc:	00000c13          	li	s8,0
   10900:	00000c93          	li	s9,0
   10904:	000a8993          	mv	s3,s5
   10908:	0ffbfa13          	zext.b	s4,s7
   1090c:	01411023          	sh	s4,0(sp)
   10910:	00010593          	mv	a1,sp
   10914:	00040513          	mv	a0,s0
   10918:	00000097          	auipc	ra,0x0
   1091c:	20c080e7          	jalr	524(ra) # 10b24 <core_list_find>
   10920:	02040063          	beqz	s0,10940 <core_bench_list+0x98>
   10924:	00040593          	mv	a1,s0
   10928:	00000413          	li	s0,0
   1092c:	00040613          	mv	a2,s0
   10930:	00058413          	mv	s0,a1
   10934:	0005a583          	lw	a1,0(a1)
   10938:	00c42023          	sw	a2,0(s0)
   1093c:	fe0598e3          	bnez	a1,1092c <core_bench_list+0x84>
   10940:	02050e63          	beqz	a0,1097c <core_bench_list+0xd4>
   10944:	00452583          	lw	a1,4(a0)
   10948:	00059583          	lh	a1,0(a1)
   1094c:	00052603          	lw	a2,0(a0)
   10950:	0095d693          	srli	a3,a1,0x9
   10954:	00d5f5b3          	and	a1,a1,a3
   10958:	001c0c13          	addi	s8,s8,1
   1095c:	0015f593          	andi	a1,a1,1
   10960:	02060863          	beqz	a2,10990 <core_bench_list+0xe8>
   10964:	00062683          	lw	a3,0(a2)
   10968:	00d52023          	sw	a3,0(a0)
   1096c:	00042503          	lw	a0,0(s0)
   10970:	00a62023          	sw	a0,0(a2)
   10974:	00c42023          	sw	a2,0(s0)
   10978:	0180006f          	j	10990 <core_bench_list+0xe8>
   1097c:	00042503          	lw	a0,0(s0)
   10980:	00452503          	lw	a0,4(a0)
   10984:	00154583          	lbu	a1,1(a0)
   10988:	001c8c93          	addi	s9,s9,1
   1098c:	0015f593          	andi	a1,a1,1
   10990:	01099513          	slli	a0,s3,0x10
   10994:	00054663          	bltz	a0,109a0 <core_bench_list+0xf8>
   10998:	00198993          	addi	s3,s3,1
   1099c:	01311123          	sh	s3,2(sp)
   109a0:	001b8b93          	addi	s7,s7,1
   109a4:	010b9513          	slli	a0,s7,0x10
   109a8:	41055513          	srai	a0,a0,0x10
   109ac:	01658b33          	add	s6,a1,s6
   109b0:	f5254ce3          	blt	a0,s2,10908 <core_bench_list+0x60>
   109b4:	002c1c13          	slli	s8,s8,0x2
   109b8:	419c0933          	sub	s2,s8,s9
   109bc:	01690933          	add	s2,s2,s6
   109c0:	0100006f          	j	109d0 <core_bench_list+0x128>
   109c4:	00000a13          	li	s4,0
   109c8:	00000913          	li	s2,0
   109cc:	000a8993          	mv	s3,s5
   109d0:	010a9a93          	slli	s5,s5,0x10
   109d4:	410ad513          	srai	a0,s5,0x10
   109d8:	02a05063          	blez	a0,109f8 <core_bench_list+0x150>
   109dc:	000115b7          	lui	a1,0x11
   109e0:	82c58593          	addi	a1,a1,-2004 # 1082c <cmp_complex>
   109e4:	00040513          	mv	a0,s0
   109e8:	00048613          	mv	a2,s1
   109ec:	00000097          	auipc	ra,0x0
   109f0:	184080e7          	jalr	388(ra) # 10b70 <core_list_mergesort>
   109f4:	00050413          	mv	s0,a0
   109f8:	00042583          	lw	a1,0(s0)
   109fc:	0005a483          	lw	s1,0(a1)
   10a00:	0045a503          	lw	a0,4(a1)
   10a04:	0004a603          	lw	a2,0(s1)
   10a08:	0044a683          	lw	a3,4(s1)
   10a0c:	00c5a023          	sw	a2,0(a1)
   10a10:	00d5a223          	sw	a3,4(a1)
   10a14:	01099593          	slli	a1,s3,0x10
   10a18:	0004a023          	sw	zero,0(s1)
   10a1c:	00a4a223          	sw	a0,4(s1)
   10a20:	00040a93          	mv	s5,s0
   10a24:	0205c663          	bltz	a1,10a50 <core_bench_list+0x1a8>
   10a28:	004aa583          	lw	a1,4(s5)
   10a2c:	0025d583          	lhu	a1,2(a1)
   10a30:	03358663          	beq	a1,s3,10a5c <core_bench_list+0x1b4>
   10a34:	000aaa83          	lw	s5,0(s5)
   10a38:	fe0a98e3          	bnez	s5,10a28 <core_bench_list+0x180>
   10a3c:	00042a83          	lw	s5,0(s0)
   10a40:	000a9e63          	bnez	s5,10a5c <core_bench_list+0x1b4>
   10a44:	0400006f          	j	10a84 <core_bench_list+0x1dc>
   10a48:	000aaa83          	lw	s5,0(s5)
   10a4c:	fe0a88e3          	beqz	s5,10a3c <core_bench_list+0x194>
   10a50:	004aa583          	lw	a1,4(s5)
   10a54:	0005c583          	lbu	a1,0(a1)
   10a58:	ff4598e3          	bne	a1,s4,10a48 <core_bench_list+0x1a0>
   10a5c:	00442503          	lw	a0,4(s0)
   10a60:	00051503          	lh	a0,0(a0)
   10a64:	01091593          	slli	a1,s2,0x10
   10a68:	0105d593          	srli	a1,a1,0x10
   10a6c:	00001097          	auipc	ra,0x1
   10a70:	704080e7          	jalr	1796(ra) # 12170 <crc16>
   10a74:	000aaa83          	lw	s5,0(s5)
   10a78:	00050913          	mv	s2,a0
   10a7c:	fe0a90e3          	bnez	s5,10a5c <core_bench_list+0x1b4>
   10a80:	0044a503          	lw	a0,4(s1)
   10a84:	00042583          	lw	a1,0(s0)
   10a88:	0005a603          	lw	a2,0(a1)
   10a8c:	0045a683          	lw	a3,4(a1)
   10a90:	00c4a023          	sw	a2,0(s1)
   10a94:	00d4a223          	sw	a3,4(s1)
   10a98:	0095a023          	sw	s1,0(a1)
   10a9c:	00a5a223          	sw	a0,4(a1)
   10aa0:	000115b7          	lui	a1,0x11
   10aa4:	88458593          	addi	a1,a1,-1916 # 10884 <cmp_idx>
   10aa8:	00040513          	mv	a0,s0
   10aac:	00000613          	li	a2,0
   10ab0:	00000097          	auipc	ra,0x0
   10ab4:	0c0080e7          	jalr	192(ra) # 10b70 <core_list_mergesort>
   10ab8:	00052483          	lw	s1,0(a0)
   10abc:	02048663          	beqz	s1,10ae8 <core_bench_list+0x240>
   10ac0:	00050413          	mv	s0,a0
   10ac4:	00442503          	lw	a0,4(s0)
   10ac8:	00051503          	lh	a0,0(a0)
   10acc:	01091593          	slli	a1,s2,0x10
   10ad0:	0105d593          	srli	a1,a1,0x10
   10ad4:	00001097          	auipc	ra,0x1
   10ad8:	69c080e7          	jalr	1692(ra) # 12170 <crc16>
   10adc:	0004a483          	lw	s1,0(s1)
   10ae0:	00050913          	mv	s2,a0
   10ae4:	fe0490e3          	bnez	s1,10ac4 <core_bench_list+0x21c>
   10ae8:	01091513          	slli	a0,s2,0x10
   10aec:	01055513          	srli	a0,a0,0x10
   10af0:	02c12083          	lw	ra,44(sp)
   10af4:	02812403          	lw	s0,40(sp)
   10af8:	02412483          	lw	s1,36(sp)
   10afc:	02012903          	lw	s2,32(sp)
   10b00:	01c12983          	lw	s3,28(sp)
   10b04:	01812a03          	lw	s4,24(sp)
   10b08:	01412a83          	lw	s5,20(sp)
   10b0c:	01012b03          	lw	s6,16(sp)
   10b10:	00c12b83          	lw	s7,12(sp)
   10b14:	00812c03          	lw	s8,8(sp)
   10b18:	00412c83          	lw	s9,4(sp)
   10b1c:	03010113          	addi	sp,sp,48
   10b20:	00008067          	ret

00010b24 <core_list_find>:
   10b24:	00259603          	lh	a2,2(a1)
   10b28:	02064463          	bltz	a2,10b50 <core_list_find+0x2c>
   10b2c:	04050063          	beqz	a0,10b6c <core_list_find+0x48>
   10b30:	01061593          	slli	a1,a2,0x10
   10b34:	0105d593          	srli	a1,a1,0x10
   10b38:	00452603          	lw	a2,4(a0)
   10b3c:	00265603          	lhu	a2,2(a2)
   10b40:	02b60663          	beq	a2,a1,10b6c <core_list_find+0x48>
   10b44:	00052503          	lw	a0,0(a0)
   10b48:	fe0518e3          	bnez	a0,10b38 <core_list_find+0x14>
   10b4c:	0200006f          	j	10b6c <core_list_find+0x48>
   10b50:	00050e63          	beqz	a0,10b6c <core_list_find+0x48>
   10b54:	0005d583          	lhu	a1,0(a1)
   10b58:	00452603          	lw	a2,4(a0)
   10b5c:	00064603          	lbu	a2,0(a2)
   10b60:	00b60663          	beq	a2,a1,10b6c <core_list_find+0x48>
   10b64:	00052503          	lw	a0,0(a0)
   10b68:	fe0518e3          	bnez	a0,10b58 <core_list_find+0x34>
   10b6c:	00008067          	ret

00010b70 <core_list_mergesort>:
   10b70:	fc010113          	addi	sp,sp,-64
   10b74:	02112e23          	sw	ra,60(sp)
   10b78:	02812c23          	sw	s0,56(sp)
   10b7c:	02912a23          	sw	s1,52(sp)
   10b80:	03212823          	sw	s2,48(sp)
   10b84:	03312623          	sw	s3,44(sp)
   10b88:	03412423          	sw	s4,40(sp)
   10b8c:	03512223          	sw	s5,36(sp)
   10b90:	03612023          	sw	s6,32(sp)
   10b94:	01712e23          	sw	s7,28(sp)
   10b98:	01812c23          	sw	s8,24(sp)
   10b9c:	01912a23          	sw	s9,20(sp)
   10ba0:	01a12823          	sw	s10,16(sp)
   10ba4:	01b12623          	sw	s11,12(sp)
   10ba8:	00060413          	mv	s0,a2
   10bac:	00058493          	mv	s1,a1
   10bb0:	00050913          	mv	s2,a0
   10bb4:	00100993          	li	s3,1
   10bb8:	00100a13          	li	s4,1
   10bbc:	00000c93          	li	s9,0
   10bc0:	00000a93          	li	s5,0
   10bc4:	41400b33          	neg	s6,s4
   10bc8:	00090d13          	mv	s10,s2
   10bcc:	00000913          	li	s2,0
   10bd0:	03405463          	blez	s4,10bf8 <core_list_mergesort+0x88>
   10bd4:	00100c13          	li	s8,1
   10bd8:	000d0513          	mv	a0,s10
   10bdc:	00052503          	lw	a0,0(a0)
   10be0:	02050063          	beqz	a0,10c00 <core_list_mergesort+0x90>
   10be4:	001c0c13          	addi	s8,s8,1
   10be8:	018b05b3          	add	a1,s6,s8
   10bec:	ff3598e3          	bne	a1,s3,10bdc <core_list_mergesort+0x6c>
   10bf0:	000a0c13          	mv	s8,s4
   10bf4:	00c0006f          	j	10c00 <core_list_mergesort+0x90>
   10bf8:	00000c13          	li	s8,0
   10bfc:	000d0513          	mv	a0,s10
   10c00:	01912423          	sw	s9,8(sp)
   10c04:	001c8c93          	addi	s9,s9,1
   10c08:	000d0593          	mv	a1,s10
   10c0c:	000a0d93          	mv	s11,s4
   10c10:	00058b93          	mv	s7,a1
   10c14:	00050d13          	mv	s10,a0
   10c18:	01804863          	bgtz	s8,10c28 <core_list_mergesort+0xb8>
   10c1c:	07b05c63          	blez	s11,10c94 <core_list_mergesort+0x124>
   10c20:	060d0a63          	beqz	s10,10c94 <core_list_mergesort+0x124>
   10c24:	020c0063          	beqz	s8,10c44 <core_list_mergesort+0xd4>
   10c28:	020d8a63          	beqz	s11,10c5c <core_list_mergesort+0xec>
   10c2c:	020d0863          	beqz	s10,10c5c <core_list_mergesort+0xec>
   10c30:	004ba503          	lw	a0,4(s7)
   10c34:	004d2583          	lw	a1,4(s10)
   10c38:	00040613          	mv	a2,s0
   10c3c:	000480e7          	jalr	s1
   10c40:	00a05e63          	blez	a0,10c5c <core_list_mergesort+0xec>
   10c44:	000d2503          	lw	a0,0(s10)
   10c48:	fffd8d93          	addi	s11,s11,-1
   10c4c:	000b8593          	mv	a1,s7
   10c50:	000d0613          	mv	a2,s10
   10c54:	020a8a63          	beqz	s5,10c88 <core_list_mergesort+0x118>
   10c58:	0180006f          	j	10c70 <core_list_mergesort+0x100>
   10c5c:	000ba583          	lw	a1,0(s7)
   10c60:	fffc0c13          	addi	s8,s8,-1
   10c64:	000d0513          	mv	a0,s10
   10c68:	000b8613          	mv	a2,s7
   10c6c:	000a8e63          	beqz	s5,10c88 <core_list_mergesort+0x118>
   10c70:	00caa023          	sw	a2,0(s5)
   10c74:	00058b93          	mv	s7,a1
   10c78:	00050d13          	mv	s10,a0
   10c7c:	00060a93          	mv	s5,a2
   10c80:	f9805ee3          	blez	s8,10c1c <core_list_mergesort+0xac>
   10c84:	fa5ff06f          	j	10c28 <core_list_mergesort+0xb8>
   10c88:	00060913          	mv	s2,a2
   10c8c:	00060a93          	mv	s5,a2
   10c90:	f81ff06f          	j	10c10 <core_list_mergesort+0xa0>
   10c94:	f20d1ee3          	bnez	s10,10bd0 <core_list_mergesort+0x60>
   10c98:	000aa023          	sw	zero,0(s5)
   10c9c:	001a1a13          	slli	s4,s4,0x1
   10ca0:	00812503          	lw	a0,8(sp)
   10ca4:	f0051ce3          	bnez	a0,10bbc <core_list_mergesort+0x4c>
   10ca8:	00090513          	mv	a0,s2
   10cac:	03c12083          	lw	ra,60(sp)
   10cb0:	03812403          	lw	s0,56(sp)
   10cb4:	03412483          	lw	s1,52(sp)
   10cb8:	03012903          	lw	s2,48(sp)
   10cbc:	02c12983          	lw	s3,44(sp)
   10cc0:	02812a03          	lw	s4,40(sp)
   10cc4:	02412a83          	lw	s5,36(sp)
   10cc8:	02012b03          	lw	s6,32(sp)
   10ccc:	01c12b83          	lw	s7,28(sp)
   10cd0:	01812c03          	lw	s8,24(sp)
   10cd4:	01412c83          	lw	s9,20(sp)
   10cd8:	01012d03          	lw	s10,16(sp)
   10cdc:	00c12d83          	lw	s11,12(sp)
   10ce0:	04010113          	addi	sp,sp,64
   10ce4:	00008067          	ret

00010ce8 <core_list_init>:
   10ce8:	00058693          	mv	a3,a1
   10cec:	00008737          	lui	a4,0x8
   10cf0:	ccccd7b7          	lui	a5,0xccccd
   10cf4:	00858813          	addi	a6,a1,8
   10cf8:	00300293          	li	t0,3
   10cfc:	fff70713          	addi	a4,a4,-1 # 7fff <__HEAP_SIZE+0x5fff>
   10d00:	ccd78793          	addi	a5,a5,-819 # cccccccd <__stack_top__+0xccc9cccd>
   10d04:	02f53533          	mulhu	a0,a0,a5
   10d08:	08170893          	addi	a7,a4,129
   10d0c:	00455513          	srli	a0,a0,0x4
   10d10:	ffe50513          	addi	a0,a0,-2
   10d14:	00351793          	slli	a5,a0,0x3
   10d18:	00f587b3          	add	a5,a1,a5
   10d1c:	01179023          	sh	a7,0(a5)
   10d20:	00079123          	sh	zero,2(a5)
   10d24:	0005a023          	sw	zero,0(a1)
   10d28:	00f5a223          	sw	a5,4(a1)
   10d2c:	00478893          	addi	a7,a5,4
   10d30:	02556a63          	bltu	a0,t0,10d64 <core_list_init+0x7c>
   10d34:	0116a623          	sw	a7,12(a3)
   10d38:	00878893          	addi	a7,a5,8
   10d3c:	fff00293          	li	t0,-1
   10d40:	00080593          	mv	a1,a6
   10d44:	01068313          	addi	t1,a3,16
   10d48:	0106a023          	sw	a6,0(a3)
   10d4c:	00579223          	sh	t0,4(a5)
   10d50:	00e79323          	sh	a4,6(a5)
   10d54:	0006a423          	sw	zero,8(a3)
   10d58:	00030813          	mv	a6,t1
   10d5c:	00051863          	bnez	a0,10d6c <core_list_init+0x84>
   10d60:	0780006f          	j	10dd8 <core_list_init+0xf0>
   10d64:	00000593          	li	a1,0
   10d68:	06050863          	beqz	a0,10dd8 <core_list_init+0xf0>
   10d6c:	00000293          	li	t0,0
   10d70:	00251313          	slli	t1,a0,0x2
   10d74:	00678333          	add	t1,a5,t1
   10d78:	00880e13          	addi	t3,a6,8
   10d7c:	04fe7263          	bgeu	t3,a5,10dc0 <core_list_init+0xd8>
   10d80:	00488393          	addi	t2,a7,4
   10d84:	0263fe63          	bgeu	t2,t1,10dc0 <core_list_init+0xd8>
   10d88:	00564eb3          	xor	t4,a2,t0
   10d8c:	0072ff13          	andi	t5,t0,7
   10d90:	00b82023          	sw	a1,0(a6)
   10d94:	0106a023          	sw	a6,0(a3)
   10d98:	01182223          	sw	a7,4(a6)
   10d9c:	01ce9e93          	slli	t4,t4,0x1c
   10da0:	019ed593          	srli	a1,t4,0x19
   10da4:	01e5e5b3          	or	a1,a1,t5
   10da8:	00859e93          	slli	t4,a1,0x8
   10dac:	00bee5b3          	or	a1,t4,a1
   10db0:	00b89023          	sh	a1,0(a7)
   10db4:	00e89123          	sh	a4,2(a7)
   10db8:	00080593          	mv	a1,a6
   10dbc:	00c0006f          	j	10dc8 <core_list_init+0xe0>
   10dc0:	00088393          	mv	t2,a7
   10dc4:	00080e13          	mv	t3,a6
   10dc8:	00128293          	addi	t0,t0,1
   10dcc:	000e0813          	mv	a6,t3
   10dd0:	00038893          	mv	a7,t2
   10dd4:	fa5512e3          	bne	a0,t0,10d78 <core_list_init+0x90>
   10dd8:	0005a783          	lw	a5,0(a1)
   10ddc:	04078a63          	beqz	a5,10e30 <core_list_init+0x148>
   10de0:	ccccd737          	lui	a4,0xccccd
   10de4:	ccd70713          	addi	a4,a4,-819 # cccccccd <__stack_top__+0xccc9cccd>
   10de8:	02e53533          	mulhu	a0,a0,a4
   10dec:	00255513          	srli	a0,a0,0x2
   10df0:	00200713          	li	a4,2
   10df4:	fff70893          	addi	a7,a4,-1
   10df8:	00078813          	mv	a6,a5
   10dfc:	00a8ee63          	bltu	a7,a0,10e18 <core_list_init+0x130>
   10e00:	011647b3          	xor	a5,a2,a7
   10e04:	01d71893          	slli	a7,a4,0x1d
   10e08:	01279793          	slli	a5,a5,0x12
   10e0c:	0127d793          	srli	a5,a5,0x12
   10e10:	0158d893          	srli	a7,a7,0x15
   10e14:	00f8e8b3          	or	a7,a7,a5
   10e18:	0045a583          	lw	a1,4(a1)
   10e1c:	00082783          	lw	a5,0(a6)
   10e20:	01159123          	sh	a7,2(a1)
   10e24:	00170713          	addi	a4,a4,1
   10e28:	00080593          	mv	a1,a6
   10e2c:	fc0794e3          	bnez	a5,10df4 <core_list_init+0x10c>
   10e30:	000115b7          	lui	a1,0x11
   10e34:	88458593          	addi	a1,a1,-1916 # 10884 <cmp_idx>
   10e38:	00068513          	mv	a0,a3
   10e3c:	00000613          	li	a2,0
   10e40:	00000317          	auipc	t1,0x0
   10e44:	d3030067          	jr	-720(t1) # 10b70 <core_list_mergesort>

00010e48 <iterate>:
   10e48:	ff010113          	addi	sp,sp,-16
   10e4c:	00112623          	sw	ra,12(sp)
   10e50:	00812423          	sw	s0,8(sp)
   10e54:	00912223          	sw	s1,4(sp)
   10e58:	01212023          	sw	s2,0(sp)
   10e5c:	01c52483          	lw	s1,28(a0)
   10e60:	02052c23          	sw	zero,56(a0)
   10e64:	02052e23          	sw	zero,60(a0)
   10e68:	04048e63          	beqz	s1,10ec4 <iterate+0x7c>
   10e6c:	00050413          	mv	s0,a0
   10e70:	00000913          	li	s2,0
   10e74:	00100593          	li	a1,1
   10e78:	00040513          	mv	a0,s0
   10e7c:	00000097          	auipc	ra,0x0
   10e80:	a2c080e7          	jalr	-1492(ra) # 108a8 <core_bench_list>
   10e84:	03845583          	lhu	a1,56(s0)
   10e88:	00001097          	auipc	ra,0x1
   10e8c:	228080e7          	jalr	552(ra) # 120b0 <crcu16>
   10e90:	02a41c23          	sh	a0,56(s0)
   10e94:	fff00593          	li	a1,-1
   10e98:	00040513          	mv	a0,s0
   10e9c:	00000097          	auipc	ra,0x0
   10ea0:	a0c080e7          	jalr	-1524(ra) # 108a8 <core_bench_list>
   10ea4:	03845583          	lhu	a1,56(s0)
   10ea8:	00001097          	auipc	ra,0x1
   10eac:	208080e7          	jalr	520(ra) # 120b0 <crcu16>
   10eb0:	02a41c23          	sh	a0,56(s0)
   10eb4:	00091463          	bnez	s2,10ebc <iterate+0x74>
   10eb8:	02a41d23          	sh	a0,58(s0)
   10ebc:	00190913          	addi	s2,s2,1
   10ec0:	fb249ae3          	bne	s1,s2,10e74 <iterate+0x2c>
   10ec4:	00000513          	li	a0,0
   10ec8:	00c12083          	lw	ra,12(sp)
   10ecc:	00812403          	lw	s0,8(sp)
   10ed0:	00412483          	lw	s1,4(sp)
   10ed4:	00012903          	lw	s2,0(sp)
   10ed8:	01010113          	addi	sp,sp,16
   10edc:	00008067          	ret

00010ee0 <main>:
   10ee0:	f9010113          	addi	sp,sp,-112
   10ee4:	06112623          	sw	ra,108(sp)
   10ee8:	06812423          	sw	s0,104(sp)
   10eec:	06912223          	sw	s1,100(sp)
   10ef0:	07212023          	sw	s2,96(sp)
   10ef4:	05312e23          	sw	s3,92(sp)
   10ef8:	05412c23          	sw	s4,88(sp)
   10efc:	05512a23          	sw	s5,84(sp)
   10f00:	04012823          	sw	zero,80(sp)
   10f04:	04810513          	addi	a0,sp,72
   10f08:	05010593          	addi	a1,sp,80
   10f0c:	04c10613          	addi	a2,sp,76
   10f10:	00001097          	auipc	ra,0x1
   10f14:	d24080e7          	jalr	-732(ra) # 11c34 <portable_init>
   10f18:	00100513          	li	a0,1
   10f1c:	00001097          	auipc	ra,0x1
   10f20:	164080e7          	jalr	356(ra) # 12080 <get_seed_32>
   10f24:	00a11223          	sh	a0,4(sp)
   10f28:	00200513          	li	a0,2
   10f2c:	00001097          	auipc	ra,0x1
   10f30:	154080e7          	jalr	340(ra) # 12080 <get_seed_32>
   10f34:	00a11323          	sh	a0,6(sp)
   10f38:	00300513          	li	a0,3
   10f3c:	00001097          	auipc	ra,0x1
   10f40:	144080e7          	jalr	324(ra) # 12080 <get_seed_32>
   10f44:	00a11423          	sh	a0,8(sp)
   10f48:	00400513          	li	a0,4
   10f4c:	00001097          	auipc	ra,0x1
   10f50:	134080e7          	jalr	308(ra) # 12080 <get_seed_32>
   10f54:	02a12023          	sw	a0,32(sp)
   10f58:	00500513          	li	a0,5
   10f5c:	00001097          	auipc	ra,0x1
   10f60:	124080e7          	jalr	292(ra) # 12080 <get_seed_32>
   10f64:	00050593          	mv	a1,a0
   10f68:	00051463          	bnez	a0,10f70 <main+0x90>
   10f6c:	00700593          	li	a1,7
   10f70:	00415603          	lhu	a2,4(sp)
   10f74:	00615683          	lhu	a3,6(sp)
   10f78:	00815503          	lhu	a0,8(sp)
   10f7c:	02b12223          	sw	a1,36(sp)
   10f80:	00061863          	bnez	a2,10f90 <main+0xb0>
   10f84:	00069663          	bnez	a3,10f90 <main+0xb0>
   10f88:	00000713          	li	a4,0
   10f8c:	00050e63          	beqz	a0,10fa8 <main+0xc8>
   10f90:	00100713          	li	a4,1
   10f94:	02e61463          	bne	a2,a4,10fbc <main+0xdc>
   10f98:	02069263          	bnez	a3,10fbc <main+0xdc>
   10f9c:	02051063          	bnez	a0,10fbc <main+0xdc>
   10fa0:	00003737          	lui	a4,0x3
   10fa4:	41570713          	addi	a4,a4,1045 # 3415 <__HEAP_SIZE+0x1415>
   10fa8:	06600513          	li	a0,102
   10fac:	00e11223          	sh	a4,4(sp)
   10fb0:	00e11323          	sh	a4,6(sp)
   10fb4:	00a11423          	sh	a0,8(sp)
   10fb8:	00070613          	mv	a2,a4
   10fbc:	00000693          	li	a3,0
   10fc0:	00000793          	li	a5,0
   10fc4:	00021537          	lui	a0,0x21
   10fc8:	82c50513          	addi	a0,a0,-2004 # 2082c <static_memblk>
   10fcc:	00a12623          	sw	a0,12(sp)
   10fd0:	04011223          	sh	zero,68(sp)
   10fd4:	00300713          	li	a4,3
   10fd8:	00d5d833          	srl	a6,a1,a3
   10fdc:	00187813          	andi	a6,a6,1
   10fe0:	00168693          	addi	a3,a3,1
   10fe4:	00f807b3          	add	a5,a6,a5
   10fe8:	fee698e3          	bne	a3,a4,10fd8 <main+0xf8>
   10fec:	00000693          	li	a3,0
   10ff0:	00000713          	li	a4,0
   10ff4:	01079793          	slli	a5,a5,0x10
   10ff8:	7d000813          	li	a6,2000
   10ffc:	0107d793          	srli	a5,a5,0x10
   11000:	02f857b3          	divu	a5,a6,a5
   11004:	01010813          	addi	a6,sp,16
   11008:	00f12e23          	sw	a5,28(sp)
   1100c:	00300893          	li	a7,3
   11010:	00d5d2b3          	srl	t0,a1,a3
   11014:	0012f293          	andi	t0,t0,1
   11018:	00028e63          	beqz	t0,11034 <main+0x154>
   1101c:	01071293          	slli	t0,a4,0x10
   11020:	0102d293          	srli	t0,t0,0x10
   11024:	025782b3          	mul	t0,a5,t0
   11028:	005502b3          	add	t0,a0,t0
   1102c:	00582023          	sw	t0,0(a6)
   11030:	00170713          	addi	a4,a4,1
   11034:	00168693          	addi	a3,a3,1
   11038:	00480813          	addi	a6,a6,4
   1103c:	fd169ae3          	bne	a3,a7,11010 <main+0x130>
   11040:	0015f513          	andi	a0,a1,1
   11044:	02050263          	beqz	a0,11068 <main+0x188>
   11048:	01012583          	lw	a1,16(sp)
   1104c:	01c12503          	lw	a0,28(sp)
   11050:	01061613          	slli	a2,a2,0x10
   11054:	41065613          	srai	a2,a2,0x10
   11058:	00000097          	auipc	ra,0x0
   1105c:	c90080e7          	jalr	-880(ra) # 10ce8 <core_list_init>
   11060:	02412583          	lw	a1,36(sp)
   11064:	02a12423          	sw	a0,40(sp)
   11068:	0025f513          	andi	a0,a1,2
   1106c:	02050663          	beqz	a0,11098 <main+0x1b8>
   11070:	00411603          	lh	a2,4(sp)
   11074:	00611703          	lh	a4,6(sp)
   11078:	01412583          	lw	a1,20(sp)
   1107c:	01c12503          	lw	a0,28(sp)
   11080:	02c10693          	addi	a3,sp,44
   11084:	01071713          	slli	a4,a4,0x10
   11088:	00c76633          	or	a2,a4,a2
   1108c:	00001097          	auipc	ra,0x1
   11090:	9f8080e7          	jalr	-1544(ra) # 11a84 <core_init_matrix>
   11094:	02412583          	lw	a1,36(sp)
   11098:	0045f593          	andi	a1,a1,4
   1109c:	00058c63          	beqz	a1,110b4 <main+0x1d4>
   110a0:	00411583          	lh	a1,4(sp)
   110a4:	01812603          	lw	a2,24(sp)
   110a8:	01c12503          	lw	a0,28(sp)
   110ac:	00001097          	auipc	ra,0x1
   110b0:	f14080e7          	jalr	-236(ra) # 11fc0 <core_init_state>
   110b4:	02012503          	lw	a0,32(sp)
   110b8:	06051463          	bnez	a0,11120 <main+0x240>
   110bc:	00100513          	li	a0,1
   110c0:	02a12023          	sw	a0,32(sp)
   110c4:	02012503          	lw	a0,32(sp)
   110c8:	00151593          	slli	a1,a0,0x1
   110cc:	00351513          	slli	a0,a0,0x3
   110d0:	00b50533          	add	a0,a0,a1
   110d4:	02a12023          	sw	a0,32(sp)
   110d8:	00001097          	auipc	ra,0x1
   110dc:	ac4080e7          	jalr	-1340(ra) # 11b9c <start_time>
   110e0:	00410513          	addi	a0,sp,4
   110e4:	00000097          	auipc	ra,0x0
   110e8:	d64080e7          	jalr	-668(ra) # 10e48 <iterate>
   110ec:	00001097          	auipc	ra,0x1
   110f0:	ad0080e7          	jalr	-1328(ra) # 11bbc <stop_time>
   110f4:	00001097          	auipc	ra,0x1
   110f8:	aec080e7          	jalr	-1300(ra) # 11be0 <get_time>
   110fc:	00001097          	auipc	ra,0x1
   11100:	b10080e7          	jalr	-1264(ra) # 11c0c <time_in_secs>
   11104:	fc0500e3          	beqz	a0,110c4 <main+0x1e4>
   11108:	00a00593          	li	a1,10
   1110c:	02a5d533          	divu	a0,a1,a0
   11110:	02012583          	lw	a1,32(sp)
   11114:	00150513          	addi	a0,a0,1
   11118:	02a58533          	mul	a0,a1,a0
   1111c:	02a12023          	sw	a0,32(sp)
   11120:	00001097          	auipc	ra,0x1
   11124:	a7c080e7          	jalr	-1412(ra) # 11b9c <start_time>
   11128:	00410513          	addi	a0,sp,4
   1112c:	00000097          	auipc	ra,0x0
   11130:	d1c080e7          	jalr	-740(ra) # 10e48 <iterate>
   11134:	00001097          	auipc	ra,0x1
   11138:	a88080e7          	jalr	-1400(ra) # 11bbc <stop_time>
   1113c:	00001097          	auipc	ra,0x1
   11140:	aa4080e7          	jalr	-1372(ra) # 11be0 <get_time>
   11144:	00050493          	mv	s1,a0
   11148:	00411503          	lh	a0,4(sp)
   1114c:	00058993          	mv	s3,a1
   11150:	00000593          	li	a1,0
   11154:	00001097          	auipc	ra,0x1
   11158:	01c080e7          	jalr	28(ra) # 12170 <crc16>
   1115c:	00611583          	lh	a1,6(sp)
   11160:	00050613          	mv	a2,a0
   11164:	00058513          	mv	a0,a1
   11168:	00060593          	mv	a1,a2
   1116c:	00001097          	auipc	ra,0x1
   11170:	004080e7          	jalr	4(ra) # 12170 <crc16>
   11174:	00811583          	lh	a1,8(sp)
   11178:	00050613          	mv	a2,a0
   1117c:	00058513          	mv	a0,a1
   11180:	00060593          	mv	a1,a2
   11184:	00001097          	auipc	ra,0x1
   11188:	fec080e7          	jalr	-20(ra) # 12170 <crc16>
   1118c:	01c11583          	lh	a1,28(sp)
   11190:	00050613          	mv	a2,a0
   11194:	00058513          	mv	a0,a1
   11198:	00060593          	mv	a1,a2
   1119c:	00001097          	auipc	ra,0x1
   111a0:	fd4080e7          	jalr	-44(ra) # 12170 <crc16>
   111a4:	00050413          	mv	s0,a0
   111a8:	00010ab7          	lui	s5,0x10
   111ac:	00008537          	lui	a0,0x8
   111b0:	b0450513          	addi	a0,a0,-1276 # 7b04 <__HEAP_SIZE+0x5b04>
   111b4:	fffa8a93          	addi	s5,s5,-1 # ffff <__HEAP_SIZE+0xdfff>
   111b8:	02855c63          	bge	a0,s0,111f0 <main+0x310>
   111bc:	0000f537          	lui	a0,0xf
   111c0:	9f550513          	addi	a0,a0,-1547 # e9f5 <__HEAP_SIZE+0xc9f5>
   111c4:	04a40a63          	beq	s0,a0,11218 <main+0x338>
   111c8:	00009537          	lui	a0,0x9
   111cc:	a0250513          	addi	a0,a0,-1534 # 8a02 <__HEAP_SIZE+0x6a02>
   111d0:	04a40c63          	beq	s0,a0,11228 <main+0x348>
   111d4:	00008537          	lui	a0,0x8
   111d8:	b0550513          	addi	a0,a0,-1275 # 7b05 <__HEAP_SIZE+0x5b05>
   111dc:	14a41663          	bne	s0,a0,11328 <main+0x448>
   111e0:	00100913          	li	s2,1
   111e4:	00020537          	lui	a0,0x20
   111e8:	3bd50513          	addi	a0,a0,957 # 203bd <_impure_ptr+0x355>
   111ec:	0580006f          	j	11244 <main+0x364>
   111f0:	00002537          	lui	a0,0x2
   111f4:	8f250513          	addi	a0,a0,-1806 # 18f2 <__STACK_SIZE+0x8f2>
   111f8:	04a40063          	beq	s0,a0,11238 <main+0x358>
   111fc:	00005537          	lui	a0,0x5
   11200:	eaf50513          	addi	a0,a0,-337 # 4eaf <__HEAP_SIZE+0x2eaf>
   11204:	12a41263          	bne	s0,a0,11328 <main+0x448>
   11208:	00200913          	li	s2,2
   1120c:	00020537          	lui	a0,0x20
   11210:	38d50513          	addi	a0,a0,909 # 2038d <_impure_ptr+0x325>
   11214:	0300006f          	j	11244 <main+0x364>
   11218:	00300913          	li	s2,3
   1121c:	00020537          	lui	a0,0x20
   11220:	36150513          	addi	a0,a0,865 # 20361 <_impure_ptr+0x2f9>
   11224:	0200006f          	j	11244 <main+0x364>
   11228:	00000913          	li	s2,0
   1122c:	00020537          	lui	a0,0x20
   11230:	3e850513          	addi	a0,a0,1000 # 203e8 <_impure_ptr+0x380>
   11234:	0100006f          	j	11244 <main+0x364>
   11238:	00400913          	li	s2,4
   1123c:	00020537          	lui	a0,0x20
   11240:	33650513          	addi	a0,a0,822 # 20336 <_impure_ptr+0x2ce>
   11244:	00001097          	auipc	ra,0x1
   11248:	114080e7          	jalr	276(ra) # 12358 <puts>
   1124c:	02412503          	lw	a0,36(sp)
   11250:	00191913          	slli	s2,s2,0x1
   11254:	00157593          	andi	a1,a0,1
   11258:	04011223          	sh	zero,68(sp)
   1125c:	00058e63          	beqz	a1,11278 <main+0x398>
   11260:	000205b7          	lui	a1,0x20
   11264:	5a458593          	addi	a1,a1,1444 # 205a4 <list_known_crc>
   11268:	012585b3          	add	a1,a1,s2
   1126c:	03e15603          	lhu	a2,62(sp)
   11270:	0005d683          	lhu	a3,0(a1)
   11274:	00d61663          	bne	a2,a3,11280 <main+0x3a0>
   11278:	00000a93          	li	s5,0
   1127c:	0280006f          	j	112a4 <main+0x3c4>
   11280:	00020537          	lui	a0,0x20
   11284:	08150513          	addi	a0,a0,129 # 20081 <_impure_ptr+0x19>
   11288:	00000593          	li	a1,0
   1128c:	00001097          	auipc	ra,0x1
   11290:	efc080e7          	jalr	-260(ra) # 12188 <iprintf>
   11294:	04411a83          	lh	s5,68(sp)
   11298:	02412503          	lw	a0,36(sp)
   1129c:	001a8a93          	addi	s5,s5,1
   112a0:	05511223          	sh	s5,68(sp)
   112a4:	00257593          	andi	a1,a0,2
   112a8:	04058063          	beqz	a1,112e8 <main+0x408>
   112ac:	000205b7          	lui	a1,0x20
   112b0:	5ae58593          	addi	a1,a1,1454 # 205ae <matrix_known_crc>
   112b4:	012585b3          	add	a1,a1,s2
   112b8:	04015603          	lhu	a2,64(sp)
   112bc:	0005d683          	lhu	a3,0(a1)
   112c0:	02d60463          	beq	a2,a3,112e8 <main+0x408>
   112c4:	00020537          	lui	a0,0x20
   112c8:	0b050513          	addi	a0,a0,176 # 200b0 <_impure_ptr+0x48>
   112cc:	00000593          	li	a1,0
   112d0:	00001097          	auipc	ra,0x1
   112d4:	eb8080e7          	jalr	-328(ra) # 12188 <iprintf>
   112d8:	04411a83          	lh	s5,68(sp)
   112dc:	02412503          	lw	a0,36(sp)
   112e0:	001a8a93          	addi	s5,s5,1
   112e4:	05511223          	sh	s5,68(sp)
   112e8:	00457513          	andi	a0,a0,4
   112ec:	02050e63          	beqz	a0,11328 <main+0x448>
   112f0:	00020537          	lui	a0,0x20
   112f4:	5b850513          	addi	a0,a0,1464 # 205b8 <state_known_crc>
   112f8:	01250533          	add	a0,a0,s2
   112fc:	04215603          	lhu	a2,66(sp)
   11300:	00055683          	lhu	a3,0(a0)
   11304:	02d60263          	beq	a2,a3,11328 <main+0x448>
   11308:	00020537          	lui	a0,0x20
   1130c:	0e150513          	addi	a0,a0,225 # 200e1 <_impure_ptr+0x79>
   11310:	00000593          	li	a1,0
   11314:	00001097          	auipc	ra,0x1
   11318:	e74080e7          	jalr	-396(ra) # 12188 <iprintf>
   1131c:	04411a83          	lh	s5,68(sp)
   11320:	001a8a93          	addi	s5,s5,1
   11324:	05511223          	sh	s5,68(sp)
   11328:	00001097          	auipc	ra,0x1
   1132c:	e58080e7          	jalr	-424(ra) # 12180 <check_data_types>
   11330:	01c12583          	lw	a1,28(sp)
   11334:	00050913          	mv	s2,a0
   11338:	00020537          	lui	a0,0x20
   1133c:	11150513          	addi	a0,a0,273 # 20111 <_impure_ptr+0xa9>
   11340:	00001097          	auipc	ra,0x1
   11344:	e48080e7          	jalr	-440(ra) # 12188 <iprintf>
   11348:	00020537          	lui	a0,0x20
   1134c:	12950513          	addi	a0,a0,297 # 20129 <_impure_ptr+0xc1>
   11350:	00048593          	mv	a1,s1
   11354:	00001097          	auipc	ra,0x1
   11358:	e34080e7          	jalr	-460(ra) # 12188 <iprintf>
   1135c:	000f4537          	lui	a0,0xf4
   11360:	24050513          	addi	a0,a0,576 # f4240 <__stack_top__+0xc4240>
   11364:	02a985b3          	mul	a1,s3,a0
   11368:	02a4b633          	mulhu	a2,s1,a0
   1136c:	00b605b3          	add	a1,a2,a1
   11370:	02a48533          	mul	a0,s1,a0
   11374:	04787637          	lui	a2,0x4787
   11378:	8c060613          	addi	a2,a2,-1856 # 47868c0 <__stack_top__+0x47568c0>
   1137c:	00000693          	li	a3,0
   11380:	00003097          	auipc	ra,0x3
   11384:	b50080e7          	jalr	-1200(ra) # 13ed0 <__udivdi3>
   11388:	00050993          	mv	s3,a0
   1138c:	00020537          	lui	a0,0x20
   11390:	14150513          	addi	a0,a0,321 # 20141 <_impure_ptr+0xd9>
   11394:	00098593          	mv	a1,s3
   11398:	00001097          	auipc	ra,0x1
   1139c:	df0080e7          	jalr	-528(ra) # 12188 <iprintf>
   113a0:	0a098e63          	beqz	s3,1145c <main+0x57c>
   113a4:	02012503          	lw	a0,32(sp)
   113a8:	0ae00593          	li	a1,174
   113ac:	9f7bd637          	lui	a2,0x9f7bd
   113b0:	c0060613          	addi	a2,a2,-1024 # 9f7bcc00 <__stack_top__+0x9f78cc00>
   113b4:	02b505b3          	mul	a1,a0,a1
   113b8:	02c536b3          	mulhu	a3,a0,a2
   113bc:	00b685b3          	add	a1,a3,a1
   113c0:	02c50533          	mul	a0,a0,a2
   113c4:	00048613          	mv	a2,s1
   113c8:	00000693          	li	a3,0
   113cc:	00003097          	auipc	ra,0x3
   113d0:	b04080e7          	jalr	-1276(ra) # 13ed0 <__udivdi3>
   113d4:	00050493          	mv	s1,a0
   113d8:	00058993          	mv	s3,a1
   113dc:	00020537          	lui	a0,0x20
   113e0:	15850513          	addi	a0,a0,344 # 20158 <_impure_ptr+0xf0>
   113e4:	00001097          	auipc	ra,0x1
   113e8:	da4080e7          	jalr	-604(ra) # 12188 <iprintf>
   113ec:	00002a37          	lui	s4,0x2
   113f0:	710a0a13          	addi	s4,s4,1808 # 2710 <__HEAP_SIZE+0x710>
   113f4:	00048513          	mv	a0,s1
   113f8:	000a0593          	mv	a1,s4
   113fc:	fffff097          	auipc	ra,0xfffff
   11400:	268080e7          	jalr	616(ra) # 10664 <print_fixed_scaled>
   11404:	00a00513          	li	a0,10
   11408:	00001097          	auipc	ra,0x1
   1140c:	dd4080e7          	jalr	-556(ra) # 121dc <putchar>
   11410:	04b00613          	li	a2,75
   11414:	00048513          	mv	a0,s1
   11418:	00098593          	mv	a1,s3
   1141c:	00000693          	li	a3,0
   11420:	00003097          	auipc	ra,0x3
   11424:	ab0080e7          	jalr	-1360(ra) # 13ed0 <__udivdi3>
   11428:	00050493          	mv	s1,a0
   1142c:	00020537          	lui	a0,0x20
   11430:	16c50513          	addi	a0,a0,364 # 2016c <_impure_ptr+0x104>
   11434:	00001097          	auipc	ra,0x1
   11438:	d54080e7          	jalr	-684(ra) # 12188 <iprintf>
   1143c:	00048513          	mv	a0,s1
   11440:	000a0593          	mv	a1,s4
   11444:	fffff097          	auipc	ra,0xfffff
   11448:	220080e7          	jalr	544(ra) # 10664 <print_fixed_scaled>
   1144c:	00a00513          	li	a0,10
   11450:	00001097          	auipc	ra,0x1
   11454:	d8c080e7          	jalr	-628(ra) # 121dc <putchar>
   11458:	0240006f          	j	1147c <main+0x59c>
   1145c:	00020537          	lui	a0,0x20
   11460:	41450513          	addi	a0,a0,1044 # 20414 <_impure_ptr+0x3ac>
   11464:	00001097          	auipc	ra,0x1
   11468:	ef4080e7          	jalr	-268(ra) # 12358 <puts>
   1146c:	00020537          	lui	a0,0x20
   11470:	43c50513          	addi	a0,a0,1084 # 2043c <_impure_ptr+0x3d4>
   11474:	00001097          	auipc	ra,0x1
   11478:	ee4080e7          	jalr	-284(ra) # 12358 <puts>
   1147c:	bc6024f3          	csrr	s1,0xbc6
   11480:	bc9029f3          	csrr	s3,0xbc9
   11484:	00020537          	lui	a0,0x20
   11488:	18050513          	addi	a0,a0,384 # 20180 <_impure_ptr+0x118>
   1148c:	00048593          	mv	a1,s1
   11490:	00001097          	auipc	ra,0x1
   11494:	cf8080e7          	jalr	-776(ra) # 12188 <iprintf>
   11498:	00020537          	lui	a0,0x20
   1149c:	19650513          	addi	a0,a0,406 # 20196 <_impure_ptr+0x12e>
   114a0:	00098593          	mv	a1,s3
   114a4:	00001097          	auipc	ra,0x1
   114a8:	ce4080e7          	jalr	-796(ra) # 12188 <iprintf>
   114ac:	04048a63          	beqz	s1,11500 <main+0x620>
   114b0:	413489b3          	sub	s3,s1,s3
   114b4:	00020537          	lui	a0,0x20
   114b8:	1ac50513          	addi	a0,a0,428 # 201ac <_impure_ptr+0x144>
   114bc:	00001097          	auipc	ra,0x1
   114c0:	ccc080e7          	jalr	-820(ra) # 12188 <iprintf>
   114c4:	00002537          	lui	a0,0x2
   114c8:	71050593          	addi	a1,a0,1808 # 2710 <__HEAP_SIZE+0x710>
   114cc:	02b98533          	mul	a0,s3,a1
   114d0:	02b9b5b3          	mulhu	a1,s3,a1
   114d4:	00048613          	mv	a2,s1
   114d8:	00000693          	li	a3,0
   114dc:	00003097          	auipc	ra,0x3
   114e0:	9f4080e7          	jalr	-1548(ra) # 13ed0 <__udivdi3>
   114e4:	06400593          	li	a1,100
   114e8:	fffff097          	auipc	ra,0xfffff
   114ec:	17c080e7          	jalr	380(ra) # 10664 <print_fixed_scaled>
   114f0:	00020537          	lui	a0,0x20
   114f4:	1bf50513          	addi	a0,a0,447 # 201bf <_impure_ptr+0x157>
   114f8:	00001097          	auipc	ra,0x1
   114fc:	c90080e7          	jalr	-880(ra) # 12188 <iprintf>
   11500:	02012583          	lw	a1,32(sp)
   11504:	00020537          	lui	a0,0x20
   11508:	1c350513          	addi	a0,a0,451 # 201c3 <_impure_ptr+0x15b>
   1150c:	00001097          	auipc	ra,0x1
   11510:	c7c080e7          	jalr	-900(ra) # 12188 <iprintf>
   11514:	00020537          	lui	a0,0x20
   11518:	1db50513          	addi	a0,a0,475 # 201db <_impure_ptr+0x173>
   1151c:	000205b7          	lui	a1,0x20
   11520:	1f258593          	addi	a1,a1,498 # 201f2 <_impure_ptr+0x18a>
   11524:	00001097          	auipc	ra,0x1
   11528:	c64080e7          	jalr	-924(ra) # 12188 <iprintf>
   1152c:	00020537          	lui	a0,0x20
   11530:	25250513          	addi	a0,a0,594 # 20252 <_impure_ptr+0x1ea>
   11534:	000205b7          	lui	a1,0x20
   11538:	26958593          	addi	a1,a1,617 # 20269 <_impure_ptr+0x201>
   1153c:	00001097          	auipc	ra,0x1
   11540:	c4c080e7          	jalr	-948(ra) # 12188 <iprintf>
   11544:	00020537          	lui	a0,0x20
   11548:	28d50513          	addi	a0,a0,653 # 2028d <_impure_ptr+0x225>
   1154c:	000205b7          	lui	a1,0x20
   11550:	2a458593          	addi	a1,a1,676 # 202a4 <_impure_ptr+0x23c>
   11554:	00001097          	auipc	ra,0x1
   11558:	c34080e7          	jalr	-972(ra) # 12188 <iprintf>
   1155c:	00020537          	lui	a0,0x20
   11560:	2ab50513          	addi	a0,a0,683 # 202ab <_impure_ptr+0x243>
   11564:	00040593          	mv	a1,s0
   11568:	00001097          	auipc	ra,0x1
   1156c:	c20080e7          	jalr	-992(ra) # 12188 <iprintf>
   11570:	02412503          	lw	a0,36(sp)
   11574:	00157593          	andi	a1,a0,1
   11578:	02058063          	beqz	a1,11598 <main+0x6b8>
   1157c:	03e15603          	lhu	a2,62(sp)
   11580:	00020537          	lui	a0,0x20
   11584:	2c650513          	addi	a0,a0,710 # 202c6 <_impure_ptr+0x25e>
   11588:	00000593          	li	a1,0
   1158c:	00001097          	auipc	ra,0x1
   11590:	bfc080e7          	jalr	-1028(ra) # 12188 <iprintf>
   11594:	02412503          	lw	a0,36(sp)
   11598:	00257593          	andi	a1,a0,2
   1159c:	02058063          	beqz	a1,115bc <main+0x6dc>
   115a0:	04015603          	lhu	a2,64(sp)
   115a4:	00020537          	lui	a0,0x20
   115a8:	2e250513          	addi	a0,a0,738 # 202e2 <_impure_ptr+0x27a>
   115ac:	00000593          	li	a1,0
   115b0:	00001097          	auipc	ra,0x1
   115b4:	bd8080e7          	jalr	-1064(ra) # 12188 <iprintf>
   115b8:	02412503          	lw	a0,36(sp)
   115bc:	00457513          	andi	a0,a0,4
   115c0:	00050e63          	beqz	a0,115dc <main+0x6fc>
   115c4:	04215603          	lhu	a2,66(sp)
   115c8:	00020537          	lui	a0,0x20
   115cc:	2fe50513          	addi	a0,a0,766 # 202fe <_impure_ptr+0x296>
   115d0:	00000593          	li	a1,0
   115d4:	00001097          	auipc	ra,0x1
   115d8:	bb4080e7          	jalr	-1100(ra) # 12188 <iprintf>
   115dc:	03c15603          	lhu	a2,60(sp)
   115e0:	012a8433          	add	s0,s5,s2
   115e4:	01041413          	slli	s0,s0,0x10
   115e8:	41045493          	srai	s1,s0,0x10
   115ec:	00020537          	lui	a0,0x20
   115f0:	31a50513          	addi	a0,a0,794 # 2031a <_impure_ptr+0x2b2>
   115f4:	00000593          	li	a1,0
   115f8:	00001097          	auipc	ra,0x1
   115fc:	b90080e7          	jalr	-1136(ra) # 12188 <iprintf>
   11600:	00904a63          	bgtz	s1,11614 <main+0x734>
   11604:	00020537          	lui	a0,0x20
   11608:	4ab50513          	addi	a0,a0,1195 # 204ab <_impure_ptr+0x443>
   1160c:	00040a63          	beqz	s0,11620 <main+0x740>
   11610:	0180006f          	j	11628 <main+0x748>
   11614:	00020537          	lui	a0,0x20
   11618:	49b50513          	addi	a0,a0,1179 # 2049b <_impure_ptr+0x433>
   1161c:	00041663          	bnez	s0,11628 <main+0x748>
   11620:	00020537          	lui	a0,0x20
   11624:	45350513          	addi	a0,a0,1107 # 20453 <_impure_ptr+0x3eb>
   11628:	00001097          	auipc	ra,0x1
   1162c:	d30080e7          	jalr	-720(ra) # 12358 <puts>
   11630:	00000513          	li	a0,0
   11634:	06c12083          	lw	ra,108(sp)
   11638:	06812403          	lw	s0,104(sp)
   1163c:	06412483          	lw	s1,100(sp)
   11640:	06012903          	lw	s2,96(sp)
   11644:	05c12983          	lw	s3,92(sp)
   11648:	05812a03          	lw	s4,88(sp)
   1164c:	05412a83          	lw	s5,84(sp)
   11650:	07010113          	addi	sp,sp,112
   11654:	00008067          	ret

00011658 <core_bench_matrix>:
   11658:	ff010113          	addi	sp,sp,-16
   1165c:	00112623          	sw	ra,12(sp)
   11660:	00812423          	sw	s0,8(sp)
   11664:	00060413          	mv	s0,a2
   11668:	00052703          	lw	a4,0(a0)
   1166c:	00452603          	lw	a2,4(a0)
   11670:	00852683          	lw	a3,8(a0)
   11674:	00c52783          	lw	a5,12(a0)
   11678:	00058813          	mv	a6,a1
   1167c:	00070513          	mv	a0,a4
   11680:	00078593          	mv	a1,a5
   11684:	00080713          	mv	a4,a6
   11688:	00000097          	auipc	ra,0x0
   1168c:	020080e7          	jalr	32(ra) # 116a8 <matrix_test>
   11690:	00040593          	mv	a1,s0
   11694:	00c12083          	lw	ra,12(sp)
   11698:	00812403          	lw	s0,8(sp)
   1169c:	01010113          	addi	sp,sp,16
   116a0:	00001317          	auipc	t1,0x1
   116a4:	ad030067          	jr	-1328(t1) # 12170 <crc16>

000116a8 <matrix_test>:
   116a8:	fd010113          	addi	sp,sp,-48
   116ac:	02112623          	sw	ra,44(sp)
   116b0:	02812423          	sw	s0,40(sp)
   116b4:	02912223          	sw	s1,36(sp)
   116b8:	03212023          	sw	s2,32(sp)
   116bc:	01312e23          	sw	s3,28(sp)
   116c0:	01412c23          	sw	s4,24(sp)
   116c4:	01512a23          	sw	s5,20(sp)
   116c8:	01612823          	sw	s6,16(sp)
   116cc:	01712623          	sw	s7,12(sp)
   116d0:	00070413          	mv	s0,a4
   116d4:	00068a93          	mv	s5,a3
   116d8:	00060493          	mv	s1,a2
   116dc:	00058993          	mv	s3,a1
   116e0:	00050913          	mv	s2,a0
   116e4:	fffff537          	lui	a0,0xfffff
   116e8:	00a76a33          	or	s4,a4,a0
   116ec:	00191b93          	slli	s7,s2,0x1
   116f0:	08090063          	beqz	s2,11770 <matrix_test+0xc8>
   116f4:	00000513          	li	a0,0
   116f8:	00048593          	mv	a1,s1
   116fc:	00058613          	mv	a2,a1
   11700:	00090693          	mv	a3,s2
   11704:	00061703          	lh	a4,0(a2)
   11708:	fff68693          	addi	a3,a3,-1
   1170c:	00870733          	add	a4,a4,s0
   11710:	00e61023          	sh	a4,0(a2)
   11714:	00260613          	addi	a2,a2,2
   11718:	fe0696e3          	bnez	a3,11704 <matrix_test+0x5c>
   1171c:	00150513          	addi	a0,a0,1 # fffff001 <__stack_top__+0xfffcf001>
   11720:	017585b3          	add	a1,a1,s7
   11724:	fd251ce3          	bne	a0,s2,116fc <matrix_test+0x54>
   11728:	00000513          	li	a0,0
   1172c:	00291593          	slli	a1,s2,0x2
   11730:	00048613          	mv	a2,s1
   11734:	00098693          	mv	a3,s3
   11738:	00060713          	mv	a4,a2
   1173c:	00068793          	mv	a5,a3
   11740:	00090813          	mv	a6,s2
   11744:	00071883          	lh	a7,0(a4)
   11748:	fff80813          	addi	a6,a6,-1
   1174c:	028888b3          	mul	a7,a7,s0
   11750:	0117a023          	sw	a7,0(a5)
   11754:	00478793          	addi	a5,a5,4
   11758:	00270713          	addi	a4,a4,2
   1175c:	fe0814e3          	bnez	a6,11744 <matrix_test+0x9c>
   11760:	00150513          	addi	a0,a0,1
   11764:	00b686b3          	add	a3,a3,a1
   11768:	01760633          	add	a2,a2,s7
   1176c:	fd2516e3          	bne	a0,s2,11738 <matrix_test+0x90>
   11770:	00090513          	mv	a0,s2
   11774:	00098593          	mv	a1,s3
   11778:	000a0613          	mv	a2,s4
   1177c:	00000097          	auipc	ra,0x0
   11780:	168080e7          	jalr	360(ra) # 118e4 <matrix_sum>
   11784:	00000593          	li	a1,0
   11788:	00001097          	auipc	ra,0x1
   1178c:	9e8080e7          	jalr	-1560(ra) # 12170 <crc16>
   11790:	00050b13          	mv	s6,a0
   11794:	04090863          	beqz	s2,117e4 <matrix_test+0x13c>
   11798:	00000513          	li	a0,0
   1179c:	017a85b3          	add	a1,s5,s7
   117a0:	00048613          	mv	a2,s1
   117a4:	00000693          	li	a3,0
   117a8:	00060713          	mv	a4,a2
   117ac:	000a8793          	mv	a5,s5
   117b0:	00071803          	lh	a6,0(a4)
   117b4:	00079883          	lh	a7,0(a5)
   117b8:	00278793          	addi	a5,a5,2
   117bc:	03088833          	mul	a6,a7,a6
   117c0:	00d806b3          	add	a3,a6,a3
   117c4:	00270713          	addi	a4,a4,2
   117c8:	feb794e3          	bne	a5,a1,117b0 <matrix_test+0x108>
   117cc:	00251713          	slli	a4,a0,0x2
   117d0:	00150513          	addi	a0,a0,1
   117d4:	00e98733          	add	a4,s3,a4
   117d8:	00d72023          	sw	a3,0(a4)
   117dc:	01760633          	add	a2,a2,s7
   117e0:	fd2512e3          	bne	a0,s2,117a4 <matrix_test+0xfc>
   117e4:	00090513          	mv	a0,s2
   117e8:	00098593          	mv	a1,s3
   117ec:	000a0613          	mv	a2,s4
   117f0:	00000097          	auipc	ra,0x0
   117f4:	0f4080e7          	jalr	244(ra) # 118e4 <matrix_sum>
   117f8:	000b0593          	mv	a1,s6
   117fc:	00001097          	auipc	ra,0x1
   11800:	974080e7          	jalr	-1676(ra) # 12170 <crc16>
   11804:	00050b13          	mv	s6,a0
   11808:	00090513          	mv	a0,s2
   1180c:	00098593          	mv	a1,s3
   11810:	00048613          	mv	a2,s1
   11814:	000a8693          	mv	a3,s5
   11818:	00000097          	auipc	ra,0x0
   1181c:	148080e7          	jalr	328(ra) # 11960 <matrix_mul_matrix>
   11820:	00090513          	mv	a0,s2
   11824:	00098593          	mv	a1,s3
   11828:	000a0613          	mv	a2,s4
   1182c:	00000097          	auipc	ra,0x0
   11830:	0b8080e7          	jalr	184(ra) # 118e4 <matrix_sum>
   11834:	000b0593          	mv	a1,s6
   11838:	00001097          	auipc	ra,0x1
   1183c:	938080e7          	jalr	-1736(ra) # 12170 <crc16>
   11840:	00050b13          	mv	s6,a0
   11844:	00090513          	mv	a0,s2
   11848:	00098593          	mv	a1,s3
   1184c:	00048613          	mv	a2,s1
   11850:	000a8693          	mv	a3,s5
   11854:	00000097          	auipc	ra,0x0
   11858:	194080e7          	jalr	404(ra) # 119e8 <matrix_mul_matrix_bitextract>
   1185c:	00090513          	mv	a0,s2
   11860:	00098593          	mv	a1,s3
   11864:	000a0613          	mv	a2,s4
   11868:	00000097          	auipc	ra,0x0
   1186c:	07c080e7          	jalr	124(ra) # 118e4 <matrix_sum>
   11870:	000b0593          	mv	a1,s6
   11874:	00001097          	auipc	ra,0x1
   11878:	8fc080e7          	jalr	-1796(ra) # 12170 <crc16>
   1187c:	02090a63          	beqz	s2,118b0 <matrix_test+0x208>
   11880:	00000593          	li	a1,0
   11884:	00048613          	mv	a2,s1
   11888:	00090693          	mv	a3,s2
   1188c:	00061703          	lh	a4,0(a2)
   11890:	fff68693          	addi	a3,a3,-1
   11894:	40870733          	sub	a4,a4,s0
   11898:	00e61023          	sh	a4,0(a2)
   1189c:	00260613          	addi	a2,a2,2
   118a0:	fe0696e3          	bnez	a3,1188c <matrix_test+0x1e4>
   118a4:	00158593          	addi	a1,a1,1
   118a8:	017484b3          	add	s1,s1,s7
   118ac:	fd259ce3          	bne	a1,s2,11884 <matrix_test+0x1dc>
   118b0:	01051513          	slli	a0,a0,0x10
   118b4:	41055513          	srai	a0,a0,0x10
   118b8:	02c12083          	lw	ra,44(sp)
   118bc:	02812403          	lw	s0,40(sp)
   118c0:	02412483          	lw	s1,36(sp)
   118c4:	02012903          	lw	s2,32(sp)
   118c8:	01c12983          	lw	s3,28(sp)
   118cc:	01812a03          	lw	s4,24(sp)
   118d0:	01412a83          	lw	s5,20(sp)
   118d4:	01012b03          	lw	s6,16(sp)
   118d8:	00c12b83          	lw	s7,12(sp)
   118dc:	03010113          	addi	sp,sp,48
   118e0:	00008067          	ret

000118e4 <matrix_sum>:
   118e4:	06050663          	beqz	a0,11950 <matrix_sum+0x6c>
   118e8:	00000713          	li	a4,0
   118ec:	00000693          	li	a3,0
   118f0:	00000813          	li	a6,0
   118f4:	00000893          	li	a7,0
   118f8:	00251793          	slli	a5,a0,0x2
   118fc:	00058293          	mv	t0,a1
   11900:	00050313          	mv	t1,a0
   11904:	00080393          	mv	t2,a6
   11908:	0002a803          	lw	a6,0(t0)
   1190c:	011808b3          	add	a7,a6,a7
   11910:	01165663          	bge	a2,a7,1191c <matrix_sum+0x38>
   11914:	00a00393          	li	t2,10
   11918:	0080006f          	j	11920 <matrix_sum+0x3c>
   1191c:	0103a3b3          	slt	t2,t2,a6
   11920:	01162e33          	slt	t3,a2,a7
   11924:	00d386b3          	add	a3,t2,a3
   11928:	fff30313          	addi	t1,t1,-1
   1192c:	fffe0e13          	addi	t3,t3,-1
   11930:	011e78b3          	and	a7,t3,a7
   11934:	00428293          	addi	t0,t0,4
   11938:	00080393          	mv	t2,a6
   1193c:	fc0316e3          	bnez	t1,11908 <matrix_sum+0x24>
   11940:	00170713          	addi	a4,a4,1
   11944:	00f585b3          	add	a1,a1,a5
   11948:	00a70663          	beq	a4,a0,11954 <matrix_sum+0x70>
   1194c:	fb1ff06f          	j	118fc <matrix_sum+0x18>
   11950:	00000693          	li	a3,0
   11954:	01069513          	slli	a0,a3,0x10
   11958:	41055513          	srai	a0,a0,0x10
   1195c:	00008067          	ret

00011960 <matrix_mul_matrix>:
   11960:	08050263          	beqz	a0,119e4 <matrix_mul_matrix+0x84>
   11964:	ff010113          	addi	sp,sp,-16
   11968:	00812623          	sw	s0,12(sp)
   1196c:	00000713          	li	a4,0
   11970:	00151793          	slli	a5,a0,0x1
   11974:	00000813          	li	a6,0
   11978:	02a708b3          	mul	a7,a4,a0
   1197c:	00289893          	slli	a7,a7,0x2
   11980:	011588b3          	add	a7,a1,a7
   11984:	00068293          	mv	t0,a3
   11988:	00000313          	li	t1,0
   1198c:	00281393          	slli	t2,a6,0x2
   11990:	007883b3          	add	t2,a7,t2
   11994:	00060e13          	mv	t3,a2
   11998:	00028e93          	mv	t4,t0
   1199c:	00050f13          	mv	t5,a0
   119a0:	000e1f83          	lh	t6,0(t3)
   119a4:	000e9403          	lh	s0,0(t4)
   119a8:	ffff0f13          	addi	t5,t5,-1
   119ac:	00fe8eb3          	add	t4,t4,a5
   119b0:	03f40fb3          	mul	t6,s0,t6
   119b4:	006f8333          	add	t1,t6,t1
   119b8:	002e0e13          	addi	t3,t3,2
   119bc:	fe0f12e3          	bnez	t5,119a0 <matrix_mul_matrix+0x40>
   119c0:	0063a023          	sw	t1,0(t2)
   119c4:	00180813          	addi	a6,a6,1
   119c8:	00228293          	addi	t0,t0,2
   119cc:	faa81ee3          	bne	a6,a0,11988 <matrix_mul_matrix+0x28>
   119d0:	00170713          	addi	a4,a4,1
   119d4:	00f60633          	add	a2,a2,a5
   119d8:	f8a71ee3          	bne	a4,a0,11974 <matrix_mul_matrix+0x14>
   119dc:	00c12403          	lw	s0,12(sp)
   119e0:	01010113          	addi	sp,sp,16
   119e4:	00008067          	ret

000119e8 <matrix_mul_matrix_bitextract>:
   119e8:	08050c63          	beqz	a0,11a80 <matrix_mul_matrix_bitextract+0x98>
   119ec:	ff010113          	addi	sp,sp,-16
   119f0:	00812623          	sw	s0,12(sp)
   119f4:	00000713          	li	a4,0
   119f8:	00151793          	slli	a5,a0,0x1
   119fc:	00000813          	li	a6,0
   11a00:	02a708b3          	mul	a7,a4,a0
   11a04:	00289893          	slli	a7,a7,0x2
   11a08:	011588b3          	add	a7,a1,a7
   11a0c:	00068293          	mv	t0,a3
   11a10:	00000313          	li	t1,0
   11a14:	00281393          	slli	t2,a6,0x2
   11a18:	007883b3          	add	t2,a7,t2
   11a1c:	00060e13          	mv	t3,a2
   11a20:	00028e93          	mv	t4,t0
   11a24:	00050f13          	mv	t5,a0
   11a28:	000e5f83          	lhu	t6,0(t3)
   11a2c:	000ed403          	lhu	s0,0(t4)
   11a30:	ffff0f13          	addi	t5,t5,-1
   11a34:	00fe8eb3          	add	t4,t4,a5
   11a38:	03f40fb3          	mul	t6,s0,t6
   11a3c:	01af9413          	slli	s0,t6,0x1a
   11a40:	014f9f93          	slli	t6,t6,0x14
   11a44:	01c45413          	srli	s0,s0,0x1c
   11a48:	019fdf93          	srli	t6,t6,0x19
   11a4c:	03f40fb3          	mul	t6,s0,t6
   11a50:	006f8333          	add	t1,t6,t1
   11a54:	002e0e13          	addi	t3,t3,2
   11a58:	fc0f18e3          	bnez	t5,11a28 <matrix_mul_matrix_bitextract+0x40>
   11a5c:	0063a023          	sw	t1,0(t2)
   11a60:	00180813          	addi	a6,a6,1
   11a64:	00228293          	addi	t0,t0,2
   11a68:	faa814e3          	bne	a6,a0,11a10 <matrix_mul_matrix_bitextract+0x28>
   11a6c:	00170713          	addi	a4,a4,1
   11a70:	00f60633          	add	a2,a2,a5
   11a74:	f8a714e3          	bne	a4,a0,119fc <matrix_mul_matrix_bitextract+0x14>
   11a78:	00c12403          	lw	s0,12(sp)
   11a7c:	01010113          	addi	sp,sp,16
   11a80:	00008067          	ret

00011a84 <core_init_matrix>:
   11a84:	04050263          	beqz	a0,11ac8 <core_init_matrix+0x44>
   11a88:	00050713          	mv	a4,a0
   11a8c:	fff00513          	li	a0,-1
   11a90:	00800793          	li	a5,8
   11a94:	00250813          	addi	a6,a0,2
   11a98:	03078833          	mul	a6,a5,a6
   11a9c:	00150513          	addi	a0,a0,1
   11aa0:	00878793          	addi	a5,a5,8
   11aa4:	fee868e3          	bltu	a6,a4,11a94 <core_init_matrix+0x10>
   11aa8:	00358593          	addi	a1,a1,3
   11aac:	02a507b3          	mul	a5,a0,a0
   11ab0:	ffc5f593          	andi	a1,a1,-4
   11ab4:	00179713          	slli	a4,a5,0x1
   11ab8:	00e58733          	add	a4,a1,a4
   11abc:	02051063          	bnez	a0,11adc <core_init_matrix+0x58>
   11ac0:	00000793          	li	a5,0
   11ac4:	0b40006f          	j	11b78 <core_init_matrix+0xf4>
   11ac8:	00358593          	addi	a1,a1,3
   11acc:	fff00513          	li	a0,-1
   11ad0:	ffc5f593          	andi	a1,a1,-4
   11ad4:	00258713          	addi	a4,a1,2
   11ad8:	00100793          	li	a5,1
   11adc:	ff010113          	addi	sp,sp,-16
   11ae0:	00812623          	sw	s0,12(sp)
   11ae4:	00912423          	sw	s1,8(sp)
   11ae8:	00000813          	li	a6,0
   11aec:	00163e13          	seqz	t3,a2
   11af0:	00151893          	slli	a7,a0,0x1
   11af4:	00100293          	li	t0,1
   11af8:	01c60e33          	add	t3,a2,t3
   11afc:	ffff0637          	lui	a2,0xffff0
   11b00:	00070313          	mv	t1,a4
   11b04:	00058393          	mv	t2,a1
   11b08:	00129e93          	slli	t4,t0,0x1
   11b0c:	00030f13          	mv	t5,t1
   11b10:	00038f93          	mv	t6,t2
   11b14:	00050413          	mv	s0,a0
   11b18:	025e0e33          	mul	t3,t3,t0
   11b1c:	fff40413          	addi	s0,s0,-1
   11b20:	41fe5493          	srai	s1,t3,0x1f
   11b24:	0104d493          	srli	s1,s1,0x10
   11b28:	009e04b3          	add	s1,t3,s1
   11b2c:	00c4f4b3          	and	s1,s1,a2
   11b30:	409e0e33          	sub	t3,t3,s1
   11b34:	01c284b3          	add	s1,t0,t3
   11b38:	009f1023          	sh	s1,0(t5)
   11b3c:	01ce84b3          	add	s1,t4,t3
   11b40:	00128293          	addi	t0,t0,1
   11b44:	0ff4f493          	zext.b	s1,s1
   11b48:	002f0f13          	addi	t5,t5,2
   11b4c:	009f9023          	sh	s1,0(t6)
   11b50:	002f8f93          	addi	t6,t6,2
   11b54:	002e8e93          	addi	t4,t4,2
   11b58:	fc0410e3          	bnez	s0,11b18 <core_init_matrix+0x94>
   11b5c:	00180813          	addi	a6,a6,1
   11b60:	011383b3          	add	t2,t2,a7
   11b64:	01130333          	add	t1,t1,a7
   11b68:	faa810e3          	bne	a6,a0,11b08 <core_init_matrix+0x84>
   11b6c:	00c12403          	lw	s0,12(sp)
   11b70:	00812483          	lw	s1,8(sp)
   11b74:	01010113          	addi	sp,sp,16
   11b78:	00179793          	slli	a5,a5,0x1
   11b7c:	00f707b3          	add	a5,a4,a5
   11b80:	00378793          	addi	a5,a5,3
   11b84:	ffc7f793          	andi	a5,a5,-4
   11b88:	00a6a023          	sw	a0,0(a3)
   11b8c:	00b6a223          	sw	a1,4(a3)
   11b90:	00e6a423          	sw	a4,8(a3)
   11b94:	00f6a623          	sw	a5,12(a3)
   11b98:	00008067          	ret

00011b9c <start_time>:
   11b9c:	b8002573          	csrr	a0,mcycleh
   11ba0:	b00025f3          	csrr	a1,mcycle
   11ba4:	b8002673          	csrr	a2,mcycleh
   11ba8:	fec51ae3          	bne	a0,a2,11b9c <start_time>
   11bac:	00021637          	lui	a2,0x21
   11bb0:	00a62623          	sw	a0,12(a2) # 2100c <t0+0x4>
   11bb4:	00b62423          	sw	a1,8(a2)
   11bb8:	00008067          	ret

00011bbc <stop_time>:
   11bbc:	b8002573          	csrr	a0,mcycleh
   11bc0:	b00025f3          	csrr	a1,mcycle
   11bc4:	b8002673          	csrr	a2,mcycleh
   11bc8:	fec51ae3          	bne	a0,a2,11bbc <stop_time>
   11bcc:	00021637          	lui	a2,0x21
   11bd0:	00860613          	addi	a2,a2,8 # 21008 <t0>
   11bd4:	00b62423          	sw	a1,8(a2)
   11bd8:	00a62623          	sw	a0,12(a2)
   11bdc:	00008067          	ret

00011be0 <get_time>:
   11be0:	00021537          	lui	a0,0x21
   11be4:	00850513          	addi	a0,a0,8 # 21008 <t0>
   11be8:	00052603          	lw	a2,0(a0)
   11bec:	00452583          	lw	a1,4(a0)
   11bf0:	00852683          	lw	a3,8(a0)
   11bf4:	00c52503          	lw	a0,12(a0)
   11bf8:	00c6b733          	sltu	a4,a3,a2
   11bfc:	40b50533          	sub	a0,a0,a1
   11c00:	40e505b3          	sub	a1,a0,a4
   11c04:	40c68533          	sub	a0,a3,a2
   11c08:	00008067          	ret

00011c0c <time_in_secs>:
   11c0c:	ff010113          	addi	sp,sp,-16
   11c10:	00112623          	sw	ra,12(sp)
   11c14:	04787637          	lui	a2,0x4787
   11c18:	8c060613          	addi	a2,a2,-1856 # 47868c0 <__stack_top__+0x47568c0>
   11c1c:	00000693          	li	a3,0
   11c20:	00002097          	auipc	ra,0x2
   11c24:	2b0080e7          	jalr	688(ra) # 13ed0 <__udivdi3>
   11c28:	00c12083          	lw	ra,12(sp)
   11c2c:	01010113          	addi	sp,sp,16
   11c30:	00008067          	ret

00011c34 <portable_init>:
   11c34:	00020537          	lui	a0,0x20
   11c38:	50d50513          	addi	a0,a0,1293 # 2050d <_impure_ptr+0x4a5>
   11c3c:	fffff317          	auipc	t1,0xfffff
   11c40:	90c30067          	jr	-1780(t1) # 10548 <uart_puts>

00011c44 <core_bench_state>:
   11c44:	f9010113          	addi	sp,sp,-112
   11c48:	06112623          	sw	ra,108(sp)
   11c4c:	06812423          	sw	s0,104(sp)
   11c50:	06912223          	sw	s1,100(sp)
   11c54:	07212023          	sw	s2,96(sp)
   11c58:	05312e23          	sw	s3,92(sp)
   11c5c:	05412c23          	sw	s4,88(sp)
   11c60:	05512a23          	sw	s5,84(sp)
   11c64:	05612823          	sw	s6,80(sp)
   11c68:	05712623          	sw	s7,76(sp)
   11c6c:	00078413          	mv	s0,a5
   11c70:	00070493          	mv	s1,a4
   11c74:	00068993          	mv	s3,a3
   11c78:	00060a93          	mv	s5,a2
   11c7c:	00058913          	mv	s2,a1
   11c80:	00050a13          	mv	s4,a0
   11c84:	00b12423          	sw	a1,8(sp)
   11c88:	00c10513          	addi	a0,sp,12
   11c8c:	02000613          	li	a2,32
   11c90:	00000593          	li	a1,0
   11c94:	ffffe097          	auipc	ra,0xffffe
   11c98:	730080e7          	jalr	1840(ra) # 103c4 <memset>
   11c9c:	02c10513          	addi	a0,sp,44
   11ca0:	02000613          	li	a2,32
   11ca4:	02c10b13          	addi	s6,sp,44
   11ca8:	00000593          	li	a1,0
   11cac:	ffffe097          	auipc	ra,0xffffe
   11cb0:	718080e7          	jalr	1816(ra) # 103c4 <memset>
   11cb4:	00094b83          	lbu	s7,0(s2)
   11cb8:	020b8a63          	beqz	s7,11cec <core_bench_state+0xa8>
   11cbc:	00810513          	addi	a0,sp,8
   11cc0:	00c10593          	addi	a1,sp,12
   11cc4:	00000097          	auipc	ra,0x0
   11cc8:	130080e7          	jalr	304(ra) # 11df4 <core_state_transition>
   11ccc:	00812583          	lw	a1,8(sp)
   11cd0:	00251513          	slli	a0,a0,0x2
   11cd4:	00ab0533          	add	a0,s6,a0
   11cd8:	00052603          	lw	a2,0(a0)
   11cdc:	0005c583          	lbu	a1,0(a1)
   11ce0:	00160613          	addi	a2,a2,1
   11ce4:	00c52023          	sw	a2,0(a0)
   11ce8:	fc059ae3          	bnez	a1,11cbc <core_bench_state+0x78>
   11cec:	01490b33          	add	s6,s2,s4
   11cf0:	020a0663          	beqz	s4,11d1c <core_bench_state+0xd8>
   11cf4:	0ffaf513          	zext.b	a0,s5
   11cf8:	02c00593          	li	a1,44
   11cfc:	00090613          	mv	a2,s2
   11d00:	00064683          	lbu	a3,0(a2)
   11d04:	00b68663          	beq	a3,a1,11d10 <core_bench_state+0xcc>
   11d08:	00a6c6b3          	xor	a3,a3,a0
   11d0c:	00d60023          	sb	a3,0(a2)
   11d10:	00960633          	add	a2,a2,s1
   11d14:	ff6666e3          	bltu	a2,s6,11d00 <core_bench_state+0xbc>
   11d18:	00094b83          	lbu	s7,0(s2)
   11d1c:	01212423          	sw	s2,8(sp)
   11d20:	020b8c63          	beqz	s7,11d58 <core_bench_state+0x114>
   11d24:	02c10a93          	addi	s5,sp,44
   11d28:	00810513          	addi	a0,sp,8
   11d2c:	00c10593          	addi	a1,sp,12
   11d30:	00000097          	auipc	ra,0x0
   11d34:	0c4080e7          	jalr	196(ra) # 11df4 <core_state_transition>
   11d38:	00812583          	lw	a1,8(sp)
   11d3c:	00251513          	slli	a0,a0,0x2
   11d40:	00aa8533          	add	a0,s5,a0
   11d44:	00052603          	lw	a2,0(a0)
   11d48:	0005c583          	lbu	a1,0(a1)
   11d4c:	00160613          	addi	a2,a2,1
   11d50:	00c52023          	sw	a2,0(a0)
   11d54:	fc059ae3          	bnez	a1,11d28 <core_bench_state+0xe4>
   11d58:	020a0263          	beqz	s4,11d7c <core_bench_state+0x138>
   11d5c:	0ff9f513          	zext.b	a0,s3
   11d60:	02c00593          	li	a1,44
   11d64:	00094603          	lbu	a2,0(s2)
   11d68:	00b60663          	beq	a2,a1,11d74 <core_bench_state+0x130>
   11d6c:	00a64633          	xor	a2,a2,a0
   11d70:	00c90023          	sb	a2,0(s2)
   11d74:	00990933          	add	s2,s2,s1
   11d78:	ff6966e3          	bltu	s2,s6,11d64 <core_bench_state+0x120>
   11d7c:	02c10493          	addi	s1,sp,44
   11d80:	00c10913          	addi	s2,sp,12
   11d84:	04c10993          	addi	s3,sp,76
   11d88:	0004a503          	lw	a0,0(s1)
   11d8c:	01041593          	slli	a1,s0,0x10
   11d90:	0105d593          	srli	a1,a1,0x10
   11d94:	00000097          	auipc	ra,0x0
   11d98:	39c080e7          	jalr	924(ra) # 12130 <crcu32>
   11d9c:	00092583          	lw	a1,0(s2)
   11da0:	00050613          	mv	a2,a0
   11da4:	00058513          	mv	a0,a1
   11da8:	00060593          	mv	a1,a2
   11dac:	00000097          	auipc	ra,0x0
   11db0:	384080e7          	jalr	900(ra) # 12130 <crcu32>
   11db4:	00050413          	mv	s0,a0
   11db8:	00448493          	addi	s1,s1,4
   11dbc:	00490913          	addi	s2,s2,4
   11dc0:	fd3494e3          	bne	s1,s3,11d88 <core_bench_state+0x144>
   11dc4:	00040513          	mv	a0,s0
   11dc8:	06c12083          	lw	ra,108(sp)
   11dcc:	06812403          	lw	s0,104(sp)
   11dd0:	06412483          	lw	s1,100(sp)
   11dd4:	06012903          	lw	s2,96(sp)
   11dd8:	05c12983          	lw	s3,92(sp)
   11ddc:	05812a03          	lw	s4,88(sp)
   11de0:	05412a83          	lw	s5,84(sp)
   11de4:	05012b03          	lw	s6,80(sp)
   11de8:	04c12b83          	lw	s7,76(sp)
   11dec:	07010113          	addi	sp,sp,112
   11df0:	00008067          	ret

00011df4 <core_state_transition>:
   11df4:	ff010113          	addi	sp,sp,-16
   11df8:	00812623          	sw	s0,12(sp)
   11dfc:	00052683          	lw	a3,0(a0)
   11e00:	0006cf83          	lbu	t6,0(a3)
   11e04:	160f8463          	beqz	t6,11f6c <core_state_transition+0x178>
   11e08:	00000613          	li	a2,0
   11e0c:	00168693          	addi	a3,a3,1
   11e10:	02c00713          	li	a4,44
   11e14:	00700793          	li	a5,7
   11e18:	00100813          	li	a6,1
   11e1c:	000208b7          	lui	a7,0x20
   11e20:	5c488893          	addi	a7,a7,1476 # 205c4 <state_known_crc+0xc>
   11e24:	ff500293          	li	t0,-11
   11e28:	02b00313          	li	t1,43
   11e2c:	02d00393          	li	t2,45
   11e30:	02e00e13          	li	t3,46
   11e34:	ff600e93          	li	t4,-10
   11e38:	04500f13          	li	t5,69
   11e3c:	16ef8863          	beq	t6,a4,11fac <core_state_transition+0x1b8>
   11e40:	10c7e263          	bltu	a5,a2,11f44 <core_state_transition+0x150>
   11e44:	00261413          	slli	s0,a2,0x2
   11e48:	00888433          	add	s0,a7,s0
   11e4c:	00042403          	lw	s0,0(s0)
   11e50:	00040067          	jr	s0
   11e54:	fc6f8613          	addi	a2,t6,-58
   11e58:	0ac2ee63          	bltu	t0,a2,11f14 <core_state_transition+0x120>
   11e5c:	00200613          	li	a2,2
   11e60:	0a6f8c63          	beq	t6,t1,11f18 <core_state_transition+0x124>
   11e64:	0a7f8a63          	beq	t6,t2,11f18 <core_state_transition+0x124>
   11e68:	0fcf9863          	bne	t6,t3,11f58 <core_state_transition+0x164>
   11e6c:	00500613          	li	a2,5
   11e70:	0a80006f          	j	11f18 <core_state_transition+0x124>
   11e74:	0185a603          	lw	a2,24(a1)
   11e78:	fc6f8f93          	addi	t6,t6,-58
   11e7c:	00160613          	addi	a2,a2,1
   11e80:	00c5ac23          	sw	a2,24(a1)
   11e84:	13dfe263          	bltu	t6,t4,11fa8 <core_state_transition+0x1b4>
   11e88:	0280006f          	j	11eb0 <core_state_transition+0xbc>
   11e8c:	fc6f8613          	addi	a2,t6,-58
   11e90:	07d67a63          	bgeu	a2,t4,11f04 <core_state_transition+0x110>
   11e94:	0085a603          	lw	a2,8(a1)
   11e98:	00160613          	addi	a2,a2,1
   11e9c:	00c5a423          	sw	a2,8(a1)
   11ea0:	11cf9463          	bne	t6,t3,11fa8 <core_state_transition+0x1b4>
   11ea4:	09c0006f          	j	11f40 <core_state_transition+0x14c>
   11ea8:	fc6f8613          	addi	a2,t6,-58
   11eac:	0cc2f863          	bgeu	t0,a2,11f7c <core_state_transition+0x188>
   11eb0:	00700613          	li	a2,7
   11eb4:	0900006f          	j	11f44 <core_state_transition+0x150>
   11eb8:	00c5a603          	lw	a2,12(a1)
   11ebc:	00160613          	addi	a2,a2,1
   11ec0:	00c5a623          	sw	a2,12(a1)
   11ec4:	00600613          	li	a2,6
   11ec8:	066f8e63          	beq	t6,t1,11f44 <core_state_transition+0x150>
   11ecc:	0c7f9e63          	bne	t6,t2,11fa8 <core_state_transition+0x1b4>
   11ed0:	0740006f          	j	11f44 <core_state_transition+0x150>
   11ed4:	05cf9a63          	bne	t6,t3,11f28 <core_state_transition+0x134>
   11ed8:	0105a603          	lw	a2,16(a1)
   11edc:	00160613          	addi	a2,a2,1
   11ee0:	00c5a823          	sw	a2,16(a1)
   11ee4:	05c0006f          	j	11f40 <core_state_transition+0x14c>
   11ee8:	0dfff613          	andi	a2,t6,223
   11eec:	05e61663          	bne	a2,t5,11f38 <core_state_transition+0x144>
   11ef0:	0145a603          	lw	a2,20(a1)
   11ef4:	00160613          	addi	a2,a2,1
   11ef8:	00c5aa23          	sw	a2,20(a1)
   11efc:	00300613          	li	a2,3
   11f00:	0440006f          	j	11f44 <core_state_transition+0x150>
   11f04:	0085a603          	lw	a2,8(a1)
   11f08:	00160613          	addi	a2,a2,1
   11f0c:	00c5a423          	sw	a2,8(a1)
   11f10:	0200006f          	j	11f30 <core_state_transition+0x13c>
   11f14:	00400613          	li	a2,4
   11f18:	0005af83          	lw	t6,0(a1)
   11f1c:	001f8f93          	addi	t6,t6,1
   11f20:	01f5a023          	sw	t6,0(a1)
   11f24:	0200006f          	j	11f44 <core_state_transition+0x150>
   11f28:	fc6f8613          	addi	a2,t6,-58
   11f2c:	06c2f863          	bgeu	t0,a2,11f9c <core_state_transition+0x1a8>
   11f30:	00400613          	li	a2,4
   11f34:	0100006f          	j	11f44 <core_state_transition+0x150>
   11f38:	fc6f8613          	addi	a2,t6,-58
   11f3c:	04c2f863          	bgeu	t0,a2,11f8c <core_state_transition+0x198>
   11f40:	00500613          	li	a2,5
   11f44:	0006cf83          	lbu	t6,0(a3)
   11f48:	00168693          	addi	a3,a3,1
   11f4c:	020f8463          	beqz	t6,11f74 <core_state_transition+0x180>
   11f50:	ef0616e3          	bne	a2,a6,11e3c <core_state_transition+0x48>
   11f54:	0200006f          	j	11f74 <core_state_transition+0x180>
   11f58:	0045a603          	lw	a2,4(a1)
   11f5c:	00160613          	addi	a2,a2,1
   11f60:	00c5a223          	sw	a2,4(a1)
   11f64:	00100613          	li	a2,1
   11f68:	fb1ff06f          	j	11f18 <core_state_transition+0x124>
   11f6c:	00000613          	li	a2,0
   11f70:	03c0006f          	j	11fac <core_state_transition+0x1b8>
   11f74:	fff68693          	addi	a3,a3,-1
   11f78:	0340006f          	j	11fac <core_state_transition+0x1b8>
   11f7c:	0045a603          	lw	a2,4(a1)
   11f80:	00160613          	addi	a2,a2,1
   11f84:	00c5a223          	sw	a2,4(a1)
   11f88:	0200006f          	j	11fa8 <core_state_transition+0x1b4>
   11f8c:	0145a603          	lw	a2,20(a1)
   11f90:	00160613          	addi	a2,a2,1
   11f94:	00c5aa23          	sw	a2,20(a1)
   11f98:	0100006f          	j	11fa8 <core_state_transition+0x1b4>
   11f9c:	0105a603          	lw	a2,16(a1)
   11fa0:	00160613          	addi	a2,a2,1
   11fa4:	00c5a823          	sw	a2,16(a1)
   11fa8:	00100613          	li	a2,1
   11fac:	00d52023          	sw	a3,0(a0)
   11fb0:	00060513          	mv	a0,a2
   11fb4:	00c12403          	lw	s0,12(sp)
   11fb8:	01010113          	addi	sp,sp,16
   11fbc:	00008067          	ret

00011fc0 <core_init_state>:
   11fc0:	fff50693          	addi	a3,a0,-1
   11fc4:	00200713          	li	a4,2
   11fc8:	0ae6e663          	bltu	a3,a4,12074 <core_init_state+0xb4>
   11fcc:	00000313          	li	t1,0
   11fd0:	00000293          	li	t0,0
   11fd4:	00000893          	li	a7,0
   11fd8:	00020737          	lui	a4,0x20
   11fdc:	62470713          	addi	a4,a4,1572 # 20624 <errpat+0x10>
   11fe0:	000207b7          	lui	a5,0x20
   11fe4:	64478793          	addi	a5,a5,1604 # 20644 <errpat+0x30>
   11fe8:	02c00813          	li	a6,44
   11fec:	02028a63          	beqz	t0,12020 <core_init_state+0x60>
   11ff0:	011603b3          	add	t2,a2,a7
   11ff4:	005888b3          	add	a7,a7,t0
   11ff8:	01160e33          	add	t3,a2,a7
   11ffc:	00038e93          	mv	t4,t2
   12000:	00034f03          	lbu	t5,0(t1)
   12004:	01ee8023          	sb	t5,0(t4)
   12008:	001e8e93          	addi	t4,t4,1
   1200c:	00130313          	addi	t1,t1,1
   12010:	ffce98e3          	bne	t4,t3,12000 <core_init_state+0x40>
   12014:	005382b3          	add	t0,t2,t0
   12018:	01028023          	sb	a6,0(t0)
   1201c:	00188893          	addi	a7,a7,1
   12020:	00158593          	addi	a1,a1,1
   12024:	0075f293          	andi	t0,a1,7
   12028:	00229293          	slli	t0,t0,0x2
   1202c:	00570333          	add	t1,a4,t0
   12030:	00032303          	lw	t1,0(t1)
   12034:	005782b3          	add	t0,a5,t0
   12038:	0002a283          	lw	t0,0(t0)
   1203c:	0015d393          	srli	t2,a1,0x1
   12040:	00c3f393          	andi	t2,t2,12
   12044:	00730333          	add	t1,t1,t2
   12048:	00032303          	lw	t1,0(t1)
   1204c:	005883b3          	add	t2,a7,t0
   12050:	00138393          	addi	t2,t2,1
   12054:	f8d3ece3          	bltu	t2,a3,11fec <core_init_state+0x2c>
   12058:	02a8f263          	bgeu	a7,a0,1207c <core_init_state+0xbc>
   1205c:	011605b3          	add	a1,a2,a7
   12060:	41150633          	sub	a2,a0,a7
   12064:	00058513          	mv	a0,a1
   12068:	00000593          	li	a1,0
   1206c:	ffffe317          	auipc	t1,0xffffe
   12070:	35830067          	jr	856(t1) # 103c4 <memset>
   12074:	00000893          	li	a7,0
   12078:	fe0512e3          	bnez	a0,1205c <core_init_state+0x9c>
   1207c:	00008067          	ret

00012080 <get_seed_32>:
   12080:	fff50513          	addi	a0,a0,-1
   12084:	00400593          	li	a1,4
   12088:	02a5e063          	bltu	a1,a0,120a8 <get_seed_32+0x28>
   1208c:	00251513          	slli	a0,a0,0x2
   12090:	000205b7          	lui	a1,0x20
   12094:	66458593          	addi	a1,a1,1636 # 20664 <errpat+0x50>
   12098:	00a58533          	add	a0,a1,a0
   1209c:	00052503          	lw	a0,0(a0)
   120a0:	00052503          	lw	a0,0(a0)
   120a4:	00008067          	ret
   120a8:	00000513          	li	a0,0
   120ac:	00008067          	ret

000120b0 <crcu16>:
   120b0:	00000793          	li	a5,0
   120b4:	0000a637          	lui	a2,0xa
   120b8:	0ff57693          	zext.b	a3,a0
   120bc:	00160613          	addi	a2,a2,1 # a001 <__HEAP_SIZE+0x8001>
   120c0:	00700713          	li	a4,7
   120c4:	00078813          	mv	a6,a5
   120c8:	00b6c7b3          	xor	a5,a3,a1
   120cc:	0016d693          	srli	a3,a3,0x1
   120d0:	01059593          	slli	a1,a1,0x10
   120d4:	01f79793          	slli	a5,a5,0x1f
   120d8:	0115d593          	srli	a1,a1,0x11
   120dc:	41f7d793          	srai	a5,a5,0x1f
   120e0:	00c7f7b3          	and	a5,a5,a2
   120e4:	00f5c5b3          	xor	a1,a1,a5
   120e8:	00180793          	addi	a5,a6,1
   120ec:	fce86ce3          	bltu	a6,a4,120c4 <crcu16+0x14>
   120f0:	00000713          	li	a4,0
   120f4:	00855513          	srli	a0,a0,0x8
   120f8:	00700693          	li	a3,7
   120fc:	00070793          	mv	a5,a4
   12100:	00b54733          	xor	a4,a0,a1
   12104:	00155513          	srli	a0,a0,0x1
   12108:	01059593          	slli	a1,a1,0x10
   1210c:	01f71713          	slli	a4,a4,0x1f
   12110:	0115d593          	srli	a1,a1,0x11
   12114:	41f75713          	srai	a4,a4,0x1f
   12118:	00c77733          	and	a4,a4,a2
   1211c:	00e5c5b3          	xor	a1,a1,a4
   12120:	00178713          	addi	a4,a5,1
   12124:	fcd7ece3          	bltu	a5,a3,120fc <crcu16+0x4c>
   12128:	00058513          	mv	a0,a1
   1212c:	00008067          	ret

00012130 <crcu32>:
   12130:	ff010113          	addi	sp,sp,-16
   12134:	00112623          	sw	ra,12(sp)
   12138:	00812423          	sw	s0,8(sp)
   1213c:	00050413          	mv	s0,a0
   12140:	01051513          	slli	a0,a0,0x10
   12144:	01055513          	srli	a0,a0,0x10
   12148:	00000097          	auipc	ra,0x0
   1214c:	f68080e7          	jalr	-152(ra) # 120b0 <crcu16>
   12150:	01045413          	srli	s0,s0,0x10
   12154:	00050593          	mv	a1,a0
   12158:	00040513          	mv	a0,s0
   1215c:	00c12083          	lw	ra,12(sp)
   12160:	00812403          	lw	s0,8(sp)
   12164:	01010113          	addi	sp,sp,16
   12168:	00000317          	auipc	t1,0x0
   1216c:	f4830067          	jr	-184(t1) # 120b0 <crcu16>

00012170 <crc16>:
   12170:	01051513          	slli	a0,a0,0x10
   12174:	01055513          	srli	a0,a0,0x10
   12178:	00000317          	auipc	t1,0x0
   1217c:	f3830067          	jr	-200(t1) # 120b0 <crcu16>

00012180 <check_data_types>:
   12180:	00000513          	li	a0,0
   12184:	00008067          	ret

00012188 <iprintf>:
   12188:	fc010113          	addi	sp,sp,-64
   1218c:	02f12a23          	sw	a5,52(sp)
   12190:	0000e797          	auipc	a5,0xe
   12194:	ed87a783          	lw	a5,-296(a5) # 20068 <_impure_ptr>
   12198:	02c12423          	sw	a2,40(sp)
   1219c:	02d12623          	sw	a3,44(sp)
   121a0:	02b12223          	sw	a1,36(sp)
   121a4:	02e12823          	sw	a4,48(sp)
   121a8:	03012c23          	sw	a6,56(sp)
   121ac:	03112e23          	sw	a7,60(sp)
   121b0:	0087a583          	lw	a1,8(a5)
   121b4:	02410693          	addi	a3,sp,36
   121b8:	00050613          	mv	a2,a0
   121bc:	00078513          	mv	a0,a5
   121c0:	00112e23          	sw	ra,28(sp)
   121c4:	00d12623          	sw	a3,12(sp)
   121c8:	00001097          	auipc	ra,0x1
   121cc:	83c080e7          	jalr	-1988(ra) # 12a04 <_vfiprintf_r>
   121d0:	01c12083          	lw	ra,28(sp)
   121d4:	04010113          	addi	sp,sp,64
   121d8:	00008067          	ret

000121dc <putchar>:
   121dc:	00050593          	mv	a1,a0
   121e0:	0000e517          	auipc	a0,0xe
   121e4:	e8852503          	lw	a0,-376(a0) # 20068 <_impure_ptr>
   121e8:	00852603          	lw	a2,8(a0)
   121ec:	00002317          	auipc	t1,0x2
   121f0:	85c30067          	jr	-1956(t1) # 13a48 <_putc_r>

000121f4 <_puts_r>:
   121f4:	02052783          	lw	a5,32(a0)
   121f8:	fe010113          	addi	sp,sp,-32
   121fc:	00812c23          	sw	s0,24(sp)
   12200:	00912a23          	sw	s1,20(sp)
   12204:	01212823          	sw	s2,16(sp)
   12208:	00112e23          	sw	ra,28(sp)
   1220c:	01312623          	sw	s3,12(sp)
   12210:	00852403          	lw	s0,8(a0)
   12214:	00050493          	mv	s1,a0
   12218:	00058913          	mv	s2,a1
   1221c:	00079663          	bnez	a5,12228 <_puts_r+0x34>
   12220:	00001097          	auipc	ra,0x1
   12224:	5c4080e7          	jalr	1476(ra) # 137e4 <__sinit>
   12228:	06442783          	lw	a5,100(s0)
   1222c:	0017f793          	andi	a5,a5,1
   12230:	00079e63          	bnez	a5,1224c <_puts_r+0x58>
   12234:	00c45783          	lhu	a5,12(s0)
   12238:	2007f793          	andi	a5,a5,512
   1223c:	00079863          	bnez	a5,1224c <_puts_r+0x58>
   12240:	05842503          	lw	a0,88(s0)
   12244:	00000097          	auipc	ra,0x0
   12248:	360080e7          	jalr	864(ra) # 125a4 <__retarget_lock_acquire_recursive>
   1224c:	00c45783          	lhu	a5,12(s0)
   12250:	0087f793          	andi	a5,a5,8
   12254:	00078663          	beqz	a5,12260 <_puts_r+0x6c>
   12258:	01042783          	lw	a5,16(s0)
   1225c:	0c079e63          	bnez	a5,12338 <_puts_r+0x144>
   12260:	00040593          	mv	a1,s0
   12264:	00048513          	mv	a0,s1
   12268:	00000097          	auipc	ra,0x0
   1226c:	210080e7          	jalr	528(ra) # 12478 <__swsetup_r>
   12270:	0c050463          	beqz	a0,12338 <_puts_r+0x144>
   12274:	fff00493          	li	s1,-1
   12278:	06442783          	lw	a5,100(s0)
   1227c:	0017f793          	andi	a5,a5,1
   12280:	00079e63          	bnez	a5,1229c <_puts_r+0xa8>
   12284:	00c45783          	lhu	a5,12(s0)
   12288:	2007f793          	andi	a5,a5,512
   1228c:	00079863          	bnez	a5,1229c <_puts_r+0xa8>
   12290:	05842503          	lw	a0,88(s0)
   12294:	00000097          	auipc	ra,0x0
   12298:	314080e7          	jalr	788(ra) # 125a8 <__retarget_lock_release_recursive>
   1229c:	01c12083          	lw	ra,28(sp)
   122a0:	01812403          	lw	s0,24(sp)
   122a4:	01012903          	lw	s2,16(sp)
   122a8:	00c12983          	lw	s3,12(sp)
   122ac:	00048513          	mv	a0,s1
   122b0:	01412483          	lw	s1,20(sp)
   122b4:	02010113          	addi	sp,sp,32
   122b8:	00008067          	ret
   122bc:	0007da63          	bgez	a5,122d0 <_puts_r+0xdc>
   122c0:	01842703          	lw	a4,24(s0)
   122c4:	04e7ce63          	blt	a5,a4,12320 <_puts_r+0x12c>
   122c8:	ff658793          	addi	a5,a1,-10
   122cc:	04078a63          	beqz	a5,12320 <_puts_r+0x12c>
   122d0:	00042783          	lw	a5,0(s0)
   122d4:	00178713          	addi	a4,a5,1
   122d8:	00e42023          	sw	a4,0(s0)
   122dc:	00b78023          	sb	a1,0(a5)
   122e0:	00190913          	addi	s2,s2,1
   122e4:	00842783          	lw	a5,8(s0)
   122e8:	00094583          	lbu	a1,0(s2)
   122ec:	fff78793          	addi	a5,a5,-1
   122f0:	00f42423          	sw	a5,8(s0)
   122f4:	fc0594e3          	bnez	a1,122bc <_puts_r+0xc8>
   122f8:	0407d463          	bgez	a5,12340 <_puts_r+0x14c>
   122fc:	00040613          	mv	a2,s0
   12300:	00a00593          	li	a1,10
   12304:	00048513          	mv	a0,s1
   12308:	00000097          	auipc	ra,0x0
   1230c:	064080e7          	jalr	100(ra) # 1236c <__swbuf_r>
   12310:	fff00793          	li	a5,-1
   12314:	f6f500e3          	beq	a0,a5,12274 <_puts_r+0x80>
   12318:	00a00493          	li	s1,10
   1231c:	f5dff06f          	j	12278 <_puts_r+0x84>
   12320:	00040613          	mv	a2,s0
   12324:	00048513          	mv	a0,s1
   12328:	00000097          	auipc	ra,0x0
   1232c:	044080e7          	jalr	68(ra) # 1236c <__swbuf_r>
   12330:	fb3518e3          	bne	a0,s3,122e0 <_puts_r+0xec>
   12334:	f41ff06f          	j	12274 <_puts_r+0x80>
   12338:	fff00993          	li	s3,-1
   1233c:	fa9ff06f          	j	122e4 <_puts_r+0xf0>
   12340:	00042783          	lw	a5,0(s0)
   12344:	00178713          	addi	a4,a5,1
   12348:	00e42023          	sw	a4,0(s0)
   1234c:	00a00713          	li	a4,10
   12350:	00e78023          	sb	a4,0(a5)
   12354:	fc5ff06f          	j	12318 <_puts_r+0x124>

00012358 <puts>:
   12358:	00050593          	mv	a1,a0
   1235c:	0000e517          	auipc	a0,0xe
   12360:	d0c52503          	lw	a0,-756(a0) # 20068 <_impure_ptr>
   12364:	00000317          	auipc	t1,0x0
   12368:	e9030067          	jr	-368(t1) # 121f4 <_puts_r>

0001236c <__swbuf_r>:
   1236c:	fe010113          	addi	sp,sp,-32
   12370:	00812c23          	sw	s0,24(sp)
   12374:	00912a23          	sw	s1,20(sp)
   12378:	01312623          	sw	s3,12(sp)
   1237c:	00112e23          	sw	ra,28(sp)
   12380:	01212823          	sw	s2,16(sp)
   12384:	00050493          	mv	s1,a0
   12388:	00058993          	mv	s3,a1
   1238c:	00060413          	mv	s0,a2
   12390:	00050a63          	beqz	a0,123a4 <__swbuf_r+0x38>
   12394:	02052783          	lw	a5,32(a0)
   12398:	00079663          	bnez	a5,123a4 <__swbuf_r+0x38>
   1239c:	00001097          	auipc	ra,0x1
   123a0:	448080e7          	jalr	1096(ra) # 137e4 <__sinit>
   123a4:	01842783          	lw	a5,24(s0)
   123a8:	00f42423          	sw	a5,8(s0)
   123ac:	00c45783          	lhu	a5,12(s0)
   123b0:	0087f793          	andi	a5,a5,8
   123b4:	00078663          	beqz	a5,123c0 <__swbuf_r+0x54>
   123b8:	01042783          	lw	a5,16(s0)
   123bc:	02079e63          	bnez	a5,123f8 <__swbuf_r+0x8c>
   123c0:	00040593          	mv	a1,s0
   123c4:	00048513          	mv	a0,s1
   123c8:	00000097          	auipc	ra,0x0
   123cc:	0b0080e7          	jalr	176(ra) # 12478 <__swsetup_r>
   123d0:	02050463          	beqz	a0,123f8 <__swbuf_r+0x8c>
   123d4:	fff00913          	li	s2,-1
   123d8:	01c12083          	lw	ra,28(sp)
   123dc:	01812403          	lw	s0,24(sp)
   123e0:	01412483          	lw	s1,20(sp)
   123e4:	00c12983          	lw	s3,12(sp)
   123e8:	00090513          	mv	a0,s2
   123ec:	01012903          	lw	s2,16(sp)
   123f0:	02010113          	addi	sp,sp,32
   123f4:	00008067          	ret
   123f8:	01042783          	lw	a5,16(s0)
   123fc:	00042503          	lw	a0,0(s0)
   12400:	40f50533          	sub	a0,a0,a5
   12404:	01442783          	lw	a5,20(s0)
   12408:	00f54c63          	blt	a0,a5,12420 <__swbuf_r+0xb4>
   1240c:	00040593          	mv	a1,s0
   12410:	00048513          	mv	a0,s1
   12414:	00001097          	auipc	ra,0x1
   12418:	120080e7          	jalr	288(ra) # 13534 <_fflush_r>
   1241c:	fa051ce3          	bnez	a0,123d4 <__swbuf_r+0x68>
   12420:	00842783          	lw	a5,8(s0)
   12424:	00150513          	addi	a0,a0,1
   12428:	0ff9f913          	zext.b	s2,s3
   1242c:	fff78793          	addi	a5,a5,-1
   12430:	00f42423          	sw	a5,8(s0)
   12434:	00042783          	lw	a5,0(s0)
   12438:	00178713          	addi	a4,a5,1
   1243c:	00e42023          	sw	a4,0(s0)
   12440:	01378023          	sb	s3,0(a5)
   12444:	01442783          	lw	a5,20(s0)
   12448:	00a78c63          	beq	a5,a0,12460 <__swbuf_r+0xf4>
   1244c:	00c45783          	lhu	a5,12(s0)
   12450:	0017f793          	andi	a5,a5,1
   12454:	f80782e3          	beqz	a5,123d8 <__swbuf_r+0x6c>
   12458:	ff690793          	addi	a5,s2,-10
   1245c:	f6079ee3          	bnez	a5,123d8 <__swbuf_r+0x6c>
   12460:	00040593          	mv	a1,s0
   12464:	00048513          	mv	a0,s1
   12468:	00001097          	auipc	ra,0x1
   1246c:	0cc080e7          	jalr	204(ra) # 13534 <_fflush_r>
   12470:	f60504e3          	beqz	a0,123d8 <__swbuf_r+0x6c>
   12474:	f61ff06f          	j	123d4 <__swbuf_r+0x68>

00012478 <__swsetup_r>:
   12478:	ff010113          	addi	sp,sp,-16
   1247c:	00912223          	sw	s1,4(sp)
   12480:	00050493          	mv	s1,a0
   12484:	0000e517          	auipc	a0,0xe
   12488:	be452503          	lw	a0,-1052(a0) # 20068 <_impure_ptr>
   1248c:	00812423          	sw	s0,8(sp)
   12490:	00112623          	sw	ra,12(sp)
   12494:	00058413          	mv	s0,a1
   12498:	00050a63          	beqz	a0,124ac <__swsetup_r+0x34>
   1249c:	02052783          	lw	a5,32(a0)
   124a0:	00079663          	bnez	a5,124ac <__swsetup_r+0x34>
   124a4:	00001097          	auipc	ra,0x1
   124a8:	340080e7          	jalr	832(ra) # 137e4 <__sinit>
   124ac:	00c41783          	lh	a5,12(s0)
   124b0:	0087f713          	andi	a4,a5,8
   124b4:	06071463          	bnez	a4,1251c <__swsetup_r+0xa4>
   124b8:	0107f713          	andi	a4,a5,16
   124bc:	00071e63          	bnez	a4,124d8 <__swsetup_r+0x60>
   124c0:	00900713          	li	a4,9
   124c4:	00e4a023          	sw	a4,0(s1)
   124c8:	0407e793          	ori	a5,a5,64
   124cc:	00f41623          	sh	a5,12(s0)
   124d0:	fff00513          	li	a0,-1
   124d4:	0a00006f          	j	12574 <__swsetup_r+0xfc>
   124d8:	0047f713          	andi	a4,a5,4
   124dc:	02070c63          	beqz	a4,12514 <__swsetup_r+0x9c>
   124e0:	03442583          	lw	a1,52(s0)
   124e4:	00058e63          	beqz	a1,12500 <__swsetup_r+0x88>
   124e8:	04440793          	addi	a5,s0,68
   124ec:	00f58863          	beq	a1,a5,124fc <__swsetup_r+0x84>
   124f0:	00048513          	mv	a0,s1
   124f4:	00000097          	auipc	ra,0x0
   124f8:	0b8080e7          	jalr	184(ra) # 125ac <_free_r>
   124fc:	02042a23          	sw	zero,52(s0)
   12500:	00c45783          	lhu	a5,12(s0)
   12504:	01042703          	lw	a4,16(s0)
   12508:	00042223          	sw	zero,4(s0)
   1250c:	fdb7f793          	andi	a5,a5,-37
   12510:	00e42023          	sw	a4,0(s0)
   12514:	0087e793          	ori	a5,a5,8
   12518:	00f41623          	sh	a5,12(s0)
   1251c:	01042783          	lw	a5,16(s0)
   12520:	02079263          	bnez	a5,12544 <__swsetup_r+0xcc>
   12524:	00c42783          	lw	a5,12(s0)
   12528:	20000713          	li	a4,512
   1252c:	2807f793          	andi	a5,a5,640
   12530:	00e78a63          	beq	a5,a4,12544 <__swsetup_r+0xcc>
   12534:	00040593          	mv	a1,s0
   12538:	00048513          	mv	a0,s1
   1253c:	00001097          	auipc	ra,0x1
   12540:	434080e7          	jalr	1076(ra) # 13970 <__smakebuf_r>
   12544:	00c41783          	lh	a5,12(s0)
   12548:	0017f713          	andi	a4,a5,1
   1254c:	02070e63          	beqz	a4,12588 <__swsetup_r+0x110>
   12550:	01442703          	lw	a4,20(s0)
   12554:	00042423          	sw	zero,8(s0)
   12558:	40e00733          	neg	a4,a4
   1255c:	00e42c23          	sw	a4,24(s0)
   12560:	01042703          	lw	a4,16(s0)
   12564:	00000513          	li	a0,0
   12568:	00071663          	bnez	a4,12574 <__swsetup_r+0xfc>
   1256c:	0807f713          	andi	a4,a5,128
   12570:	f4071ce3          	bnez	a4,124c8 <__swsetup_r+0x50>
   12574:	00c12083          	lw	ra,12(sp)
   12578:	00812403          	lw	s0,8(sp)
   1257c:	00412483          	lw	s1,4(sp)
   12580:	01010113          	addi	sp,sp,16
   12584:	00008067          	ret
   12588:	0027f713          	andi	a4,a5,2
   1258c:	00000693          	li	a3,0
   12590:	00071463          	bnez	a4,12598 <__swsetup_r+0x120>
   12594:	01442683          	lw	a3,20(s0)
   12598:	00d42423          	sw	a3,8(s0)
   1259c:	fc5ff06f          	j	12560 <__swsetup_r+0xe8>

000125a0 <__retarget_lock_init_recursive>:
   125a0:	00008067          	ret

000125a4 <__retarget_lock_acquire_recursive>:
   125a4:	00008067          	ret

000125a8 <__retarget_lock_release_recursive>:
   125a8:	00008067          	ret

000125ac <_free_r>:
   125ac:	10058263          	beqz	a1,126b0 <_free_r+0x104>
   125b0:	ffc5a783          	lw	a5,-4(a1)
   125b4:	fe010113          	addi	sp,sp,-32
   125b8:	00812c23          	sw	s0,24(sp)
   125bc:	00112e23          	sw	ra,28(sp)
   125c0:	ffc58413          	addi	s0,a1,-4
   125c4:	0007d463          	bgez	a5,125cc <_free_r+0x20>
   125c8:	00f40433          	add	s0,s0,a5
   125cc:	00a12623          	sw	a0,12(sp)
   125d0:	00000097          	auipc	ra,0x0
   125d4:	35c080e7          	jalr	860(ra) # 1292c <__malloc_lock>
   125d8:	0000e797          	auipc	a5,0xe
   125dc:	2487a783          	lw	a5,584(a5) # 20820 <__malloc_free_list>
   125e0:	00c12503          	lw	a0,12(sp)
   125e4:	02079263          	bnez	a5,12608 <_free_r+0x5c>
   125e8:	00042223          	sw	zero,4(s0)
   125ec:	0000e797          	auipc	a5,0xe
   125f0:	2287aa23          	sw	s0,564(a5) # 20820 <__malloc_free_list>
   125f4:	01812403          	lw	s0,24(sp)
   125f8:	01c12083          	lw	ra,28(sp)
   125fc:	02010113          	addi	sp,sp,32
   12600:	00000317          	auipc	t1,0x0
   12604:	33c30067          	jr	828(t1) # 1293c <__malloc_unlock>
   12608:	02f47463          	bgeu	s0,a5,12630 <_free_r+0x84>
   1260c:	00042683          	lw	a3,0(s0)
   12610:	00d40733          	add	a4,s0,a3
   12614:	00e79a63          	bne	a5,a4,12628 <_free_r+0x7c>
   12618:	0007a703          	lw	a4,0(a5)
   1261c:	0047a783          	lw	a5,4(a5)
   12620:	00d70733          	add	a4,a4,a3
   12624:	00e42023          	sw	a4,0(s0)
   12628:	00f42223          	sw	a5,4(s0)
   1262c:	fc1ff06f          	j	125ec <_free_r+0x40>
   12630:	00078713          	mv	a4,a5
   12634:	0047a783          	lw	a5,4(a5)
   12638:	00078463          	beqz	a5,12640 <_free_r+0x94>
   1263c:	fef47ae3          	bgeu	s0,a5,12630 <_free_r+0x84>
   12640:	00072683          	lw	a3,0(a4)
   12644:	00d70633          	add	a2,a4,a3
   12648:	02861863          	bne	a2,s0,12678 <_free_r+0xcc>
   1264c:	00042603          	lw	a2,0(s0)
   12650:	00c686b3          	add	a3,a3,a2
   12654:	00d72023          	sw	a3,0(a4)
   12658:	00d70633          	add	a2,a4,a3
   1265c:	f8c79ce3          	bne	a5,a2,125f4 <_free_r+0x48>
   12660:	0007a603          	lw	a2,0(a5)
   12664:	0047a783          	lw	a5,4(a5)
   12668:	00d606b3          	add	a3,a2,a3
   1266c:	00d72023          	sw	a3,0(a4)
   12670:	00f72223          	sw	a5,4(a4)
   12674:	f81ff06f          	j	125f4 <_free_r+0x48>
   12678:	00c47863          	bgeu	s0,a2,12688 <_free_r+0xdc>
   1267c:	00c00793          	li	a5,12
   12680:	00f52023          	sw	a5,0(a0)
   12684:	f71ff06f          	j	125f4 <_free_r+0x48>
   12688:	00042603          	lw	a2,0(s0)
   1268c:	00c406b3          	add	a3,s0,a2
   12690:	00d79a63          	bne	a5,a3,126a4 <_free_r+0xf8>
   12694:	0007a683          	lw	a3,0(a5)
   12698:	0047a783          	lw	a5,4(a5)
   1269c:	00c686b3          	add	a3,a3,a2
   126a0:	00d42023          	sw	a3,0(s0)
   126a4:	00f42223          	sw	a5,4(s0)
   126a8:	00872223          	sw	s0,4(a4)
   126ac:	f49ff06f          	j	125f4 <_free_r+0x48>
   126b0:	00008067          	ret

000126b4 <sbrk_aligned>:
   126b4:	0000e797          	auipc	a5,0xe
   126b8:	1687a783          	lw	a5,360(a5) # 2081c <__malloc_sbrk_start>
   126bc:	ff010113          	addi	sp,sp,-16
   126c0:	00812423          	sw	s0,8(sp)
   126c4:	01212023          	sw	s2,0(sp)
   126c8:	00112623          	sw	ra,12(sp)
   126cc:	00912223          	sw	s1,4(sp)
   126d0:	00050913          	mv	s2,a0
   126d4:	00058413          	mv	s0,a1
   126d8:	00079c63          	bnez	a5,126f0 <sbrk_aligned+0x3c>
   126dc:	00000593          	li	a1,0
   126e0:	00001097          	auipc	ra,0x1
   126e4:	750080e7          	jalr	1872(ra) # 13e30 <_sbrk_r>
   126e8:	0000e797          	auipc	a5,0xe
   126ec:	12a7aa23          	sw	a0,308(a5) # 2081c <__malloc_sbrk_start>
   126f0:	00040593          	mv	a1,s0
   126f4:	00090513          	mv	a0,s2
   126f8:	00001097          	auipc	ra,0x1
   126fc:	738080e7          	jalr	1848(ra) # 13e30 <_sbrk_r>
   12700:	fff00493          	li	s1,-1
   12704:	02951263          	bne	a0,s1,12728 <sbrk_aligned+0x74>
   12708:	fff00413          	li	s0,-1
   1270c:	00c12083          	lw	ra,12(sp)
   12710:	00040513          	mv	a0,s0
   12714:	00812403          	lw	s0,8(sp)
   12718:	00412483          	lw	s1,4(sp)
   1271c:	00012903          	lw	s2,0(sp)
   12720:	01010113          	addi	sp,sp,16
   12724:	00008067          	ret
   12728:	00350413          	addi	s0,a0,3
   1272c:	ffc47413          	andi	s0,s0,-4
   12730:	fc850ee3          	beq	a0,s0,1270c <sbrk_aligned+0x58>
   12734:	40a405b3          	sub	a1,s0,a0
   12738:	00090513          	mv	a0,s2
   1273c:	00001097          	auipc	ra,0x1
   12740:	6f4080e7          	jalr	1780(ra) # 13e30 <_sbrk_r>
   12744:	fc9514e3          	bne	a0,s1,1270c <sbrk_aligned+0x58>
   12748:	fc1ff06f          	j	12708 <sbrk_aligned+0x54>

0001274c <_malloc_r>:
   1274c:	fe010113          	addi	sp,sp,-32
   12750:	00912a23          	sw	s1,20(sp)
   12754:	00358493          	addi	s1,a1,3
   12758:	ffc4f493          	andi	s1,s1,-4
   1275c:	00112e23          	sw	ra,28(sp)
   12760:	00812c23          	sw	s0,24(sp)
   12764:	01212823          	sw	s2,16(sp)
   12768:	01312623          	sw	s3,12(sp)
   1276c:	01412423          	sw	s4,8(sp)
   12770:	00848493          	addi	s1,s1,8
   12774:	00c00793          	li	a5,12
   12778:	00f4f463          	bgeu	s1,a5,12780 <_malloc_r+0x34>
   1277c:	00078493          	mv	s1,a5
   12780:	0004c463          	bltz	s1,12788 <_malloc_r+0x3c>
   12784:	02b4f863          	bgeu	s1,a1,127b4 <_malloc_r+0x68>
   12788:	00c00793          	li	a5,12
   1278c:	00f52023          	sw	a5,0(a0)
   12790:	00000513          	li	a0,0
   12794:	01c12083          	lw	ra,28(sp)
   12798:	01812403          	lw	s0,24(sp)
   1279c:	01412483          	lw	s1,20(sp)
   127a0:	01012903          	lw	s2,16(sp)
   127a4:	00c12983          	lw	s3,12(sp)
   127a8:	00812a03          	lw	s4,8(sp)
   127ac:	02010113          	addi	sp,sp,32
   127b0:	00008067          	ret
   127b4:	00050913          	mv	s2,a0
   127b8:	0000e997          	auipc	s3,0xe
   127bc:	06898993          	addi	s3,s3,104 # 20820 <__malloc_free_list>
   127c0:	00000097          	auipc	ra,0x0
   127c4:	16c080e7          	jalr	364(ra) # 1292c <__malloc_lock>
   127c8:	0009a783          	lw	a5,0(s3)
   127cc:	00078413          	mv	s0,a5
   127d0:	08041863          	bnez	s0,12860 <_malloc_r+0x114>
   127d4:	00048593          	mv	a1,s1
   127d8:	00090513          	mv	a0,s2
   127dc:	00000097          	auipc	ra,0x0
   127e0:	ed8080e7          	jalr	-296(ra) # 126b4 <sbrk_aligned>
   127e4:	fff00793          	li	a5,-1
   127e8:	00050413          	mv	s0,a0
   127ec:	12f51c63          	bne	a0,a5,12924 <_malloc_r+0x1d8>
   127f0:	0009a403          	lw	s0,0(s3)
   127f4:	00040793          	mv	a5,s0
   127f8:	0e079a63          	bnez	a5,128ec <_malloc_r+0x1a0>
   127fc:	10040863          	beqz	s0,1290c <_malloc_r+0x1c0>
   12800:	00042a03          	lw	s4,0(s0)
   12804:	00000593          	li	a1,0
   12808:	00090513          	mv	a0,s2
   1280c:	01440a33          	add	s4,s0,s4
   12810:	00001097          	auipc	ra,0x1
   12814:	620080e7          	jalr	1568(ra) # 13e30 <_sbrk_r>
   12818:	0eaa1a63          	bne	s4,a0,1290c <_malloc_r+0x1c0>
   1281c:	00042783          	lw	a5,0(s0)
   12820:	00090513          	mv	a0,s2
   12824:	40f484b3          	sub	s1,s1,a5
   12828:	00048593          	mv	a1,s1
   1282c:	00000097          	auipc	ra,0x0
   12830:	e88080e7          	jalr	-376(ra) # 126b4 <sbrk_aligned>
   12834:	fff00793          	li	a5,-1
   12838:	0cf50a63          	beq	a0,a5,1290c <_malloc_r+0x1c0>
   1283c:	00042783          	lw	a5,0(s0)
   12840:	009787b3          	add	a5,a5,s1
   12844:	00f42023          	sw	a5,0(s0)
   12848:	0009a783          	lw	a5,0(s3)
   1284c:	0047a703          	lw	a4,4(a5)
   12850:	0a071463          	bnez	a4,128f8 <_malloc_r+0x1ac>
   12854:	0000e797          	auipc	a5,0xe
   12858:	fc07a623          	sw	zero,-52(a5) # 20820 <__malloc_free_list>
   1285c:	0340006f          	j	12890 <_malloc_r+0x144>
   12860:	00042683          	lw	a3,0(s0)
   12864:	409686b3          	sub	a3,a3,s1
   12868:	0606cc63          	bltz	a3,128e0 <_malloc_r+0x194>
   1286c:	00b00713          	li	a4,11
   12870:	04d77c63          	bgeu	a4,a3,128c8 <_malloc_r+0x17c>
   12874:	00942023          	sw	s1,0(s0)
   12878:	00940733          	add	a4,s0,s1
   1287c:	04879263          	bne	a5,s0,128c0 <_malloc_r+0x174>
   12880:	00e9a023          	sw	a4,0(s3)
   12884:	00442783          	lw	a5,4(s0)
   12888:	00d72023          	sw	a3,0(a4)
   1288c:	00f72223          	sw	a5,4(a4)
   12890:	00090513          	mv	a0,s2
   12894:	00000097          	auipc	ra,0x0
   12898:	0a8080e7          	jalr	168(ra) # 1293c <__malloc_unlock>
   1289c:	00b40513          	addi	a0,s0,11
   128a0:	00440793          	addi	a5,s0,4
   128a4:	ff857513          	andi	a0,a0,-8
   128a8:	40f50733          	sub	a4,a0,a5
   128ac:	eef504e3          	beq	a0,a5,12794 <_malloc_r+0x48>
   128b0:	00e40433          	add	s0,s0,a4
   128b4:	40a787b3          	sub	a5,a5,a0
   128b8:	00f42023          	sw	a5,0(s0)
   128bc:	ed9ff06f          	j	12794 <_malloc_r+0x48>
   128c0:	00e7a223          	sw	a4,4(a5)
   128c4:	fc1ff06f          	j	12884 <_malloc_r+0x138>
   128c8:	00442703          	lw	a4,4(s0)
   128cc:	00879663          	bne	a5,s0,128d8 <_malloc_r+0x18c>
   128d0:	00e9a023          	sw	a4,0(s3)
   128d4:	fbdff06f          	j	12890 <_malloc_r+0x144>
   128d8:	00e7a223          	sw	a4,4(a5)
   128dc:	fb5ff06f          	j	12890 <_malloc_r+0x144>
   128e0:	00040793          	mv	a5,s0
   128e4:	00442403          	lw	s0,4(s0)
   128e8:	ee9ff06f          	j	127d0 <_malloc_r+0x84>
   128ec:	00078413          	mv	s0,a5
   128f0:	0047a783          	lw	a5,4(a5)
   128f4:	f05ff06f          	j	127f8 <_malloc_r+0xac>
   128f8:	00078713          	mv	a4,a5
   128fc:	0047a783          	lw	a5,4(a5)
   12900:	fe879ce3          	bne	a5,s0,128f8 <_malloc_r+0x1ac>
   12904:	00072223          	sw	zero,4(a4)
   12908:	f89ff06f          	j	12890 <_malloc_r+0x144>
   1290c:	00c00793          	li	a5,12
   12910:	00f92023          	sw	a5,0(s2)
   12914:	00090513          	mv	a0,s2
   12918:	00000097          	auipc	ra,0x0
   1291c:	024080e7          	jalr	36(ra) # 1293c <__malloc_unlock>
   12920:	e71ff06f          	j	12790 <_malloc_r+0x44>
   12924:	00952023          	sw	s1,0(a0)
   12928:	f69ff06f          	j	12890 <_malloc_r+0x144>

0001292c <__malloc_lock>:
   1292c:	0000e517          	auipc	a0,0xe
   12930:	ee850513          	addi	a0,a0,-280 # 20814 <__lock___malloc_recursive_mutex>
   12934:	00000317          	auipc	t1,0x0
   12938:	c7030067          	jr	-912(t1) # 125a4 <__retarget_lock_acquire_recursive>

0001293c <__malloc_unlock>:
   1293c:	0000e517          	auipc	a0,0xe
   12940:	ed850513          	addi	a0,a0,-296 # 20814 <__lock___malloc_recursive_mutex>
   12944:	00000317          	auipc	t1,0x0
   12948:	c6430067          	jr	-924(t1) # 125a8 <__retarget_lock_release_recursive>

0001294c <__sfputc_r>:
   1294c:	00862783          	lw	a5,8(a2)
   12950:	fff78793          	addi	a5,a5,-1
   12954:	00f62423          	sw	a5,8(a2)
   12958:	0007de63          	bgez	a5,12974 <__sfputc_r+0x28>
   1295c:	01862703          	lw	a4,24(a2)
   12960:	00e7c663          	blt	a5,a4,1296c <__sfputc_r+0x20>
   12964:	ff658793          	addi	a5,a1,-10
   12968:	00079663          	bnez	a5,12974 <__sfputc_r+0x28>
   1296c:	00000317          	auipc	t1,0x0
   12970:	a0030067          	jr	-1536(t1) # 1236c <__swbuf_r>
   12974:	00062783          	lw	a5,0(a2)
   12978:	00058513          	mv	a0,a1
   1297c:	00178713          	addi	a4,a5,1
   12980:	00e62023          	sw	a4,0(a2)
   12984:	00b78023          	sb	a1,0(a5)
   12988:	00008067          	ret

0001298c <__sfputs_r>:
   1298c:	fe010113          	addi	sp,sp,-32
   12990:	00812c23          	sw	s0,24(sp)
   12994:	00912a23          	sw	s1,20(sp)
   12998:	01212823          	sw	s2,16(sp)
   1299c:	01312623          	sw	s3,12(sp)
   129a0:	01412423          	sw	s4,8(sp)
   129a4:	00112e23          	sw	ra,28(sp)
   129a8:	00050993          	mv	s3,a0
   129ac:	00058a13          	mv	s4,a1
   129b0:	00060413          	mv	s0,a2
   129b4:	00d604b3          	add	s1,a2,a3
   129b8:	fff00913          	li	s2,-1
   129bc:	00941663          	bne	s0,s1,129c8 <__sfputs_r+0x3c>
   129c0:	00000513          	li	a0,0
   129c4:	0200006f          	j	129e4 <__sfputs_r+0x58>
   129c8:	00044583          	lbu	a1,0(s0)
   129cc:	000a0613          	mv	a2,s4
   129d0:	00098513          	mv	a0,s3
   129d4:	00000097          	auipc	ra,0x0
   129d8:	f78080e7          	jalr	-136(ra) # 1294c <__sfputc_r>
   129dc:	00140413          	addi	s0,s0,1
   129e0:	fd251ee3          	bne	a0,s2,129bc <__sfputs_r+0x30>
   129e4:	01c12083          	lw	ra,28(sp)
   129e8:	01812403          	lw	s0,24(sp)
   129ec:	01412483          	lw	s1,20(sp)
   129f0:	01012903          	lw	s2,16(sp)
   129f4:	00c12983          	lw	s3,12(sp)
   129f8:	00812a03          	lw	s4,8(sp)
   129fc:	02010113          	addi	sp,sp,32
   12a00:	00008067          	ret

00012a04 <_vfiprintf_r>:
   12a04:	f5010113          	addi	sp,sp,-176
   12a08:	0a812423          	sw	s0,168(sp)
   12a0c:	0a912223          	sw	s1,164(sp)
   12a10:	09312e23          	sw	s3,156(sp)
   12a14:	09412c23          	sw	s4,152(sp)
   12a18:	0a112623          	sw	ra,172(sp)
   12a1c:	0b212023          	sw	s2,160(sp)
   12a20:	09512a23          	sw	s5,148(sp)
   12a24:	09612823          	sw	s6,144(sp)
   12a28:	09712623          	sw	s7,140(sp)
   12a2c:	09812423          	sw	s8,136(sp)
   12a30:	09912223          	sw	s9,132(sp)
   12a34:	00050993          	mv	s3,a0
   12a38:	00058493          	mv	s1,a1
   12a3c:	00060413          	mv	s0,a2
   12a40:	00068a13          	mv	s4,a3
   12a44:	00050a63          	beqz	a0,12a58 <_vfiprintf_r+0x54>
   12a48:	02052783          	lw	a5,32(a0)
   12a4c:	00079663          	bnez	a5,12a58 <_vfiprintf_r+0x54>
   12a50:	00001097          	auipc	ra,0x1
   12a54:	d94080e7          	jalr	-620(ra) # 137e4 <__sinit>
   12a58:	0644a783          	lw	a5,100(s1)
   12a5c:	0017f793          	andi	a5,a5,1
   12a60:	00079e63          	bnez	a5,12a7c <_vfiprintf_r+0x78>
   12a64:	00c4d783          	lhu	a5,12(s1)
   12a68:	2007f793          	andi	a5,a5,512
   12a6c:	00079863          	bnez	a5,12a7c <_vfiprintf_r+0x78>
   12a70:	0584a503          	lw	a0,88(s1)
   12a74:	00000097          	auipc	ra,0x0
   12a78:	b30080e7          	jalr	-1232(ra) # 125a4 <__retarget_lock_acquire_recursive>
   12a7c:	00c4d783          	lhu	a5,12(s1)
   12a80:	0087f793          	andi	a5,a5,8
   12a84:	00078663          	beqz	a5,12a90 <_vfiprintf_r+0x8c>
   12a88:	0104a783          	lw	a5,16(s1)
   12a8c:	06079c63          	bnez	a5,12b04 <_vfiprintf_r+0x100>
   12a90:	00048593          	mv	a1,s1
   12a94:	00098513          	mv	a0,s3
   12a98:	00000097          	auipc	ra,0x0
   12a9c:	9e0080e7          	jalr	-1568(ra) # 12478 <__swsetup_r>
   12aa0:	06050263          	beqz	a0,12b04 <_vfiprintf_r+0x100>
   12aa4:	0644a783          	lw	a5,100(s1)
   12aa8:	0017f793          	andi	a5,a5,1
   12aac:	02078e63          	beqz	a5,12ae8 <_vfiprintf_r+0xe4>
   12ab0:	fff00513          	li	a0,-1
   12ab4:	0ac12083          	lw	ra,172(sp)
   12ab8:	0a812403          	lw	s0,168(sp)
   12abc:	0a412483          	lw	s1,164(sp)
   12ac0:	0a012903          	lw	s2,160(sp)
   12ac4:	09c12983          	lw	s3,156(sp)
   12ac8:	09812a03          	lw	s4,152(sp)
   12acc:	09412a83          	lw	s5,148(sp)
   12ad0:	09012b03          	lw	s6,144(sp)
   12ad4:	08c12b83          	lw	s7,140(sp)
   12ad8:	08812c03          	lw	s8,136(sp)
   12adc:	08412c83          	lw	s9,132(sp)
   12ae0:	0b010113          	addi	sp,sp,176
   12ae4:	00008067          	ret
   12ae8:	00c4d783          	lhu	a5,12(s1)
   12aec:	2007f793          	andi	a5,a5,512
   12af0:	fc0790e3          	bnez	a5,12ab0 <_vfiprintf_r+0xac>
   12af4:	0584a503          	lw	a0,88(s1)
   12af8:	00000097          	auipc	ra,0x0
   12afc:	ab0080e7          	jalr	-1360(ra) # 125a8 <__retarget_lock_release_recursive>
   12b00:	fb1ff06f          	j	12ab0 <_vfiprintf_r+0xac>
   12b04:	02000793          	li	a5,32
   12b08:	02f10ca3          	sb	a5,57(sp)
   12b0c:	03000793          	li	a5,48
   12b10:	01412e23          	sw	s4,28(sp)
   12b14:	02012a23          	sw	zero,52(sp)
   12b18:	02f10d23          	sb	a5,58(sp)
   12b1c:	fff00a13          	li	s4,-1
   12b20:	0000eb17          	auipc	s6,0xe
   12b24:	b58b0b13          	addi	s6,s6,-1192 # 20678 <errpat+0x64>
   12b28:	00100b93          	li	s7,1
   12b2c:	00a00a93          	li	s5,10
   12b30:	00040c13          	mv	s8,s0
   12b34:	000c4783          	lbu	a5,0(s8)
   12b38:	00f03cb3          	snez	s9,a5
   12b3c:	fdb78793          	addi	a5,a5,-37
   12b40:	00f037b3          	snez	a5,a5
   12b44:	00fcfcb3          	and	s9,s9,a5
   12b48:	0c0c9863          	bnez	s9,12c18 <_vfiprintf_r+0x214>
   12b4c:	408c06b3          	sub	a3,s8,s0
   12b50:	028c0863          	beq	s8,s0,12b80 <_vfiprintf_r+0x17c>
   12b54:	00040613          	mv	a2,s0
   12b58:	00048593          	mv	a1,s1
   12b5c:	00098513          	mv	a0,s3
   12b60:	00d12623          	sw	a3,12(sp)
   12b64:	00000097          	auipc	ra,0x0
   12b68:	e28080e7          	jalr	-472(ra) # 1298c <__sfputs_r>
   12b6c:	25450863          	beq	a0,s4,12dbc <_vfiprintf_r+0x3b8>
   12b70:	03412783          	lw	a5,52(sp)
   12b74:	00c12683          	lw	a3,12(sp)
   12b78:	00d787b3          	add	a5,a5,a3
   12b7c:	02f12a23          	sw	a5,52(sp)
   12b80:	000c4783          	lbu	a5,0(s8)
   12b84:	22078c63          	beqz	a5,12dbc <_vfiprintf_r+0x3b8>
   12b88:	001c0413          	addi	s0,s8,1
   12b8c:	02012023          	sw	zero,32(sp)
   12b90:	02012623          	sw	zero,44(sp)
   12b94:	03412223          	sw	s4,36(sp)
   12b98:	02012423          	sw	zero,40(sp)
   12b9c:	060101a3          	sb	zero,99(sp)
   12ba0:	06012c23          	sw	zero,120(sp)
   12ba4:	00044583          	lbu	a1,0(s0)
   12ba8:	00500613          	li	a2,5
   12bac:	0000e517          	auipc	a0,0xe
   12bb0:	acc50513          	addi	a0,a0,-1332 # 20678 <errpat+0x64>
   12bb4:	00001097          	auipc	ra,0x1
   12bb8:	0c8080e7          	jalr	200(ra) # 13c7c <memchr>
   12bbc:	02012783          	lw	a5,32(sp)
   12bc0:	00140693          	addi	a3,s0,1
   12bc4:	04051e63          	bnez	a0,12c20 <_vfiprintf_r+0x21c>
   12bc8:	0107f713          	andi	a4,a5,16
   12bcc:	00070663          	beqz	a4,12bd8 <_vfiprintf_r+0x1d4>
   12bd0:	02000713          	li	a4,32
   12bd4:	06e101a3          	sb	a4,99(sp)
   12bd8:	0087f713          	andi	a4,a5,8
   12bdc:	00070663          	beqz	a4,12be8 <_vfiprintf_r+0x1e4>
   12be0:	02b00713          	li	a4,43
   12be4:	06e101a3          	sb	a4,99(sp)
   12be8:	00044603          	lbu	a2,0(s0)
   12bec:	02a00713          	li	a4,42
   12bf0:	04e60463          	beq	a2,a4,12c38 <_vfiprintf_r+0x234>
   12bf4:	02c12783          	lw	a5,44(sp)
   12bf8:	00000693          	li	a3,0
   12bfc:	00900613          	li	a2,9
   12c00:	00044703          	lbu	a4,0(s0)
   12c04:	fd070713          	addi	a4,a4,-48
   12c08:	08e67e63          	bgeu	a2,a4,12ca4 <_vfiprintf_r+0x2a0>
   12c0c:	04068463          	beqz	a3,12c54 <_vfiprintf_r+0x250>
   12c10:	02f12623          	sw	a5,44(sp)
   12c14:	0400006f          	j	12c54 <_vfiprintf_r+0x250>
   12c18:	001c0c13          	addi	s8,s8,1
   12c1c:	f19ff06f          	j	12b34 <_vfiprintf_r+0x130>
   12c20:	41650533          	sub	a0,a0,s6
   12c24:	00ab9533          	sll	a0,s7,a0
   12c28:	00f56533          	or	a0,a0,a5
   12c2c:	02a12023          	sw	a0,32(sp)
   12c30:	00068413          	mv	s0,a3
   12c34:	f71ff06f          	j	12ba4 <_vfiprintf_r+0x1a0>
   12c38:	01c12703          	lw	a4,28(sp)
   12c3c:	00470613          	addi	a2,a4,4
   12c40:	00072703          	lw	a4,0(a4)
   12c44:	00c12e23          	sw	a2,28(sp)
   12c48:	04074463          	bltz	a4,12c90 <_vfiprintf_r+0x28c>
   12c4c:	02e12623          	sw	a4,44(sp)
   12c50:	00068413          	mv	s0,a3
   12c54:	00044703          	lbu	a4,0(s0)
   12c58:	02e00793          	li	a5,46
   12c5c:	06f71e63          	bne	a4,a5,12cd8 <_vfiprintf_r+0x2d4>
   12c60:	00144703          	lbu	a4,1(s0)
   12c64:	02a00793          	li	a5,42
   12c68:	04f71863          	bne	a4,a5,12cb8 <_vfiprintf_r+0x2b4>
   12c6c:	01c12783          	lw	a5,28(sp)
   12c70:	00240413          	addi	s0,s0,2
   12c74:	00478713          	addi	a4,a5,4
   12c78:	0007a783          	lw	a5,0(a5)
   12c7c:	00e12e23          	sw	a4,28(sp)
   12c80:	0007d463          	bgez	a5,12c88 <_vfiprintf_r+0x284>
   12c84:	fff00793          	li	a5,-1
   12c88:	02f12223          	sw	a5,36(sp)
   12c8c:	04c0006f          	j	12cd8 <_vfiprintf_r+0x2d4>
   12c90:	40e00733          	neg	a4,a4
   12c94:	0027e793          	ori	a5,a5,2
   12c98:	02e12623          	sw	a4,44(sp)
   12c9c:	02f12023          	sw	a5,32(sp)
   12ca0:	fb1ff06f          	j	12c50 <_vfiprintf_r+0x24c>
   12ca4:	035787b3          	mul	a5,a5,s5
   12ca8:	00140413          	addi	s0,s0,1
   12cac:	00100693          	li	a3,1
   12cb0:	00e787b3          	add	a5,a5,a4
   12cb4:	f4dff06f          	j	12c00 <_vfiprintf_r+0x1fc>
   12cb8:	00140413          	addi	s0,s0,1
   12cbc:	02012223          	sw	zero,36(sp)
   12cc0:	00000793          	li	a5,0
   12cc4:	00900693          	li	a3,9
   12cc8:	00044703          	lbu	a4,0(s0)
   12ccc:	fd070713          	addi	a4,a4,-48
   12cd0:	0ae6f063          	bgeu	a3,a4,12d70 <_vfiprintf_r+0x36c>
   12cd4:	fa0c9ae3          	bnez	s9,12c88 <_vfiprintf_r+0x284>
   12cd8:	00044583          	lbu	a1,0(s0)
   12cdc:	00300613          	li	a2,3
   12ce0:	0000e517          	auipc	a0,0xe
   12ce4:	9a050513          	addi	a0,a0,-1632 # 20680 <errpat+0x6c>
   12ce8:	00001097          	auipc	ra,0x1
   12cec:	f94080e7          	jalr	-108(ra) # 13c7c <memchr>
   12cf0:	02050463          	beqz	a0,12d18 <_vfiprintf_r+0x314>
   12cf4:	0000e797          	auipc	a5,0xe
   12cf8:	98c78793          	addi	a5,a5,-1652 # 20680 <errpat+0x6c>
   12cfc:	40f50533          	sub	a0,a0,a5
   12d00:	02012783          	lw	a5,32(sp)
   12d04:	04000713          	li	a4,64
   12d08:	00a71733          	sll	a4,a4,a0
   12d0c:	00e7e7b3          	or	a5,a5,a4
   12d10:	00140413          	addi	s0,s0,1
   12d14:	02f12023          	sw	a5,32(sp)
   12d18:	00044583          	lbu	a1,0(s0)
   12d1c:	00600613          	li	a2,6
   12d20:	0000e517          	auipc	a0,0xe
   12d24:	96450513          	addi	a0,a0,-1692 # 20684 <errpat+0x70>
   12d28:	02b10c23          	sb	a1,56(sp)
   12d2c:	00001097          	auipc	ra,0x1
   12d30:	f50080e7          	jalr	-176(ra) # 13c7c <memchr>
   12d34:	0c050063          	beqz	a0,12df4 <_vfiprintf_r+0x3f0>
   12d38:	fffed797          	auipc	a5,0xfffed
   12d3c:	2c878793          	addi	a5,a5,712 # 0 <__STACK_SIZE-0x1000>
   12d40:	04079a63          	bnez	a5,12d94 <_vfiprintf_r+0x390>
   12d44:	02012703          	lw	a4,32(sp)
   12d48:	01c12783          	lw	a5,28(sp)
   12d4c:	10077713          	andi	a4,a4,256
   12d50:	02070a63          	beqz	a4,12d84 <_vfiprintf_r+0x380>
   12d54:	00478793          	addi	a5,a5,4
   12d58:	00f12e23          	sw	a5,28(sp)
   12d5c:	03412783          	lw	a5,52(sp)
   12d60:	00140413          	addi	s0,s0,1
   12d64:	012787b3          	add	a5,a5,s2
   12d68:	02f12a23          	sw	a5,52(sp)
   12d6c:	dc5ff06f          	j	12b30 <_vfiprintf_r+0x12c>
   12d70:	035787b3          	mul	a5,a5,s5
   12d74:	00140413          	addi	s0,s0,1
   12d78:	00100c93          	li	s9,1
   12d7c:	00e787b3          	add	a5,a5,a4
   12d80:	f49ff06f          	j	12cc8 <_vfiprintf_r+0x2c4>
   12d84:	00778793          	addi	a5,a5,7
   12d88:	ff87f793          	andi	a5,a5,-8
   12d8c:	00878793          	addi	a5,a5,8
   12d90:	fc9ff06f          	j	12d58 <_vfiprintf_r+0x354>
   12d94:	01c10713          	addi	a4,sp,28
   12d98:	00000697          	auipc	a3,0x0
   12d9c:	bf468693          	addi	a3,a3,-1036 # 1298c <__sfputs_r>
   12da0:	00048613          	mv	a2,s1
   12da4:	02010593          	addi	a1,sp,32
   12da8:	00098513          	mv	a0,s3
   12dac:	00000097          	auipc	ra,0x0
   12db0:	000000e7          	jalr	zero # 0 <__STACK_SIZE-0x1000>
   12db4:	00050913          	mv	s2,a0
   12db8:	fb4512e3          	bne	a0,s4,12d5c <_vfiprintf_r+0x358>
   12dbc:	0644a783          	lw	a5,100(s1)
   12dc0:	0017f793          	andi	a5,a5,1
   12dc4:	00079e63          	bnez	a5,12de0 <_vfiprintf_r+0x3dc>
   12dc8:	00c4d783          	lhu	a5,12(s1)
   12dcc:	2007f793          	andi	a5,a5,512
   12dd0:	00079863          	bnez	a5,12de0 <_vfiprintf_r+0x3dc>
   12dd4:	0584a503          	lw	a0,88(s1)
   12dd8:	fffff097          	auipc	ra,0xfffff
   12ddc:	7d0080e7          	jalr	2000(ra) # 125a8 <__retarget_lock_release_recursive>
   12de0:	00c4d783          	lhu	a5,12(s1)
   12de4:	0407f793          	andi	a5,a5,64
   12de8:	cc0794e3          	bnez	a5,12ab0 <_vfiprintf_r+0xac>
   12dec:	03412503          	lw	a0,52(sp)
   12df0:	cc5ff06f          	j	12ab4 <_vfiprintf_r+0xb0>
   12df4:	01c10713          	addi	a4,sp,28
   12df8:	00000697          	auipc	a3,0x0
   12dfc:	b9468693          	addi	a3,a3,-1132 # 1298c <__sfputs_r>
   12e00:	00048613          	mv	a2,s1
   12e04:	02010593          	addi	a1,sp,32
   12e08:	00098513          	mv	a0,s3
   12e0c:	00000097          	auipc	ra,0x0
   12e10:	1c0080e7          	jalr	448(ra) # 12fcc <_printf_i>
   12e14:	fa1ff06f          	j	12db4 <_vfiprintf_r+0x3b0>

00012e18 <_printf_common>:
   12e18:	fd010113          	addi	sp,sp,-48
   12e1c:	01312e23          	sw	s3,28(sp)
   12e20:	0105a783          	lw	a5,16(a1)
   12e24:	00070993          	mv	s3,a4
   12e28:	0085a703          	lw	a4,8(a1)
   12e2c:	02812423          	sw	s0,40(sp)
   12e30:	03212023          	sw	s2,32(sp)
   12e34:	01612823          	sw	s6,16(sp)
   12e38:	01712623          	sw	s7,12(sp)
   12e3c:	02112623          	sw	ra,44(sp)
   12e40:	02912223          	sw	s1,36(sp)
   12e44:	01412c23          	sw	s4,24(sp)
   12e48:	01512a23          	sw	s5,20(sp)
   12e4c:	00050b13          	mv	s6,a0
   12e50:	00058413          	mv	s0,a1
   12e54:	00060913          	mv	s2,a2
   12e58:	00068b93          	mv	s7,a3
   12e5c:	00e7d463          	bge	a5,a4,12e64 <_printf_common+0x4c>
   12e60:	00070793          	mv	a5,a4
   12e64:	00f92023          	sw	a5,0(s2)
   12e68:	04344703          	lbu	a4,67(s0)
   12e6c:	00070663          	beqz	a4,12e78 <_printf_common+0x60>
   12e70:	00178793          	addi	a5,a5,1
   12e74:	00f92023          	sw	a5,0(s2)
   12e78:	00042783          	lw	a5,0(s0)
   12e7c:	0207f793          	andi	a5,a5,32
   12e80:	00078863          	beqz	a5,12e90 <_printf_common+0x78>
   12e84:	00092783          	lw	a5,0(s2)
   12e88:	00278793          	addi	a5,a5,2
   12e8c:	00f92023          	sw	a5,0(s2)
   12e90:	00042483          	lw	s1,0(s0)
   12e94:	0064f493          	andi	s1,s1,6
   12e98:	00049e63          	bnez	s1,12eb4 <_printf_common+0x9c>
   12e9c:	01940a13          	addi	s4,s0,25
   12ea0:	fff00a93          	li	s5,-1
   12ea4:	00c42783          	lw	a5,12(s0)
   12ea8:	00092703          	lw	a4,0(s2)
   12eac:	40e787b3          	sub	a5,a5,a4
   12eb0:	08f4c463          	blt	s1,a5,12f38 <_printf_common+0x120>
   12eb4:	00042783          	lw	a5,0(s0)
   12eb8:	04344683          	lbu	a3,67(s0)
   12ebc:	0207f793          	andi	a5,a5,32
   12ec0:	00d036b3          	snez	a3,a3
   12ec4:	0c079263          	bnez	a5,12f88 <_printf_common+0x170>
   12ec8:	04340613          	addi	a2,s0,67
   12ecc:	000b8593          	mv	a1,s7
   12ed0:	000b0513          	mv	a0,s6
   12ed4:	000980e7          	jalr	s3
   12ed8:	fff00793          	li	a5,-1
   12edc:	06f50a63          	beq	a0,a5,12f50 <_printf_common+0x138>
   12ee0:	00042783          	lw	a5,0(s0)
   12ee4:	00400713          	li	a4,4
   12ee8:	00000493          	li	s1,0
   12eec:	0067f793          	andi	a5,a5,6
   12ef0:	00e79e63          	bne	a5,a4,12f0c <_printf_common+0xf4>
   12ef4:	00092783          	lw	a5,0(s2)
   12ef8:	00c42483          	lw	s1,12(s0)
   12efc:	40f484b3          	sub	s1,s1,a5
   12f00:	fff4c793          	not	a5,s1
   12f04:	41f7d793          	srai	a5,a5,0x1f
   12f08:	00f4f4b3          	and	s1,s1,a5
   12f0c:	00842783          	lw	a5,8(s0)
   12f10:	01042703          	lw	a4,16(s0)
   12f14:	00f75663          	bge	a4,a5,12f20 <_printf_common+0x108>
   12f18:	40e787b3          	sub	a5,a5,a4
   12f1c:	00f484b3          	add	s1,s1,a5
   12f20:	00000913          	li	s2,0
   12f24:	01a40413          	addi	s0,s0,26
   12f28:	fff00a13          	li	s4,-1
   12f2c:	09249063          	bne	s1,s2,12fac <_printf_common+0x194>
   12f30:	00000513          	li	a0,0
   12f34:	0200006f          	j	12f54 <_printf_common+0x13c>
   12f38:	00100693          	li	a3,1
   12f3c:	000a0613          	mv	a2,s4
   12f40:	000b8593          	mv	a1,s7
   12f44:	000b0513          	mv	a0,s6
   12f48:	000980e7          	jalr	s3
   12f4c:	03551a63          	bne	a0,s5,12f80 <_printf_common+0x168>
   12f50:	fff00513          	li	a0,-1
   12f54:	02c12083          	lw	ra,44(sp)
   12f58:	02812403          	lw	s0,40(sp)
   12f5c:	02412483          	lw	s1,36(sp)
   12f60:	02012903          	lw	s2,32(sp)
   12f64:	01c12983          	lw	s3,28(sp)
   12f68:	01812a03          	lw	s4,24(sp)
   12f6c:	01412a83          	lw	s5,20(sp)
   12f70:	01012b03          	lw	s6,16(sp)
   12f74:	00c12b83          	lw	s7,12(sp)
   12f78:	03010113          	addi	sp,sp,48
   12f7c:	00008067          	ret
   12f80:	00148493          	addi	s1,s1,1
   12f84:	f21ff06f          	j	12ea4 <_printf_common+0x8c>
   12f88:	00d40733          	add	a4,s0,a3
   12f8c:	03000613          	li	a2,48
   12f90:	04c701a3          	sb	a2,67(a4)
   12f94:	04544703          	lbu	a4,69(s0)
   12f98:	00168793          	addi	a5,a3,1
   12f9c:	00f407b3          	add	a5,s0,a5
   12fa0:	00268693          	addi	a3,a3,2
   12fa4:	04e781a3          	sb	a4,67(a5)
   12fa8:	f21ff06f          	j	12ec8 <_printf_common+0xb0>
   12fac:	00100693          	li	a3,1
   12fb0:	00040613          	mv	a2,s0
   12fb4:	000b8593          	mv	a1,s7
   12fb8:	000b0513          	mv	a0,s6
   12fbc:	000980e7          	jalr	s3
   12fc0:	f94508e3          	beq	a0,s4,12f50 <_printf_common+0x138>
   12fc4:	00190913          	addi	s2,s2,1
   12fc8:	f65ff06f          	j	12f2c <_printf_common+0x114>

00012fcc <_printf_i>:
   12fcc:	fc010113          	addi	sp,sp,-64
   12fd0:	02812c23          	sw	s0,56(sp)
   12fd4:	02912a23          	sw	s1,52(sp)
   12fd8:	03412423          	sw	s4,40(sp)
   12fdc:	03512223          	sw	s5,36(sp)
   12fe0:	02112e23          	sw	ra,60(sp)
   12fe4:	03212823          	sw	s2,48(sp)
   12fe8:	03312623          	sw	s3,44(sp)
   12fec:	0185c783          	lbu	a5,24(a1)
   12ff0:	00068493          	mv	s1,a3
   12ff4:	07800693          	li	a3,120
   12ff8:	00050a13          	mv	s4,a0
   12ffc:	00058413          	mv	s0,a1
   13000:	00060a93          	mv	s5,a2
   13004:	02f6e263          	bltu	a3,a5,13028 <_printf_i+0x5c>
   13008:	06200693          	li	a3,98
   1300c:	04358613          	addi	a2,a1,67
   13010:	02f6e063          	bltu	a3,a5,13030 <_printf_i+0x64>
   13014:	28078863          	beqz	a5,132a4 <_printf_i+0x2d8>
   13018:	05800593          	li	a1,88
   1301c:	0000d697          	auipc	a3,0xd
   13020:	67068693          	addi	a3,a3,1648 # 2068c <errpat+0x78>
   13024:	1cb78c63          	beq	a5,a1,131fc <_printf_i+0x230>
   13028:	04240913          	addi	s2,s0,66
   1302c:	0440006f          	j	13070 <_printf_i+0xa4>
   13030:	f9d78693          	addi	a3,a5,-99
   13034:	0ff6f693          	zext.b	a3,a3
   13038:	01500593          	li	a1,21
   1303c:	fed5e6e3          	bltu	a1,a3,13028 <_printf_i+0x5c>
   13040:	0000d597          	auipc	a1,0xd
   13044:	67458593          	addi	a1,a1,1652 # 206b4 <errpat+0xa0>
   13048:	00269693          	slli	a3,a3,0x2
   1304c:	00b686b3          	add	a3,a3,a1
   13050:	0006a683          	lw	a3,0(a3)
   13054:	00b686b3          	add	a3,a3,a1
   13058:	00068067          	jr	a3
   1305c:	00072783          	lw	a5,0(a4)
   13060:	04240913          	addi	s2,s0,66
   13064:	00478693          	addi	a3,a5,4
   13068:	0007a783          	lw	a5,0(a5)
   1306c:	00d72023          	sw	a3,0(a4)
   13070:	04f40123          	sb	a5,66(s0)
   13074:	00100793          	li	a5,1
   13078:	26c0006f          	j	132e4 <_printf_i+0x318>
   1307c:	00042783          	lw	a5,0(s0)
   13080:	00072503          	lw	a0,0(a4)
   13084:	0807f693          	andi	a3,a5,128
   13088:	00450593          	addi	a1,a0,4
   1308c:	02068663          	beqz	a3,130b8 <_printf_i+0xec>
   13090:	00052783          	lw	a5,0(a0)
   13094:	00b72023          	sw	a1,0(a4)
   13098:	0007d863          	bgez	a5,130a8 <_printf_i+0xdc>
   1309c:	02d00713          	li	a4,45
   130a0:	40f007b3          	neg	a5,a5
   130a4:	04e401a3          	sb	a4,67(s0)
   130a8:	0000d697          	auipc	a3,0xd
   130ac:	5e468693          	addi	a3,a3,1508 # 2068c <errpat+0x78>
   130b0:	00a00713          	li	a4,10
   130b4:	0680006f          	j	1311c <_printf_i+0x150>
   130b8:	0407f693          	andi	a3,a5,64
   130bc:	00052783          	lw	a5,0(a0)
   130c0:	00b72023          	sw	a1,0(a4)
   130c4:	fc068ae3          	beqz	a3,13098 <_printf_i+0xcc>
   130c8:	01079793          	slli	a5,a5,0x10
   130cc:	4107d793          	srai	a5,a5,0x10
   130d0:	fc9ff06f          	j	13098 <_printf_i+0xcc>
   130d4:	00042583          	lw	a1,0(s0)
   130d8:	00072683          	lw	a3,0(a4)
   130dc:	0805f513          	andi	a0,a1,128
   130e0:	0006a783          	lw	a5,0(a3)
   130e4:	00468693          	addi	a3,a3,4
   130e8:	00051a63          	bnez	a0,130fc <_printf_i+0x130>
   130ec:	0405f593          	andi	a1,a1,64
   130f0:	00058663          	beqz	a1,130fc <_printf_i+0x130>
   130f4:	01079793          	slli	a5,a5,0x10
   130f8:	0107d793          	srli	a5,a5,0x10
   130fc:	00d72023          	sw	a3,0(a4)
   13100:	01844683          	lbu	a3,24(s0)
   13104:	06f00713          	li	a4,111
   13108:	14e69863          	bne	a3,a4,13258 <_printf_i+0x28c>
   1310c:	0000d697          	auipc	a3,0xd
   13110:	58068693          	addi	a3,a3,1408 # 2068c <errpat+0x78>
   13114:	00800713          	li	a4,8
   13118:	040401a3          	sb	zero,67(s0)
   1311c:	00442583          	lw	a1,4(s0)
   13120:	00b42423          	sw	a1,8(s0)
   13124:	0005ce63          	bltz	a1,13140 <_printf_i+0x174>
   13128:	00042503          	lw	a0,0(s0)
   1312c:	00b7e5b3          	or	a1,a5,a1
   13130:	00060913          	mv	s2,a2
   13134:	ffb57513          	andi	a0,a0,-5
   13138:	00a42023          	sw	a0,0(s0)
   1313c:	02058463          	beqz	a1,13164 <_printf_i+0x198>
   13140:	00060913          	mv	s2,a2
   13144:	02e7f5b3          	remu	a1,a5,a4
   13148:	fff90913          	addi	s2,s2,-1
   1314c:	00b685b3          	add	a1,a3,a1
   13150:	0005c583          	lbu	a1,0(a1)
   13154:	00b90023          	sb	a1,0(s2)
   13158:	00078593          	mv	a1,a5
   1315c:	02e7d7b3          	divu	a5,a5,a4
   13160:	fee5f2e3          	bgeu	a1,a4,13144 <_printf_i+0x178>
   13164:	00800793          	li	a5,8
   13168:	02f71463          	bne	a4,a5,13190 <_printf_i+0x1c4>
   1316c:	00042783          	lw	a5,0(s0)
   13170:	0017f793          	andi	a5,a5,1
   13174:	00078e63          	beqz	a5,13190 <_printf_i+0x1c4>
   13178:	00442703          	lw	a4,4(s0)
   1317c:	01042783          	lw	a5,16(s0)
   13180:	00e7c863          	blt	a5,a4,13190 <_printf_i+0x1c4>
   13184:	03000793          	li	a5,48
   13188:	fef90fa3          	sb	a5,-1(s2)
   1318c:	fff90913          	addi	s2,s2,-1
   13190:	41260633          	sub	a2,a2,s2
   13194:	00c42823          	sw	a2,16(s0)
   13198:	00048713          	mv	a4,s1
   1319c:	000a8693          	mv	a3,s5
   131a0:	01c10613          	addi	a2,sp,28
   131a4:	00040593          	mv	a1,s0
   131a8:	000a0513          	mv	a0,s4
   131ac:	00000097          	auipc	ra,0x0
   131b0:	c6c080e7          	jalr	-916(ra) # 12e18 <_printf_common>
   131b4:	fff00993          	li	s3,-1
   131b8:	13351c63          	bne	a0,s3,132f0 <_printf_i+0x324>
   131bc:	fff00513          	li	a0,-1
   131c0:	03c12083          	lw	ra,60(sp)
   131c4:	03812403          	lw	s0,56(sp)
   131c8:	03412483          	lw	s1,52(sp)
   131cc:	03012903          	lw	s2,48(sp)
   131d0:	02c12983          	lw	s3,44(sp)
   131d4:	02812a03          	lw	s4,40(sp)
   131d8:	02412a83          	lw	s5,36(sp)
   131dc:	04010113          	addi	sp,sp,64
   131e0:	00008067          	ret
   131e4:	00042783          	lw	a5,0(s0)
   131e8:	0207e793          	ori	a5,a5,32
   131ec:	00f42023          	sw	a5,0(s0)
   131f0:	07800793          	li	a5,120
   131f4:	0000d697          	auipc	a3,0xd
   131f8:	4ac68693          	addi	a3,a3,1196 # 206a0 <errpat+0x8c>
   131fc:	04f402a3          	sb	a5,69(s0)
   13200:	00042583          	lw	a1,0(s0)
   13204:	00072503          	lw	a0,0(a4)
   13208:	0805f813          	andi	a6,a1,128
   1320c:	00052783          	lw	a5,0(a0)
   13210:	00450513          	addi	a0,a0,4
   13214:	00081a63          	bnez	a6,13228 <_printf_i+0x25c>
   13218:	0405f813          	andi	a6,a1,64
   1321c:	00080663          	beqz	a6,13228 <_printf_i+0x25c>
   13220:	01079793          	slli	a5,a5,0x10
   13224:	0107d793          	srli	a5,a5,0x10
   13228:	00a72023          	sw	a0,0(a4)
   1322c:	0015f713          	andi	a4,a1,1
   13230:	00070663          	beqz	a4,1323c <_printf_i+0x270>
   13234:	0205e593          	ori	a1,a1,32
   13238:	00b42023          	sw	a1,0(s0)
   1323c:	00078663          	beqz	a5,13248 <_printf_i+0x27c>
   13240:	01000713          	li	a4,16
   13244:	ed5ff06f          	j	13118 <_printf_i+0x14c>
   13248:	00042703          	lw	a4,0(s0)
   1324c:	fdf77713          	andi	a4,a4,-33
   13250:	00e42023          	sw	a4,0(s0)
   13254:	fedff06f          	j	13240 <_printf_i+0x274>
   13258:	0000d697          	auipc	a3,0xd
   1325c:	43468693          	addi	a3,a3,1076 # 2068c <errpat+0x78>
   13260:	00a00713          	li	a4,10
   13264:	eb5ff06f          	j	13118 <_printf_i+0x14c>
   13268:	00042683          	lw	a3,0(s0)
   1326c:	00072783          	lw	a5,0(a4)
   13270:	01442583          	lw	a1,20(s0)
   13274:	0806f813          	andi	a6,a3,128
   13278:	00478513          	addi	a0,a5,4
   1327c:	00080a63          	beqz	a6,13290 <_printf_i+0x2c4>
   13280:	00a72023          	sw	a0,0(a4)
   13284:	0007a783          	lw	a5,0(a5)
   13288:	00b7a023          	sw	a1,0(a5)
   1328c:	0180006f          	j	132a4 <_printf_i+0x2d8>
   13290:	00a72023          	sw	a0,0(a4)
   13294:	0406f693          	andi	a3,a3,64
   13298:	0007a783          	lw	a5,0(a5)
   1329c:	fe0686e3          	beqz	a3,13288 <_printf_i+0x2bc>
   132a0:	00b79023          	sh	a1,0(a5)
   132a4:	00042823          	sw	zero,16(s0)
   132a8:	00060913          	mv	s2,a2
   132ac:	eedff06f          	j	13198 <_printf_i+0x1cc>
   132b0:	00072783          	lw	a5,0(a4)
   132b4:	00442603          	lw	a2,4(s0)
   132b8:	00000593          	li	a1,0
   132bc:	00478693          	addi	a3,a5,4
   132c0:	00d72023          	sw	a3,0(a4)
   132c4:	0007a903          	lw	s2,0(a5)
   132c8:	00090513          	mv	a0,s2
   132cc:	00001097          	auipc	ra,0x1
   132d0:	9b0080e7          	jalr	-1616(ra) # 13c7c <memchr>
   132d4:	00050663          	beqz	a0,132e0 <_printf_i+0x314>
   132d8:	41250533          	sub	a0,a0,s2
   132dc:	00a42223          	sw	a0,4(s0)
   132e0:	00442783          	lw	a5,4(s0)
   132e4:	00f42823          	sw	a5,16(s0)
   132e8:	040401a3          	sb	zero,67(s0)
   132ec:	eadff06f          	j	13198 <_printf_i+0x1cc>
   132f0:	01042683          	lw	a3,16(s0)
   132f4:	00090613          	mv	a2,s2
   132f8:	000a8593          	mv	a1,s5
   132fc:	000a0513          	mv	a0,s4
   13300:	000480e7          	jalr	s1
   13304:	eb350ce3          	beq	a0,s3,131bc <_printf_i+0x1f0>
   13308:	00042783          	lw	a5,0(s0)
   1330c:	0027f793          	andi	a5,a5,2
   13310:	04079663          	bnez	a5,1335c <_printf_i+0x390>
   13314:	01c12783          	lw	a5,28(sp)
   13318:	00c42503          	lw	a0,12(s0)
   1331c:	eaf552e3          	bge	a0,a5,131c0 <_printf_i+0x1f4>
   13320:	00078513          	mv	a0,a5
   13324:	e9dff06f          	j	131c0 <_printf_i+0x1f4>
   13328:	00100693          	li	a3,1
   1332c:	000a8593          	mv	a1,s5
   13330:	000a0513          	mv	a0,s4
   13334:	00c12623          	sw	a2,12(sp)
   13338:	000480e7          	jalr	s1
   1333c:	e93500e3          	beq	a0,s3,131bc <_printf_i+0x1f0>
   13340:	00c12603          	lw	a2,12(sp)
   13344:	00190913          	addi	s2,s2,1
   13348:	00c42783          	lw	a5,12(s0)
   1334c:	01c12703          	lw	a4,28(sp)
   13350:	40e787b3          	sub	a5,a5,a4
   13354:	fcf94ae3          	blt	s2,a5,13328 <_printf_i+0x35c>
   13358:	fbdff06f          	j	13314 <_printf_i+0x348>
   1335c:	00000913          	li	s2,0
   13360:	01940613          	addi	a2,s0,25
   13364:	fe5ff06f          	j	13348 <_printf_i+0x37c>

00013368 <__sflush_r>:
   13368:	00c59783          	lh	a5,12(a1)
   1336c:	fe010113          	addi	sp,sp,-32
   13370:	00812c23          	sw	s0,24(sp)
   13374:	00912a23          	sw	s1,20(sp)
   13378:	00112e23          	sw	ra,28(sp)
   1337c:	01212823          	sw	s2,16(sp)
   13380:	0087f713          	andi	a4,a5,8
   13384:	00050493          	mv	s1,a0
   13388:	00058413          	mv	s0,a1
   1338c:	12071463          	bnez	a4,134b4 <__sflush_r+0x14c>
   13390:	0045a703          	lw	a4,4(a1)
   13394:	00e04663          	bgtz	a4,133a0 <__sflush_r+0x38>
   13398:	0405a703          	lw	a4,64(a1)
   1339c:	10e05863          	blez	a4,134ac <__sflush_r+0x144>
   133a0:	02c42703          	lw	a4,44(s0)
   133a4:	10070463          	beqz	a4,134ac <__sflush_r+0x144>
   133a8:	0004a903          	lw	s2,0(s1)
   133ac:	01379693          	slli	a3,a5,0x13
   133b0:	0004a023          	sw	zero,0(s1)
   133b4:	0a06de63          	bgez	a3,13470 <__sflush_r+0x108>
   133b8:	05442603          	lw	a2,84(s0)
   133bc:	00c45783          	lhu	a5,12(s0)
   133c0:	0047f793          	andi	a5,a5,4
   133c4:	00078e63          	beqz	a5,133e0 <__sflush_r+0x78>
   133c8:	00442783          	lw	a5,4(s0)
   133cc:	40f60633          	sub	a2,a2,a5
   133d0:	03442783          	lw	a5,52(s0)
   133d4:	00078663          	beqz	a5,133e0 <__sflush_r+0x78>
   133d8:	04042783          	lw	a5,64(s0)
   133dc:	40f60633          	sub	a2,a2,a5
   133e0:	02c42783          	lw	a5,44(s0)
   133e4:	02042583          	lw	a1,32(s0)
   133e8:	00000693          	li	a3,0
   133ec:	00048513          	mv	a0,s1
   133f0:	000780e7          	jalr	a5
   133f4:	fff00713          	li	a4,-1
   133f8:	00c41783          	lh	a5,12(s0)
   133fc:	02e51263          	bne	a0,a4,13420 <__sflush_r+0xb8>
   13400:	0004a683          	lw	a3,0(s1)
   13404:	01d00713          	li	a4,29
   13408:	0ed76e63          	bltu	a4,a3,13504 <__sflush_r+0x19c>
   1340c:	20400737          	lui	a4,0x20400
   13410:	00170713          	addi	a4,a4,1 # 20400001 <__stack_top__+0x203d0001>
   13414:	00d75733          	srl	a4,a4,a3
   13418:	00177713          	andi	a4,a4,1
   1341c:	0e070463          	beqz	a4,13504 <__sflush_r+0x19c>
   13420:	01042703          	lw	a4,16(s0)
   13424:	00042223          	sw	zero,4(s0)
   13428:	00e42023          	sw	a4,0(s0)
   1342c:	01379713          	slli	a4,a5,0x13
   13430:	00075c63          	bgez	a4,13448 <__sflush_r+0xe0>
   13434:	fff00793          	li	a5,-1
   13438:	00f51663          	bne	a0,a5,13444 <__sflush_r+0xdc>
   1343c:	0004a783          	lw	a5,0(s1)
   13440:	00079463          	bnez	a5,13448 <__sflush_r+0xe0>
   13444:	04a42a23          	sw	a0,84(s0)
   13448:	03442583          	lw	a1,52(s0)
   1344c:	0124a023          	sw	s2,0(s1)
   13450:	04058e63          	beqz	a1,134ac <__sflush_r+0x144>
   13454:	04440793          	addi	a5,s0,68
   13458:	00f58863          	beq	a1,a5,13468 <__sflush_r+0x100>
   1345c:	00048513          	mv	a0,s1
   13460:	fffff097          	auipc	ra,0xfffff
   13464:	14c080e7          	jalr	332(ra) # 125ac <_free_r>
   13468:	02042a23          	sw	zero,52(s0)
   1346c:	0400006f          	j	134ac <__sflush_r+0x144>
   13470:	02042583          	lw	a1,32(s0)
   13474:	00000613          	li	a2,0
   13478:	00100693          	li	a3,1
   1347c:	00048513          	mv	a0,s1
   13480:	000700e7          	jalr	a4
   13484:	fff00793          	li	a5,-1
   13488:	00050613          	mv	a2,a0
   1348c:	f2f518e3          	bne	a0,a5,133bc <__sflush_r+0x54>
   13490:	0004a783          	lw	a5,0(s1)
   13494:	f20784e3          	beqz	a5,133bc <__sflush_r+0x54>
   13498:	fe378713          	addi	a4,a5,-29
   1349c:	00070663          	beqz	a4,134a8 <__sflush_r+0x140>
   134a0:	fea78793          	addi	a5,a5,-22
   134a4:	04079e63          	bnez	a5,13500 <__sflush_r+0x198>
   134a8:	0124a023          	sw	s2,0(s1)
   134ac:	00000513          	li	a0,0
   134b0:	0600006f          	j	13510 <__sflush_r+0x1a8>
   134b4:	0105a603          	lw	a2,16(a1)
   134b8:	fe060ae3          	beqz	a2,134ac <__sflush_r+0x144>
   134bc:	0005a683          	lw	a3,0(a1)
   134c0:	0037f793          	andi	a5,a5,3
   134c4:	00c5a023          	sw	a2,0(a1)
   134c8:	40c68933          	sub	s2,a3,a2
   134cc:	00000713          	li	a4,0
   134d0:	00079463          	bnez	a5,134d8 <__sflush_r+0x170>
   134d4:	0145a703          	lw	a4,20(a1)
   134d8:	00e42423          	sw	a4,8(s0)
   134dc:	fd2058e3          	blez	s2,134ac <__sflush_r+0x144>
   134e0:	02842783          	lw	a5,40(s0)
   134e4:	02042583          	lw	a1,32(s0)
   134e8:	00090693          	mv	a3,s2
   134ec:	00048513          	mv	a0,s1
   134f0:	00c12623          	sw	a2,12(sp)
   134f4:	000780e7          	jalr	a5
   134f8:	00c12603          	lw	a2,12(sp)
   134fc:	02a04663          	bgtz	a0,13528 <__sflush_r+0x1c0>
   13500:	00c45783          	lhu	a5,12(s0)
   13504:	0407e793          	ori	a5,a5,64
   13508:	00f41623          	sh	a5,12(s0)
   1350c:	fff00513          	li	a0,-1
   13510:	01c12083          	lw	ra,28(sp)
   13514:	01812403          	lw	s0,24(sp)
   13518:	01412483          	lw	s1,20(sp)
   1351c:	01012903          	lw	s2,16(sp)
   13520:	02010113          	addi	sp,sp,32
   13524:	00008067          	ret
   13528:	00a60633          	add	a2,a2,a0
   1352c:	40a90933          	sub	s2,s2,a0
   13530:	fadff06f          	j	134dc <__sflush_r+0x174>

00013534 <_fflush_r>:
   13534:	0105a783          	lw	a5,16(a1)
   13538:	ff010113          	addi	sp,sp,-16
   1353c:	00112623          	sw	ra,12(sp)
   13540:	00812423          	sw	s0,8(sp)
   13544:	00912223          	sw	s1,4(sp)
   13548:	02079063          	bnez	a5,13568 <_fflush_r+0x34>
   1354c:	00000493          	li	s1,0
   13550:	00c12083          	lw	ra,12(sp)
   13554:	00812403          	lw	s0,8(sp)
   13558:	00048513          	mv	a0,s1
   1355c:	00412483          	lw	s1,4(sp)
   13560:	01010113          	addi	sp,sp,16
   13564:	00008067          	ret
   13568:	00050493          	mv	s1,a0
   1356c:	00058413          	mv	s0,a1
   13570:	00050a63          	beqz	a0,13584 <_fflush_r+0x50>
   13574:	02052783          	lw	a5,32(a0)
   13578:	00079663          	bnez	a5,13584 <_fflush_r+0x50>
   1357c:	00000097          	auipc	ra,0x0
   13580:	268080e7          	jalr	616(ra) # 137e4 <__sinit>
   13584:	00c41783          	lh	a5,12(s0)
   13588:	fc0782e3          	beqz	a5,1354c <_fflush_r+0x18>
   1358c:	06442703          	lw	a4,100(s0)
   13590:	00177713          	andi	a4,a4,1
   13594:	00071c63          	bnez	a4,135ac <_fflush_r+0x78>
   13598:	2007f793          	andi	a5,a5,512
   1359c:	00079863          	bnez	a5,135ac <_fflush_r+0x78>
   135a0:	05842503          	lw	a0,88(s0)
   135a4:	fffff097          	auipc	ra,0xfffff
   135a8:	000080e7          	jalr	ra # 125a4 <__retarget_lock_acquire_recursive>
   135ac:	00048513          	mv	a0,s1
   135b0:	00040593          	mv	a1,s0
   135b4:	00000097          	auipc	ra,0x0
   135b8:	db4080e7          	jalr	-588(ra) # 13368 <__sflush_r>
   135bc:	06442783          	lw	a5,100(s0)
   135c0:	00050493          	mv	s1,a0
   135c4:	0017f793          	andi	a5,a5,1
   135c8:	f80794e3          	bnez	a5,13550 <_fflush_r+0x1c>
   135cc:	00c45783          	lhu	a5,12(s0)
   135d0:	2007f793          	andi	a5,a5,512
   135d4:	f6079ee3          	bnez	a5,13550 <_fflush_r+0x1c>
   135d8:	05842503          	lw	a0,88(s0)
   135dc:	fffff097          	auipc	ra,0xfffff
   135e0:	fcc080e7          	jalr	-52(ra) # 125a8 <__retarget_lock_release_recursive>
   135e4:	f6dff06f          	j	13550 <_fflush_r+0x1c>

000135e8 <std>:
   135e8:	ff010113          	addi	sp,sp,-16
   135ec:	00812423          	sw	s0,8(sp)
   135f0:	00112623          	sw	ra,12(sp)
   135f4:	00050413          	mv	s0,a0
   135f8:	00b51623          	sh	a1,12(a0)
   135fc:	00c51723          	sh	a2,14(a0)
   13600:	00052023          	sw	zero,0(a0)
   13604:	00052223          	sw	zero,4(a0)
   13608:	00052423          	sw	zero,8(a0)
   1360c:	06052223          	sw	zero,100(a0)
   13610:	00052823          	sw	zero,16(a0)
   13614:	00052a23          	sw	zero,20(a0)
   13618:	00052c23          	sw	zero,24(a0)
   1361c:	00800613          	li	a2,8
   13620:	00000593          	li	a1,0
   13624:	05c50513          	addi	a0,a0,92
   13628:	ffffd097          	auipc	ra,0xffffd
   1362c:	d9c080e7          	jalr	-612(ra) # 103c4 <memset>
   13630:	00000797          	auipc	a5,0x0
   13634:	50478793          	addi	a5,a5,1284 # 13b34 <__sread>
   13638:	02f42223          	sw	a5,36(s0)
   1363c:	00000797          	auipc	a5,0x0
   13640:	54c78793          	addi	a5,a5,1356 # 13b88 <__swrite>
   13644:	02f42423          	sw	a5,40(s0)
   13648:	00000797          	auipc	a5,0x0
   1364c:	5cc78793          	addi	a5,a5,1484 # 13c14 <__sseek>
   13650:	02f42623          	sw	a5,44(s0)
   13654:	00000797          	auipc	a5,0x0
   13658:	61c78793          	addi	a5,a5,1564 # 13c70 <__sclose>
   1365c:	02f42823          	sw	a5,48(s0)
   13660:	0000e717          	auipc	a4,0xe
   13664:	9b870713          	addi	a4,a4,-1608 # 21018 <__sf>
   13668:	0000e797          	auipc	a5,0xe
   1366c:	a1878793          	addi	a5,a5,-1512 # 21080 <__sf+0x68>
   13670:	40f407b3          	sub	a5,s0,a5
   13674:	40e40733          	sub	a4,s0,a4
   13678:	0017b793          	seqz	a5,a5
   1367c:	00173713          	seqz	a4,a4
   13680:	02842023          	sw	s0,32(s0)
   13684:	00e7e7b3          	or	a5,a5,a4
   13688:	00079863          	bnez	a5,13698 <std+0xb0>
   1368c:	0000e797          	auipc	a5,0xe
   13690:	a5c78793          	addi	a5,a5,-1444 # 210e8 <__sf+0xd0>
   13694:	00f41e63          	bne	s0,a5,136b0 <std+0xc8>
   13698:	05840513          	addi	a0,s0,88
   1369c:	00812403          	lw	s0,8(sp)
   136a0:	00c12083          	lw	ra,12(sp)
   136a4:	01010113          	addi	sp,sp,16
   136a8:	fffff317          	auipc	t1,0xfffff
   136ac:	ef830067          	jr	-264(t1) # 125a0 <__retarget_lock_init_recursive>
   136b0:	00c12083          	lw	ra,12(sp)
   136b4:	00812403          	lw	s0,8(sp)
   136b8:	01010113          	addi	sp,sp,16
   136bc:	00008067          	ret

000136c0 <stdio_exit_handler>:
   136c0:	0000d617          	auipc	a2,0xd
   136c4:	99860613          	addi	a2,a2,-1640 # 20058 <__sglue>
   136c8:	00000597          	auipc	a1,0x0
   136cc:	e6c58593          	addi	a1,a1,-404 # 13534 <_fflush_r>
   136d0:	0000d517          	auipc	a0,0xd
   136d4:	93c50513          	addi	a0,a0,-1732 # 2000c <_impure_data>
   136d8:	00000317          	auipc	t1,0x0
   136dc:	16030067          	jr	352(t1) # 13838 <_fwalk_sglue>

000136e0 <cleanup_stdio>:
   136e0:	00452583          	lw	a1,4(a0)
   136e4:	ff010113          	addi	sp,sp,-16
   136e8:	00812423          	sw	s0,8(sp)
   136ec:	00112623          	sw	ra,12(sp)
   136f0:	0000e797          	auipc	a5,0xe
   136f4:	92878793          	addi	a5,a5,-1752 # 21018 <__sf>
   136f8:	00050413          	mv	s0,a0
   136fc:	00f58663          	beq	a1,a5,13708 <cleanup_stdio+0x28>
   13700:	00000097          	auipc	ra,0x0
   13704:	e34080e7          	jalr	-460(ra) # 13534 <_fflush_r>
   13708:	00842583          	lw	a1,8(s0)
   1370c:	0000e797          	auipc	a5,0xe
   13710:	97478793          	addi	a5,a5,-1676 # 21080 <__sf+0x68>
   13714:	00f58863          	beq	a1,a5,13724 <cleanup_stdio+0x44>
   13718:	00040513          	mv	a0,s0
   1371c:	00000097          	auipc	ra,0x0
   13720:	e18080e7          	jalr	-488(ra) # 13534 <_fflush_r>
   13724:	00c42583          	lw	a1,12(s0)
   13728:	0000e797          	auipc	a5,0xe
   1372c:	9c078793          	addi	a5,a5,-1600 # 210e8 <__sf+0xd0>
   13730:	00f58e63          	beq	a1,a5,1374c <cleanup_stdio+0x6c>
   13734:	00040513          	mv	a0,s0
   13738:	00812403          	lw	s0,8(sp)
   1373c:	00c12083          	lw	ra,12(sp)
   13740:	01010113          	addi	sp,sp,16
   13744:	00000317          	auipc	t1,0x0
   13748:	df030067          	jr	-528(t1) # 13534 <_fflush_r>
   1374c:	00c12083          	lw	ra,12(sp)
   13750:	00812403          	lw	s0,8(sp)
   13754:	01010113          	addi	sp,sp,16
   13758:	00008067          	ret

0001375c <global_stdio_init.part.0>:
   1375c:	ff010113          	addi	sp,sp,-16
   13760:	00000797          	auipc	a5,0x0
   13764:	f6078793          	addi	a5,a5,-160 # 136c0 <stdio_exit_handler>
   13768:	00000613          	li	a2,0
   1376c:	00400593          	li	a1,4
   13770:	0000e517          	auipc	a0,0xe
   13774:	8a850513          	addi	a0,a0,-1880 # 21018 <__sf>
   13778:	00112623          	sw	ra,12(sp)
   1377c:	0000d717          	auipc	a4,0xd
   13780:	0af72423          	sw	a5,168(a4) # 20824 <__stdio_exit_handler>
   13784:	00000097          	auipc	ra,0x0
   13788:	e64080e7          	jalr	-412(ra) # 135e8 <std>
   1378c:	00100613          	li	a2,1
   13790:	00900593          	li	a1,9
   13794:	0000e517          	auipc	a0,0xe
   13798:	8ec50513          	addi	a0,a0,-1812 # 21080 <__sf+0x68>
   1379c:	00000097          	auipc	ra,0x0
   137a0:	e4c080e7          	jalr	-436(ra) # 135e8 <std>
   137a4:	00c12083          	lw	ra,12(sp)
   137a8:	00200613          	li	a2,2
   137ac:	01200593          	li	a1,18
   137b0:	0000e517          	auipc	a0,0xe
   137b4:	93850513          	addi	a0,a0,-1736 # 210e8 <__sf+0xd0>
   137b8:	01010113          	addi	sp,sp,16
   137bc:	00000317          	auipc	t1,0x0
   137c0:	e2c30067          	jr	-468(t1) # 135e8 <std>

000137c4 <__sfp_lock_acquire>:
   137c4:	0000d517          	auipc	a0,0xd
   137c8:	05450513          	addi	a0,a0,84 # 20818 <__lock___sfp_recursive_mutex>
   137cc:	fffff317          	auipc	t1,0xfffff
   137d0:	dd830067          	jr	-552(t1) # 125a4 <__retarget_lock_acquire_recursive>

000137d4 <__sfp_lock_release>:
   137d4:	0000d517          	auipc	a0,0xd
   137d8:	04450513          	addi	a0,a0,68 # 20818 <__lock___sfp_recursive_mutex>
   137dc:	fffff317          	auipc	t1,0xfffff
   137e0:	dcc30067          	jr	-564(t1) # 125a8 <__retarget_lock_release_recursive>

000137e4 <__sinit>:
   137e4:	fe010113          	addi	sp,sp,-32
   137e8:	00a12623          	sw	a0,12(sp)
   137ec:	00112e23          	sw	ra,28(sp)
   137f0:	00000097          	auipc	ra,0x0
   137f4:	fd4080e7          	jalr	-44(ra) # 137c4 <__sfp_lock_acquire>
   137f8:	00c12503          	lw	a0,12(sp)
   137fc:	02052783          	lw	a5,32(a0)
   13800:	00078a63          	beqz	a5,13814 <__sinit+0x30>
   13804:	01c12083          	lw	ra,28(sp)
   13808:	02010113          	addi	sp,sp,32
   1380c:	00000317          	auipc	t1,0x0
   13810:	fc830067          	jr	-56(t1) # 137d4 <__sfp_lock_release>
   13814:	00000797          	auipc	a5,0x0
   13818:	ecc78793          	addi	a5,a5,-308 # 136e0 <cleanup_stdio>
   1381c:	02f52023          	sw	a5,32(a0)
   13820:	0000d797          	auipc	a5,0xd
   13824:	0047a783          	lw	a5,4(a5) # 20824 <__stdio_exit_handler>
   13828:	fc079ee3          	bnez	a5,13804 <__sinit+0x20>
   1382c:	00000097          	auipc	ra,0x0
   13830:	f30080e7          	jalr	-208(ra) # 1375c <global_stdio_init.part.0>
   13834:	fd1ff06f          	j	13804 <__sinit+0x20>

00013838 <_fwalk_sglue>:
   13838:	fd010113          	addi	sp,sp,-48
   1383c:	02812423          	sw	s0,40(sp)
   13840:	03212023          	sw	s2,32(sp)
   13844:	01312e23          	sw	s3,28(sp)
   13848:	01412c23          	sw	s4,24(sp)
   1384c:	01512a23          	sw	s5,20(sp)
   13850:	02112623          	sw	ra,44(sp)
   13854:	02912223          	sw	s1,36(sp)
   13858:	00050a13          	mv	s4,a0
   1385c:	00058a93          	mv	s5,a1
   13860:	00000413          	li	s0,0
   13864:	00100913          	li	s2,1
   13868:	fff00993          	li	s3,-1
   1386c:	00862583          	lw	a1,8(a2)
   13870:	00462483          	lw	s1,4(a2)
   13874:	fff48493          	addi	s1,s1,-1
   13878:	0204da63          	bgez	s1,138ac <_fwalk_sglue+0x74>
   1387c:	00062603          	lw	a2,0(a2)
   13880:	fe0616e3          	bnez	a2,1386c <_fwalk_sglue+0x34>
   13884:	02c12083          	lw	ra,44(sp)
   13888:	00040513          	mv	a0,s0
   1388c:	02812403          	lw	s0,40(sp)
   13890:	02412483          	lw	s1,36(sp)
   13894:	02012903          	lw	s2,32(sp)
   13898:	01c12983          	lw	s3,28(sp)
   1389c:	01812a03          	lw	s4,24(sp)
   138a0:	01412a83          	lw	s5,20(sp)
   138a4:	03010113          	addi	sp,sp,48
   138a8:	00008067          	ret
   138ac:	00c5d783          	lhu	a5,12(a1)
   138b0:	02f97463          	bgeu	s2,a5,138d8 <_fwalk_sglue+0xa0>
   138b4:	00e59783          	lh	a5,14(a1)
   138b8:	03378063          	beq	a5,s3,138d8 <_fwalk_sglue+0xa0>
   138bc:	000a0513          	mv	a0,s4
   138c0:	00c12623          	sw	a2,12(sp)
   138c4:	00b12423          	sw	a1,8(sp)
   138c8:	000a80e7          	jalr	s5
   138cc:	00c12603          	lw	a2,12(sp)
   138d0:	00812583          	lw	a1,8(sp)
   138d4:	00a46433          	or	s0,s0,a0
   138d8:	06858593          	addi	a1,a1,104
   138dc:	f99ff06f          	j	13874 <_fwalk_sglue+0x3c>

000138e0 <__swhatbuf_r>:
   138e0:	f8010113          	addi	sp,sp,-128
   138e4:	06812c23          	sw	s0,120(sp)
   138e8:	00058413          	mv	s0,a1
   138ec:	00e59583          	lh	a1,14(a1)
   138f0:	06912a23          	sw	s1,116(sp)
   138f4:	06112e23          	sw	ra,124(sp)
   138f8:	00060493          	mv	s1,a2
   138fc:	0205da63          	bgez	a1,13930 <__swhatbuf_r+0x50>
   13900:	00c45783          	lhu	a5,12(s0)
   13904:	0807f793          	andi	a5,a5,128
   13908:	04079e63          	bnez	a5,13964 <__swhatbuf_r+0x84>
   1390c:	40000713          	li	a4,1024
   13910:	07c12083          	lw	ra,124(sp)
   13914:	07812403          	lw	s0,120(sp)
   13918:	00f6a023          	sw	a5,0(a3)
   1391c:	00e4a023          	sw	a4,0(s1)
   13920:	00000513          	li	a0,0
   13924:	07412483          	lw	s1,116(sp)
   13928:	08010113          	addi	sp,sp,128
   1392c:	00008067          	ret
   13930:	01810613          	addi	a2,sp,24
   13934:	00d12623          	sw	a3,12(sp)
   13938:	00000097          	auipc	ra,0x0
   1393c:	3b4080e7          	jalr	948(ra) # 13cec <_fstat_r>
   13940:	00c12683          	lw	a3,12(sp)
   13944:	fa054ee3          	bltz	a0,13900 <__swhatbuf_r+0x20>
   13948:	01c12783          	lw	a5,28(sp)
   1394c:	0000f737          	lui	a4,0xf
   13950:	00e7f7b3          	and	a5,a5,a4
   13954:	ffffe737          	lui	a4,0xffffe
   13958:	00e787b3          	add	a5,a5,a4
   1395c:	0017b793          	seqz	a5,a5
   13960:	fadff06f          	j	1390c <__swhatbuf_r+0x2c>
   13964:	00000793          	li	a5,0
   13968:	04000713          	li	a4,64
   1396c:	fa5ff06f          	j	13910 <__swhatbuf_r+0x30>

00013970 <__smakebuf_r>:
   13970:	00c5d703          	lhu	a4,12(a1)
   13974:	fd010113          	addi	sp,sp,-48
   13978:	02812423          	sw	s0,40(sp)
   1397c:	02112623          	sw	ra,44(sp)
   13980:	02912223          	sw	s1,36(sp)
   13984:	00277713          	andi	a4,a4,2
   13988:	00058413          	mv	s0,a1
   1398c:	02070663          	beqz	a4,139b8 <__smakebuf_r+0x48>
   13990:	04740793          	addi	a5,s0,71
   13994:	00f42023          	sw	a5,0(s0)
   13998:	00f42823          	sw	a5,16(s0)
   1399c:	00100793          	li	a5,1
   139a0:	00f42a23          	sw	a5,20(s0)
   139a4:	02c12083          	lw	ra,44(sp)
   139a8:	02812403          	lw	s0,40(sp)
   139ac:	02412483          	lw	s1,36(sp)
   139b0:	03010113          	addi	sp,sp,48
   139b4:	00008067          	ret
   139b8:	01c10693          	addi	a3,sp,28
   139bc:	01810613          	addi	a2,sp,24
   139c0:	00050493          	mv	s1,a0
   139c4:	00000097          	auipc	ra,0x0
   139c8:	f1c080e7          	jalr	-228(ra) # 138e0 <__swhatbuf_r>
   139cc:	01812583          	lw	a1,24(sp)
   139d0:	00048513          	mv	a0,s1
   139d4:	00b12623          	sw	a1,12(sp)
   139d8:	fffff097          	auipc	ra,0xfffff
   139dc:	d74080e7          	jalr	-652(ra) # 1274c <_malloc_r>
   139e0:	00c41783          	lh	a5,12(s0)
   139e4:	00c12583          	lw	a1,12(sp)
   139e8:	00051e63          	bnez	a0,13a04 <__smakebuf_r+0x94>
   139ec:	2007f713          	andi	a4,a5,512
   139f0:	fa071ae3          	bnez	a4,139a4 <__smakebuf_r+0x34>
   139f4:	ffc7f793          	andi	a5,a5,-4
   139f8:	0027e793          	ori	a5,a5,2
   139fc:	00f41623          	sh	a5,12(s0)
   13a00:	f91ff06f          	j	13990 <__smakebuf_r+0x20>
   13a04:	0807e793          	ori	a5,a5,128
   13a08:	00f41623          	sh	a5,12(s0)
   13a0c:	01c12783          	lw	a5,28(sp)
   13a10:	00a42023          	sw	a0,0(s0)
   13a14:	00a42823          	sw	a0,16(s0)
   13a18:	00b42a23          	sw	a1,20(s0)
   13a1c:	f80784e3          	beqz	a5,139a4 <__smakebuf_r+0x34>
   13a20:	00e41583          	lh	a1,14(s0)
   13a24:	00048513          	mv	a0,s1
   13a28:	00000097          	auipc	ra,0x0
   13a2c:	314080e7          	jalr	788(ra) # 13d3c <_isatty_r>
   13a30:	f6050ae3          	beqz	a0,139a4 <__smakebuf_r+0x34>
   13a34:	00c45783          	lhu	a5,12(s0)
   13a38:	ffc7f793          	andi	a5,a5,-4
   13a3c:	0017e793          	ori	a5,a5,1
   13a40:	00f41623          	sh	a5,12(s0)
   13a44:	f61ff06f          	j	139a4 <__smakebuf_r+0x34>

00013a48 <_putc_r>:
   13a48:	fe010113          	addi	sp,sp,-32
   13a4c:	00812c23          	sw	s0,24(sp)
   13a50:	00912a23          	sw	s1,20(sp)
   13a54:	00112e23          	sw	ra,28(sp)
   13a58:	00050493          	mv	s1,a0
   13a5c:	00060413          	mv	s0,a2
   13a60:	00050e63          	beqz	a0,13a7c <_putc_r+0x34>
   13a64:	02052783          	lw	a5,32(a0)
   13a68:	00079a63          	bnez	a5,13a7c <_putc_r+0x34>
   13a6c:	00b12623          	sw	a1,12(sp)
   13a70:	00000097          	auipc	ra,0x0
   13a74:	d74080e7          	jalr	-652(ra) # 137e4 <__sinit>
   13a78:	00c12583          	lw	a1,12(sp)
   13a7c:	06442783          	lw	a5,100(s0)
   13a80:	0017f793          	andi	a5,a5,1
   13a84:	02079263          	bnez	a5,13aa8 <_putc_r+0x60>
   13a88:	00c45783          	lhu	a5,12(s0)
   13a8c:	2007f793          	andi	a5,a5,512
   13a90:	00079c63          	bnez	a5,13aa8 <_putc_r+0x60>
   13a94:	05842503          	lw	a0,88(s0)
   13a98:	00b12623          	sw	a1,12(sp)
   13a9c:	fffff097          	auipc	ra,0xfffff
   13aa0:	b08080e7          	jalr	-1272(ra) # 125a4 <__retarget_lock_acquire_recursive>
   13aa4:	00c12583          	lw	a1,12(sp)
   13aa8:	00842783          	lw	a5,8(s0)
   13aac:	0ff5f713          	zext.b	a4,a1
   13ab0:	fff78793          	addi	a5,a5,-1
   13ab4:	00f42423          	sw	a5,8(s0)
   13ab8:	0007da63          	bgez	a5,13acc <_putc_r+0x84>
   13abc:	01842683          	lw	a3,24(s0)
   13ac0:	04d7ce63          	blt	a5,a3,13b1c <_putc_r+0xd4>
   13ac4:	ff670793          	addi	a5,a4,-10 # ffffdff6 <__stack_top__+0xfffcdff6>
   13ac8:	04078a63          	beqz	a5,13b1c <_putc_r+0xd4>
   13acc:	00042783          	lw	a5,0(s0)
   13ad0:	0ff5f493          	zext.b	s1,a1
   13ad4:	00178693          	addi	a3,a5,1
   13ad8:	00d42023          	sw	a3,0(s0)
   13adc:	00e78023          	sb	a4,0(a5)
   13ae0:	06442783          	lw	a5,100(s0)
   13ae4:	0017f793          	andi	a5,a5,1
   13ae8:	00079e63          	bnez	a5,13b04 <_putc_r+0xbc>
   13aec:	00c45783          	lhu	a5,12(s0)
   13af0:	2007f793          	andi	a5,a5,512
   13af4:	00079863          	bnez	a5,13b04 <_putc_r+0xbc>
   13af8:	05842503          	lw	a0,88(s0)
   13afc:	fffff097          	auipc	ra,0xfffff
   13b00:	aac080e7          	jalr	-1364(ra) # 125a8 <__retarget_lock_release_recursive>
   13b04:	01c12083          	lw	ra,28(sp)
   13b08:	01812403          	lw	s0,24(sp)
   13b0c:	00048513          	mv	a0,s1
   13b10:	01412483          	lw	s1,20(sp)
   13b14:	02010113          	addi	sp,sp,32
   13b18:	00008067          	ret
   13b1c:	00048513          	mv	a0,s1
   13b20:	00040613          	mv	a2,s0
   13b24:	fffff097          	auipc	ra,0xfffff
   13b28:	848080e7          	jalr	-1976(ra) # 1236c <__swbuf_r>
   13b2c:	00050493          	mv	s1,a0
   13b30:	fb1ff06f          	j	13ae0 <_putc_r+0x98>

00013b34 <__sread>:
   13b34:	ff010113          	addi	sp,sp,-16
   13b38:	00812423          	sw	s0,8(sp)
   13b3c:	00058413          	mv	s0,a1
   13b40:	00e59583          	lh	a1,14(a1)
   13b44:	00112623          	sw	ra,12(sp)
   13b48:	00000097          	auipc	ra,0x0
   13b4c:	294080e7          	jalr	660(ra) # 13ddc <_read_r>
   13b50:	02054063          	bltz	a0,13b70 <__sread+0x3c>
   13b54:	05442783          	lw	a5,84(s0)
   13b58:	00a787b3          	add	a5,a5,a0
   13b5c:	04f42a23          	sw	a5,84(s0)
   13b60:	00c12083          	lw	ra,12(sp)
   13b64:	00812403          	lw	s0,8(sp)
   13b68:	01010113          	addi	sp,sp,16
   13b6c:	00008067          	ret
   13b70:	00c45783          	lhu	a5,12(s0)
   13b74:	fffff737          	lui	a4,0xfffff
   13b78:	fff70713          	addi	a4,a4,-1 # ffffefff <__stack_top__+0xfffcefff>
   13b7c:	00e7f7b3          	and	a5,a5,a4
   13b80:	00f41623          	sh	a5,12(s0)
   13b84:	fddff06f          	j	13b60 <__sread+0x2c>

00013b88 <__swrite>:
   13b88:	00c5d783          	lhu	a5,12(a1)
   13b8c:	fe010113          	addi	sp,sp,-32
   13b90:	00812c23          	sw	s0,24(sp)
   13b94:	00912a23          	sw	s1,20(sp)
   13b98:	01212823          	sw	s2,16(sp)
   13b9c:	01312623          	sw	s3,12(sp)
   13ba0:	00112e23          	sw	ra,28(sp)
   13ba4:	1007f793          	andi	a5,a5,256
   13ba8:	00050493          	mv	s1,a0
   13bac:	00058413          	mv	s0,a1
   13bb0:	00060913          	mv	s2,a2
   13bb4:	00068993          	mv	s3,a3
   13bb8:	00078c63          	beqz	a5,13bd0 <__swrite+0x48>
   13bbc:	00e59583          	lh	a1,14(a1)
   13bc0:	00200693          	li	a3,2
   13bc4:	00000613          	li	a2,0
   13bc8:	00000097          	auipc	ra,0x0
   13bcc:	1c0080e7          	jalr	448(ra) # 13d88 <_lseek_r>
   13bd0:	00c45783          	lhu	a5,12(s0)
   13bd4:	fffff737          	lui	a4,0xfffff
   13bd8:	fff70713          	addi	a4,a4,-1 # ffffefff <__stack_top__+0xfffcefff>
   13bdc:	00e7f7b3          	and	a5,a5,a4
   13be0:	00e41583          	lh	a1,14(s0)
   13be4:	00f41623          	sh	a5,12(s0)
   13be8:	01812403          	lw	s0,24(sp)
   13bec:	01c12083          	lw	ra,28(sp)
   13bf0:	00098693          	mv	a3,s3
   13bf4:	00090613          	mv	a2,s2
   13bf8:	00c12983          	lw	s3,12(sp)
   13bfc:	01012903          	lw	s2,16(sp)
   13c00:	00048513          	mv	a0,s1
   13c04:	01412483          	lw	s1,20(sp)
   13c08:	02010113          	addi	sp,sp,32
   13c0c:	00000317          	auipc	t1,0x0
   13c10:	27030067          	jr	624(t1) # 13e7c <_write_r>

00013c14 <__sseek>:
   13c14:	ff010113          	addi	sp,sp,-16
   13c18:	00812423          	sw	s0,8(sp)
   13c1c:	00058413          	mv	s0,a1
   13c20:	00e59583          	lh	a1,14(a1)
   13c24:	00112623          	sw	ra,12(sp)
   13c28:	00000097          	auipc	ra,0x0
   13c2c:	160080e7          	jalr	352(ra) # 13d88 <_lseek_r>
   13c30:	fff00713          	li	a4,-1
   13c34:	00c41783          	lh	a5,12(s0)
   13c38:	02e51263          	bne	a0,a4,13c5c <__sseek+0x48>
   13c3c:	80050713          	addi	a4,a0,-2048
   13c40:	80070713          	addi	a4,a4,-2048
   13c44:	00e7f7b3          	and	a5,a5,a4
   13c48:	00f41623          	sh	a5,12(s0)
   13c4c:	00c12083          	lw	ra,12(sp)
   13c50:	00812403          	lw	s0,8(sp)
   13c54:	01010113          	addi	sp,sp,16
   13c58:	00008067          	ret
   13c5c:	00001737          	lui	a4,0x1
   13c60:	00e7e7b3          	or	a5,a5,a4
   13c64:	00f41623          	sh	a5,12(s0)
   13c68:	04a42a23          	sw	a0,84(s0)
   13c6c:	fe1ff06f          	j	13c4c <__sseek+0x38>

00013c70 <__sclose>:
   13c70:	00e59583          	lh	a1,14(a1)
   13c74:	00000317          	auipc	t1,0x0
   13c78:	02c30067          	jr	44(t1) # 13ca0 <_close_r>

00013c7c <memchr>:
   13c7c:	0ff5f593          	zext.b	a1,a1
   13c80:	00c50633          	add	a2,a0,a2
   13c84:	00c51663          	bne	a0,a2,13c90 <memchr+0x14>
   13c88:	00000513          	li	a0,0
   13c8c:	00008067          	ret
   13c90:	00054783          	lbu	a5,0(a0)
   13c94:	feb78ce3          	beq	a5,a1,13c8c <memchr+0x10>
   13c98:	00150513          	addi	a0,a0,1
   13c9c:	fe9ff06f          	j	13c84 <memchr+0x8>

00013ca0 <_close_r>:
   13ca0:	ff010113          	addi	sp,sp,-16
   13ca4:	00812423          	sw	s0,8(sp)
   13ca8:	00050413          	mv	s0,a0
   13cac:	00058513          	mv	a0,a1
   13cb0:	0000d797          	auipc	a5,0xd
   13cb4:	b607a023          	sw	zero,-1184(a5) # 20810 <errno>
   13cb8:	00112623          	sw	ra,12(sp)
   13cbc:	ffffd097          	auipc	ra,0xffffd
   13cc0:	8e8080e7          	jalr	-1816(ra) # 105a4 <_close>
   13cc4:	fff00793          	li	a5,-1
   13cc8:	00f51a63          	bne	a0,a5,13cdc <_close_r+0x3c>
   13ccc:	0000d797          	auipc	a5,0xd
   13cd0:	b447a783          	lw	a5,-1212(a5) # 20810 <errno>
   13cd4:	00078463          	beqz	a5,13cdc <_close_r+0x3c>
   13cd8:	00f42023          	sw	a5,0(s0)
   13cdc:	00c12083          	lw	ra,12(sp)
   13ce0:	00812403          	lw	s0,8(sp)
   13ce4:	01010113          	addi	sp,sp,16
   13ce8:	00008067          	ret

00013cec <_fstat_r>:
   13cec:	ff010113          	addi	sp,sp,-16
   13cf0:	00812423          	sw	s0,8(sp)
   13cf4:	00050413          	mv	s0,a0
   13cf8:	00058513          	mv	a0,a1
   13cfc:	00060593          	mv	a1,a2
   13d00:	0000d797          	auipc	a5,0xd
   13d04:	b007a823          	sw	zero,-1264(a5) # 20810 <errno>
   13d08:	00112623          	sw	ra,12(sp)
   13d0c:	ffffd097          	auipc	ra,0xffffd
   13d10:	8a0080e7          	jalr	-1888(ra) # 105ac <_fstat>
   13d14:	fff00793          	li	a5,-1
   13d18:	00f51a63          	bne	a0,a5,13d2c <_fstat_r+0x40>
   13d1c:	0000d797          	auipc	a5,0xd
   13d20:	af47a783          	lw	a5,-1292(a5) # 20810 <errno>
   13d24:	00078463          	beqz	a5,13d2c <_fstat_r+0x40>
   13d28:	00f42023          	sw	a5,0(s0)
   13d2c:	00c12083          	lw	ra,12(sp)
   13d30:	00812403          	lw	s0,8(sp)
   13d34:	01010113          	addi	sp,sp,16
   13d38:	00008067          	ret

00013d3c <_isatty_r>:
   13d3c:	ff010113          	addi	sp,sp,-16
   13d40:	00812423          	sw	s0,8(sp)
   13d44:	00050413          	mv	s0,a0
   13d48:	00058513          	mv	a0,a1
   13d4c:	0000d797          	auipc	a5,0xd
   13d50:	ac07a223          	sw	zero,-1340(a5) # 20810 <errno>
   13d54:	00112623          	sw	ra,12(sp)
   13d58:	ffffd097          	auipc	ra,0xffffd
   13d5c:	864080e7          	jalr	-1948(ra) # 105bc <_isatty>
   13d60:	fff00793          	li	a5,-1
   13d64:	00f51a63          	bne	a0,a5,13d78 <_isatty_r+0x3c>
   13d68:	0000d797          	auipc	a5,0xd
   13d6c:	aa87a783          	lw	a5,-1368(a5) # 20810 <errno>
   13d70:	00078463          	beqz	a5,13d78 <_isatty_r+0x3c>
   13d74:	00f42023          	sw	a5,0(s0)
   13d78:	00c12083          	lw	ra,12(sp)
   13d7c:	00812403          	lw	s0,8(sp)
   13d80:	01010113          	addi	sp,sp,16
   13d84:	00008067          	ret

00013d88 <_lseek_r>:
   13d88:	ff010113          	addi	sp,sp,-16
   13d8c:	00812423          	sw	s0,8(sp)
   13d90:	00050413          	mv	s0,a0
   13d94:	00058513          	mv	a0,a1
   13d98:	00060593          	mv	a1,a2
   13d9c:	00068613          	mv	a2,a3
   13da0:	0000d797          	auipc	a5,0xd
   13da4:	a607a823          	sw	zero,-1424(a5) # 20810 <errno>
   13da8:	00112623          	sw	ra,12(sp)
   13dac:	ffffd097          	auipc	ra,0xffffd
   13db0:	818080e7          	jalr	-2024(ra) # 105c4 <_lseek>
   13db4:	fff00793          	li	a5,-1
   13db8:	00f51a63          	bne	a0,a5,13dcc <_lseek_r+0x44>
   13dbc:	0000d797          	auipc	a5,0xd
   13dc0:	a547a783          	lw	a5,-1452(a5) # 20810 <errno>
   13dc4:	00078463          	beqz	a5,13dcc <_lseek_r+0x44>
   13dc8:	00f42023          	sw	a5,0(s0)
   13dcc:	00c12083          	lw	ra,12(sp)
   13dd0:	00812403          	lw	s0,8(sp)
   13dd4:	01010113          	addi	sp,sp,16
   13dd8:	00008067          	ret

00013ddc <_read_r>:
   13ddc:	ff010113          	addi	sp,sp,-16
   13de0:	00812423          	sw	s0,8(sp)
   13de4:	00050413          	mv	s0,a0
   13de8:	00058513          	mv	a0,a1
   13dec:	00060593          	mv	a1,a2
   13df0:	00068613          	mv	a2,a3
   13df4:	0000d797          	auipc	a5,0xd
   13df8:	a007ae23          	sw	zero,-1508(a5) # 20810 <errno>
   13dfc:	00112623          	sw	ra,12(sp)
   13e00:	ffffc097          	auipc	ra,0xffffc
   13e04:	7cc080e7          	jalr	1996(ra) # 105cc <_read>
   13e08:	fff00793          	li	a5,-1
   13e0c:	00f51a63          	bne	a0,a5,13e20 <_read_r+0x44>
   13e10:	0000d797          	auipc	a5,0xd
   13e14:	a007a783          	lw	a5,-1536(a5) # 20810 <errno>
   13e18:	00078463          	beqz	a5,13e20 <_read_r+0x44>
   13e1c:	00f42023          	sw	a5,0(s0)
   13e20:	00c12083          	lw	ra,12(sp)
   13e24:	00812403          	lw	s0,8(sp)
   13e28:	01010113          	addi	sp,sp,16
   13e2c:	00008067          	ret

00013e30 <_sbrk_r>:
   13e30:	ff010113          	addi	sp,sp,-16
   13e34:	00812423          	sw	s0,8(sp)
   13e38:	00050413          	mv	s0,a0
   13e3c:	00058513          	mv	a0,a1
   13e40:	0000d797          	auipc	a5,0xd
   13e44:	9c07a823          	sw	zero,-1584(a5) # 20810 <errno>
   13e48:	00112623          	sw	ra,12(sp)
   13e4c:	ffffc097          	auipc	ra,0xffffc
   13e50:	788080e7          	jalr	1928(ra) # 105d4 <_sbrk>
   13e54:	fff00793          	li	a5,-1
   13e58:	00f51a63          	bne	a0,a5,13e6c <_sbrk_r+0x3c>
   13e5c:	0000d797          	auipc	a5,0xd
   13e60:	9b47a783          	lw	a5,-1612(a5) # 20810 <errno>
   13e64:	00078463          	beqz	a5,13e6c <_sbrk_r+0x3c>
   13e68:	00f42023          	sw	a5,0(s0)
   13e6c:	00c12083          	lw	ra,12(sp)
   13e70:	00812403          	lw	s0,8(sp)
   13e74:	01010113          	addi	sp,sp,16
   13e78:	00008067          	ret

00013e7c <_write_r>:
   13e7c:	ff010113          	addi	sp,sp,-16
   13e80:	00812423          	sw	s0,8(sp)
   13e84:	00050413          	mv	s0,a0
   13e88:	00058513          	mv	a0,a1
   13e8c:	00060593          	mv	a1,a2
   13e90:	00068613          	mv	a2,a3
   13e94:	0000d797          	auipc	a5,0xd
   13e98:	9607ae23          	sw	zero,-1668(a5) # 20810 <errno>
   13e9c:	00112623          	sw	ra,12(sp)
   13ea0:	ffffc097          	auipc	ra,0xffffc
   13ea4:	77c080e7          	jalr	1916(ra) # 1061c <_write>
   13ea8:	fff00793          	li	a5,-1
   13eac:	00f51a63          	bne	a0,a5,13ec0 <_write_r+0x44>
   13eb0:	0000d797          	auipc	a5,0xd
   13eb4:	9607a783          	lw	a5,-1696(a5) # 20810 <errno>
   13eb8:	00078463          	beqz	a5,13ec0 <_write_r+0x44>
   13ebc:	00f42023          	sw	a5,0(s0)
   13ec0:	00c12083          	lw	ra,12(sp)
   13ec4:	00812403          	lw	s0,8(sp)
   13ec8:	01010113          	addi	sp,sp,16
   13ecc:	00008067          	ret

00013ed0 <__udivdi3>:
   13ed0:	00060813          	mv	a6,a2
   13ed4:	00050793          	mv	a5,a0
   13ed8:	00058893          	mv	a7,a1
   13edc:	0c069c63          	bnez	a3,13fb4 <__udivdi3+0xe4>
   13ee0:	22c5fa63          	bgeu	a1,a2,14114 <__udivdi3+0x244>
   13ee4:	00010737          	lui	a4,0x10
   13ee8:	36e66863          	bltu	a2,a4,14258 <__udivdi3+0x388>
   13eec:	01000737          	lui	a4,0x1000
   13ef0:	01800313          	li	t1,24
   13ef4:	00e67463          	bgeu	a2,a4,13efc <__udivdi3+0x2c>
   13ef8:	01000313          	li	t1,16
   13efc:	006656b3          	srl	a3,a2,t1
   13f00:	0000d717          	auipc	a4,0xd
   13f04:	80c70713          	addi	a4,a4,-2036 # 2070c <__clz_tab>
   13f08:	00d70733          	add	a4,a4,a3
   13f0c:	00074703          	lbu	a4,0(a4)
   13f10:	02000693          	li	a3,32
   13f14:	00670733          	add	a4,a4,t1
   13f18:	00d70e63          	beq	a4,a3,13f34 <__udivdi3+0x64>
   13f1c:	40e686b3          	sub	a3,a3,a4
   13f20:	00d598b3          	sll	a7,a1,a3
   13f24:	00e55733          	srl	a4,a0,a4
   13f28:	00d61833          	sll	a6,a2,a3
   13f2c:	00d517b3          	sll	a5,a0,a3
   13f30:	011768b3          	or	a7,a4,a7
   13f34:	01085613          	srli	a2,a6,0x10
   13f38:	02c8d533          	divu	a0,a7,a2
   13f3c:	01081693          	slli	a3,a6,0x10
   13f40:	0106d693          	srli	a3,a3,0x10
   13f44:	0107d713          	srli	a4,a5,0x10
   13f48:	02c8f8b3          	remu	a7,a7,a2
   13f4c:	02a685b3          	mul	a1,a3,a0
   13f50:	01089893          	slli	a7,a7,0x10
   13f54:	01176733          	or	a4,a4,a7
   13f58:	00b77c63          	bgeu	a4,a1,13f70 <__udivdi3+0xa0>
   13f5c:	00e808b3          	add	a7,a6,a4
   13f60:	00088713          	mv	a4,a7
   13f64:	00b8f463          	bgeu	a7,a1,13f6c <__udivdi3+0x9c>
   13f68:	3908f463          	bgeu	a7,a6,142f0 <__udivdi3+0x420>
   13f6c:	fff50513          	addi	a0,a0,-1
   13f70:	40b70733          	sub	a4,a4,a1
   13f74:	02c755b3          	divu	a1,a4,a2
   13f78:	01079793          	slli	a5,a5,0x10
   13f7c:	0107d793          	srli	a5,a5,0x10
   13f80:	02c77733          	remu	a4,a4,a2
   13f84:	02b686b3          	mul	a3,a3,a1
   13f88:	01071713          	slli	a4,a4,0x10
   13f8c:	00e7e7b3          	or	a5,a5,a4
   13f90:	00d7fa63          	bgeu	a5,a3,13fa4 <__udivdi3+0xd4>
   13f94:	00f807b3          	add	a5,a6,a5
   13f98:	00d7f463          	bgeu	a5,a3,13fa0 <__udivdi3+0xd0>
   13f9c:	3507f663          	bgeu	a5,a6,142e8 <__udivdi3+0x418>
   13fa0:	fff58593          	addi	a1,a1,-1
   13fa4:	01051513          	slli	a0,a0,0x10
   13fa8:	00b56533          	or	a0,a0,a1
   13fac:	00000593          	li	a1,0
   13fb0:	00008067          	ret
   13fb4:	00d5f863          	bgeu	a1,a3,13fc4 <__udivdi3+0xf4>
   13fb8:	00000593          	li	a1,0
   13fbc:	00000513          	li	a0,0
   13fc0:	00008067          	ret
   13fc4:	000107b7          	lui	a5,0x10
   13fc8:	2af6e663          	bltu	a3,a5,14274 <__udivdi3+0x3a4>
   13fcc:	01000737          	lui	a4,0x1000
   13fd0:	01800793          	li	a5,24
   13fd4:	00e6f463          	bgeu	a3,a4,13fdc <__udivdi3+0x10c>
   13fd8:	01000793          	li	a5,16
   13fdc:	00f6d833          	srl	a6,a3,a5
   13fe0:	0000c717          	auipc	a4,0xc
   13fe4:	72c70713          	addi	a4,a4,1836 # 2070c <__clz_tab>
   13fe8:	01070733          	add	a4,a4,a6
   13fec:	00074703          	lbu	a4,0(a4)
   13ff0:	02000813          	li	a6,32
   13ff4:	00f70733          	add	a4,a4,a5
   13ff8:	29070663          	beq	a4,a6,14284 <__udivdi3+0x3b4>
   13ffc:	40e80833          	sub	a6,a6,a4
   14000:	00e658b3          	srl	a7,a2,a4
   14004:	010696b3          	sll	a3,a3,a6
   14008:	00d8e8b3          	or	a7,a7,a3
   1400c:	00e5d333          	srl	t1,a1,a4
   14010:	0108de93          	srli	t4,a7,0x10
   14014:	03d357b3          	divu	a5,t1,t4
   14018:	01089e13          	slli	t3,a7,0x10
   1401c:	010595b3          	sll	a1,a1,a6
   14020:	010e5e13          	srli	t3,t3,0x10
   14024:	00e55733          	srl	a4,a0,a4
   14028:	00b76733          	or	a4,a4,a1
   1402c:	01075693          	srli	a3,a4,0x10
   14030:	01061633          	sll	a2,a2,a6
   14034:	03d37333          	remu	t1,t1,t4
   14038:	02fe05b3          	mul	a1,t3,a5
   1403c:	01031313          	slli	t1,t1,0x10
   14040:	0066e6b3          	or	a3,a3,t1
   14044:	00b6fc63          	bgeu	a3,a1,1405c <__udivdi3+0x18c>
   14048:	00d88333          	add	t1,a7,a3
   1404c:	00030693          	mv	a3,t1
   14050:	00b37463          	bgeu	t1,a1,14058 <__udivdi3+0x188>
   14054:	2d137c63          	bgeu	t1,a7,1432c <__udivdi3+0x45c>
   14058:	fff78793          	addi	a5,a5,-1 # ffff <__HEAP_SIZE+0xdfff>
   1405c:	40b686b3          	sub	a3,a3,a1
   14060:	03d6d333          	divu	t1,a3,t4
   14064:	01071713          	slli	a4,a4,0x10
   14068:	01075713          	srli	a4,a4,0x10
   1406c:	03d6f6b3          	remu	a3,a3,t4
   14070:	026e05b3          	mul	a1,t3,t1
   14074:	01069693          	slli	a3,a3,0x10
   14078:	00d76733          	or	a4,a4,a3
   1407c:	00b77c63          	bgeu	a4,a1,14094 <__udivdi3+0x1c4>
   14080:	00e886b3          	add	a3,a7,a4
   14084:	00068713          	mv	a4,a3
   14088:	00b6f463          	bgeu	a3,a1,14090 <__udivdi3+0x1c0>
   1408c:	2916f463          	bgeu	a3,a7,14314 <__udivdi3+0x444>
   14090:	fff30313          	addi	t1,t1,-1
   14094:	01079793          	slli	a5,a5,0x10
   14098:	0067e6b3          	or	a3,a5,t1
   1409c:	40b70733          	sub	a4,a4,a1
   140a0:	01061793          	slli	a5,a2,0x10
   140a4:	01031593          	slli	a1,t1,0x10
   140a8:	0107d793          	srli	a5,a5,0x10
   140ac:	0105d593          	srli	a1,a1,0x10
   140b0:	0106d313          	srli	t1,a3,0x10
   140b4:	01065613          	srli	a2,a2,0x10
   140b8:	02f30e33          	mul	t3,t1,a5
   140bc:	02f588b3          	mul	a7,a1,a5
   140c0:	02c585b3          	mul	a1,a1,a2
   140c4:	0108d793          	srli	a5,a7,0x10
   140c8:	01c585b3          	add	a1,a1,t3
   140cc:	00b787b3          	add	a5,a5,a1
   140d0:	02c30333          	mul	t1,t1,a2
   140d4:	01c7f663          	bgeu	a5,t3,140e0 <__udivdi3+0x210>
   140d8:	00010637          	lui	a2,0x10
   140dc:	00c30333          	add	t1,t1,a2
   140e0:	0107d613          	srli	a2,a5,0x10
   140e4:	00660633          	add	a2,a2,t1
   140e8:	02c76063          	bltu	a4,a2,14108 <__udivdi3+0x238>
   140ec:	01089893          	slli	a7,a7,0x10
   140f0:	0108d893          	srli	a7,a7,0x10
   140f4:	01079793          	slli	a5,a5,0x10
   140f8:	01051533          	sll	a0,a0,a6
   140fc:	011787b3          	add	a5,a5,a7
   14100:	1ef57e63          	bgeu	a0,a5,142fc <__udivdi3+0x42c>
   14104:	1ec71c63          	bne	a4,a2,142fc <__udivdi3+0x42c>
   14108:	fff68513          	addi	a0,a3,-1
   1410c:	00000593          	li	a1,0
   14110:	00008067          	ret
   14114:	14060a63          	beqz	a2,14268 <__udivdi3+0x398>
   14118:	00010737          	lui	a4,0x10
   1411c:	18e67c63          	bgeu	a2,a4,142b4 <__udivdi3+0x3e4>
   14120:	10063893          	sltiu	a7,a2,256
   14124:	0018b893          	seqz	a7,a7
   14128:	00389893          	slli	a7,a7,0x3
   1412c:	011656b3          	srl	a3,a2,a7
   14130:	0000c717          	auipc	a4,0xc
   14134:	5dc70713          	addi	a4,a4,1500 # 2070c <__clz_tab>
   14138:	00d70733          	add	a4,a4,a3
   1413c:	00074703          	lbu	a4,0(a4)
   14140:	02000693          	li	a3,32
   14144:	01170733          	add	a4,a4,a7
   14148:	14d70a63          	beq	a4,a3,1429c <__udivdi3+0x3cc>
   1414c:	40e687b3          	sub	a5,a3,a4
   14150:	00f61833          	sll	a6,a2,a5
   14154:	00e5d333          	srl	t1,a1,a4
   14158:	01085893          	srli	a7,a6,0x10
   1415c:	03135e33          	divu	t3,t1,a7
   14160:	01081613          	slli	a2,a6,0x10
   14164:	00f595b3          	sll	a1,a1,a5
   14168:	01065613          	srli	a2,a2,0x10
   1416c:	00e55733          	srl	a4,a0,a4
   14170:	00b76733          	or	a4,a4,a1
   14174:	01075693          	srli	a3,a4,0x10
   14178:	00f517b3          	sll	a5,a0,a5
   1417c:	03137333          	remu	t1,t1,a7
   14180:	03c605b3          	mul	a1,a2,t3
   14184:	01031313          	slli	t1,t1,0x10
   14188:	0066e6b3          	or	a3,a3,t1
   1418c:	00b6fc63          	bgeu	a3,a1,141a4 <__udivdi3+0x2d4>
   14190:	00d80533          	add	a0,a6,a3
   14194:	00050693          	mv	a3,a0
   14198:	00b57463          	bgeu	a0,a1,141a0 <__udivdi3+0x2d0>
   1419c:	17057663          	bgeu	a0,a6,14308 <__udivdi3+0x438>
   141a0:	fffe0e13          	addi	t3,t3,-1
   141a4:	40b686b3          	sub	a3,a3,a1
   141a8:	0316d533          	divu	a0,a3,a7
   141ac:	01071713          	slli	a4,a4,0x10
   141b0:	01075713          	srli	a4,a4,0x10
   141b4:	0316f6b3          	remu	a3,a3,a7
   141b8:	02a60333          	mul	t1,a2,a0
   141bc:	01069693          	slli	a3,a3,0x10
   141c0:	00d76733          	or	a4,a4,a3
   141c4:	00677c63          	bgeu	a4,t1,141dc <__udivdi3+0x30c>
   141c8:	00e806b3          	add	a3,a6,a4
   141cc:	00068713          	mv	a4,a3
   141d0:	0066f463          	bgeu	a3,t1,141d8 <__udivdi3+0x308>
   141d4:	1506f663          	bgeu	a3,a6,14320 <__udivdi3+0x450>
   141d8:	fff50513          	addi	a0,a0,-1
   141dc:	010e1593          	slli	a1,t3,0x10
   141e0:	00a5e5b3          	or	a1,a1,a0
   141e4:	40670733          	sub	a4,a4,t1
   141e8:	03175533          	divu	a0,a4,a7
   141ec:	0107d693          	srli	a3,a5,0x10
   141f0:	03177733          	remu	a4,a4,a7
   141f4:	02c50333          	mul	t1,a0,a2
   141f8:	01071713          	slli	a4,a4,0x10
   141fc:	00e6e733          	or	a4,a3,a4
   14200:	00677c63          	bgeu	a4,t1,14218 <__udivdi3+0x348>
   14204:	00e806b3          	add	a3,a6,a4
   14208:	00068713          	mv	a4,a3
   1420c:	0066f463          	bgeu	a3,t1,14214 <__udivdi3+0x344>
   14210:	0d06f663          	bgeu	a3,a6,142dc <__udivdi3+0x40c>
   14214:	fff50513          	addi	a0,a0,-1
   14218:	40670733          	sub	a4,a4,t1
   1421c:	031756b3          	divu	a3,a4,a7
   14220:	01079793          	slli	a5,a5,0x10
   14224:	0107d793          	srli	a5,a5,0x10
   14228:	03177733          	remu	a4,a4,a7
   1422c:	02c68633          	mul	a2,a3,a2
   14230:	01071713          	slli	a4,a4,0x10
   14234:	00e7e7b3          	or	a5,a5,a4
   14238:	00c7fa63          	bgeu	a5,a2,1424c <__udivdi3+0x37c>
   1423c:	00f807b3          	add	a5,a6,a5
   14240:	00c7f463          	bgeu	a5,a2,14248 <__udivdi3+0x378>
   14244:	0907f863          	bgeu	a5,a6,142d4 <__udivdi3+0x404>
   14248:	fff68693          	addi	a3,a3,-1
   1424c:	01051513          	slli	a0,a0,0x10
   14250:	00d56533          	or	a0,a0,a3
   14254:	00008067          	ret
   14258:	10063313          	sltiu	t1,a2,256
   1425c:	00133313          	seqz	t1,t1
   14260:	00331313          	slli	t1,t1,0x3
   14264:	c99ff06f          	j	13efc <__udivdi3+0x2c>
   14268:	00000693          	li	a3,0
   1426c:	00000893          	li	a7,0
   14270:	ec1ff06f          	j	14130 <__udivdi3+0x260>
   14274:	1006b793          	sltiu	a5,a3,256
   14278:	0017b793          	seqz	a5,a5
   1427c:	00379793          	slli	a5,a5,0x3
   14280:	d5dff06f          	j	13fdc <__udivdi3+0x10c>
   14284:	00c53633          	sltu	a2,a0,a2
   14288:	00b6b6b3          	sltu	a3,a3,a1
   1428c:	00163613          	seqz	a2,a2
   14290:	00c6e533          	or	a0,a3,a2
   14294:	00000593          	li	a1,0
   14298:	00008067          	ret
   1429c:	40c58733          	sub	a4,a1,a2
   142a0:	01065893          	srli	a7,a2,0x10
   142a4:	01061613          	slli	a2,a2,0x10
   142a8:	01065613          	srli	a2,a2,0x10
   142ac:	00100593          	li	a1,1
   142b0:	f39ff06f          	j	141e8 <__udivdi3+0x318>
   142b4:	01000737          	lui	a4,0x1000
   142b8:	00e67863          	bgeu	a2,a4,142c8 <__udivdi3+0x3f8>
   142bc:	01065693          	srli	a3,a2,0x10
   142c0:	01000893          	li	a7,16
   142c4:	e6dff06f          	j	14130 <__udivdi3+0x260>
   142c8:	01865693          	srli	a3,a2,0x18
   142cc:	01800893          	li	a7,24
   142d0:	e61ff06f          	j	14130 <__udivdi3+0x260>
   142d4:	ffe68693          	addi	a3,a3,-2
   142d8:	f75ff06f          	j	1424c <__udivdi3+0x37c>
   142dc:	ffe50513          	addi	a0,a0,-2
   142e0:	01068733          	add	a4,a3,a6
   142e4:	f35ff06f          	j	14218 <__udivdi3+0x348>
   142e8:	ffe58593          	addi	a1,a1,-2
   142ec:	cb9ff06f          	j	13fa4 <__udivdi3+0xd4>
   142f0:	ffe50513          	addi	a0,a0,-2
   142f4:	01088733          	add	a4,a7,a6
   142f8:	c79ff06f          	j	13f70 <__udivdi3+0xa0>
   142fc:	00068513          	mv	a0,a3
   14300:	00000593          	li	a1,0
   14304:	00008067          	ret
   14308:	ffee0e13          	addi	t3,t3,-2
   1430c:	010506b3          	add	a3,a0,a6
   14310:	e95ff06f          	j	141a4 <__udivdi3+0x2d4>
   14314:	ffe30313          	addi	t1,t1,-2
   14318:	01168733          	add	a4,a3,a7
   1431c:	d79ff06f          	j	14094 <__udivdi3+0x1c4>
   14320:	ffe50513          	addi	a0,a0,-2
   14324:	01068733          	add	a4,a3,a6
   14328:	eb5ff06f          	j	141dc <__udivdi3+0x30c>
   1432c:	ffe78793          	addi	a5,a5,-2
   14330:	011306b3          	add	a3,t1,a7
   14334:	d29ff06f          	j	1405c <__udivdi3+0x18c>
