
D:\Desktop\OpenClaw_Workspace\Working\SDK\demos\newlib\coremark\build_clang_O2\coremark_clang_o2.elf:     file format elf32-littleriscv


Disassembly of section .text:

00010000 <_reset_vector>:
   10000:	1000006f          	j	10100 <_start>
	...

00010080 <__vector_table>:
   10080:	0c40006f 3380006f 3340006f 1f80006f     o.@.o..3o.@3o...
   10090:	32c0006f 3280006f 3240006f 14c0006f     o..2o..2o.@2o...
   100a0:	31c0006f 3180006f 3140006f 2740006f     o..1o..1o.@1o.@'
   100b0:	30c0006f 3080006f 3040006f 3000006f     o..0o..0o.@0o..0
   100c0:	2fc0006f 2f80006f 2f40006f 2f00006f     o../o../o.@/o../
   100d0:	2ec0006f 2e80006f 2e40006f 2e00006f     o...o...o.@.o...
   100e0:	2dc0006f 2d80006f 2d40006f 2d00006f     o..-o..-o.@-o..-
   100f0:	2cc0006f 2c80006f 2c40006f 2c00006f     o..,o..,o.@,o..,

00010100 <_start>:
   10100:	00010197          	auipc	gp,0x10
   10104:	76818193          	addi	gp,gp,1896 # 20868 <__global_pointer$>
   10108:	00020117          	auipc	sp,0x20
   1010c:	ef810113          	addi	sp,sp,-264 # 30000 <__stack_top__>
   10110:	00011517          	auipc	a0,0x11
   10114:	90850513          	addi	a0,a0,-1784 # 20a18 <errno>
   10118:	00011597          	auipc	a1,0x11
   1011c:	24058593          	addi	a1,a1,576 # 21358 <__bss_end>
   10120:	00b50863          	beq	a0,a1,10130 <_start+0x30>
   10124:	00052023          	sw	zero,0(a0)
   10128:	00450513          	addi	a0,a0,4
   1012c:	feb56ce3          	bltu	a0,a1,10124 <_start+0x24>
   10130:	00000097          	auipc	ra,0x0
   10134:	2b4080e7          	jalr	692(ra) # 103e4 <_init>
   10138:	00001097          	auipc	ra,0x1
   1013c:	e6c080e7          	jalr	-404(ra) # 10fa4 <main>
   10140:	0000006f          	j	10140 <_start+0x40>

00010144 <exc_entry>:
   10144:	fb010113          	addi	sp,sp,-80
   10148:	00112023          	sw	ra,0(sp)
   1014c:	00412223          	sw	tp,4(sp)
   10150:	00512423          	sw	t0,8(sp)
   10154:	00612623          	sw	t1,12(sp)
   10158:	00712823          	sw	t2,16(sp)
   1015c:	00a12a23          	sw	a0,20(sp)
   10160:	00b12c23          	sw	a1,24(sp)
   10164:	00c12e23          	sw	a2,28(sp)
   10168:	02d12023          	sw	a3,32(sp)
   1016c:	02e12223          	sw	a4,36(sp)
   10170:	02f12423          	sw	a5,40(sp)
   10174:	03012623          	sw	a6,44(sp)
   10178:	03112823          	sw	a7,48(sp)
   1017c:	03c12a23          	sw	t3,52(sp)
   10180:	03d12c23          	sw	t4,56(sp)
   10184:	03e12e23          	sw	t5,60(sp)
   10188:	05f12023          	sw	t6,64(sp)
   1018c:	34202573          	csrr	a0,mcause
   10190:	341025f3          	csrr	a1,mepc
   10194:	00000097          	auipc	ra,0x0
   10198:	390080e7          	jalr	912(ra) # 10524 <serr_handler>
   1019c:	00012083          	lw	ra,0(sp)
   101a0:	00412203          	lw	tp,4(sp)
   101a4:	00812283          	lw	t0,8(sp)
   101a8:	00c12303          	lw	t1,12(sp)
   101ac:	01012383          	lw	t2,16(sp)
   101b0:	01412503          	lw	a0,20(sp)
   101b4:	01812583          	lw	a1,24(sp)
   101b8:	01c12603          	lw	a2,28(sp)
   101bc:	02012683          	lw	a3,32(sp)
   101c0:	02412703          	lw	a4,36(sp)
   101c4:	02812783          	lw	a5,40(sp)
   101c8:	02c12803          	lw	a6,44(sp)
   101cc:	03012883          	lw	a7,48(sp)
   101d0:	03412e03          	lw	t3,52(sp)
   101d4:	03812e83          	lw	t4,56(sp)
   101d8:	03c12f03          	lw	t5,60(sp)
   101dc:	04012f83          	lw	t6,64(sp)
   101e0:	05010113          	addi	sp,sp,80
   101e4:	30200073          	mret

000101e8 <irq_timer_entry>:
   101e8:	fb010113          	addi	sp,sp,-80
   101ec:	00112023          	sw	ra,0(sp)
   101f0:	00412223          	sw	tp,4(sp)
   101f4:	00512423          	sw	t0,8(sp)
   101f8:	00612623          	sw	t1,12(sp)
   101fc:	00712823          	sw	t2,16(sp)
   10200:	00a12a23          	sw	a0,20(sp)
   10204:	00b12c23          	sw	a1,24(sp)
   10208:	00c12e23          	sw	a2,28(sp)
   1020c:	02d12023          	sw	a3,32(sp)
   10210:	02e12223          	sw	a4,36(sp)
   10214:	02f12423          	sw	a5,40(sp)
   10218:	03012623          	sw	a6,44(sp)
   1021c:	03112823          	sw	a7,48(sp)
   10220:	03c12a23          	sw	t3,52(sp)
   10224:	03d12c23          	sw	t4,56(sp)
   10228:	03e12e23          	sw	t5,60(sp)
   1022c:	05f12023          	sw	t6,64(sp)
   10230:	00000097          	auipc	ra,0x0
   10234:	2ec080e7          	jalr	748(ra) # 1051c <tmr_irq_handler>
   10238:	00012083          	lw	ra,0(sp)
   1023c:	00412203          	lw	tp,4(sp)
   10240:	00812283          	lw	t0,8(sp)
   10244:	00c12303          	lw	t1,12(sp)
   10248:	01012383          	lw	t2,16(sp)
   1024c:	01412503          	lw	a0,20(sp)
   10250:	01812583          	lw	a1,24(sp)
   10254:	01c12603          	lw	a2,28(sp)
   10258:	02012683          	lw	a3,32(sp)
   1025c:	02412703          	lw	a4,36(sp)
   10260:	02812783          	lw	a5,40(sp)
   10264:	02c12803          	lw	a6,44(sp)
   10268:	03012883          	lw	a7,48(sp)
   1026c:	03412e03          	lw	t3,52(sp)
   10270:	03812e83          	lw	t4,56(sp)
   10274:	03c12f03          	lw	t5,60(sp)
   10278:	04012f83          	lw	t6,64(sp)
   1027c:	05010113          	addi	sp,sp,80
   10280:	30200073          	mret

00010284 <irq_software_entry>:
   10284:	fb010113          	addi	sp,sp,-80
   10288:	00112023          	sw	ra,0(sp)
   1028c:	00412223          	sw	tp,4(sp)
   10290:	00512423          	sw	t0,8(sp)
   10294:	00612623          	sw	t1,12(sp)
   10298:	00712823          	sw	t2,16(sp)
   1029c:	00a12a23          	sw	a0,20(sp)
   102a0:	00b12c23          	sw	a1,24(sp)
   102a4:	00c12e23          	sw	a2,28(sp)
   102a8:	02d12023          	sw	a3,32(sp)
   102ac:	02e12223          	sw	a4,36(sp)
   102b0:	02f12423          	sw	a5,40(sp)
   102b4:	03012623          	sw	a6,44(sp)
   102b8:	03112823          	sw	a7,48(sp)
   102bc:	03c12a23          	sw	t3,52(sp)
   102c0:	03d12c23          	sw	t4,56(sp)
   102c4:	03e12e23          	sw	t5,60(sp)
   102c8:	05f12023          	sw	t6,64(sp)
   102cc:	00000097          	auipc	ra,0x0
   102d0:	24c080e7          	jalr	588(ra) # 10518 <sw_irq_handler>
   102d4:	00012083          	lw	ra,0(sp)
   102d8:	00412203          	lw	tp,4(sp)
   102dc:	00812283          	lw	t0,8(sp)
   102e0:	00c12303          	lw	t1,12(sp)
   102e4:	01012383          	lw	t2,16(sp)
   102e8:	01412503          	lw	a0,20(sp)
   102ec:	01812583          	lw	a1,24(sp)
   102f0:	01c12603          	lw	a2,28(sp)
   102f4:	02012683          	lw	a3,32(sp)
   102f8:	02412703          	lw	a4,36(sp)
   102fc:	02812783          	lw	a5,40(sp)
   10300:	02c12803          	lw	a6,44(sp)
   10304:	03012883          	lw	a7,48(sp)
   10308:	03412e03          	lw	t3,52(sp)
   1030c:	03812e83          	lw	t4,56(sp)
   10310:	03c12f03          	lw	t5,60(sp)
   10314:	04012f83          	lw	t6,64(sp)
   10318:	05010113          	addi	sp,sp,80
   1031c:	30200073          	mret

00010320 <irq_external_entry>:
   10320:	fb010113          	addi	sp,sp,-80
   10324:	00112023          	sw	ra,0(sp)
   10328:	00412223          	sw	tp,4(sp)
   1032c:	00512423          	sw	t0,8(sp)
   10330:	00612623          	sw	t1,12(sp)
   10334:	00712823          	sw	t2,16(sp)
   10338:	00a12a23          	sw	a0,20(sp)
   1033c:	00b12c23          	sw	a1,24(sp)
   10340:	00c12e23          	sw	a2,28(sp)
   10344:	02d12023          	sw	a3,32(sp)
   10348:	02e12223          	sw	a4,36(sp)
   1034c:	02f12423          	sw	a5,40(sp)
   10350:	03012623          	sw	a6,44(sp)
   10354:	03112823          	sw	a7,48(sp)
   10358:	03c12a23          	sw	t3,52(sp)
   1035c:	03d12c23          	sw	t4,56(sp)
   10360:	03e12e23          	sw	t5,60(sp)
   10364:	05f12023          	sw	t6,64(sp)
   10368:	00000097          	auipc	ra,0x0
   1036c:	1b8080e7          	jalr	440(ra) # 10520 <ext_irq_handler>
   10370:	00012083          	lw	ra,0(sp)
   10374:	00412203          	lw	tp,4(sp)
   10378:	00812283          	lw	t0,8(sp)
   1037c:	00c12303          	lw	t1,12(sp)
   10380:	01012383          	lw	t2,16(sp)
   10384:	01412503          	lw	a0,20(sp)
   10388:	01812583          	lw	a1,24(sp)
   1038c:	01c12603          	lw	a2,28(sp)
   10390:	02012683          	lw	a3,32(sp)
   10394:	02412703          	lw	a4,36(sp)
   10398:	02812783          	lw	a5,40(sp)
   1039c:	02c12803          	lw	a6,44(sp)
   103a0:	03012883          	lw	a7,48(sp)
   103a4:	03412e03          	lw	t3,52(sp)
   103a8:	03812e83          	lw	t4,56(sp)
   103ac:	03c12f03          	lw	t5,60(sp)
   103b0:	04012f83          	lw	t6,64(sp)
   103b4:	05010113          	addi	sp,sp,80
   103b8:	30200073          	mret

000103bc <irq_unhandled>:
   103bc:	10500073          	wfi
   103c0:	ffdff06f          	j	103bc <irq_unhandled>

000103c4 <memset>:
   103c4:	00050313          	mv	t1,a0
   103c8:	00060a63          	beqz	a2,103dc <memset+0x18>
   103cc:	00b30023          	sb	a1,0(t1)
   103d0:	fff60613          	addi	a2,a2,-1
   103d4:	00130313          	addi	t1,t1,1
   103d8:	fe061ae3          	bnez	a2,103cc <memset+0x8>
   103dc:	00008067          	ret

000103e0 <board_init>:
   103e0:	00008067          	ret

000103e4 <_init>:
   103e4:	ff010113          	addi	sp,sp,-16
   103e8:	00112623          	sw	ra,12(sp)
   103ec:	00812423          	sw	s0,8(sp)
   103f0:	00912223          	sw	s1,4(sp)
   103f4:	3060d073          	csrwi	mcounteren,1
   103f8:	00021437          	lui	s0,0x21
   103fc:	04c4b537          	lui	a0,0x4c4b
   10400:	40050493          	addi	s1,a0,1024 # 4c4b400 <__stack_top__+0x4c1b400>
   10404:	a2942823          	sw	s1,-1488(s0) # 20a30 <g_cpu_freq_hz>
   10408:	0001c537          	lui	a0,0x1c
   1040c:	20050513          	addi	a0,a0,512 # 1c200 <_etext+0x7b68>
   10410:	00000097          	auipc	ra,0x0
   10414:	040080e7          	jalr	64(ra) # 10450 <uart_init>
   10418:	00000517          	auipc	a0,0x0
   1041c:	c6850513          	addi	a0,a0,-920 # 10080 <__vector_table>
   10420:	00156513          	ori	a0,a0,1
   10424:	30551073          	csrw	mtvec,a0
   10428:	00000097          	auipc	ra,0x0
   1042c:	fb8080e7          	jalr	-72(ra) # 103e0 <board_init>
   10430:	3fd00513          	li	a0,1021
   10434:	30652073          	csrs	mcounteren,a0
   10438:	a2942823          	sw	s1,-1488(s0)
   1043c:	00c12083          	lw	ra,12(sp)
   10440:	00812403          	lw	s0,8(sp)
   10444:	00412483          	lw	s1,4(sp)
   10448:	01010113          	addi	sp,sp,16
   1044c:	00008067          	ret

00010450 <uart_init>:
   10450:	ff010113          	addi	sp,sp,-16
   10454:	00112623          	sw	ra,12(sp)
   10458:	00812423          	sw	s0,8(sp)
   1045c:	00912223          	sw	s1,4(sp)
   10460:	00451413          	slli	s0,a0,0x4
   10464:	02626537          	lui	a0,0x2626
   10468:	04c4b5b7          	lui	a1,0x4c4b
   1046c:	80050513          	addi	a0,a0,-2048 # 2625800 <__stack_top__+0x25f5800>
   10470:	40058493          	addi	s1,a1,1024 # 4c4b400 <__stack_top__+0x4c1b400>
   10474:	00040593          	mv	a1,s0
   10478:	00048613          	mv	a2,s1
   1047c:	00000693          	li	a3,0
   10480:	00004097          	auipc	ra,0x4
   10484:	db0080e7          	jalr	-592(ra) # 14230 <__udivdi3>
   10488:	0284d5b3          	divu	a1,s1,s0
   1048c:	e0010637          	lui	a2,0xe0010
   10490:	08000693          	li	a3,128
   10494:	02a62223          	sw	a0,36(a2) # e0010024 <__stack_top__+0xdffe0024>
   10498:	00300513          	li	a0,3
   1049c:	00d62623          	sw	a3,12(a2)
   104a0:	0ff5f593          	zext.b	a1,a1
   104a4:	00b62023          	sw	a1,0(a2)
   104a8:	00062223          	sw	zero,4(a2)
   104ac:	00a62623          	sw	a0,12(a2)
   104b0:	00c12083          	lw	ra,12(sp)
   104b4:	00812403          	lw	s0,8(sp)
   104b8:	00412483          	lw	s1,4(sp)
   104bc:	01010113          	addi	sp,sp,16
   104c0:	00008067          	ret

000104c4 <uart_puts>:
   104c4:	e00105b7          	lui	a1,0xe0010
   104c8:	00a00613          	li	a2,10
   104cc:	00d00693          	li	a3,13
   104d0:	00054703          	lbu	a4,0(a0)
   104d4:	00c70663          	beq	a4,a2,104e0 <uart_puts+0x1c>
   104d8:	00071e63          	bnez	a4,104f4 <uart_puts+0x30>
   104dc:	0380006f          	j	10514 <uart_puts+0x50>
   104e0:	0145a703          	lw	a4,20(a1) # e0010014 <__stack_top__+0xdffe0014>
   104e4:	02077713          	andi	a4,a4,32
   104e8:	fe070ce3          	beqz	a4,104e0 <uart_puts+0x1c>
   104ec:	00d5a023          	sw	a3,0(a1)
   104f0:	00054703          	lbu	a4,0(a0)
   104f4:	0145a783          	lw	a5,20(a1)
   104f8:	0207f793          	andi	a5,a5,32
   104fc:	fe078ce3          	beqz	a5,104f4 <uart_puts+0x30>
   10500:	00150513          	addi	a0,a0,1
   10504:	00e5a023          	sw	a4,0(a1)
   10508:	00054703          	lbu	a4,0(a0)
   1050c:	fcc716e3          	bne	a4,a2,104d8 <uart_puts+0x14>
   10510:	fd1ff06f          	j	104e0 <uart_puts+0x1c>
   10514:	00008067          	ret

00010518 <sw_irq_handler>:
   10518:	00008067          	ret

0001051c <tmr_irq_handler>:
   1051c:	00008067          	ret

00010520 <ext_irq_handler>:
   10520:	00008067          	ret

00010524 <serr_handler>:
   10524:	0000006f          	j	10524 <serr_handler>

00010528 <_close>:
   10528:	fff00513          	li	a0,-1
   1052c:	00008067          	ret

00010530 <_fstat>:
   10530:	00002537          	lui	a0,0x2
   10534:	00a5a223          	sw	a0,4(a1)
   10538:	00000513          	li	a0,0
   1053c:	00008067          	ret

00010540 <_isatty>:
   10540:	00100513          	li	a0,1
   10544:	00008067          	ret

00010548 <_lseek>:
   10548:	00000513          	li	a0,0
   1054c:	00008067          	ret

00010550 <_read>:
   10550:	00000513          	li	a0,0
   10554:	00008067          	ret

00010558 <_sbrk>:
   10558:	00050593          	mv	a1,a0
   1055c:	00020537          	lui	a0,0x20
   10560:	00052503          	lw	a0,0(a0) # 20000 <heap_ptr>
   10564:	00b505b3          	add	a1,a0,a1
   10568:	00023637          	lui	a2,0x23
   1056c:	35860613          	addi	a2,a2,856 # 23358 <__heap_end>
   10570:	00b66e63          	bltu	a2,a1,1058c <_sbrk+0x34>
   10574:	00021637          	lui	a2,0x21
   10578:	35860613          	addi	a2,a2,856 # 21358 <__bss_end>
   1057c:	00c5e863          	bltu	a1,a2,1058c <_sbrk+0x34>
   10580:	00020637          	lui	a2,0x20
   10584:	00b62023          	sw	a1,0(a2) # 20000 <heap_ptr>
   10588:	00008067          	ret
   1058c:	00021537          	lui	a0,0x21
   10590:	00c00593          	li	a1,12
   10594:	a0b52c23          	sw	a1,-1512(a0) # 20a18 <errno>
   10598:	fff00513          	li	a0,-1
   1059c:	00008067          	ret

000105a0 <_write>:
   105a0:	ffd50513          	addi	a0,a0,-3
   105a4:	ffe00693          	li	a3,-2
   105a8:	00d57663          	bgeu	a0,a3,105b4 <_write+0x14>
   105ac:	fff00513          	li	a0,-1
   105b0:	00008067          	ret
   105b4:	02060663          	beqz	a2,105e0 <_write+0x40>
   105b8:	00000513          	li	a0,0
   105bc:	e00106b7          	lui	a3,0xe0010
   105c0:	00a58733          	add	a4,a1,a0
   105c4:	00074703          	lbu	a4,0(a4)
   105c8:	0146a783          	lw	a5,20(a3) # e0010014 <__stack_top__+0xdffe0014>
   105cc:	0207f793          	andi	a5,a5,32
   105d0:	fe078ce3          	beqz	a5,105c8 <_write+0x28>
   105d4:	00150513          	addi	a0,a0,1
   105d8:	00e6a023          	sw	a4,0(a3)
   105dc:	fec512e3          	bne	a0,a2,105c0 <_write+0x20>
   105e0:	00060513          	mv	a0,a2
   105e4:	00008067          	ret

000105e8 <print_fixed_scaled>:
   105e8:	0cb05463          	blez	a1,106b0 <print_fixed_scaled+0xc8>
   105ec:	fe010113          	addi	sp,sp,-32
   105f0:	00112e23          	sw	ra,28(sp)
   105f4:	00812c23          	sw	s0,24(sp)
   105f8:	00912a23          	sw	s1,20(sp)
   105fc:	01212823          	sw	s2,16(sp)
   10600:	01312623          	sw	s3,12(sp)
   10604:	00058413          	mv	s0,a1
   10608:	00050493          	mv	s1,a0
   1060c:	00055a63          	bgez	a0,10620 <print_fixed_scaled+0x38>
   10610:	02d00513          	li	a0,45
   10614:	00002097          	auipc	ra,0x2
   10618:	f28080e7          	jalr	-216(ra) # 1253c <putchar>
   1061c:	409004b3          	neg	s1,s1
   10620:	0284d933          	divu	s2,s1,s0
   10624:	00020537          	lui	a0,0x20
   10628:	06c50513          	addi	a0,a0,108 # 2006c <_impure_ptr+0x4>
   1062c:	00090593          	mv	a1,s2
   10630:	00002097          	auipc	ra,0x2
   10634:	eb8080e7          	jalr	-328(ra) # 124e8 <iprintf>
   10638:	02890533          	mul	a0,s2,s0
   1063c:	40a48933          	sub	s2,s1,a0
   10640:	04090c63          	beqz	s2,10698 <print_fixed_scaled+0xb0>
   10644:	02e00513          	li	a0,46
   10648:	00002097          	auipc	ra,0x2
   1064c:	ef4080e7          	jalr	-268(ra) # 1253c <putchar>
   10650:	ccccd4b7          	lui	s1,0xccccd
   10654:	ccd48493          	addi	s1,s1,-819 # cccccccd <__stack_top__+0xccc9cccd>
   10658:	00191513          	slli	a0,s2,0x1
   1065c:	00391913          	slli	s2,s2,0x3
   10660:	00a90933          	add	s2,s2,a0
   10664:	028959b3          	divu	s3,s2,s0
   10668:	0299b533          	mulhu	a0,s3,s1
   1066c:	ff857593          	andi	a1,a0,-8
   10670:	00255513          	srli	a0,a0,0x2
   10674:	ffe57513          	andi	a0,a0,-2
   10678:	40b985b3          	sub	a1,s3,a1
   1067c:	40a585b3          	sub	a1,a1,a0
   10680:	03058513          	addi	a0,a1,48
   10684:	00002097          	auipc	ra,0x2
   10688:	eb8080e7          	jalr	-328(ra) # 1253c <putchar>
   1068c:	02898533          	mul	a0,s3,s0
   10690:	40a90933          	sub	s2,s2,a0
   10694:	fc0912e3          	bnez	s2,10658 <print_fixed_scaled+0x70>
   10698:	01c12083          	lw	ra,28(sp)
   1069c:	01812403          	lw	s0,24(sp)
   106a0:	01412483          	lw	s1,20(sp)
   106a4:	01012903          	lw	s2,16(sp)
   106a8:	00c12983          	lw	s3,12(sp)
   106ac:	02010113          	addi	sp,sp,32
   106b0:	00008067          	ret

000106b4 <calc_func>:
   106b4:	fe010113          	addi	sp,sp,-32
   106b8:	00112e23          	sw	ra,28(sp)
   106bc:	00812c23          	sw	s0,24(sp)
   106c0:	00912a23          	sw	s1,20(sp)
   106c4:	01212823          	sw	s2,16(sp)
   106c8:	01312623          	sw	s3,12(sp)
   106cc:	00050413          	mv	s0,a0
   106d0:	00055983          	lhu	s3,0(a0)
   106d4:	0809f513          	andi	a0,s3,128
   106d8:	06051463          	bnez	a0,10740 <calc_func+0x8c>
   106dc:	00058493          	mv	s1,a1
   106e0:	0079f513          	andi	a0,s3,7
   106e4:	01999593          	slli	a1,s3,0x19
   106e8:	01c5d593          	srli	a1,a1,0x1c
   106ec:	00459713          	slli	a4,a1,0x4
   106f0:	00100613          	li	a2,1
   106f4:	00b76733          	or	a4,a4,a1
   106f8:	04c50863          	beq	a0,a2,10748 <calc_func+0x94>
   106fc:	00098913          	mv	s2,s3
   10700:	06051663          	bnez	a0,1076c <calc_func+0xb8>
   10704:	02200513          	li	a0,34
   10708:	00e56463          	bltu	a0,a4,10710 <calc_func+0x5c>
   1070c:	02200713          	li	a4,34
   10710:	00049603          	lh	a2,0(s1)
   10714:	00249683          	lh	a3,2(s1)
   10718:	0144a583          	lw	a1,20(s1)
   1071c:	0184a503          	lw	a0,24(s1)
   10720:	0384d783          	lhu	a5,56(s1)
   10724:	00001097          	auipc	ra,0x1
   10728:	6f4080e7          	jalr	1780(ra) # 11e18 <core_bench_state>
   1072c:	03e4d583          	lhu	a1,62(s1)
   10730:	00050913          	mv	s2,a0
   10734:	02059c63          	bnez	a1,1076c <calc_func+0xb8>
   10738:	03249f23          	sh	s2,62(s1)
   1073c:	0300006f          	j	1076c <calc_func+0xb8>
   10740:	07f9f513          	andi	a0,s3,127
   10744:	0500006f          	j	10794 <calc_func+0xe0>
   10748:	0384d603          	lhu	a2,56(s1)
   1074c:	02848513          	addi	a0,s1,40
   10750:	00070593          	mv	a1,a4
   10754:	00001097          	auipc	ra,0x1
   10758:	00c080e7          	jalr	12(ra) # 11760 <core_bench_matrix>
   1075c:	03c4d583          	lhu	a1,60(s1)
   10760:	00050913          	mv	s2,a0
   10764:	00059463          	bnez	a1,1076c <calc_func+0xb8>
   10768:	03249e23          	sh	s2,60(s1)
   1076c:	0384d583          	lhu	a1,56(s1)
   10770:	00090513          	mv	a0,s2
   10774:	00002097          	auipc	ra,0x2
   10778:	c68080e7          	jalr	-920(ra) # 123dc <crcu16>
   1077c:	02a49c23          	sh	a0,56(s1)
   10780:	07f97513          	andi	a0,s2,127
   10784:	f009f593          	andi	a1,s3,-256
   10788:	00a5e5b3          	or	a1,a1,a0
   1078c:	08058593          	addi	a1,a1,128
   10790:	00b41023          	sh	a1,0(s0)
   10794:	01c12083          	lw	ra,28(sp)
   10798:	01812403          	lw	s0,24(sp)
   1079c:	01412483          	lw	s1,20(sp)
   107a0:	01012903          	lw	s2,16(sp)
   107a4:	00c12983          	lw	s3,12(sp)
   107a8:	02010113          	addi	sp,sp,32
   107ac:	00008067          	ret

000107b0 <core_bench_list>:
   107b0:	fb010113          	addi	sp,sp,-80
   107b4:	04112623          	sw	ra,76(sp)
   107b8:	04812423          	sw	s0,72(sp)
   107bc:	04912223          	sw	s1,68(sp)
   107c0:	05212023          	sw	s2,64(sp)
   107c4:	03312e23          	sw	s3,60(sp)
   107c8:	03412c23          	sw	s4,56(sp)
   107cc:	03512a23          	sw	s5,52(sp)
   107d0:	03612823          	sw	s6,48(sp)
   107d4:	03712623          	sw	s7,44(sp)
   107d8:	03812423          	sw	s8,40(sp)
   107dc:	03912223          	sw	s9,36(sp)
   107e0:	03a12023          	sw	s10,32(sp)
   107e4:	01b12e23          	sw	s11,28(sp)
   107e8:	00050493          	mv	s1,a0
   107ec:	00451503          	lh	a0,4(a0)
   107f0:	0244aa83          	lw	s5,36(s1)
   107f4:	10a05863          	blez	a0,10904 <core_bench_list+0x154>
   107f8:	00000713          	li	a4,0
   107fc:	00000413          	li	s0,0
   10800:	00000693          	li	a3,0
   10804:	00000613          	li	a2,0
   10808:	00058313          	mv	t1,a1
   1080c:	03c0006f          	j	10848 <core_bench_list+0x98>
   10810:	000aa783          	lw	a5,0(s5)
   10814:	0047a783          	lw	a5,4(a5)
   10818:	0017c783          	lbu	a5,1(a5)
   1081c:	00160613          	addi	a2,a2,1
   10820:	0017f813          	andi	a6,a5,1
   10824:	00880433          	add	s0,a6,s0
   10828:	fff34793          	not	a5,t1
   1082c:	00170713          	addi	a4,a4,1
   10830:	01079793          	slli	a5,a5,0x10
   10834:	01071813          	slli	a6,a4,0x10
   10838:	01f7d793          	srli	a5,a5,0x1f
   1083c:	41085813          	srai	a6,a6,0x10
   10840:	00f30333          	add	t1,t1,a5
   10844:	0aa85263          	bge	a6,a0,108e8 <core_bench_list+0x138>
   10848:	01031813          	slli	a6,t1,0x10
   1084c:	000a8793          	mv	a5,s5
   10850:	02084263          	bltz	a6,10874 <core_bench_list+0xc4>
   10854:	01085813          	srli	a6,a6,0x10
   10858:	000a8793          	mv	a5,s5
   1085c:	0047a883          	lw	a7,4(a5)
   10860:	0028d883          	lhu	a7,2(a7)
   10864:	03088463          	beq	a7,a6,1088c <core_bench_list+0xdc>
   10868:	0007a783          	lw	a5,0(a5)
   1086c:	fe0798e3          	bnez	a5,1085c <core_bench_list+0xac>
   10870:	01c0006f          	j	1088c <core_bench_list+0xdc>
   10874:	0047a803          	lw	a6,4(a5)
   10878:	00084803          	lbu	a6,0(a6)
   1087c:	0ff77893          	zext.b	a7,a4
   10880:	01180663          	beq	a6,a7,1088c <core_bench_list+0xdc>
   10884:	0007a783          	lw	a5,0(a5)
   10888:	fe0796e3          	bnez	a5,10874 <core_bench_list+0xc4>
   1088c:	020a8063          	beqz	s5,108ac <core_bench_list+0xfc>
   10890:	000a8813          	mv	a6,s5
   10894:	00000a93          	li	s5,0
   10898:	000a8893          	mv	a7,s5
   1089c:	00080a93          	mv	s5,a6
   108a0:	00082803          	lw	a6,0(a6)
   108a4:	011aa023          	sw	a7,0(s5)
   108a8:	fe0818e3          	bnez	a6,10898 <core_bench_list+0xe8>
   108ac:	f60782e3          	beqz	a5,10810 <core_bench_list+0x60>
   108b0:	0047a803          	lw	a6,4(a5)
   108b4:	00081803          	lh	a6,0(a6)
   108b8:	0007a883          	lw	a7,0(a5)
   108bc:	00985293          	srli	t0,a6,0x9
   108c0:	00587833          	and	a6,a6,t0
   108c4:	00168693          	addi	a3,a3,1
   108c8:	00187813          	andi	a6,a6,1
   108cc:	f4088ce3          	beqz	a7,10824 <core_bench_list+0x74>
   108d0:	0008a283          	lw	t0,0(a7)
   108d4:	0057a023          	sw	t0,0(a5)
   108d8:	000aa783          	lw	a5,0(s5)
   108dc:	00f8a023          	sw	a5,0(a7)
   108e0:	011aa023          	sw	a7,0(s5)
   108e4:	f41ff06f          	j	10824 <core_bench_list+0x74>
   108e8:	fff50513          	addi	a0,a0,-1
   108ec:	00269693          	slli	a3,a3,0x2
   108f0:	0ff57513          	zext.b	a0,a0
   108f4:	00a12423          	sw	a0,8(sp)
   108f8:	40c686b3          	sub	a3,a3,a2
   108fc:	008686b3          	add	a3,a3,s0
   10900:	00c0006f          	j	1090c <core_bench_list+0x15c>
   10904:	00000693          	li	a3,0
   10908:	00058313          	mv	t1,a1
   1090c:	00612623          	sw	t1,12(sp)
   10910:	00d12823          	sw	a3,16(sp)
   10914:	12b05263          	blez	a1,10a38 <core_bench_list+0x288>
   10918:	00100b93          	li	s7,1
   1091c:	00100b13          	li	s6,1
   10920:	0140006f          	j	10934 <core_bench_list+0x184>
   10924:	000ca023          	sw	zero,0(s9)
   10928:	001b1b13          	slli	s6,s6,0x1
   1092c:	01412503          	lw	a0,20(sp)
   10930:	10050463          	beqz	a0,10a38 <core_bench_list+0x288>
   10934:	00000613          	li	a2,0
   10938:	00000c93          	li	s9,0
   1093c:	41600d33          	neg	s10,s6
   10940:	000a8a13          	mv	s4,s5
   10944:	00000a93          	li	s5,0
   10948:	0100006f          	j	10958 <core_bench_list+0x1a8>
   1094c:	000d8b13          	mv	s6,s11
   10950:	01812603          	lw	a2,24(sp)
   10954:	fc0a08e3          	beqz	s4,10924 <core_bench_list+0x174>
   10958:	03605463          	blez	s6,10980 <core_bench_list+0x1d0>
   1095c:	00100c13          	li	s8,1
   10960:	000a0513          	mv	a0,s4
   10964:	00052503          	lw	a0,0(a0)
   10968:	02050063          	beqz	a0,10988 <core_bench_list+0x1d8>
   1096c:	001c0c13          	addi	s8,s8,1
   10970:	018d05b3          	add	a1,s10,s8
   10974:	ff7598e3          	bne	a1,s7,10964 <core_bench_list+0x1b4>
   10978:	000b0c13          	mv	s8,s6
   1097c:	00c0006f          	j	10988 <core_bench_list+0x1d8>
   10980:	00000c13          	li	s8,0
   10984:	000a0513          	mv	a0,s4
   10988:	00c12a23          	sw	a2,20(sp)
   1098c:	00160613          	addi	a2,a2,1
   10990:	00c12c23          	sw	a2,24(sp)
   10994:	000a0593          	mv	a1,s4
   10998:	000b0d93          	mv	s11,s6
   1099c:	00c0006f          	j	109a8 <core_bench_list+0x1f8>
   109a0:	00060a93          	mv	s5,a2
   109a4:	00060c93          	mv	s9,a2
   109a8:	00058413          	mv	s0,a1
   109ac:	00050a13          	mv	s4,a0
   109b0:	01804863          	bgtz	s8,109c0 <core_bench_list+0x210>
   109b4:	f9605ce3          	blez	s6,1094c <core_bench_list+0x19c>
   109b8:	f80a0ae3          	beqz	s4,1094c <core_bench_list+0x19c>
   109bc:	020c0c63          	beqz	s8,109f4 <core_bench_list+0x244>
   109c0:	040b0663          	beqz	s6,10a0c <core_bench_list+0x25c>
   109c4:	040a0463          	beqz	s4,10a0c <core_bench_list+0x25c>
   109c8:	00442503          	lw	a0,4(s0)
   109cc:	004a2903          	lw	s2,4(s4)
   109d0:	00048593          	mv	a1,s1
   109d4:	00000097          	auipc	ra,0x0
   109d8:	ce0080e7          	jalr	-800(ra) # 106b4 <calc_func>
   109dc:	00050993          	mv	s3,a0
   109e0:	00090513          	mv	a0,s2
   109e4:	00048593          	mv	a1,s1
   109e8:	00000097          	auipc	ra,0x0
   109ec:	ccc080e7          	jalr	-820(ra) # 106b4 <calc_func>
   109f0:	01357e63          	bgeu	a0,s3,10a0c <core_bench_list+0x25c>
   109f4:	000a2503          	lw	a0,0(s4)
   109f8:	fffb0b13          	addi	s6,s6,-1
   109fc:	00040593          	mv	a1,s0
   10a00:	000a0613          	mv	a2,s4
   10a04:	000c9e63          	bnez	s9,10a20 <core_bench_list+0x270>
   10a08:	f99ff06f          	j	109a0 <core_bench_list+0x1f0>
   10a0c:	00042583          	lw	a1,0(s0)
   10a10:	fffc0c13          	addi	s8,s8,-1
   10a14:	000a0513          	mv	a0,s4
   10a18:	00040613          	mv	a2,s0
   10a1c:	f80c82e3          	beqz	s9,109a0 <core_bench_list+0x1f0>
   10a20:	00cca023          	sw	a2,0(s9)
   10a24:	00058413          	mv	s0,a1
   10a28:	00050a13          	mv	s4,a0
   10a2c:	00060c93          	mv	s9,a2
   10a30:	f98048e3          	bgtz	s8,109c0 <core_bench_list+0x210>
   10a34:	f81ff06f          	j	109b4 <core_bench_list+0x204>
   10a38:	000aa603          	lw	a2,0(s5)
   10a3c:	00062403          	lw	s0,0(a2)
   10a40:	00462583          	lw	a1,4(a2)
   10a44:	00042683          	lw	a3,0(s0)
   10a48:	00442703          	lw	a4,4(s0)
   10a4c:	00c12503          	lw	a0,12(sp)
   10a50:	01051513          	slli	a0,a0,0x10
   10a54:	00d62023          	sw	a3,0(a2)
   10a58:	00e62223          	sw	a4,4(a2)
   10a5c:	00042023          	sw	zero,0(s0)
   10a60:	00b42223          	sw	a1,4(s0)
   10a64:	02054463          	bltz	a0,10a8c <core_bench_list+0x2dc>
   10a68:	01055513          	srli	a0,a0,0x10
   10a6c:	000a8493          	mv	s1,s5
   10a70:	01012f83          	lw	t6,16(sp)
   10a74:	0044a603          	lw	a2,4(s1)
   10a78:	00265603          	lhu	a2,2(a2)
   10a7c:	04a60063          	beq	a2,a0,10abc <core_bench_list+0x30c>
   10a80:	0004a483          	lw	s1,0(s1)
   10a84:	fe0498e3          	bnez	s1,10a74 <core_bench_list+0x2c4>
   10a88:	02c0006f          	j	10ab4 <core_bench_list+0x304>
   10a8c:	00812503          	lw	a0,8(sp)
   10a90:	01051513          	slli	a0,a0,0x10
   10a94:	01055513          	srli	a0,a0,0x10
   10a98:	000a8493          	mv	s1,s5
   10a9c:	01012f83          	lw	t6,16(sp)
   10aa0:	0044a603          	lw	a2,4(s1)
   10aa4:	00064603          	lbu	a2,0(a2)
   10aa8:	00a60a63          	beq	a2,a0,10abc <core_bench_list+0x30c>
   10aac:	0004a483          	lw	s1,0(s1)
   10ab0:	fe0498e3          	bnez	s1,10aa0 <core_bench_list+0x2f0>
   10ab4:	000aa483          	lw	s1,0(s5)
   10ab8:	02048663          	beqz	s1,10ae4 <core_bench_list+0x334>
   10abc:	004aa503          	lw	a0,4(s5)
   10ac0:	00051503          	lh	a0,0(a0)
   10ac4:	010f9593          	slli	a1,t6,0x10
   10ac8:	0105d593          	srli	a1,a1,0x10
   10acc:	00002097          	auipc	ra,0x2
   10ad0:	9d0080e7          	jalr	-1584(ra) # 1249c <crc16>
   10ad4:	0004a483          	lw	s1,0(s1)
   10ad8:	00050f93          	mv	t6,a0
   10adc:	fe0490e3          	bnez	s1,10abc <core_bench_list+0x30c>
   10ae0:	00442583          	lw	a1,4(s0)
   10ae4:	000aa603          	lw	a2,0(s5)
   10ae8:	00062503          	lw	a0,0(a2)
   10aec:	00462683          	lw	a3,4(a2)
   10af0:	00a42023          	sw	a0,0(s0)
   10af4:	00d42223          	sw	a3,4(s0)
   10af8:	00100513          	li	a0,1
   10afc:	00862023          	sw	s0,0(a2)
   10b00:	00b62223          	sw	a1,4(a2)
   10b04:	00100593          	li	a1,1
   10b08:	0100006f          	j	10b18 <core_bench_list+0x368>
   10b0c:	00062023          	sw	zero,0(a2)
   10b10:	00159593          	slli	a1,a1,0x1
   10b14:	0e070a63          	beqz	a4,10c08 <core_bench_list+0x458>
   10b18:	00000813          	li	a6,0
   10b1c:	00000613          	li	a2,0
   10b20:	40b006b3          	neg	a3,a1
   10b24:	000a8893          	mv	a7,s5
   10b28:	00000a93          	li	s5,0
   10b2c:	0080006f          	j	10b34 <core_bench_list+0x384>
   10b30:	fc088ee3          	beqz	a7,10b0c <core_bench_list+0x35c>
   10b34:	00080713          	mv	a4,a6
   10b38:	02b05463          	blez	a1,10b60 <core_bench_list+0x3b0>
   10b3c:	00100793          	li	a5,1
   10b40:	00088313          	mv	t1,a7
   10b44:	00032303          	lw	t1,0(t1)
   10b48:	02030063          	beqz	t1,10b68 <core_bench_list+0x3b8>
   10b4c:	00178793          	addi	a5,a5,1
   10b50:	00f68833          	add	a6,a3,a5
   10b54:	fea818e3          	bne	a6,a0,10b44 <core_bench_list+0x394>
   10b58:	00058793          	mv	a5,a1
   10b5c:	00c0006f          	j	10b68 <core_bench_list+0x3b8>
   10b60:	00000793          	li	a5,0
   10b64:	00088313          	mv	t1,a7
   10b68:	00170813          	addi	a6,a4,1
   10b6c:	00088e13          	mv	t3,a7
   10b70:	00058293          	mv	t0,a1
   10b74:	00c0006f          	j	10b80 <core_bench_list+0x3d0>
   10b78:	000e8a93          	mv	s5,t4
   10b7c:	000e8613          	mv	a2,t4
   10b80:	000e0393          	mv	t2,t3
   10b84:	00030893          	mv	a7,t1
   10b88:	00f04863          	bgtz	a5,10b98 <core_bench_list+0x3e8>
   10b8c:	fa5052e3          	blez	t0,10b30 <core_bench_list+0x380>
   10b90:	fa0880e3          	beqz	a7,10b30 <core_bench_list+0x380>
   10b94:	02078863          	beqz	a5,10bc4 <core_bench_list+0x414>
   10b98:	04028263          	beqz	t0,10bdc <core_bench_list+0x42c>
   10b9c:	04088063          	beqz	a7,10bdc <core_bench_list+0x42c>
   10ba0:	0043a303          	lw	t1,4(t2)
   10ba4:	00134e03          	lbu	t3,1(t1)
   10ba8:	0048ae83          	lw	t4,4(a7)
   10bac:	01c30023          	sb	t3,0(t1)
   10bb0:	001ece03          	lbu	t3,1(t4)
   10bb4:	002e9f03          	lh	t5,2(t4)
   10bb8:	01ce8023          	sb	t3,0(t4)
   10bbc:	00231303          	lh	t1,2(t1)
   10bc0:	006f5e63          	bge	t5,t1,10bdc <core_bench_list+0x42c>
   10bc4:	0008a303          	lw	t1,0(a7)
   10bc8:	fff28293          	addi	t0,t0,-1
   10bcc:	00038e13          	mv	t3,t2
   10bd0:	00088e93          	mv	t4,a7
   10bd4:	00061e63          	bnez	a2,10bf0 <core_bench_list+0x440>
   10bd8:	fa1ff06f          	j	10b78 <core_bench_list+0x3c8>
   10bdc:	0003ae03          	lw	t3,0(t2)
   10be0:	fff78793          	addi	a5,a5,-1
   10be4:	00088313          	mv	t1,a7
   10be8:	00038e93          	mv	t4,t2
   10bec:	f80606e3          	beqz	a2,10b78 <core_bench_list+0x3c8>
   10bf0:	01d62023          	sw	t4,0(a2)
   10bf4:	000e0393          	mv	t2,t3
   10bf8:	00030893          	mv	a7,t1
   10bfc:	000e8613          	mv	a2,t4
   10c00:	f8f04ce3          	bgtz	a5,10b98 <core_bench_list+0x3e8>
   10c04:	f89ff06f          	j	10b8c <core_bench_list+0x3dc>
   10c08:	000aa403          	lw	s0,0(s5)
   10c0c:	02040463          	beqz	s0,10c34 <core_bench_list+0x484>
   10c10:	004aa503          	lw	a0,4(s5)
   10c14:	00051503          	lh	a0,0(a0)
   10c18:	010f9593          	slli	a1,t6,0x10
   10c1c:	0105d593          	srli	a1,a1,0x10
   10c20:	00002097          	auipc	ra,0x2
   10c24:	87c080e7          	jalr	-1924(ra) # 1249c <crc16>
   10c28:	00042403          	lw	s0,0(s0)
   10c2c:	00050f93          	mv	t6,a0
   10c30:	fe0410e3          	bnez	s0,10c10 <core_bench_list+0x460>
   10c34:	010f9513          	slli	a0,t6,0x10
   10c38:	01055513          	srli	a0,a0,0x10
   10c3c:	04c12083          	lw	ra,76(sp)
   10c40:	04812403          	lw	s0,72(sp)
   10c44:	04412483          	lw	s1,68(sp)
   10c48:	04012903          	lw	s2,64(sp)
   10c4c:	03c12983          	lw	s3,60(sp)
   10c50:	03812a03          	lw	s4,56(sp)
   10c54:	03412a83          	lw	s5,52(sp)
   10c58:	03012b03          	lw	s6,48(sp)
   10c5c:	02c12b83          	lw	s7,44(sp)
   10c60:	02812c03          	lw	s8,40(sp)
   10c64:	02412c83          	lw	s9,36(sp)
   10c68:	02012d03          	lw	s10,32(sp)
   10c6c:	01c12d83          	lw	s11,28(sp)
   10c70:	05010113          	addi	sp,sp,80
   10c74:	00008067          	ret

00010c78 <core_list_init>:
   10c78:	00008737          	lui	a4,0x8
   10c7c:	ccccd7b7          	lui	a5,0xccccd
   10c80:	00858813          	addi	a6,a1,8
   10c84:	00300293          	li	t0,3
   10c88:	fff70713          	addi	a4,a4,-1 # 7fff <__HEAP_SIZE+0x5fff>
   10c8c:	ccd78793          	addi	a5,a5,-819 # cccccccd <__stack_top__+0xccc9cccd>
   10c90:	02f53533          	mulhu	a0,a0,a5
   10c94:	08170893          	addi	a7,a4,129
   10c98:	00455513          	srli	a0,a0,0x4
   10c9c:	ffe50513          	addi	a0,a0,-2
   10ca0:	00351793          	slli	a5,a0,0x3
   10ca4:	00f587b3          	add	a5,a1,a5
   10ca8:	01179023          	sh	a7,0(a5)
   10cac:	00079123          	sh	zero,2(a5)
   10cb0:	0005a023          	sw	zero,0(a1)
   10cb4:	00f5a223          	sw	a5,4(a1)
   10cb8:	00478893          	addi	a7,a5,4
   10cbc:	02556a63          	bltu	a0,t0,10cf0 <core_list_init+0x78>
   10cc0:	0115a623          	sw	a7,12(a1)
   10cc4:	00878893          	addi	a7,a5,8
   10cc8:	fff00293          	li	t0,-1
   10ccc:	00080693          	mv	a3,a6
   10cd0:	01058313          	addi	t1,a1,16
   10cd4:	0105a023          	sw	a6,0(a1)
   10cd8:	00579223          	sh	t0,4(a5)
   10cdc:	00e79323          	sh	a4,6(a5)
   10ce0:	0005a423          	sw	zero,8(a1)
   10ce4:	00030813          	mv	a6,t1
   10ce8:	00051863          	bnez	a0,10cf8 <core_list_init+0x80>
   10cec:	07c0006f          	j	10d68 <core_list_init+0xf0>
   10cf0:	00000693          	li	a3,0
   10cf4:	06050a63          	beqz	a0,10d68 <core_list_init+0xf0>
   10cf8:	00000293          	li	t0,0
   10cfc:	00251313          	slli	t1,a0,0x2
   10d00:	00678333          	add	t1,a5,t1
   10d04:	01c0006f          	j	10d20 <core_list_init+0xa8>
   10d08:	00088393          	mv	t2,a7
   10d0c:	00080e13          	mv	t3,a6
   10d10:	00128293          	addi	t0,t0,1
   10d14:	000e0813          	mv	a6,t3
   10d18:	00038893          	mv	a7,t2
   10d1c:	04550663          	beq	a0,t0,10d68 <core_list_init+0xf0>
   10d20:	00880e13          	addi	t3,a6,8
   10d24:	fefe72e3          	bgeu	t3,a5,10d08 <core_list_init+0x90>
   10d28:	00488393          	addi	t2,a7,4
   10d2c:	fc63fee3          	bgeu	t2,t1,10d08 <core_list_init+0x90>
   10d30:	00564eb3          	xor	t4,a2,t0
   10d34:	0072ff13          	andi	t5,t0,7
   10d38:	00d82023          	sw	a3,0(a6)
   10d3c:	0105a023          	sw	a6,0(a1)
   10d40:	01182223          	sw	a7,4(a6)
   10d44:	01ce9e93          	slli	t4,t4,0x1c
   10d48:	019ed693          	srli	a3,t4,0x19
   10d4c:	01e6e6b3          	or	a3,a3,t5
   10d50:	00869e93          	slli	t4,a3,0x8
   10d54:	00dee6b3          	or	a3,t4,a3
   10d58:	00d89023          	sh	a3,0(a7)
   10d5c:	00e89123          	sh	a4,2(a7)
   10d60:	00080693          	mv	a3,a6
   10d64:	fadff06f          	j	10d10 <core_list_init+0x98>
   10d68:	0006a783          	lw	a5,0(a3)
   10d6c:	04078e63          	beqz	a5,10dc8 <core_list_init+0x150>
   10d70:	ccccd737          	lui	a4,0xccccd
   10d74:	ccd70713          	addi	a4,a4,-819 # cccccccd <__stack_top__+0xccc9cccd>
   10d78:	02e53533          	mulhu	a0,a0,a4
   10d7c:	00255513          	srli	a0,a0,0x2
   10d80:	00200713          	li	a4,2
   10d84:	01c0006f          	j	10da0 <core_list_init+0x128>
   10d88:	0046a683          	lw	a3,4(a3)
   10d8c:	00082783          	lw	a5,0(a6)
   10d90:	01169123          	sh	a7,2(a3)
   10d94:	00170713          	addi	a4,a4,1
   10d98:	00080693          	mv	a3,a6
   10d9c:	02078663          	beqz	a5,10dc8 <core_list_init+0x150>
   10da0:	fff70893          	addi	a7,a4,-1
   10da4:	00078813          	mv	a6,a5
   10da8:	fea8e0e3          	bltu	a7,a0,10d88 <core_list_init+0x110>
   10dac:	011647b3          	xor	a5,a2,a7
   10db0:	01d71893          	slli	a7,a4,0x1d
   10db4:	01279793          	slli	a5,a5,0x12
   10db8:	0127d793          	srli	a5,a5,0x12
   10dbc:	0158d893          	srli	a7,a7,0x15
   10dc0:	00f8e8b3          	or	a7,a7,a5
   10dc4:	fc5ff06f          	j	10d88 <core_list_init+0x110>
   10dc8:	00100513          	li	a0,1
   10dcc:	00100613          	li	a2,1
   10dd0:	0100006f          	j	10de0 <core_list_init+0x168>
   10dd4:	0006a023          	sw	zero,0(a3)
   10dd8:	00161613          	slli	a2,a2,0x1
   10ddc:	0e078a63          	beqz	a5,10ed0 <core_list_init+0x258>
   10de0:	00000893          	li	a7,0
   10de4:	00000693          	li	a3,0
   10de8:	40c00733          	neg	a4,a2
   10dec:	00058293          	mv	t0,a1
   10df0:	00000593          	li	a1,0
   10df4:	0080006f          	j	10dfc <core_list_init+0x184>
   10df8:	fc028ee3          	beqz	t0,10dd4 <core_list_init+0x15c>
   10dfc:	00088793          	mv	a5,a7
   10e00:	02c05463          	blez	a2,10e28 <core_list_init+0x1b0>
   10e04:	00100813          	li	a6,1
   10e08:	00028393          	mv	t2,t0
   10e0c:	0003a383          	lw	t2,0(t2)
   10e10:	02038063          	beqz	t2,10e30 <core_list_init+0x1b8>
   10e14:	00180813          	addi	a6,a6,1
   10e18:	010708b3          	add	a7,a4,a6
   10e1c:	fea898e3          	bne	a7,a0,10e0c <core_list_init+0x194>
   10e20:	00060813          	mv	a6,a2
   10e24:	00c0006f          	j	10e30 <core_list_init+0x1b8>
   10e28:	00000813          	li	a6,0
   10e2c:	00028393          	mv	t2,t0
   10e30:	00178893          	addi	a7,a5,1
   10e34:	00028e93          	mv	t4,t0
   10e38:	00060313          	mv	t1,a2
   10e3c:	00c0006f          	j	10e48 <core_list_init+0x1d0>
   10e40:	000f0593          	mv	a1,t5
   10e44:	000f0693          	mv	a3,t5
   10e48:	000e8e13          	mv	t3,t4
   10e4c:	00038293          	mv	t0,t2
   10e50:	01004863          	bgtz	a6,10e60 <core_list_init+0x1e8>
   10e54:	fa6052e3          	blez	t1,10df8 <core_list_init+0x180>
   10e58:	fa0280e3          	beqz	t0,10df8 <core_list_init+0x180>
   10e5c:	02080863          	beqz	a6,10e8c <core_list_init+0x214>
   10e60:	04030263          	beqz	t1,10ea4 <core_list_init+0x22c>
   10e64:	04028063          	beqz	t0,10ea4 <core_list_init+0x22c>
   10e68:	004e2383          	lw	t2,4(t3)
   10e6c:	0013ce83          	lbu	t4,1(t2)
   10e70:	0042af03          	lw	t5,4(t0)
   10e74:	01d38023          	sb	t4,0(t2)
   10e78:	001f4e83          	lbu	t4,1(t5)
   10e7c:	002f1f83          	lh	t6,2(t5)
   10e80:	01df0023          	sb	t4,0(t5)
   10e84:	00239383          	lh	t2,2(t2)
   10e88:	007fde63          	bge	t6,t2,10ea4 <core_list_init+0x22c>
   10e8c:	0002a383          	lw	t2,0(t0)
   10e90:	fff30313          	addi	t1,t1,-1
   10e94:	000e0e93          	mv	t4,t3
   10e98:	00028f13          	mv	t5,t0
   10e9c:	00069e63          	bnez	a3,10eb8 <core_list_init+0x240>
   10ea0:	fa1ff06f          	j	10e40 <core_list_init+0x1c8>
   10ea4:	000e2e83          	lw	t4,0(t3)
   10ea8:	fff80813          	addi	a6,a6,-1
   10eac:	00028393          	mv	t2,t0
   10eb0:	000e0f13          	mv	t5,t3
   10eb4:	f80686e3          	beqz	a3,10e40 <core_list_init+0x1c8>
   10eb8:	01e6a023          	sw	t5,0(a3)
   10ebc:	000e8e13          	mv	t3,t4
   10ec0:	00038293          	mv	t0,t2
   10ec4:	000f0693          	mv	a3,t5
   10ec8:	f9004ce3          	bgtz	a6,10e60 <core_list_init+0x1e8>
   10ecc:	f89ff06f          	j	10e54 <core_list_init+0x1dc>
   10ed0:	00058513          	mv	a0,a1
   10ed4:	00008067          	ret

00010ed8 <iterate>:
   10ed8:	ff010113          	addi	sp,sp,-16
   10edc:	00112623          	sw	ra,12(sp)
   10ee0:	00812423          	sw	s0,8(sp)
   10ee4:	00912223          	sw	s1,4(sp)
   10ee8:	01c52483          	lw	s1,28(a0)
   10eec:	02052c23          	sw	zero,56(a0)
   10ef0:	02052e23          	sw	zero,60(a0)
   10ef4:	08048c63          	beqz	s1,10f8c <iterate+0xb4>
   10ef8:	00050413          	mv	s0,a0
   10efc:	00100593          	li	a1,1
   10f00:	00000097          	auipc	ra,0x0
   10f04:	8b0080e7          	jalr	-1872(ra) # 107b0 <core_bench_list>
   10f08:	03845583          	lhu	a1,56(s0)
   10f0c:	00001097          	auipc	ra,0x1
   10f10:	4d0080e7          	jalr	1232(ra) # 123dc <crcu16>
   10f14:	02a41c23          	sh	a0,56(s0)
   10f18:	fff00593          	li	a1,-1
   10f1c:	00040513          	mv	a0,s0
   10f20:	00000097          	auipc	ra,0x0
   10f24:	890080e7          	jalr	-1904(ra) # 107b0 <core_bench_list>
   10f28:	03845583          	lhu	a1,56(s0)
   10f2c:	00001097          	auipc	ra,0x1
   10f30:	4b0080e7          	jalr	1200(ra) # 123dc <crcu16>
   10f34:	fff48493          	addi	s1,s1,-1
   10f38:	02a41c23          	sh	a0,56(s0)
   10f3c:	02a41d23          	sh	a0,58(s0)
   10f40:	04048663          	beqz	s1,10f8c <iterate+0xb4>
   10f44:	00100593          	li	a1,1
   10f48:	00040513          	mv	a0,s0
   10f4c:	00000097          	auipc	ra,0x0
   10f50:	864080e7          	jalr	-1948(ra) # 107b0 <core_bench_list>
   10f54:	03845583          	lhu	a1,56(s0)
   10f58:	00001097          	auipc	ra,0x1
   10f5c:	484080e7          	jalr	1156(ra) # 123dc <crcu16>
   10f60:	02a41c23          	sh	a0,56(s0)
   10f64:	fff00593          	li	a1,-1
   10f68:	00040513          	mv	a0,s0
   10f6c:	00000097          	auipc	ra,0x0
   10f70:	844080e7          	jalr	-1980(ra) # 107b0 <core_bench_list>
   10f74:	03845583          	lhu	a1,56(s0)
   10f78:	00001097          	auipc	ra,0x1
   10f7c:	464080e7          	jalr	1124(ra) # 123dc <crcu16>
   10f80:	fff48493          	addi	s1,s1,-1
   10f84:	02a41c23          	sh	a0,56(s0)
   10f88:	fa049ee3          	bnez	s1,10f44 <iterate+0x6c>
   10f8c:	00000513          	li	a0,0
   10f90:	00c12083          	lw	ra,12(sp)
   10f94:	00812403          	lw	s0,8(sp)
   10f98:	00412483          	lw	s1,4(sp)
   10f9c:	01010113          	addi	sp,sp,16
   10fa0:	00008067          	ret

00010fa4 <main>:
   10fa4:	f9010113          	addi	sp,sp,-112
   10fa8:	06112623          	sw	ra,108(sp)
   10fac:	06812423          	sw	s0,104(sp)
   10fb0:	06912223          	sw	s1,100(sp)
   10fb4:	07212023          	sw	s2,96(sp)
   10fb8:	05312e23          	sw	s3,92(sp)
   10fbc:	05412c23          	sw	s4,88(sp)
   10fc0:	05512a23          	sw	s5,84(sp)
   10fc4:	04012823          	sw	zero,80(sp)
   10fc8:	04810513          	addi	a0,sp,72
   10fcc:	05010593          	addi	a1,sp,80
   10fd0:	04c10613          	addi	a2,sp,76
   10fd4:	00001097          	auipc	ra,0x1
   10fd8:	e34080e7          	jalr	-460(ra) # 11e08 <portable_init>
   10fdc:	00100513          	li	a0,1
   10fe0:	00001097          	auipc	ra,0x1
   10fe4:	3cc080e7          	jalr	972(ra) # 123ac <get_seed_32>
   10fe8:	00a11223          	sh	a0,4(sp)
   10fec:	00200513          	li	a0,2
   10ff0:	00001097          	auipc	ra,0x1
   10ff4:	3bc080e7          	jalr	956(ra) # 123ac <get_seed_32>
   10ff8:	00a11323          	sh	a0,6(sp)
   10ffc:	00300513          	li	a0,3
   11000:	00001097          	auipc	ra,0x1
   11004:	3ac080e7          	jalr	940(ra) # 123ac <get_seed_32>
   11008:	00a11423          	sh	a0,8(sp)
   1100c:	00400513          	li	a0,4
   11010:	00001097          	auipc	ra,0x1
   11014:	39c080e7          	jalr	924(ra) # 123ac <get_seed_32>
   11018:	02a12023          	sw	a0,32(sp)
   1101c:	00500513          	li	a0,5
   11020:	00001097          	auipc	ra,0x1
   11024:	38c080e7          	jalr	908(ra) # 123ac <get_seed_32>
   11028:	00051463          	bnez	a0,11030 <main+0x8c>
   1102c:	00700513          	li	a0,7
   11030:	00415603          	lhu	a2,4(sp)
   11034:	00615683          	lhu	a3,6(sp)
   11038:	00815583          	lhu	a1,8(sp)
   1103c:	02a12223          	sw	a0,36(sp)
   11040:	00061863          	bnez	a2,11050 <main+0xac>
   11044:	00069663          	bnez	a3,11050 <main+0xac>
   11048:	00000713          	li	a4,0
   1104c:	00058e63          	beqz	a1,11068 <main+0xc4>
   11050:	00100713          	li	a4,1
   11054:	02e61463          	bne	a2,a4,1107c <main+0xd8>
   11058:	02069263          	bnez	a3,1107c <main+0xd8>
   1105c:	02059063          	bnez	a1,1107c <main+0xd8>
   11060:	00003737          	lui	a4,0x3
   11064:	41570713          	addi	a4,a4,1045 # 3415 <__HEAP_SIZE+0x1415>
   11068:	06600593          	li	a1,102
   1106c:	00e11223          	sh	a4,4(sp)
   11070:	00e11323          	sh	a4,6(sp)
   11074:	00b11423          	sh	a1,8(sp)
   11078:	00070613          	mv	a2,a4
   1107c:	00000713          	li	a4,0
   11080:	00157593          	andi	a1,a0,1
   11084:	01e51693          	slli	a3,a0,0x1e
   11088:	01d51793          	slli	a5,a0,0x1d
   1108c:	01f6d693          	srli	a3,a3,0x1f
   11090:	01f7d793          	srli	a5,a5,0x1f
   11094:	00b686b3          	add	a3,a3,a1
   11098:	00d786b3          	add	a3,a5,a3
   1109c:	7d000793          	li	a5,2000
   110a0:	02d7d6b3          	divu	a3,a5,a3
   110a4:	000217b7          	lui	a5,0x21
   110a8:	a3478793          	addi	a5,a5,-1484 # 20a34 <static_memblk>
   110ac:	00f12623          	sw	a5,12(sp)
   110b0:	00d12e23          	sw	a3,28(sp)
   110b4:	04011223          	sh	zero,68(sp)
   110b8:	18059e63          	bnez	a1,11254 <main+0x2b0>
   110bc:	00257813          	andi	a6,a0,2
   110c0:	1a081263          	bnez	a6,11264 <main+0x2c0>
   110c4:	00457893          	andi	a7,a0,4
   110c8:	1a089a63          	bnez	a7,1127c <main+0x2d8>
   110cc:	1c059063          	bnez	a1,1128c <main+0x2e8>
   110d0:	02080663          	beqz	a6,110fc <main+0x158>
   110d4:	00411603          	lh	a2,4(sp)
   110d8:	00611703          	lh	a4,6(sp)
   110dc:	01412583          	lw	a1,20(sp)
   110e0:	01c12503          	lw	a0,28(sp)
   110e4:	02c10693          	addi	a3,sp,44
   110e8:	01071713          	slli	a4,a4,0x10
   110ec:	00c76633          	or	a2,a4,a2
   110f0:	00001097          	auipc	ra,0x1
   110f4:	b68080e7          	jalr	-1176(ra) # 11c58 <core_init_matrix>
   110f8:	02412503          	lw	a0,36(sp)
   110fc:	00457513          	andi	a0,a0,4
   11100:	00050c63          	beqz	a0,11118 <main+0x174>
   11104:	00411583          	lh	a1,4(sp)
   11108:	01812603          	lw	a2,24(sp)
   1110c:	01c12503          	lw	a0,28(sp)
   11110:	00001097          	auipc	ra,0x1
   11114:	1d8080e7          	jalr	472(ra) # 122e8 <core_init_state>
   11118:	02012503          	lw	a0,32(sp)
   1111c:	06051463          	bnez	a0,11184 <main+0x1e0>
   11120:	00100513          	li	a0,1
   11124:	02a12023          	sw	a0,32(sp)
   11128:	02012503          	lw	a0,32(sp)
   1112c:	00151593          	slli	a1,a0,0x1
   11130:	00351513          	slli	a0,a0,0x3
   11134:	00b50533          	add	a0,a0,a1
   11138:	02a12023          	sw	a0,32(sp)
   1113c:	00001097          	auipc	ra,0x1
   11140:	c34080e7          	jalr	-972(ra) # 11d70 <start_time>
   11144:	00410513          	addi	a0,sp,4
   11148:	00000097          	auipc	ra,0x0
   1114c:	d90080e7          	jalr	-624(ra) # 10ed8 <iterate>
   11150:	00001097          	auipc	ra,0x1
   11154:	c40080e7          	jalr	-960(ra) # 11d90 <stop_time>
   11158:	00001097          	auipc	ra,0x1
   1115c:	c5c080e7          	jalr	-932(ra) # 11db4 <get_time>
   11160:	00001097          	auipc	ra,0x1
   11164:	c80080e7          	jalr	-896(ra) # 11de0 <time_in_secs>
   11168:	fc0500e3          	beqz	a0,11128 <main+0x184>
   1116c:	00a00593          	li	a1,10
   11170:	02a5d533          	divu	a0,a1,a0
   11174:	02012583          	lw	a1,32(sp)
   11178:	00150513          	addi	a0,a0,1
   1117c:	02a58533          	mul	a0,a1,a0
   11180:	02a12023          	sw	a0,32(sp)
   11184:	00001097          	auipc	ra,0x1
   11188:	bec080e7          	jalr	-1044(ra) # 11d70 <start_time>
   1118c:	00410513          	addi	a0,sp,4
   11190:	00000097          	auipc	ra,0x0
   11194:	d48080e7          	jalr	-696(ra) # 10ed8 <iterate>
   11198:	00001097          	auipc	ra,0x1
   1119c:	bf8080e7          	jalr	-1032(ra) # 11d90 <stop_time>
   111a0:	00001097          	auipc	ra,0x1
   111a4:	c14080e7          	jalr	-1004(ra) # 11db4 <get_time>
   111a8:	00050493          	mv	s1,a0
   111ac:	00411503          	lh	a0,4(sp)
   111b0:	00058993          	mv	s3,a1
   111b4:	00000593          	li	a1,0
   111b8:	00001097          	auipc	ra,0x1
   111bc:	2e4080e7          	jalr	740(ra) # 1249c <crc16>
   111c0:	00611583          	lh	a1,6(sp)
   111c4:	00050613          	mv	a2,a0
   111c8:	00058513          	mv	a0,a1
   111cc:	00060593          	mv	a1,a2
   111d0:	00001097          	auipc	ra,0x1
   111d4:	2cc080e7          	jalr	716(ra) # 1249c <crc16>
   111d8:	00811583          	lh	a1,8(sp)
   111dc:	00050613          	mv	a2,a0
   111e0:	00058513          	mv	a0,a1
   111e4:	00060593          	mv	a1,a2
   111e8:	00001097          	auipc	ra,0x1
   111ec:	2b4080e7          	jalr	692(ra) # 1249c <crc16>
   111f0:	01c11583          	lh	a1,28(sp)
   111f4:	00050613          	mv	a2,a0
   111f8:	00058513          	mv	a0,a1
   111fc:	00060593          	mv	a1,a2
   11200:	00001097          	auipc	ra,0x1
   11204:	29c080e7          	jalr	668(ra) # 1249c <crc16>
   11208:	00050413          	mv	s0,a0
   1120c:	00010ab7          	lui	s5,0x10
   11210:	00008537          	lui	a0,0x8
   11214:	b0450513          	addi	a0,a0,-1276 # 7b04 <__HEAP_SIZE+0x5b04>
   11218:	fffa8a93          	addi	s5,s5,-1 # ffff <__HEAP_SIZE+0xdfff>
   1121c:	0a855063          	bge	a0,s0,112bc <main+0x318>
   11220:	0000f537          	lui	a0,0xf
   11224:	9f550513          	addi	a0,a0,-1547 # e9f5 <__HEAP_SIZE+0xc9f5>
   11228:	0aa40e63          	beq	s0,a0,112e4 <main+0x340>
   1122c:	00009537          	lui	a0,0x9
   11230:	a0250513          	addi	a0,a0,-1534 # 8a02 <__HEAP_SIZE+0x6a02>
   11234:	0ca40063          	beq	s0,a0,112f4 <main+0x350>
   11238:	00008537          	lui	a0,0x8
   1123c:	b0550513          	addi	a0,a0,-1275 # 7b05 <__HEAP_SIZE+0x5b05>
   11240:	1aa41e63          	bne	s0,a0,113fc <main+0x458>
   11244:	00100913          	li	s2,1
   11248:	00020537          	lui	a0,0x20
   1124c:	3bd50513          	addi	a0,a0,957 # 203bd <_impure_ptr+0x355>
   11250:	0c00006f          	j	11310 <main+0x36c>
   11254:	00f12823          	sw	a5,16(sp)
   11258:	00100713          	li	a4,1
   1125c:	00257813          	andi	a6,a0,2
   11260:	e60802e3          	beqz	a6,110c4 <main+0x120>
   11264:	02e688b3          	mul	a7,a3,a4
   11268:	011788b3          	add	a7,a5,a7
   1126c:	01112a23          	sw	a7,20(sp)
   11270:	00170713          	addi	a4,a4,1
   11274:	00457893          	andi	a7,a0,4
   11278:	e4088ae3          	beqz	a7,110cc <main+0x128>
   1127c:	02e68733          	mul	a4,a3,a4
   11280:	00e78733          	add	a4,a5,a4
   11284:	00e12c23          	sw	a4,24(sp)
   11288:	e40584e3          	beqz	a1,110d0 <main+0x12c>
   1128c:	01012583          	lw	a1,16(sp)
   11290:	01061613          	slli	a2,a2,0x10
   11294:	41065613          	srai	a2,a2,0x10
   11298:	00068513          	mv	a0,a3
   1129c:	00000097          	auipc	ra,0x0
   112a0:	9dc080e7          	jalr	-1572(ra) # 10c78 <core_list_init>
   112a4:	00050593          	mv	a1,a0
   112a8:	02412503          	lw	a0,36(sp)
   112ac:	02b12423          	sw	a1,40(sp)
   112b0:	00257813          	andi	a6,a0,2
   112b4:	e20810e3          	bnez	a6,110d4 <main+0x130>
   112b8:	e45ff06f          	j	110fc <main+0x158>
   112bc:	00002537          	lui	a0,0x2
   112c0:	8f250513          	addi	a0,a0,-1806 # 18f2 <__STACK_SIZE+0x8f2>
   112c4:	04a40063          	beq	s0,a0,11304 <main+0x360>
   112c8:	00005537          	lui	a0,0x5
   112cc:	eaf50513          	addi	a0,a0,-337 # 4eaf <__HEAP_SIZE+0x2eaf>
   112d0:	12a41663          	bne	s0,a0,113fc <main+0x458>
   112d4:	00200913          	li	s2,2
   112d8:	00020537          	lui	a0,0x20
   112dc:	38d50513          	addi	a0,a0,909 # 2038d <_impure_ptr+0x325>
   112e0:	0300006f          	j	11310 <main+0x36c>
   112e4:	00300913          	li	s2,3
   112e8:	00020537          	lui	a0,0x20
   112ec:	36150513          	addi	a0,a0,865 # 20361 <_impure_ptr+0x2f9>
   112f0:	0200006f          	j	11310 <main+0x36c>
   112f4:	00000913          	li	s2,0
   112f8:	00020537          	lui	a0,0x20
   112fc:	3e850513          	addi	a0,a0,1000 # 203e8 <_impure_ptr+0x380>
   11300:	0100006f          	j	11310 <main+0x36c>
   11304:	00400913          	li	s2,4
   11308:	00020537          	lui	a0,0x20
   1130c:	33650513          	addi	a0,a0,822 # 20336 <_impure_ptr+0x2ce>
   11310:	00001097          	auipc	ra,0x1
   11314:	3a8080e7          	jalr	936(ra) # 126b8 <puts>
   11318:	02412503          	lw	a0,36(sp)
   1131c:	00191913          	slli	s2,s2,0x1
   11320:	00157593          	andi	a1,a0,1
   11324:	04011223          	sh	zero,68(sp)
   11328:	00058e63          	beqz	a1,11344 <main+0x3a0>
   1132c:	000205b7          	lui	a1,0x20
   11330:	5a458593          	addi	a1,a1,1444 # 205a4 <list_known_crc>
   11334:	012585b3          	add	a1,a1,s2
   11338:	03e15603          	lhu	a2,62(sp)
   1133c:	0005d683          	lhu	a3,0(a1)
   11340:	00d61a63          	bne	a2,a3,11354 <main+0x3b0>
   11344:	00000a93          	li	s5,0
   11348:	00257593          	andi	a1,a0,2
   1134c:	02059a63          	bnez	a1,11380 <main+0x3dc>
   11350:	06c0006f          	j	113bc <main+0x418>
   11354:	00020537          	lui	a0,0x20
   11358:	08150513          	addi	a0,a0,129 # 20081 <_impure_ptr+0x19>
   1135c:	00000593          	li	a1,0
   11360:	00001097          	auipc	ra,0x1
   11364:	188080e7          	jalr	392(ra) # 124e8 <iprintf>
   11368:	04411a83          	lh	s5,68(sp)
   1136c:	02412503          	lw	a0,36(sp)
   11370:	001a8a93          	addi	s5,s5,1
   11374:	05511223          	sh	s5,68(sp)
   11378:	00257593          	andi	a1,a0,2
   1137c:	04058063          	beqz	a1,113bc <main+0x418>
   11380:	000205b7          	lui	a1,0x20
   11384:	5ae58593          	addi	a1,a1,1454 # 205ae <matrix_known_crc>
   11388:	012585b3          	add	a1,a1,s2
   1138c:	04015603          	lhu	a2,64(sp)
   11390:	0005d683          	lhu	a3,0(a1)
   11394:	02d60463          	beq	a2,a3,113bc <main+0x418>
   11398:	00020537          	lui	a0,0x20
   1139c:	0b050513          	addi	a0,a0,176 # 200b0 <_impure_ptr+0x48>
   113a0:	00000593          	li	a1,0
   113a4:	00001097          	auipc	ra,0x1
   113a8:	144080e7          	jalr	324(ra) # 124e8 <iprintf>
   113ac:	04411a83          	lh	s5,68(sp)
   113b0:	02412503          	lw	a0,36(sp)
   113b4:	001a8a93          	addi	s5,s5,1
   113b8:	05511223          	sh	s5,68(sp)
   113bc:	00457513          	andi	a0,a0,4
   113c0:	02050e63          	beqz	a0,113fc <main+0x458>
   113c4:	00020537          	lui	a0,0x20
   113c8:	5b850513          	addi	a0,a0,1464 # 205b8 <state_known_crc>
   113cc:	01250533          	add	a0,a0,s2
   113d0:	04215603          	lhu	a2,66(sp)
   113d4:	00055683          	lhu	a3,0(a0)
   113d8:	02d60263          	beq	a2,a3,113fc <main+0x458>
   113dc:	00020537          	lui	a0,0x20
   113e0:	0e150513          	addi	a0,a0,225 # 200e1 <_impure_ptr+0x79>
   113e4:	00000593          	li	a1,0
   113e8:	00001097          	auipc	ra,0x1
   113ec:	100080e7          	jalr	256(ra) # 124e8 <iprintf>
   113f0:	04411a83          	lh	s5,68(sp)
   113f4:	001a8a93          	addi	s5,s5,1
   113f8:	05511223          	sh	s5,68(sp)
   113fc:	00001097          	auipc	ra,0x1
   11400:	0e4080e7          	jalr	228(ra) # 124e0 <check_data_types>
   11404:	01c12583          	lw	a1,28(sp)
   11408:	00050913          	mv	s2,a0
   1140c:	00020537          	lui	a0,0x20
   11410:	11150513          	addi	a0,a0,273 # 20111 <_impure_ptr+0xa9>
   11414:	00001097          	auipc	ra,0x1
   11418:	0d4080e7          	jalr	212(ra) # 124e8 <iprintf>
   1141c:	00020537          	lui	a0,0x20
   11420:	12950513          	addi	a0,a0,297 # 20129 <_impure_ptr+0xc1>
   11424:	00048593          	mv	a1,s1
   11428:	00001097          	auipc	ra,0x1
   1142c:	0c0080e7          	jalr	192(ra) # 124e8 <iprintf>
   11430:	000f4537          	lui	a0,0xf4
   11434:	24050513          	addi	a0,a0,576 # f4240 <__stack_top__+0xc4240>
   11438:	02a985b3          	mul	a1,s3,a0
   1143c:	02a4b633          	mulhu	a2,s1,a0
   11440:	00b605b3          	add	a1,a2,a1
   11444:	02a48533          	mul	a0,s1,a0
   11448:	04c4b637          	lui	a2,0x4c4b
   1144c:	40060613          	addi	a2,a2,1024 # 4c4b400 <__stack_top__+0x4c1b400>
   11450:	00000693          	li	a3,0
   11454:	00003097          	auipc	ra,0x3
   11458:	ddc080e7          	jalr	-548(ra) # 14230 <__udivdi3>
   1145c:	00050993          	mv	s3,a0
   11460:	00020537          	lui	a0,0x20
   11464:	14150513          	addi	a0,a0,321 # 20141 <_impure_ptr+0xd9>
   11468:	00098593          	mv	a1,s3
   1146c:	00001097          	auipc	ra,0x1
   11470:	07c080e7          	jalr	124(ra) # 124e8 <iprintf>
   11474:	0c098e63          	beqz	s3,11550 <main+0x5ac>
   11478:	02012503          	lw	a0,32(sp)
   1147c:	0ba00593          	li	a1,186
   11480:	43b74637          	lui	a2,0x43b74
   11484:	02b505b3          	mul	a1,a0,a1
   11488:	02c536b3          	mulhu	a3,a0,a2
   1148c:	00b685b3          	add	a1,a3,a1
   11490:	02c50533          	mul	a0,a0,a2
   11494:	00048613          	mv	a2,s1
   11498:	00000693          	li	a3,0
   1149c:	00003097          	auipc	ra,0x3
   114a0:	d94080e7          	jalr	-620(ra) # 14230 <__udivdi3>
   114a4:	00050493          	mv	s1,a0
   114a8:	00058993          	mv	s3,a1
   114ac:	00020537          	lui	a0,0x20
   114b0:	15850513          	addi	a0,a0,344 # 20158 <_impure_ptr+0xf0>
   114b4:	00001097          	auipc	ra,0x1
   114b8:	034080e7          	jalr	52(ra) # 124e8 <iprintf>
   114bc:	00002a37          	lui	s4,0x2
   114c0:	710a0a13          	addi	s4,s4,1808 # 2710 <__HEAP_SIZE+0x710>
   114c4:	00048513          	mv	a0,s1
   114c8:	000a0593          	mv	a1,s4
   114cc:	fffff097          	auipc	ra,0xfffff
   114d0:	11c080e7          	jalr	284(ra) # 105e8 <print_fixed_scaled>
   114d4:	00a00513          	li	a0,10
   114d8:	00001097          	auipc	ra,0x1
   114dc:	064080e7          	jalr	100(ra) # 1253c <putchar>
   114e0:	01c99513          	slli	a0,s3,0x1c
   114e4:	0044d493          	srli	s1,s1,0x4
   114e8:	0049d593          	srli	a1,s3,0x4
   114ec:	ccccd637          	lui	a2,0xccccd
   114f0:	00a4e533          	or	a0,s1,a0
   114f4:	ccd60613          	addi	a2,a2,-819 # cccccccd <__stack_top__+0xccc9cccd>
   114f8:	00b505b3          	add	a1,a0,a1
   114fc:	00a5b6b3          	sltu	a3,a1,a0
   11500:	00d585b3          	add	a1,a1,a3
   11504:	02c5b6b3          	mulhu	a3,a1,a2
   11508:	0026d713          	srli	a4,a3,0x2
   1150c:	ffc6f693          	andi	a3,a3,-4
   11510:	00e686b3          	add	a3,a3,a4
   11514:	40b50533          	sub	a0,a0,a1
   11518:	00d50533          	add	a0,a0,a3
   1151c:	02c504b3          	mul	s1,a0,a2
   11520:	00020537          	lui	a0,0x20
   11524:	16c50513          	addi	a0,a0,364 # 2016c <_impure_ptr+0x104>
   11528:	00001097          	auipc	ra,0x1
   1152c:	fc0080e7          	jalr	-64(ra) # 124e8 <iprintf>
   11530:	00048513          	mv	a0,s1
   11534:	000a0593          	mv	a1,s4
   11538:	fffff097          	auipc	ra,0xfffff
   1153c:	0b0080e7          	jalr	176(ra) # 105e8 <print_fixed_scaled>
   11540:	00a00513          	li	a0,10
   11544:	00001097          	auipc	ra,0x1
   11548:	ff8080e7          	jalr	-8(ra) # 1253c <putchar>
   1154c:	0240006f          	j	11570 <main+0x5cc>
   11550:	00020537          	lui	a0,0x20
   11554:	41450513          	addi	a0,a0,1044 # 20414 <_impure_ptr+0x3ac>
   11558:	00001097          	auipc	ra,0x1
   1155c:	160080e7          	jalr	352(ra) # 126b8 <puts>
   11560:	00020537          	lui	a0,0x20
   11564:	43c50513          	addi	a0,a0,1084 # 2043c <_impure_ptr+0x3d4>
   11568:	00001097          	auipc	ra,0x1
   1156c:	150080e7          	jalr	336(ra) # 126b8 <puts>
   11570:	bc6024f3          	csrr	s1,0xbc6
   11574:	bc9029f3          	csrr	s3,0xbc9
   11578:	00020537          	lui	a0,0x20
   1157c:	18050513          	addi	a0,a0,384 # 20180 <_impure_ptr+0x118>
   11580:	00048593          	mv	a1,s1
   11584:	00001097          	auipc	ra,0x1
   11588:	f64080e7          	jalr	-156(ra) # 124e8 <iprintf>
   1158c:	00020537          	lui	a0,0x20
   11590:	19650513          	addi	a0,a0,406 # 20196 <_impure_ptr+0x12e>
   11594:	00098593          	mv	a1,s3
   11598:	00001097          	auipc	ra,0x1
   1159c:	f50080e7          	jalr	-176(ra) # 124e8 <iprintf>
   115a0:	04048a63          	beqz	s1,115f4 <main+0x650>
   115a4:	413489b3          	sub	s3,s1,s3
   115a8:	00020537          	lui	a0,0x20
   115ac:	1ac50513          	addi	a0,a0,428 # 201ac <_impure_ptr+0x144>
   115b0:	00001097          	auipc	ra,0x1
   115b4:	f38080e7          	jalr	-200(ra) # 124e8 <iprintf>
   115b8:	00002537          	lui	a0,0x2
   115bc:	71050593          	addi	a1,a0,1808 # 2710 <__HEAP_SIZE+0x710>
   115c0:	02b98533          	mul	a0,s3,a1
   115c4:	02b9b5b3          	mulhu	a1,s3,a1
   115c8:	00048613          	mv	a2,s1
   115cc:	00000693          	li	a3,0
   115d0:	00003097          	auipc	ra,0x3
   115d4:	c60080e7          	jalr	-928(ra) # 14230 <__udivdi3>
   115d8:	06400593          	li	a1,100
   115dc:	fffff097          	auipc	ra,0xfffff
   115e0:	00c080e7          	jalr	12(ra) # 105e8 <print_fixed_scaled>
   115e4:	00020537          	lui	a0,0x20
   115e8:	1bf50513          	addi	a0,a0,447 # 201bf <_impure_ptr+0x157>
   115ec:	00001097          	auipc	ra,0x1
   115f0:	efc080e7          	jalr	-260(ra) # 124e8 <iprintf>
   115f4:	02012583          	lw	a1,32(sp)
   115f8:	00020537          	lui	a0,0x20
   115fc:	1c350513          	addi	a0,a0,451 # 201c3 <_impure_ptr+0x15b>
   11600:	00001097          	auipc	ra,0x1
   11604:	ee8080e7          	jalr	-280(ra) # 124e8 <iprintf>
   11608:	00020537          	lui	a0,0x20
   1160c:	1db50513          	addi	a0,a0,475 # 201db <_impure_ptr+0x173>
   11610:	000205b7          	lui	a1,0x20
   11614:	1f258593          	addi	a1,a1,498 # 201f2 <_impure_ptr+0x18a>
   11618:	00001097          	auipc	ra,0x1
   1161c:	ed0080e7          	jalr	-304(ra) # 124e8 <iprintf>
   11620:	00020537          	lui	a0,0x20
   11624:	25250513          	addi	a0,a0,594 # 20252 <_impure_ptr+0x1ea>
   11628:	000205b7          	lui	a1,0x20
   1162c:	26958593          	addi	a1,a1,617 # 20269 <_impure_ptr+0x201>
   11630:	00001097          	auipc	ra,0x1
   11634:	eb8080e7          	jalr	-328(ra) # 124e8 <iprintf>
   11638:	00020537          	lui	a0,0x20
   1163c:	28d50513          	addi	a0,a0,653 # 2028d <_impure_ptr+0x225>
   11640:	000205b7          	lui	a1,0x20
   11644:	2a458593          	addi	a1,a1,676 # 202a4 <_impure_ptr+0x23c>
   11648:	00001097          	auipc	ra,0x1
   1164c:	ea0080e7          	jalr	-352(ra) # 124e8 <iprintf>
   11650:	00020537          	lui	a0,0x20
   11654:	2ab50513          	addi	a0,a0,683 # 202ab <_impure_ptr+0x243>
   11658:	00040593          	mv	a1,s0
   1165c:	00001097          	auipc	ra,0x1
   11660:	e8c080e7          	jalr	-372(ra) # 124e8 <iprintf>
   11664:	02412503          	lw	a0,36(sp)
   11668:	00157593          	andi	a1,a0,1
   1166c:	06059263          	bnez	a1,116d0 <main+0x72c>
   11670:	00257593          	andi	a1,a0,2
   11674:	08059063          	bnez	a1,116f4 <main+0x750>
   11678:	00457513          	andi	a0,a0,4
   1167c:	00050e63          	beqz	a0,11698 <main+0x6f4>
   11680:	04215603          	lhu	a2,66(sp)
   11684:	00020537          	lui	a0,0x20
   11688:	2fe50513          	addi	a0,a0,766 # 202fe <_impure_ptr+0x296>
   1168c:	00000593          	li	a1,0
   11690:	00001097          	auipc	ra,0x1
   11694:	e58080e7          	jalr	-424(ra) # 124e8 <iprintf>
   11698:	03c15603          	lhu	a2,60(sp)
   1169c:	012a8433          	add	s0,s5,s2
   116a0:	01041413          	slli	s0,s0,0x10
   116a4:	41045493          	srai	s1,s0,0x10
   116a8:	00020537          	lui	a0,0x20
   116ac:	31a50513          	addi	a0,a0,794 # 2031a <_impure_ptr+0x2b2>
   116b0:	00000593          	li	a1,0
   116b4:	00001097          	auipc	ra,0x1
   116b8:	e34080e7          	jalr	-460(ra) # 124e8 <iprintf>
   116bc:	06904063          	bgtz	s1,1171c <main+0x778>
   116c0:	00020537          	lui	a0,0x20
   116c4:	4ab50513          	addi	a0,a0,1195 # 204ab <_impure_ptr+0x443>
   116c8:	06040063          	beqz	s0,11728 <main+0x784>
   116cc:	0640006f          	j	11730 <main+0x78c>
   116d0:	03e15603          	lhu	a2,62(sp)
   116d4:	00020537          	lui	a0,0x20
   116d8:	2c650513          	addi	a0,a0,710 # 202c6 <_impure_ptr+0x25e>
   116dc:	00000593          	li	a1,0
   116e0:	00001097          	auipc	ra,0x1
   116e4:	e08080e7          	jalr	-504(ra) # 124e8 <iprintf>
   116e8:	02412503          	lw	a0,36(sp)
   116ec:	00257593          	andi	a1,a0,2
   116f0:	f80584e3          	beqz	a1,11678 <main+0x6d4>
   116f4:	04015603          	lhu	a2,64(sp)
   116f8:	00020537          	lui	a0,0x20
   116fc:	2e250513          	addi	a0,a0,738 # 202e2 <_impure_ptr+0x27a>
   11700:	00000593          	li	a1,0
   11704:	00001097          	auipc	ra,0x1
   11708:	de4080e7          	jalr	-540(ra) # 124e8 <iprintf>
   1170c:	02412503          	lw	a0,36(sp)
   11710:	00457513          	andi	a0,a0,4
   11714:	f60516e3          	bnez	a0,11680 <main+0x6dc>
   11718:	f81ff06f          	j	11698 <main+0x6f4>
   1171c:	00020537          	lui	a0,0x20
   11720:	49b50513          	addi	a0,a0,1179 # 2049b <_impure_ptr+0x433>
   11724:	00041663          	bnez	s0,11730 <main+0x78c>
   11728:	00020537          	lui	a0,0x20
   1172c:	45350513          	addi	a0,a0,1107 # 20453 <_impure_ptr+0x3eb>
   11730:	00001097          	auipc	ra,0x1
   11734:	f88080e7          	jalr	-120(ra) # 126b8 <puts>
   11738:	00000513          	li	a0,0
   1173c:	06c12083          	lw	ra,108(sp)
   11740:	06812403          	lw	s0,104(sp)
   11744:	06412483          	lw	s1,100(sp)
   11748:	06012903          	lw	s2,96(sp)
   1174c:	05c12983          	lw	s3,92(sp)
   11750:	05812a03          	lw	s4,88(sp)
   11754:	05412a83          	lw	s5,84(sp)
   11758:	07010113          	addi	sp,sp,112
   1175c:	00008067          	ret

00011760 <core_bench_matrix>:
   11760:	ff010113          	addi	sp,sp,-16
   11764:	00112623          	sw	ra,12(sp)
   11768:	00812423          	sw	s0,8(sp)
   1176c:	00060413          	mv	s0,a2
   11770:	00052703          	lw	a4,0(a0)
   11774:	00452603          	lw	a2,4(a0)
   11778:	00852683          	lw	a3,8(a0)
   1177c:	00c52783          	lw	a5,12(a0)
   11780:	00058813          	mv	a6,a1
   11784:	00070513          	mv	a0,a4
   11788:	00078593          	mv	a1,a5
   1178c:	00080713          	mv	a4,a6
   11790:	00000097          	auipc	ra,0x0
   11794:	020080e7          	jalr	32(ra) # 117b0 <matrix_test>
   11798:	00040593          	mv	a1,s0
   1179c:	00c12083          	lw	ra,12(sp)
   117a0:	00812403          	lw	s0,8(sp)
   117a4:	01010113          	addi	sp,sp,16
   117a8:	00001317          	auipc	t1,0x1
   117ac:	cf430067          	jr	-780(t1) # 1249c <crc16>

000117b0 <matrix_test>:
   117b0:	fd010113          	addi	sp,sp,-48
   117b4:	02112623          	sw	ra,44(sp)
   117b8:	02812423          	sw	s0,40(sp)
   117bc:	02912223          	sw	s1,36(sp)
   117c0:	03212023          	sw	s2,32(sp)
   117c4:	01312e23          	sw	s3,28(sp)
   117c8:	01412c23          	sw	s4,24(sp)
   117cc:	01512a23          	sw	s5,20(sp)
   117d0:	01612823          	sw	s6,16(sp)
   117d4:	01712623          	sw	s7,12(sp)
   117d8:	40050863          	beqz	a0,11be8 <matrix_test+0x438>
   117dc:	00070413          	mv	s0,a4
   117e0:	00068a13          	mv	s4,a3
   117e4:	00060493          	mv	s1,a2
   117e8:	00058993          	mv	s3,a1
   117ec:	00050913          	mv	s2,a0
   117f0:	00000513          	li	a0,0
   117f4:	fffff5b7          	lui	a1,0xfffff
   117f8:	00b76b33          	or	s6,a4,a1
   117fc:	00191a93          	slli	s5,s2,0x1
   11800:	00060593          	mv	a1,a2
   11804:	00058613          	mv	a2,a1
   11808:	00090693          	mv	a3,s2
   1180c:	00061703          	lh	a4,0(a2)
   11810:	fff68693          	addi	a3,a3,-1
   11814:	00870733          	add	a4,a4,s0
   11818:	00e61023          	sh	a4,0(a2)
   1181c:	00260613          	addi	a2,a2,2
   11820:	fe0696e3          	bnez	a3,1180c <matrix_test+0x5c>
   11824:	00150513          	addi	a0,a0,1
   11828:	015585b3          	add	a1,a1,s5
   1182c:	fd251ce3          	bne	a0,s2,11804 <matrix_test+0x54>
   11830:	00000513          	li	a0,0
   11834:	00291b93          	slli	s7,s2,0x2
   11838:	00048593          	mv	a1,s1
   1183c:	00098613          	mv	a2,s3
   11840:	00058693          	mv	a3,a1
   11844:	00060713          	mv	a4,a2
   11848:	00090793          	mv	a5,s2
   1184c:	00069803          	lh	a6,0(a3)
   11850:	fff78793          	addi	a5,a5,-1
   11854:	02880833          	mul	a6,a6,s0
   11858:	01072023          	sw	a6,0(a4)
   1185c:	00470713          	addi	a4,a4,4
   11860:	00268693          	addi	a3,a3,2
   11864:	fe0794e3          	bnez	a5,1184c <matrix_test+0x9c>
   11868:	00150513          	addi	a0,a0,1
   1186c:	01760633          	add	a2,a2,s7
   11870:	015585b3          	add	a1,a1,s5
   11874:	fd2516e3          	bne	a0,s2,11840 <matrix_test+0x90>
   11878:	00000593          	li	a1,0
   1187c:	00000513          	li	a0,0
   11880:	00000693          	li	a3,0
   11884:	00000713          	li	a4,0
   11888:	00098613          	mv	a2,s3
   1188c:	0100006f          	j	1189c <matrix_test+0xec>
   11890:	00158593          	addi	a1,a1,1 # fffff001 <__stack_top__+0xfffcf001>
   11894:	01760633          	add	a2,a2,s7
   11898:	05258a63          	beq	a1,s2,118ec <matrix_test+0x13c>
   1189c:	00060793          	mv	a5,a2
   118a0:	00090813          	mv	a6,s2
   118a4:	00068893          	mv	a7,a3
   118a8:	0300006f          	j	118d8 <matrix_test+0x128>
   118ac:	00a00893          	li	a7,10
   118b0:	00eb22b3          	slt	t0,s6,a4
   118b4:	00a88533          	add	a0,a7,a0
   118b8:	fff80813          	addi	a6,a6,-1
   118bc:	fff28293          	addi	t0,t0,-1
   118c0:	01051513          	slli	a0,a0,0x10
   118c4:	00e2f733          	and	a4,t0,a4
   118c8:	41055513          	srai	a0,a0,0x10
   118cc:	00478793          	addi	a5,a5,4
   118d0:	00068893          	mv	a7,a3
   118d4:	fa080ee3          	beqz	a6,11890 <matrix_test+0xe0>
   118d8:	0007a683          	lw	a3,0(a5)
   118dc:	00e68733          	add	a4,a3,a4
   118e0:	fceb46e3          	blt	s6,a4,118ac <matrix_test+0xfc>
   118e4:	00d8a8b3          	slt	a7,a7,a3
   118e8:	fc9ff06f          	j	118b0 <matrix_test+0x100>
   118ec:	00000593          	li	a1,0
   118f0:	00001097          	auipc	ra,0x1
   118f4:	bac080e7          	jalr	-1108(ra) # 1249c <crc16>
   118f8:	00050593          	mv	a1,a0
   118fc:	00000513          	li	a0,0
   11900:	015a0633          	add	a2,s4,s5
   11904:	00048693          	mv	a3,s1
   11908:	00000713          	li	a4,0
   1190c:	00068793          	mv	a5,a3
   11910:	000a0813          	mv	a6,s4
   11914:	00079883          	lh	a7,0(a5)
   11918:	00081283          	lh	t0,0(a6)
   1191c:	00280813          	addi	a6,a6,2
   11920:	031288b3          	mul	a7,t0,a7
   11924:	00e88733          	add	a4,a7,a4
   11928:	00278793          	addi	a5,a5,2
   1192c:	fec814e3          	bne	a6,a2,11914 <matrix_test+0x164>
   11930:	00251793          	slli	a5,a0,0x2
   11934:	00150513          	addi	a0,a0,1
   11938:	00f987b3          	add	a5,s3,a5
   1193c:	00e7a023          	sw	a4,0(a5)
   11940:	015686b3          	add	a3,a3,s5
   11944:	fd2512e3          	bne	a0,s2,11908 <matrix_test+0x158>
   11948:	00000613          	li	a2,0
   1194c:	00000513          	li	a0,0
   11950:	00000713          	li	a4,0
   11954:	00000793          	li	a5,0
   11958:	00098693          	mv	a3,s3
   1195c:	0100006f          	j	1196c <matrix_test+0x1bc>
   11960:	00160613          	addi	a2,a2,1
   11964:	017686b3          	add	a3,a3,s7
   11968:	05260a63          	beq	a2,s2,119bc <matrix_test+0x20c>
   1196c:	00068813          	mv	a6,a3
   11970:	00090893          	mv	a7,s2
   11974:	00070293          	mv	t0,a4
   11978:	0300006f          	j	119a8 <matrix_test+0x1f8>
   1197c:	00a00293          	li	t0,10
   11980:	00fb2333          	slt	t1,s6,a5
   11984:	00a28533          	add	a0,t0,a0
   11988:	fff88893          	addi	a7,a7,-1
   1198c:	fff30313          	addi	t1,t1,-1
   11990:	01051513          	slli	a0,a0,0x10
   11994:	00f377b3          	and	a5,t1,a5
   11998:	41055513          	srai	a0,a0,0x10
   1199c:	00480813          	addi	a6,a6,4
   119a0:	00070293          	mv	t0,a4
   119a4:	fa088ee3          	beqz	a7,11960 <matrix_test+0x1b0>
   119a8:	00082703          	lw	a4,0(a6)
   119ac:	00f707b3          	add	a5,a4,a5
   119b0:	fcfb46e3          	blt	s6,a5,1197c <matrix_test+0x1cc>
   119b4:	00e2a2b3          	slt	t0,t0,a4
   119b8:	fc9ff06f          	j	11980 <matrix_test+0x1d0>
   119bc:	00001097          	auipc	ra,0x1
   119c0:	ae0080e7          	jalr	-1312(ra) # 1249c <crc16>
   119c4:	00050593          	mv	a1,a0
   119c8:	00000513          	li	a0,0
   119cc:	00048613          	mv	a2,s1
   119d0:	00000693          	li	a3,0
   119d4:	03250733          	mul	a4,a0,s2
   119d8:	00271713          	slli	a4,a4,0x2
   119dc:	00e98733          	add	a4,s3,a4
   119e0:	000a0793          	mv	a5,s4
   119e4:	00000813          	li	a6,0
   119e8:	00060893          	mv	a7,a2
   119ec:	00078293          	mv	t0,a5
   119f0:	00090313          	mv	t1,s2
   119f4:	00089383          	lh	t2,0(a7)
   119f8:	00029e03          	lh	t3,0(t0)
   119fc:	fff30313          	addi	t1,t1,-1
   11a00:	015282b3          	add	t0,t0,s5
   11a04:	027e03b3          	mul	t2,t3,t2
   11a08:	01038833          	add	a6,t2,a6
   11a0c:	00288893          	addi	a7,a7,2
   11a10:	fe0312e3          	bnez	t1,119f4 <matrix_test+0x244>
   11a14:	00269893          	slli	a7,a3,0x2
   11a18:	00168693          	addi	a3,a3,1
   11a1c:	011708b3          	add	a7,a4,a7
   11a20:	0108a023          	sw	a6,0(a7)
   11a24:	00278793          	addi	a5,a5,2
   11a28:	fb269ee3          	bne	a3,s2,119e4 <matrix_test+0x234>
   11a2c:	00150513          	addi	a0,a0,1
   11a30:	01560633          	add	a2,a2,s5
   11a34:	f9251ee3          	bne	a0,s2,119d0 <matrix_test+0x220>
   11a38:	00000613          	li	a2,0
   11a3c:	00000513          	li	a0,0
   11a40:	00000713          	li	a4,0
   11a44:	00000793          	li	a5,0
   11a48:	00098693          	mv	a3,s3
   11a4c:	0100006f          	j	11a5c <matrix_test+0x2ac>
   11a50:	00160613          	addi	a2,a2,1
   11a54:	017686b3          	add	a3,a3,s7
   11a58:	05260a63          	beq	a2,s2,11aac <matrix_test+0x2fc>
   11a5c:	00068813          	mv	a6,a3
   11a60:	00090893          	mv	a7,s2
   11a64:	00070293          	mv	t0,a4
   11a68:	0300006f          	j	11a98 <matrix_test+0x2e8>
   11a6c:	00a00293          	li	t0,10
   11a70:	00fb2333          	slt	t1,s6,a5
   11a74:	00a28533          	add	a0,t0,a0
   11a78:	fff88893          	addi	a7,a7,-1
   11a7c:	fff30313          	addi	t1,t1,-1
   11a80:	01051513          	slli	a0,a0,0x10
   11a84:	00f377b3          	and	a5,t1,a5
   11a88:	41055513          	srai	a0,a0,0x10
   11a8c:	00480813          	addi	a6,a6,4
   11a90:	00070293          	mv	t0,a4
   11a94:	fa088ee3          	beqz	a7,11a50 <matrix_test+0x2a0>
   11a98:	00082703          	lw	a4,0(a6)
   11a9c:	00f707b3          	add	a5,a4,a5
   11aa0:	fcfb46e3          	blt	s6,a5,11a6c <matrix_test+0x2bc>
   11aa4:	00e2a2b3          	slt	t0,t0,a4
   11aa8:	fc9ff06f          	j	11a70 <matrix_test+0x2c0>
   11aac:	00001097          	auipc	ra,0x1
   11ab0:	9f0080e7          	jalr	-1552(ra) # 1249c <crc16>
   11ab4:	00050593          	mv	a1,a0
   11ab8:	00000513          	li	a0,0
   11abc:	00048613          	mv	a2,s1
   11ac0:	00000693          	li	a3,0
   11ac4:	03250733          	mul	a4,a0,s2
   11ac8:	00271713          	slli	a4,a4,0x2
   11acc:	00e98733          	add	a4,s3,a4
   11ad0:	000a0793          	mv	a5,s4
   11ad4:	00000813          	li	a6,0
   11ad8:	00060893          	mv	a7,a2
   11adc:	00078293          	mv	t0,a5
   11ae0:	00090313          	mv	t1,s2
   11ae4:	0008d383          	lhu	t2,0(a7)
   11ae8:	0002de03          	lhu	t3,0(t0)
   11aec:	fff30313          	addi	t1,t1,-1
   11af0:	015282b3          	add	t0,t0,s5
   11af4:	027e03b3          	mul	t2,t3,t2
   11af8:	01a39e13          	slli	t3,t2,0x1a
   11afc:	01439393          	slli	t2,t2,0x14
   11b00:	01ce5e13          	srli	t3,t3,0x1c
   11b04:	0193d393          	srli	t2,t2,0x19
   11b08:	027e03b3          	mul	t2,t3,t2
   11b0c:	01038833          	add	a6,t2,a6
   11b10:	00288893          	addi	a7,a7,2
   11b14:	fc0318e3          	bnez	t1,11ae4 <matrix_test+0x334>
   11b18:	00269893          	slli	a7,a3,0x2
   11b1c:	00168693          	addi	a3,a3,1
   11b20:	011708b3          	add	a7,a4,a7
   11b24:	0108a023          	sw	a6,0(a7)
   11b28:	00278793          	addi	a5,a5,2
   11b2c:	fb2694e3          	bne	a3,s2,11ad4 <matrix_test+0x324>
   11b30:	00150513          	addi	a0,a0,1
   11b34:	01560633          	add	a2,a2,s5
   11b38:	f92514e3          	bne	a0,s2,11ac0 <matrix_test+0x310>
   11b3c:	00000613          	li	a2,0
   11b40:	00000513          	li	a0,0
   11b44:	00000693          	li	a3,0
   11b48:	00000813          	li	a6,0
   11b4c:	0100006f          	j	11b5c <matrix_test+0x3ac>
   11b50:	00160613          	addi	a2,a2,1
   11b54:	017989b3          	add	s3,s3,s7
   11b58:	05260a63          	beq	a2,s2,11bac <matrix_test+0x3fc>
   11b5c:	00098713          	mv	a4,s3
   11b60:	00090793          	mv	a5,s2
   11b64:	00068893          	mv	a7,a3
   11b68:	0300006f          	j	11b98 <matrix_test+0x3e8>
   11b6c:	00a00893          	li	a7,10
   11b70:	010b22b3          	slt	t0,s6,a6
   11b74:	00a88533          	add	a0,a7,a0
   11b78:	fff78793          	addi	a5,a5,-1
   11b7c:	fff28293          	addi	t0,t0,-1
   11b80:	01051513          	slli	a0,a0,0x10
   11b84:	0102f833          	and	a6,t0,a6
   11b88:	41055513          	srai	a0,a0,0x10
   11b8c:	00470713          	addi	a4,a4,4
   11b90:	00068893          	mv	a7,a3
   11b94:	fa078ee3          	beqz	a5,11b50 <matrix_test+0x3a0>
   11b98:	00072683          	lw	a3,0(a4)
   11b9c:	01068833          	add	a6,a3,a6
   11ba0:	fd0b46e3          	blt	s6,a6,11b6c <matrix_test+0x3bc>
   11ba4:	00d8a8b3          	slt	a7,a7,a3
   11ba8:	fc9ff06f          	j	11b70 <matrix_test+0x3c0>
   11bac:	00001097          	auipc	ra,0x1
   11bb0:	8f0080e7          	jalr	-1808(ra) # 1249c <crc16>
   11bb4:	00000593          	li	a1,0
   11bb8:	00048613          	mv	a2,s1
   11bbc:	00090693          	mv	a3,s2
   11bc0:	00061703          	lh	a4,0(a2)
   11bc4:	fff68693          	addi	a3,a3,-1
   11bc8:	40870733          	sub	a4,a4,s0
   11bcc:	00e61023          	sh	a4,0(a2)
   11bd0:	00260613          	addi	a2,a2,2
   11bd4:	fe0696e3          	bnez	a3,11bc0 <matrix_test+0x410>
   11bd8:	00158593          	addi	a1,a1,1
   11bdc:	015484b3          	add	s1,s1,s5
   11be0:	fd259ce3          	bne	a1,s2,11bb8 <matrix_test+0x408>
   11be4:	0400006f          	j	11c24 <matrix_test+0x474>
   11be8:	00000593          	li	a1,0
   11bec:	00001097          	auipc	ra,0x1
   11bf0:	8b0080e7          	jalr	-1872(ra) # 1249c <crc16>
   11bf4:	00050593          	mv	a1,a0
   11bf8:	00000513          	li	a0,0
   11bfc:	00001097          	auipc	ra,0x1
   11c00:	8a0080e7          	jalr	-1888(ra) # 1249c <crc16>
   11c04:	00050593          	mv	a1,a0
   11c08:	00000513          	li	a0,0
   11c0c:	00001097          	auipc	ra,0x1
   11c10:	890080e7          	jalr	-1904(ra) # 1249c <crc16>
   11c14:	00050593          	mv	a1,a0
   11c18:	00000513          	li	a0,0
   11c1c:	00001097          	auipc	ra,0x1
   11c20:	880080e7          	jalr	-1920(ra) # 1249c <crc16>
   11c24:	01051513          	slli	a0,a0,0x10
   11c28:	41055513          	srai	a0,a0,0x10
   11c2c:	02c12083          	lw	ra,44(sp)
   11c30:	02812403          	lw	s0,40(sp)
   11c34:	02412483          	lw	s1,36(sp)
   11c38:	02012903          	lw	s2,32(sp)
   11c3c:	01c12983          	lw	s3,28(sp)
   11c40:	01812a03          	lw	s4,24(sp)
   11c44:	01412a83          	lw	s5,20(sp)
   11c48:	01012b03          	lw	s6,16(sp)
   11c4c:	00c12b83          	lw	s7,12(sp)
   11c50:	03010113          	addi	sp,sp,48
   11c54:	00008067          	ret

00011c58 <core_init_matrix>:
   11c58:	04050263          	beqz	a0,11c9c <core_init_matrix+0x44>
   11c5c:	00050713          	mv	a4,a0
   11c60:	fff00513          	li	a0,-1
   11c64:	00800793          	li	a5,8
   11c68:	00250813          	addi	a6,a0,2
   11c6c:	03078833          	mul	a6,a5,a6
   11c70:	00150513          	addi	a0,a0,1
   11c74:	00878793          	addi	a5,a5,8
   11c78:	fee868e3          	bltu	a6,a4,11c68 <core_init_matrix+0x10>
   11c7c:	00358593          	addi	a1,a1,3
   11c80:	02a507b3          	mul	a5,a0,a0
   11c84:	ffc5f593          	andi	a1,a1,-4
   11c88:	00179713          	slli	a4,a5,0x1
   11c8c:	00e58733          	add	a4,a1,a4
   11c90:	02051063          	bnez	a0,11cb0 <core_init_matrix+0x58>
   11c94:	00000793          	li	a5,0
   11c98:	0b40006f          	j	11d4c <core_init_matrix+0xf4>
   11c9c:	00358593          	addi	a1,a1,3
   11ca0:	fff00513          	li	a0,-1
   11ca4:	ffc5f593          	andi	a1,a1,-4
   11ca8:	00258713          	addi	a4,a1,2
   11cac:	00100793          	li	a5,1
   11cb0:	ff010113          	addi	sp,sp,-16
   11cb4:	00812623          	sw	s0,12(sp)
   11cb8:	00912423          	sw	s1,8(sp)
   11cbc:	00000813          	li	a6,0
   11cc0:	00163e13          	seqz	t3,a2
   11cc4:	00151893          	slli	a7,a0,0x1
   11cc8:	00100293          	li	t0,1
   11ccc:	01c60e33          	add	t3,a2,t3
   11cd0:	ffff0637          	lui	a2,0xffff0
   11cd4:	00070313          	mv	t1,a4
   11cd8:	00058393          	mv	t2,a1
   11cdc:	00129e93          	slli	t4,t0,0x1
   11ce0:	00030f13          	mv	t5,t1
   11ce4:	00038f93          	mv	t6,t2
   11ce8:	00050413          	mv	s0,a0
   11cec:	025e0e33          	mul	t3,t3,t0
   11cf0:	fff40413          	addi	s0,s0,-1
   11cf4:	41fe5493          	srai	s1,t3,0x1f
   11cf8:	0104d493          	srli	s1,s1,0x10
   11cfc:	009e04b3          	add	s1,t3,s1
   11d00:	00c4f4b3          	and	s1,s1,a2
   11d04:	409e0e33          	sub	t3,t3,s1
   11d08:	01c284b3          	add	s1,t0,t3
   11d0c:	009f1023          	sh	s1,0(t5)
   11d10:	01ce84b3          	add	s1,t4,t3
   11d14:	00128293          	addi	t0,t0,1
   11d18:	0ff4f493          	zext.b	s1,s1
   11d1c:	002f0f13          	addi	t5,t5,2
   11d20:	009f9023          	sh	s1,0(t6)
   11d24:	002f8f93          	addi	t6,t6,2
   11d28:	002e8e93          	addi	t4,t4,2
   11d2c:	fc0410e3          	bnez	s0,11cec <core_init_matrix+0x94>
   11d30:	00180813          	addi	a6,a6,1
   11d34:	011383b3          	add	t2,t2,a7
   11d38:	01130333          	add	t1,t1,a7
   11d3c:	faa810e3          	bne	a6,a0,11cdc <core_init_matrix+0x84>
   11d40:	00c12403          	lw	s0,12(sp)
   11d44:	00812483          	lw	s1,8(sp)
   11d48:	01010113          	addi	sp,sp,16
   11d4c:	00179793          	slli	a5,a5,0x1
   11d50:	00f707b3          	add	a5,a4,a5
   11d54:	00378793          	addi	a5,a5,3
   11d58:	ffc7f793          	andi	a5,a5,-4
   11d5c:	00a6a023          	sw	a0,0(a3)
   11d60:	00b6a223          	sw	a1,4(a3)
   11d64:	00e6a423          	sw	a4,8(a3)
   11d68:	00f6a623          	sw	a5,12(a3)
   11d6c:	00008067          	ret

00011d70 <start_time>:
   11d70:	b8002573          	csrr	a0,mcycleh
   11d74:	b00025f3          	csrr	a1,mcycle
   11d78:	b8002673          	csrr	a2,mcycleh
   11d7c:	fec51ae3          	bne	a0,a2,11d70 <start_time>
   11d80:	00021637          	lui	a2,0x21
   11d84:	20a62a23          	sw	a0,532(a2) # 21214 <t0+0x4>
   11d88:	20b62823          	sw	a1,528(a2)
   11d8c:	00008067          	ret

00011d90 <stop_time>:
   11d90:	b8002573          	csrr	a0,mcycleh
   11d94:	b00025f3          	csrr	a1,mcycle
   11d98:	b8002673          	csrr	a2,mcycleh
   11d9c:	fec51ae3          	bne	a0,a2,11d90 <stop_time>
   11da0:	00021637          	lui	a2,0x21
   11da4:	21060613          	addi	a2,a2,528 # 21210 <t0>
   11da8:	00b62423          	sw	a1,8(a2)
   11dac:	00a62623          	sw	a0,12(a2)
   11db0:	00008067          	ret

00011db4 <get_time>:
   11db4:	00021537          	lui	a0,0x21
   11db8:	21050513          	addi	a0,a0,528 # 21210 <t0>
   11dbc:	00052603          	lw	a2,0(a0)
   11dc0:	00452583          	lw	a1,4(a0)
   11dc4:	00852683          	lw	a3,8(a0)
   11dc8:	00c52503          	lw	a0,12(a0)
   11dcc:	00c6b733          	sltu	a4,a3,a2
   11dd0:	40b50533          	sub	a0,a0,a1
   11dd4:	40e505b3          	sub	a1,a0,a4
   11dd8:	40c68533          	sub	a0,a3,a2
   11ddc:	00008067          	ret

00011de0 <time_in_secs>:
   11de0:	ff010113          	addi	sp,sp,-16
   11de4:	00112623          	sw	ra,12(sp)
   11de8:	04c4b637          	lui	a2,0x4c4b
   11dec:	40060613          	addi	a2,a2,1024 # 4c4b400 <__stack_top__+0x4c1b400>
   11df0:	00000693          	li	a3,0
   11df4:	00002097          	auipc	ra,0x2
   11df8:	43c080e7          	jalr	1084(ra) # 14230 <__udivdi3>
   11dfc:	00c12083          	lw	ra,12(sp)
   11e00:	01010113          	addi	sp,sp,16
   11e04:	00008067          	ret

00011e08 <portable_init>:
   11e08:	00020537          	lui	a0,0x20
   11e0c:	50d50513          	addi	a0,a0,1293 # 2050d <_impure_ptr+0x4a5>
   11e10:	ffffe317          	auipc	t1,0xffffe
   11e14:	6b430067          	jr	1716(t1) # 104c4 <uart_puts>

00011e18 <core_bench_state>:
   11e18:	f9010113          	addi	sp,sp,-112
   11e1c:	06112623          	sw	ra,108(sp)
   11e20:	06812423          	sw	s0,104(sp)
   11e24:	06912223          	sw	s1,100(sp)
   11e28:	07212023          	sw	s2,96(sp)
   11e2c:	05312e23          	sw	s3,92(sp)
   11e30:	05412c23          	sw	s4,88(sp)
   11e34:	05512a23          	sw	s5,84(sp)
   11e38:	05612823          	sw	s6,80(sp)
   11e3c:	05712623          	sw	s7,76(sp)
   11e40:	00078413          	mv	s0,a5
   11e44:	00070493          	mv	s1,a4
   11e48:	00068993          	mv	s3,a3
   11e4c:	00060a93          	mv	s5,a2
   11e50:	00058913          	mv	s2,a1
   11e54:	00050a13          	mv	s4,a0
   11e58:	00b12423          	sw	a1,8(sp)
   11e5c:	00012623          	sw	zero,12(sp)
   11e60:	00012823          	sw	zero,16(sp)
   11e64:	00012a23          	sw	zero,20(sp)
   11e68:	00012c23          	sw	zero,24(sp)
   11e6c:	00012e23          	sw	zero,28(sp)
   11e70:	02012023          	sw	zero,32(sp)
   11e74:	02012223          	sw	zero,36(sp)
   11e78:	02012423          	sw	zero,40(sp)
   11e7c:	02012623          	sw	zero,44(sp)
   11e80:	02012823          	sw	zero,48(sp)
   11e84:	02012a23          	sw	zero,52(sp)
   11e88:	02012c23          	sw	zero,56(sp)
   11e8c:	0005cb83          	lbu	s7,0(a1)
   11e90:	02012e23          	sw	zero,60(sp)
   11e94:	04012023          	sw	zero,64(sp)
   11e98:	04012223          	sw	zero,68(sp)
   11e9c:	04012423          	sw	zero,72(sp)
   11ea0:	020b8c63          	beqz	s7,11ed8 <core_bench_state+0xc0>
   11ea4:	02c10b13          	addi	s6,sp,44
   11ea8:	00810513          	addi	a0,sp,8
   11eac:	00c10593          	addi	a1,sp,12
   11eb0:	00000097          	auipc	ra,0x0
   11eb4:	268080e7          	jalr	616(ra) # 12118 <core_state_transition>
   11eb8:	00812583          	lw	a1,8(sp)
   11ebc:	00251513          	slli	a0,a0,0x2
   11ec0:	00ab0533          	add	a0,s6,a0
   11ec4:	00052603          	lw	a2,0(a0)
   11ec8:	0005c583          	lbu	a1,0(a1)
   11ecc:	00160613          	addi	a2,a2,1
   11ed0:	00c52023          	sw	a2,0(a0)
   11ed4:	fc059ae3          	bnez	a1,11ea8 <core_bench_state+0x90>
   11ed8:	01490b33          	add	s6,s2,s4
   11edc:	020a0a63          	beqz	s4,11f10 <core_bench_state+0xf8>
   11ee0:	0ffaf513          	zext.b	a0,s5
   11ee4:	02c00593          	li	a1,44
   11ee8:	00090613          	mv	a2,s2
   11eec:	00c0006f          	j	11ef8 <core_bench_state+0xe0>
   11ef0:	00960633          	add	a2,a2,s1
   11ef4:	01667c63          	bgeu	a2,s6,11f0c <core_bench_state+0xf4>
   11ef8:	00064683          	lbu	a3,0(a2)
   11efc:	feb68ae3          	beq	a3,a1,11ef0 <core_bench_state+0xd8>
   11f00:	00a6c6b3          	xor	a3,a3,a0
   11f04:	00d60023          	sb	a3,0(a2)
   11f08:	fe9ff06f          	j	11ef0 <core_bench_state+0xd8>
   11f0c:	00094b83          	lbu	s7,0(s2)
   11f10:	01212423          	sw	s2,8(sp)
   11f14:	020b8c63          	beqz	s7,11f4c <core_bench_state+0x134>
   11f18:	02c10a93          	addi	s5,sp,44
   11f1c:	00810513          	addi	a0,sp,8
   11f20:	00c10593          	addi	a1,sp,12
   11f24:	00000097          	auipc	ra,0x0
   11f28:	1f4080e7          	jalr	500(ra) # 12118 <core_state_transition>
   11f2c:	00812583          	lw	a1,8(sp)
   11f30:	00251513          	slli	a0,a0,0x2
   11f34:	00aa8533          	add	a0,s5,a0
   11f38:	00052603          	lw	a2,0(a0)
   11f3c:	0005c583          	lbu	a1,0(a1)
   11f40:	00160613          	addi	a2,a2,1
   11f44:	00c52023          	sw	a2,0(a0)
   11f48:	fc059ae3          	bnez	a1,11f1c <core_bench_state+0x104>
   11f4c:	020a0663          	beqz	s4,11f78 <core_bench_state+0x160>
   11f50:	0ff9f513          	zext.b	a0,s3
   11f54:	02c00593          	li	a1,44
   11f58:	00c0006f          	j	11f64 <core_bench_state+0x14c>
   11f5c:	00990933          	add	s2,s2,s1
   11f60:	01697c63          	bgeu	s2,s6,11f78 <core_bench_state+0x160>
   11f64:	00094603          	lbu	a2,0(s2)
   11f68:	feb60ae3          	beq	a2,a1,11f5c <core_bench_state+0x144>
   11f6c:	00a64633          	xor	a2,a2,a0
   11f70:	00c90023          	sb	a2,0(s2)
   11f74:	fe9ff06f          	j	11f5c <core_bench_state+0x144>
   11f78:	02c12503          	lw	a0,44(sp)
   11f7c:	00040593          	mv	a1,s0
   11f80:	00000097          	auipc	ra,0x0
   11f84:	49c080e7          	jalr	1180(ra) # 1241c <crcu32>
   11f88:	00c12583          	lw	a1,12(sp)
   11f8c:	00050613          	mv	a2,a0
   11f90:	00058513          	mv	a0,a1
   11f94:	00060593          	mv	a1,a2
   11f98:	00000097          	auipc	ra,0x0
   11f9c:	484080e7          	jalr	1156(ra) # 1241c <crcu32>
   11fa0:	03012583          	lw	a1,48(sp)
   11fa4:	00050613          	mv	a2,a0
   11fa8:	00058513          	mv	a0,a1
   11fac:	00060593          	mv	a1,a2
   11fb0:	00000097          	auipc	ra,0x0
   11fb4:	46c080e7          	jalr	1132(ra) # 1241c <crcu32>
   11fb8:	01012583          	lw	a1,16(sp)
   11fbc:	00050613          	mv	a2,a0
   11fc0:	00058513          	mv	a0,a1
   11fc4:	00060593          	mv	a1,a2
   11fc8:	00000097          	auipc	ra,0x0
   11fcc:	454080e7          	jalr	1108(ra) # 1241c <crcu32>
   11fd0:	03412583          	lw	a1,52(sp)
   11fd4:	00050613          	mv	a2,a0
   11fd8:	00058513          	mv	a0,a1
   11fdc:	00060593          	mv	a1,a2
   11fe0:	00000097          	auipc	ra,0x0
   11fe4:	43c080e7          	jalr	1084(ra) # 1241c <crcu32>
   11fe8:	01412583          	lw	a1,20(sp)
   11fec:	00050613          	mv	a2,a0
   11ff0:	00058513          	mv	a0,a1
   11ff4:	00060593          	mv	a1,a2
   11ff8:	00000097          	auipc	ra,0x0
   11ffc:	424080e7          	jalr	1060(ra) # 1241c <crcu32>
   12000:	03812583          	lw	a1,56(sp)
   12004:	00050613          	mv	a2,a0
   12008:	00058513          	mv	a0,a1
   1200c:	00060593          	mv	a1,a2
   12010:	00000097          	auipc	ra,0x0
   12014:	40c080e7          	jalr	1036(ra) # 1241c <crcu32>
   12018:	01812583          	lw	a1,24(sp)
   1201c:	00050613          	mv	a2,a0
   12020:	00058513          	mv	a0,a1
   12024:	00060593          	mv	a1,a2
   12028:	00000097          	auipc	ra,0x0
   1202c:	3f4080e7          	jalr	1012(ra) # 1241c <crcu32>
   12030:	03c12583          	lw	a1,60(sp)
   12034:	00050613          	mv	a2,a0
   12038:	00058513          	mv	a0,a1
   1203c:	00060593          	mv	a1,a2
   12040:	00000097          	auipc	ra,0x0
   12044:	3dc080e7          	jalr	988(ra) # 1241c <crcu32>
   12048:	01c12583          	lw	a1,28(sp)
   1204c:	00050613          	mv	a2,a0
   12050:	00058513          	mv	a0,a1
   12054:	00060593          	mv	a1,a2
   12058:	00000097          	auipc	ra,0x0
   1205c:	3c4080e7          	jalr	964(ra) # 1241c <crcu32>
   12060:	04012583          	lw	a1,64(sp)
   12064:	00050613          	mv	a2,a0
   12068:	00058513          	mv	a0,a1
   1206c:	00060593          	mv	a1,a2
   12070:	00000097          	auipc	ra,0x0
   12074:	3ac080e7          	jalr	940(ra) # 1241c <crcu32>
   12078:	02012583          	lw	a1,32(sp)
   1207c:	00050613          	mv	a2,a0
   12080:	00058513          	mv	a0,a1
   12084:	00060593          	mv	a1,a2
   12088:	00000097          	auipc	ra,0x0
   1208c:	394080e7          	jalr	916(ra) # 1241c <crcu32>
   12090:	04412583          	lw	a1,68(sp)
   12094:	00050613          	mv	a2,a0
   12098:	00058513          	mv	a0,a1
   1209c:	00060593          	mv	a1,a2
   120a0:	00000097          	auipc	ra,0x0
   120a4:	37c080e7          	jalr	892(ra) # 1241c <crcu32>
   120a8:	02412583          	lw	a1,36(sp)
   120ac:	00050613          	mv	a2,a0
   120b0:	00058513          	mv	a0,a1
   120b4:	00060593          	mv	a1,a2
   120b8:	00000097          	auipc	ra,0x0
   120bc:	364080e7          	jalr	868(ra) # 1241c <crcu32>
   120c0:	04812583          	lw	a1,72(sp)
   120c4:	00050613          	mv	a2,a0
   120c8:	00058513          	mv	a0,a1
   120cc:	00060593          	mv	a1,a2
   120d0:	00000097          	auipc	ra,0x0
   120d4:	34c080e7          	jalr	844(ra) # 1241c <crcu32>
   120d8:	02812583          	lw	a1,40(sp)
   120dc:	00050613          	mv	a2,a0
   120e0:	00058513          	mv	a0,a1
   120e4:	00060593          	mv	a1,a2
   120e8:	06c12083          	lw	ra,108(sp)
   120ec:	06812403          	lw	s0,104(sp)
   120f0:	06412483          	lw	s1,100(sp)
   120f4:	06012903          	lw	s2,96(sp)
   120f8:	05c12983          	lw	s3,92(sp)
   120fc:	05812a03          	lw	s4,88(sp)
   12100:	05412a83          	lw	s5,84(sp)
   12104:	05012b03          	lw	s6,80(sp)
   12108:	04c12b83          	lw	s7,76(sp)
   1210c:	07010113          	addi	sp,sp,112
   12110:	00000317          	auipc	t1,0x0
   12114:	30c30067          	jr	780(t1) # 1241c <crcu32>

00012118 <core_state_transition>:
   12118:	ff010113          	addi	sp,sp,-16
   1211c:	00812623          	sw	s0,12(sp)
   12120:	00052683          	lw	a3,0(a0)
   12124:	0006cf83          	lbu	t6,0(a3)
   12128:	160f8663          	beqz	t6,12294 <core_state_transition+0x17c>
   1212c:	00000613          	li	a2,0
   12130:	00168693          	addi	a3,a3,1
   12134:	02c00713          	li	a4,44
   12138:	00700793          	li	a5,7
   1213c:	00100813          	li	a6,1
   12140:	000208b7          	lui	a7,0x20
   12144:	5c488893          	addi	a7,a7,1476 # 205c4 <state_known_crc+0xc>
   12148:	ff500293          	li	t0,-11
   1214c:	02b00313          	li	t1,43
   12150:	02d00393          	li	t2,45
   12154:	02e00e13          	li	t3,46
   12158:	ff600e93          	li	t4,-10
   1215c:	04500f13          	li	t5,69
   12160:	16ef8a63          	beq	t6,a4,122d4 <core_state_transition+0x1bc>
   12164:	10c7e463          	bltu	a5,a2,1226c <core_state_transition+0x154>
   12168:	00261413          	slli	s0,a2,0x2
   1216c:	00888433          	add	s0,a7,s0
   12170:	00042403          	lw	s0,0(s0)
   12174:	00040067          	jr	s0
   12178:	fc6f8613          	addi	a2,t6,-58
   1217c:	0cc2e063          	bltu	t0,a2,1223c <core_state_transition+0x124>
   12180:	00200613          	li	a2,2
   12184:	0a6f8e63          	beq	t6,t1,12240 <core_state_transition+0x128>
   12188:	0a7f8c63          	beq	t6,t2,12240 <core_state_transition+0x128>
   1218c:	0fcf9a63          	bne	t6,t3,12280 <core_state_transition+0x168>
   12190:	00500613          	li	a2,5
   12194:	0ac0006f          	j	12240 <core_state_transition+0x128>
   12198:	0185a603          	lw	a2,24(a1)
   1219c:	fc6f8f93          	addi	t6,t6,-58
   121a0:	00160613          	addi	a2,a2,1
   121a4:	00c5ac23          	sw	a2,24(a1)
   121a8:	03dff663          	bgeu	t6,t4,121d4 <core_state_transition+0xbc>
   121ac:	1240006f          	j	122d0 <core_state_transition+0x1b8>
   121b0:	fc6f8613          	addi	a2,t6,-58
   121b4:	07d67a63          	bgeu	a2,t4,12228 <core_state_transition+0x110>
   121b8:	0085a603          	lw	a2,8(a1)
   121bc:	00160613          	addi	a2,a2,1
   121c0:	00c5a423          	sw	a2,8(a1)
   121c4:	0bcf8263          	beq	t6,t3,12268 <core_state_transition+0x150>
   121c8:	1080006f          	j	122d0 <core_state_transition+0x1b8>
   121cc:	fc6f8613          	addi	a2,t6,-58
   121d0:	0cc2fa63          	bgeu	t0,a2,122a4 <core_state_transition+0x18c>
   121d4:	00700613          	li	a2,7
   121d8:	0940006f          	j	1226c <core_state_transition+0x154>
   121dc:	00c5a603          	lw	a2,12(a1)
   121e0:	00160613          	addi	a2,a2,1
   121e4:	00c5a623          	sw	a2,12(a1)
   121e8:	00600613          	li	a2,6
   121ec:	086f8063          	beq	t6,t1,1226c <core_state_transition+0x154>
   121f0:	067f8e63          	beq	t6,t2,1226c <core_state_transition+0x154>
   121f4:	0dc0006f          	j	122d0 <core_state_transition+0x1b8>
   121f8:	05cf9c63          	bne	t6,t3,12250 <core_state_transition+0x138>
   121fc:	0105a603          	lw	a2,16(a1)
   12200:	00160613          	addi	a2,a2,1
   12204:	00c5a823          	sw	a2,16(a1)
   12208:	0600006f          	j	12268 <core_state_transition+0x150>
   1220c:	0dfff613          	andi	a2,t6,223
   12210:	05e61863          	bne	a2,t5,12260 <core_state_transition+0x148>
   12214:	0145a603          	lw	a2,20(a1)
   12218:	00160613          	addi	a2,a2,1
   1221c:	00c5aa23          	sw	a2,20(a1)
   12220:	00300613          	li	a2,3
   12224:	0480006f          	j	1226c <core_state_transition+0x154>
   12228:	0085a603          	lw	a2,8(a1)
   1222c:	00160613          	addi	a2,a2,1
   12230:	00c5a423          	sw	a2,8(a1)
   12234:	00400613          	li	a2,4
   12238:	0340006f          	j	1226c <core_state_transition+0x154>
   1223c:	00400613          	li	a2,4
   12240:	0005af83          	lw	t6,0(a1)
   12244:	001f8f93          	addi	t6,t6,1
   12248:	01f5a023          	sw	t6,0(a1)
   1224c:	0200006f          	j	1226c <core_state_transition+0x154>
   12250:	fc6f8613          	addi	a2,t6,-58
   12254:	06c2f863          	bgeu	t0,a2,122c4 <core_state_transition+0x1ac>
   12258:	00400613          	li	a2,4
   1225c:	0100006f          	j	1226c <core_state_transition+0x154>
   12260:	fc6f8613          	addi	a2,t6,-58
   12264:	04c2f863          	bgeu	t0,a2,122b4 <core_state_transition+0x19c>
   12268:	00500613          	li	a2,5
   1226c:	0006cf83          	lbu	t6,0(a3)
   12270:	00168693          	addi	a3,a3,1
   12274:	020f8463          	beqz	t6,1229c <core_state_transition+0x184>
   12278:	ef0614e3          	bne	a2,a6,12160 <core_state_transition+0x48>
   1227c:	0200006f          	j	1229c <core_state_transition+0x184>
   12280:	0045a603          	lw	a2,4(a1)
   12284:	00160613          	addi	a2,a2,1
   12288:	00c5a223          	sw	a2,4(a1)
   1228c:	00100613          	li	a2,1
   12290:	fb1ff06f          	j	12240 <core_state_transition+0x128>
   12294:	00000613          	li	a2,0
   12298:	03c0006f          	j	122d4 <core_state_transition+0x1bc>
   1229c:	fff68693          	addi	a3,a3,-1
   122a0:	0340006f          	j	122d4 <core_state_transition+0x1bc>
   122a4:	0045a603          	lw	a2,4(a1)
   122a8:	00160613          	addi	a2,a2,1
   122ac:	00c5a223          	sw	a2,4(a1)
   122b0:	0200006f          	j	122d0 <core_state_transition+0x1b8>
   122b4:	0145a603          	lw	a2,20(a1)
   122b8:	00160613          	addi	a2,a2,1
   122bc:	00c5aa23          	sw	a2,20(a1)
   122c0:	0100006f          	j	122d0 <core_state_transition+0x1b8>
   122c4:	0105a603          	lw	a2,16(a1)
   122c8:	00160613          	addi	a2,a2,1
   122cc:	00c5a823          	sw	a2,16(a1)
   122d0:	00100613          	li	a2,1
   122d4:	00d52023          	sw	a3,0(a0)
   122d8:	00060513          	mv	a0,a2
   122dc:	00c12403          	lw	s0,12(sp)
   122e0:	01010113          	addi	sp,sp,16
   122e4:	00008067          	ret

000122e8 <core_init_state>:
   122e8:	fff50693          	addi	a3,a0,-1
   122ec:	00200713          	li	a4,2
   122f0:	08e6ec63          	bltu	a3,a4,12388 <core_init_state+0xa0>
   122f4:	00000313          	li	t1,0
   122f8:	00000293          	li	t0,0
   122fc:	00000893          	li	a7,0
   12300:	00020737          	lui	a4,0x20
   12304:	62470713          	addi	a4,a4,1572 # 20624 <errpat+0x10>
   12308:	000207b7          	lui	a5,0x20
   1230c:	64478793          	addi	a5,a5,1604 # 20644 <errpat+0x30>
   12310:	02c00813          	li	a6,44
   12314:	03c0006f          	j	12350 <core_init_state+0x68>
   12318:	00158593          	addi	a1,a1,1
   1231c:	0075f293          	andi	t0,a1,7
   12320:	00229293          	slli	t0,t0,0x2
   12324:	00570333          	add	t1,a4,t0
   12328:	00032303          	lw	t1,0(t1)
   1232c:	005782b3          	add	t0,a5,t0
   12330:	0002a283          	lw	t0,0(t0)
   12334:	0015d393          	srli	t2,a1,0x1
   12338:	00c3f393          	andi	t2,t2,12
   1233c:	00730333          	add	t1,t1,t2
   12340:	00032303          	lw	t1,0(t1)
   12344:	005883b3          	add	t2,a7,t0
   12348:	00138393          	addi	t2,t2,1
   1234c:	04d3f063          	bgeu	t2,a3,1238c <core_init_state+0xa4>
   12350:	fc0284e3          	beqz	t0,12318 <core_init_state+0x30>
   12354:	011603b3          	add	t2,a2,a7
   12358:	005888b3          	add	a7,a7,t0
   1235c:	01160e33          	add	t3,a2,a7
   12360:	00038e93          	mv	t4,t2
   12364:	00034f03          	lbu	t5,0(t1)
   12368:	01ee8023          	sb	t5,0(t4)
   1236c:	001e8e93          	addi	t4,t4,1
   12370:	00130313          	addi	t1,t1,1
   12374:	ffce98e3          	bne	t4,t3,12364 <core_init_state+0x7c>
   12378:	005382b3          	add	t0,t2,t0
   1237c:	01028023          	sb	a6,0(t0)
   12380:	00188893          	addi	a7,a7,1
   12384:	f95ff06f          	j	12318 <core_init_state+0x30>
   12388:	00000893          	li	a7,0
   1238c:	00a8fe63          	bgeu	a7,a0,123a8 <core_init_state+0xc0>
   12390:	011605b3          	add	a1,a2,a7
   12394:	41150633          	sub	a2,a0,a7
   12398:	00058513          	mv	a0,a1
   1239c:	00000593          	li	a1,0
   123a0:	ffffe317          	auipc	t1,0xffffe
   123a4:	02430067          	jr	36(t1) # 103c4 <memset>
   123a8:	00008067          	ret

000123ac <get_seed_32>:
   123ac:	fff50513          	addi	a0,a0,-1
   123b0:	00400593          	li	a1,4
   123b4:	02a5e063          	bltu	a1,a0,123d4 <get_seed_32+0x28>
   123b8:	00251513          	slli	a0,a0,0x2
   123bc:	000215b7          	lui	a1,0x21
   123c0:	87058593          	addi	a1,a1,-1936 # 20870 <__global_pointer$+0x8>
   123c4:	00a58533          	add	a0,a1,a0
   123c8:	00052503          	lw	a0,0(a0)
   123cc:	00052503          	lw	a0,0(a0)
   123d0:	00008067          	ret
   123d4:	00000513          	li	a0,0
   123d8:	00008067          	ret

000123dc <crcu16>:
   123dc:	00a5c533          	xor	a0,a1,a0
   123e0:	0ff57593          	zext.b	a1,a0
   123e4:	00159593          	slli	a1,a1,0x1
   123e8:	00020637          	lui	a2,0x20
   123ec:	67060613          	addi	a2,a2,1648 # 20670 <errpat+0x5c>
   123f0:	00b605b3          	add	a1,a2,a1
   123f4:	0005d583          	lhu	a1,0(a1)
   123f8:	00855513          	srli	a0,a0,0x8
   123fc:	0ff5f693          	zext.b	a3,a1
   12400:	00a6c533          	xor	a0,a3,a0
   12404:	00151513          	slli	a0,a0,0x1
   12408:	00a60533          	add	a0,a2,a0
   1240c:	00055503          	lhu	a0,0(a0)
   12410:	0085d593          	srli	a1,a1,0x8
   12414:	00a5c533          	xor	a0,a1,a0
   12418:	00008067          	ret

0001241c <crcu32>:
   1241c:	00a5c5b3          	xor	a1,a1,a0
   12420:	0ff5f613          	zext.b	a2,a1
   12424:	00161613          	slli	a2,a2,0x1
   12428:	000206b7          	lui	a3,0x20
   1242c:	67068693          	addi	a3,a3,1648 # 20670 <errpat+0x5c>
   12430:	00c68633          	add	a2,a3,a2
   12434:	00065603          	lhu	a2,0(a2)
   12438:	01059593          	slli	a1,a1,0x10
   1243c:	0185d593          	srli	a1,a1,0x18
   12440:	0ff67713          	zext.b	a4,a2
   12444:	00b745b3          	xor	a1,a4,a1
   12448:	00159593          	slli	a1,a1,0x1
   1244c:	00b685b3          	add	a1,a3,a1
   12450:	00059583          	lh	a1,0(a1)
   12454:	00865613          	srli	a2,a2,0x8
   12458:	01055513          	srli	a0,a0,0x10
   1245c:	00a5c533          	xor	a0,a1,a0
   12460:	0ff57593          	zext.b	a1,a0
   12464:	00c5c5b3          	xor	a1,a1,a2
   12468:	00159593          	slli	a1,a1,0x1
   1246c:	00b685b3          	add	a1,a3,a1
   12470:	0005d583          	lhu	a1,0(a1)
   12474:	01051513          	slli	a0,a0,0x10
   12478:	01855513          	srli	a0,a0,0x18
   1247c:	0ff5f613          	zext.b	a2,a1
   12480:	00c54533          	xor	a0,a0,a2
   12484:	00151513          	slli	a0,a0,0x1
   12488:	00a68533          	add	a0,a3,a0
   1248c:	00055503          	lhu	a0,0(a0)
   12490:	0085d593          	srli	a1,a1,0x8
   12494:	00a5c533          	xor	a0,a1,a0
   12498:	00008067          	ret

0001249c <crc16>:
   1249c:	00a5c533          	xor	a0,a1,a0
   124a0:	0ff57593          	zext.b	a1,a0
   124a4:	00159593          	slli	a1,a1,0x1
   124a8:	00020637          	lui	a2,0x20
   124ac:	67060613          	addi	a2,a2,1648 # 20670 <errpat+0x5c>
   124b0:	00b605b3          	add	a1,a2,a1
   124b4:	0005d583          	lhu	a1,0(a1)
   124b8:	01051513          	slli	a0,a0,0x10
   124bc:	01855513          	srli	a0,a0,0x18
   124c0:	0ff5f693          	zext.b	a3,a1
   124c4:	00a6c533          	xor	a0,a3,a0
   124c8:	00151513          	slli	a0,a0,0x1
   124cc:	00a60533          	add	a0,a2,a0
   124d0:	00055503          	lhu	a0,0(a0)
   124d4:	0085d593          	srli	a1,a1,0x8
   124d8:	00a5c533          	xor	a0,a1,a0
   124dc:	00008067          	ret

000124e0 <check_data_types>:
   124e0:	00000513          	li	a0,0
   124e4:	00008067          	ret

000124e8 <iprintf>:
   124e8:	fc010113          	addi	sp,sp,-64
   124ec:	02f12a23          	sw	a5,52(sp)
   124f0:	0000e797          	auipc	a5,0xe
   124f4:	b787a783          	lw	a5,-1160(a5) # 20068 <_impure_ptr>
   124f8:	02c12423          	sw	a2,40(sp)
   124fc:	02d12623          	sw	a3,44(sp)
   12500:	02b12223          	sw	a1,36(sp)
   12504:	02e12823          	sw	a4,48(sp)
   12508:	03012c23          	sw	a6,56(sp)
   1250c:	03112e23          	sw	a7,60(sp)
   12510:	0087a583          	lw	a1,8(a5)
   12514:	02410693          	addi	a3,sp,36
   12518:	00050613          	mv	a2,a0
   1251c:	00078513          	mv	a0,a5
   12520:	00112e23          	sw	ra,28(sp)
   12524:	00d12623          	sw	a3,12(sp)
   12528:	00001097          	auipc	ra,0x1
   1252c:	83c080e7          	jalr	-1988(ra) # 12d64 <_vfiprintf_r>
   12530:	01c12083          	lw	ra,28(sp)
   12534:	04010113          	addi	sp,sp,64
   12538:	00008067          	ret

0001253c <putchar>:
   1253c:	00050593          	mv	a1,a0
   12540:	0000e517          	auipc	a0,0xe
   12544:	b2852503          	lw	a0,-1240(a0) # 20068 <_impure_ptr>
   12548:	00852603          	lw	a2,8(a0)
   1254c:	00002317          	auipc	t1,0x2
   12550:	85c30067          	jr	-1956(t1) # 13da8 <_putc_r>

00012554 <_puts_r>:
   12554:	02052783          	lw	a5,32(a0)
   12558:	fe010113          	addi	sp,sp,-32
   1255c:	00812c23          	sw	s0,24(sp)
   12560:	00912a23          	sw	s1,20(sp)
   12564:	01212823          	sw	s2,16(sp)
   12568:	00112e23          	sw	ra,28(sp)
   1256c:	01312623          	sw	s3,12(sp)
   12570:	00852403          	lw	s0,8(a0)
   12574:	00050493          	mv	s1,a0
   12578:	00058913          	mv	s2,a1
   1257c:	00079663          	bnez	a5,12588 <_puts_r+0x34>
   12580:	00001097          	auipc	ra,0x1
   12584:	5c4080e7          	jalr	1476(ra) # 13b44 <__sinit>
   12588:	06442783          	lw	a5,100(s0)
   1258c:	0017f793          	andi	a5,a5,1
   12590:	00079e63          	bnez	a5,125ac <_puts_r+0x58>
   12594:	00c45783          	lhu	a5,12(s0)
   12598:	2007f793          	andi	a5,a5,512
   1259c:	00079863          	bnez	a5,125ac <_puts_r+0x58>
   125a0:	05842503          	lw	a0,88(s0)
   125a4:	00000097          	auipc	ra,0x0
   125a8:	360080e7          	jalr	864(ra) # 12904 <__retarget_lock_acquire_recursive>
   125ac:	00c45783          	lhu	a5,12(s0)
   125b0:	0087f793          	andi	a5,a5,8
   125b4:	00078663          	beqz	a5,125c0 <_puts_r+0x6c>
   125b8:	01042783          	lw	a5,16(s0)
   125bc:	0c079e63          	bnez	a5,12698 <_puts_r+0x144>
   125c0:	00040593          	mv	a1,s0
   125c4:	00048513          	mv	a0,s1
   125c8:	00000097          	auipc	ra,0x0
   125cc:	210080e7          	jalr	528(ra) # 127d8 <__swsetup_r>
   125d0:	0c050463          	beqz	a0,12698 <_puts_r+0x144>
   125d4:	fff00493          	li	s1,-1
   125d8:	06442783          	lw	a5,100(s0)
   125dc:	0017f793          	andi	a5,a5,1
   125e0:	00079e63          	bnez	a5,125fc <_puts_r+0xa8>
   125e4:	00c45783          	lhu	a5,12(s0)
   125e8:	2007f793          	andi	a5,a5,512
   125ec:	00079863          	bnez	a5,125fc <_puts_r+0xa8>
   125f0:	05842503          	lw	a0,88(s0)
   125f4:	00000097          	auipc	ra,0x0
   125f8:	314080e7          	jalr	788(ra) # 12908 <__retarget_lock_release_recursive>
   125fc:	01c12083          	lw	ra,28(sp)
   12600:	01812403          	lw	s0,24(sp)
   12604:	01012903          	lw	s2,16(sp)
   12608:	00c12983          	lw	s3,12(sp)
   1260c:	00048513          	mv	a0,s1
   12610:	01412483          	lw	s1,20(sp)
   12614:	02010113          	addi	sp,sp,32
   12618:	00008067          	ret
   1261c:	0007da63          	bgez	a5,12630 <_puts_r+0xdc>
   12620:	01842703          	lw	a4,24(s0)
   12624:	04e7ce63          	blt	a5,a4,12680 <_puts_r+0x12c>
   12628:	ff658793          	addi	a5,a1,-10
   1262c:	04078a63          	beqz	a5,12680 <_puts_r+0x12c>
   12630:	00042783          	lw	a5,0(s0)
   12634:	00178713          	addi	a4,a5,1
   12638:	00e42023          	sw	a4,0(s0)
   1263c:	00b78023          	sb	a1,0(a5)
   12640:	00190913          	addi	s2,s2,1
   12644:	00842783          	lw	a5,8(s0)
   12648:	00094583          	lbu	a1,0(s2)
   1264c:	fff78793          	addi	a5,a5,-1
   12650:	00f42423          	sw	a5,8(s0)
   12654:	fc0594e3          	bnez	a1,1261c <_puts_r+0xc8>
   12658:	0407d463          	bgez	a5,126a0 <_puts_r+0x14c>
   1265c:	00040613          	mv	a2,s0
   12660:	00a00593          	li	a1,10
   12664:	00048513          	mv	a0,s1
   12668:	00000097          	auipc	ra,0x0
   1266c:	064080e7          	jalr	100(ra) # 126cc <__swbuf_r>
   12670:	fff00793          	li	a5,-1
   12674:	f6f500e3          	beq	a0,a5,125d4 <_puts_r+0x80>
   12678:	00a00493          	li	s1,10
   1267c:	f5dff06f          	j	125d8 <_puts_r+0x84>
   12680:	00040613          	mv	a2,s0
   12684:	00048513          	mv	a0,s1
   12688:	00000097          	auipc	ra,0x0
   1268c:	044080e7          	jalr	68(ra) # 126cc <__swbuf_r>
   12690:	fb3518e3          	bne	a0,s3,12640 <_puts_r+0xec>
   12694:	f41ff06f          	j	125d4 <_puts_r+0x80>
   12698:	fff00993          	li	s3,-1
   1269c:	fa9ff06f          	j	12644 <_puts_r+0xf0>
   126a0:	00042783          	lw	a5,0(s0)
   126a4:	00178713          	addi	a4,a5,1
   126a8:	00e42023          	sw	a4,0(s0)
   126ac:	00a00713          	li	a4,10
   126b0:	00e78023          	sb	a4,0(a5)
   126b4:	fc5ff06f          	j	12678 <_puts_r+0x124>

000126b8 <puts>:
   126b8:	00050593          	mv	a1,a0
   126bc:	0000e517          	auipc	a0,0xe
   126c0:	9ac52503          	lw	a0,-1620(a0) # 20068 <_impure_ptr>
   126c4:	00000317          	auipc	t1,0x0
   126c8:	e9030067          	jr	-368(t1) # 12554 <_puts_r>

000126cc <__swbuf_r>:
   126cc:	fe010113          	addi	sp,sp,-32
   126d0:	00812c23          	sw	s0,24(sp)
   126d4:	00912a23          	sw	s1,20(sp)
   126d8:	01312623          	sw	s3,12(sp)
   126dc:	00112e23          	sw	ra,28(sp)
   126e0:	01212823          	sw	s2,16(sp)
   126e4:	00050493          	mv	s1,a0
   126e8:	00058993          	mv	s3,a1
   126ec:	00060413          	mv	s0,a2
   126f0:	00050a63          	beqz	a0,12704 <__swbuf_r+0x38>
   126f4:	02052783          	lw	a5,32(a0)
   126f8:	00079663          	bnez	a5,12704 <__swbuf_r+0x38>
   126fc:	00001097          	auipc	ra,0x1
   12700:	448080e7          	jalr	1096(ra) # 13b44 <__sinit>
   12704:	01842783          	lw	a5,24(s0)
   12708:	00f42423          	sw	a5,8(s0)
   1270c:	00c45783          	lhu	a5,12(s0)
   12710:	0087f793          	andi	a5,a5,8
   12714:	00078663          	beqz	a5,12720 <__swbuf_r+0x54>
   12718:	01042783          	lw	a5,16(s0)
   1271c:	02079e63          	bnez	a5,12758 <__swbuf_r+0x8c>
   12720:	00040593          	mv	a1,s0
   12724:	00048513          	mv	a0,s1
   12728:	00000097          	auipc	ra,0x0
   1272c:	0b0080e7          	jalr	176(ra) # 127d8 <__swsetup_r>
   12730:	02050463          	beqz	a0,12758 <__swbuf_r+0x8c>
   12734:	fff00913          	li	s2,-1
   12738:	01c12083          	lw	ra,28(sp)
   1273c:	01812403          	lw	s0,24(sp)
   12740:	01412483          	lw	s1,20(sp)
   12744:	00c12983          	lw	s3,12(sp)
   12748:	00090513          	mv	a0,s2
   1274c:	01012903          	lw	s2,16(sp)
   12750:	02010113          	addi	sp,sp,32
   12754:	00008067          	ret
   12758:	01042783          	lw	a5,16(s0)
   1275c:	00042503          	lw	a0,0(s0)
   12760:	40f50533          	sub	a0,a0,a5
   12764:	01442783          	lw	a5,20(s0)
   12768:	00f54c63          	blt	a0,a5,12780 <__swbuf_r+0xb4>
   1276c:	00040593          	mv	a1,s0
   12770:	00048513          	mv	a0,s1
   12774:	00001097          	auipc	ra,0x1
   12778:	120080e7          	jalr	288(ra) # 13894 <_fflush_r>
   1277c:	fa051ce3          	bnez	a0,12734 <__swbuf_r+0x68>
   12780:	00842783          	lw	a5,8(s0)
   12784:	00150513          	addi	a0,a0,1
   12788:	0ff9f913          	zext.b	s2,s3
   1278c:	fff78793          	addi	a5,a5,-1
   12790:	00f42423          	sw	a5,8(s0)
   12794:	00042783          	lw	a5,0(s0)
   12798:	00178713          	addi	a4,a5,1
   1279c:	00e42023          	sw	a4,0(s0)
   127a0:	01378023          	sb	s3,0(a5)
   127a4:	01442783          	lw	a5,20(s0)
   127a8:	00a78c63          	beq	a5,a0,127c0 <__swbuf_r+0xf4>
   127ac:	00c45783          	lhu	a5,12(s0)
   127b0:	0017f793          	andi	a5,a5,1
   127b4:	f80782e3          	beqz	a5,12738 <__swbuf_r+0x6c>
   127b8:	ff690793          	addi	a5,s2,-10
   127bc:	f6079ee3          	bnez	a5,12738 <__swbuf_r+0x6c>
   127c0:	00040593          	mv	a1,s0
   127c4:	00048513          	mv	a0,s1
   127c8:	00001097          	auipc	ra,0x1
   127cc:	0cc080e7          	jalr	204(ra) # 13894 <_fflush_r>
   127d0:	f60504e3          	beqz	a0,12738 <__swbuf_r+0x6c>
   127d4:	f61ff06f          	j	12734 <__swbuf_r+0x68>

000127d8 <__swsetup_r>:
   127d8:	ff010113          	addi	sp,sp,-16
   127dc:	00912223          	sw	s1,4(sp)
   127e0:	00050493          	mv	s1,a0
   127e4:	0000e517          	auipc	a0,0xe
   127e8:	88452503          	lw	a0,-1916(a0) # 20068 <_impure_ptr>
   127ec:	00812423          	sw	s0,8(sp)
   127f0:	00112623          	sw	ra,12(sp)
   127f4:	00058413          	mv	s0,a1
   127f8:	00050a63          	beqz	a0,1280c <__swsetup_r+0x34>
   127fc:	02052783          	lw	a5,32(a0)
   12800:	00079663          	bnez	a5,1280c <__swsetup_r+0x34>
   12804:	00001097          	auipc	ra,0x1
   12808:	340080e7          	jalr	832(ra) # 13b44 <__sinit>
   1280c:	00c41783          	lh	a5,12(s0)
   12810:	0087f713          	andi	a4,a5,8
   12814:	06071463          	bnez	a4,1287c <__swsetup_r+0xa4>
   12818:	0107f713          	andi	a4,a5,16
   1281c:	00071e63          	bnez	a4,12838 <__swsetup_r+0x60>
   12820:	00900713          	li	a4,9
   12824:	00e4a023          	sw	a4,0(s1)
   12828:	0407e793          	ori	a5,a5,64
   1282c:	00f41623          	sh	a5,12(s0)
   12830:	fff00513          	li	a0,-1
   12834:	0a00006f          	j	128d4 <__swsetup_r+0xfc>
   12838:	0047f713          	andi	a4,a5,4
   1283c:	02070c63          	beqz	a4,12874 <__swsetup_r+0x9c>
   12840:	03442583          	lw	a1,52(s0)
   12844:	00058e63          	beqz	a1,12860 <__swsetup_r+0x88>
   12848:	04440793          	addi	a5,s0,68
   1284c:	00f58863          	beq	a1,a5,1285c <__swsetup_r+0x84>
   12850:	00048513          	mv	a0,s1
   12854:	00000097          	auipc	ra,0x0
   12858:	0b8080e7          	jalr	184(ra) # 1290c <_free_r>
   1285c:	02042a23          	sw	zero,52(s0)
   12860:	00c45783          	lhu	a5,12(s0)
   12864:	01042703          	lw	a4,16(s0)
   12868:	00042223          	sw	zero,4(s0)
   1286c:	fdb7f793          	andi	a5,a5,-37
   12870:	00e42023          	sw	a4,0(s0)
   12874:	0087e793          	ori	a5,a5,8
   12878:	00f41623          	sh	a5,12(s0)
   1287c:	01042783          	lw	a5,16(s0)
   12880:	02079263          	bnez	a5,128a4 <__swsetup_r+0xcc>
   12884:	00c42783          	lw	a5,12(s0)
   12888:	20000713          	li	a4,512
   1288c:	2807f793          	andi	a5,a5,640
   12890:	00e78a63          	beq	a5,a4,128a4 <__swsetup_r+0xcc>
   12894:	00040593          	mv	a1,s0
   12898:	00048513          	mv	a0,s1
   1289c:	00001097          	auipc	ra,0x1
   128a0:	434080e7          	jalr	1076(ra) # 13cd0 <__smakebuf_r>
   128a4:	00c41783          	lh	a5,12(s0)
   128a8:	0017f713          	andi	a4,a5,1
   128ac:	02070e63          	beqz	a4,128e8 <__swsetup_r+0x110>
   128b0:	01442703          	lw	a4,20(s0)
   128b4:	00042423          	sw	zero,8(s0)
   128b8:	40e00733          	neg	a4,a4
   128bc:	00e42c23          	sw	a4,24(s0)
   128c0:	01042703          	lw	a4,16(s0)
   128c4:	00000513          	li	a0,0
   128c8:	00071663          	bnez	a4,128d4 <__swsetup_r+0xfc>
   128cc:	0807f713          	andi	a4,a5,128
   128d0:	f4071ce3          	bnez	a4,12828 <__swsetup_r+0x50>
   128d4:	00c12083          	lw	ra,12(sp)
   128d8:	00812403          	lw	s0,8(sp)
   128dc:	00412483          	lw	s1,4(sp)
   128e0:	01010113          	addi	sp,sp,16
   128e4:	00008067          	ret
   128e8:	0027f713          	andi	a4,a5,2
   128ec:	00000693          	li	a3,0
   128f0:	00071463          	bnez	a4,128f8 <__swsetup_r+0x120>
   128f4:	01442683          	lw	a3,20(s0)
   128f8:	00d42423          	sw	a3,8(s0)
   128fc:	fc5ff06f          	j	128c0 <__swsetup_r+0xe8>

00012900 <__retarget_lock_init_recursive>:
   12900:	00008067          	ret

00012904 <__retarget_lock_acquire_recursive>:
   12904:	00008067          	ret

00012908 <__retarget_lock_release_recursive>:
   12908:	00008067          	ret

0001290c <_free_r>:
   1290c:	10058263          	beqz	a1,12a10 <_free_r+0x104>
   12910:	ffc5a783          	lw	a5,-4(a1)
   12914:	fe010113          	addi	sp,sp,-32
   12918:	00812c23          	sw	s0,24(sp)
   1291c:	00112e23          	sw	ra,28(sp)
   12920:	ffc58413          	addi	s0,a1,-4
   12924:	0007d463          	bgez	a5,1292c <_free_r+0x20>
   12928:	00f40433          	add	s0,s0,a5
   1292c:	00a12623          	sw	a0,12(sp)
   12930:	00000097          	auipc	ra,0x0
   12934:	35c080e7          	jalr	860(ra) # 12c8c <__malloc_lock>
   12938:	0000e797          	auipc	a5,0xe
   1293c:	0f07a783          	lw	a5,240(a5) # 20a28 <__malloc_free_list>
   12940:	00c12503          	lw	a0,12(sp)
   12944:	02079263          	bnez	a5,12968 <_free_r+0x5c>
   12948:	00042223          	sw	zero,4(s0)
   1294c:	0000e797          	auipc	a5,0xe
   12950:	0c87ae23          	sw	s0,220(a5) # 20a28 <__malloc_free_list>
   12954:	01812403          	lw	s0,24(sp)
   12958:	01c12083          	lw	ra,28(sp)
   1295c:	02010113          	addi	sp,sp,32
   12960:	00000317          	auipc	t1,0x0
   12964:	33c30067          	jr	828(t1) # 12c9c <__malloc_unlock>
   12968:	02f47463          	bgeu	s0,a5,12990 <_free_r+0x84>
   1296c:	00042683          	lw	a3,0(s0)
   12970:	00d40733          	add	a4,s0,a3
   12974:	00e79a63          	bne	a5,a4,12988 <_free_r+0x7c>
   12978:	0007a703          	lw	a4,0(a5)
   1297c:	0047a783          	lw	a5,4(a5)
   12980:	00d70733          	add	a4,a4,a3
   12984:	00e42023          	sw	a4,0(s0)
   12988:	00f42223          	sw	a5,4(s0)
   1298c:	fc1ff06f          	j	1294c <_free_r+0x40>
   12990:	00078713          	mv	a4,a5
   12994:	0047a783          	lw	a5,4(a5)
   12998:	00078463          	beqz	a5,129a0 <_free_r+0x94>
   1299c:	fef47ae3          	bgeu	s0,a5,12990 <_free_r+0x84>
   129a0:	00072683          	lw	a3,0(a4)
   129a4:	00d70633          	add	a2,a4,a3
   129a8:	02861863          	bne	a2,s0,129d8 <_free_r+0xcc>
   129ac:	00042603          	lw	a2,0(s0)
   129b0:	00c686b3          	add	a3,a3,a2
   129b4:	00d72023          	sw	a3,0(a4)
   129b8:	00d70633          	add	a2,a4,a3
   129bc:	f8c79ce3          	bne	a5,a2,12954 <_free_r+0x48>
   129c0:	0007a603          	lw	a2,0(a5)
   129c4:	0047a783          	lw	a5,4(a5)
   129c8:	00d606b3          	add	a3,a2,a3
   129cc:	00d72023          	sw	a3,0(a4)
   129d0:	00f72223          	sw	a5,4(a4)
   129d4:	f81ff06f          	j	12954 <_free_r+0x48>
   129d8:	00c47863          	bgeu	s0,a2,129e8 <_free_r+0xdc>
   129dc:	00c00793          	li	a5,12
   129e0:	00f52023          	sw	a5,0(a0)
   129e4:	f71ff06f          	j	12954 <_free_r+0x48>
   129e8:	00042603          	lw	a2,0(s0)
   129ec:	00c406b3          	add	a3,s0,a2
   129f0:	00d79a63          	bne	a5,a3,12a04 <_free_r+0xf8>
   129f4:	0007a683          	lw	a3,0(a5)
   129f8:	0047a783          	lw	a5,4(a5)
   129fc:	00c686b3          	add	a3,a3,a2
   12a00:	00d42023          	sw	a3,0(s0)
   12a04:	00f42223          	sw	a5,4(s0)
   12a08:	00872223          	sw	s0,4(a4)
   12a0c:	f49ff06f          	j	12954 <_free_r+0x48>
   12a10:	00008067          	ret

00012a14 <sbrk_aligned>:
   12a14:	0000e797          	auipc	a5,0xe
   12a18:	0107a783          	lw	a5,16(a5) # 20a24 <__malloc_sbrk_start>
   12a1c:	ff010113          	addi	sp,sp,-16
   12a20:	00812423          	sw	s0,8(sp)
   12a24:	01212023          	sw	s2,0(sp)
   12a28:	00112623          	sw	ra,12(sp)
   12a2c:	00912223          	sw	s1,4(sp)
   12a30:	00050913          	mv	s2,a0
   12a34:	00058413          	mv	s0,a1
   12a38:	00079c63          	bnez	a5,12a50 <sbrk_aligned+0x3c>
   12a3c:	00000593          	li	a1,0
   12a40:	00001097          	auipc	ra,0x1
   12a44:	750080e7          	jalr	1872(ra) # 14190 <_sbrk_r>
   12a48:	0000e797          	auipc	a5,0xe
   12a4c:	fca7ae23          	sw	a0,-36(a5) # 20a24 <__malloc_sbrk_start>
   12a50:	00040593          	mv	a1,s0
   12a54:	00090513          	mv	a0,s2
   12a58:	00001097          	auipc	ra,0x1
   12a5c:	738080e7          	jalr	1848(ra) # 14190 <_sbrk_r>
   12a60:	fff00493          	li	s1,-1
   12a64:	02951263          	bne	a0,s1,12a88 <sbrk_aligned+0x74>
   12a68:	fff00413          	li	s0,-1
   12a6c:	00c12083          	lw	ra,12(sp)
   12a70:	00040513          	mv	a0,s0
   12a74:	00812403          	lw	s0,8(sp)
   12a78:	00412483          	lw	s1,4(sp)
   12a7c:	00012903          	lw	s2,0(sp)
   12a80:	01010113          	addi	sp,sp,16
   12a84:	00008067          	ret
   12a88:	00350413          	addi	s0,a0,3
   12a8c:	ffc47413          	andi	s0,s0,-4
   12a90:	fc850ee3          	beq	a0,s0,12a6c <sbrk_aligned+0x58>
   12a94:	40a405b3          	sub	a1,s0,a0
   12a98:	00090513          	mv	a0,s2
   12a9c:	00001097          	auipc	ra,0x1
   12aa0:	6f4080e7          	jalr	1780(ra) # 14190 <_sbrk_r>
   12aa4:	fc9514e3          	bne	a0,s1,12a6c <sbrk_aligned+0x58>
   12aa8:	fc1ff06f          	j	12a68 <sbrk_aligned+0x54>

00012aac <_malloc_r>:
   12aac:	fe010113          	addi	sp,sp,-32
   12ab0:	00912a23          	sw	s1,20(sp)
   12ab4:	00358493          	addi	s1,a1,3
   12ab8:	ffc4f493          	andi	s1,s1,-4
   12abc:	00112e23          	sw	ra,28(sp)
   12ac0:	00812c23          	sw	s0,24(sp)
   12ac4:	01212823          	sw	s2,16(sp)
   12ac8:	01312623          	sw	s3,12(sp)
   12acc:	01412423          	sw	s4,8(sp)
   12ad0:	00848493          	addi	s1,s1,8
   12ad4:	00c00793          	li	a5,12
   12ad8:	00f4f463          	bgeu	s1,a5,12ae0 <_malloc_r+0x34>
   12adc:	00078493          	mv	s1,a5
   12ae0:	0004c463          	bltz	s1,12ae8 <_malloc_r+0x3c>
   12ae4:	02b4f863          	bgeu	s1,a1,12b14 <_malloc_r+0x68>
   12ae8:	00c00793          	li	a5,12
   12aec:	00f52023          	sw	a5,0(a0)
   12af0:	00000513          	li	a0,0
   12af4:	01c12083          	lw	ra,28(sp)
   12af8:	01812403          	lw	s0,24(sp)
   12afc:	01412483          	lw	s1,20(sp)
   12b00:	01012903          	lw	s2,16(sp)
   12b04:	00c12983          	lw	s3,12(sp)
   12b08:	00812a03          	lw	s4,8(sp)
   12b0c:	02010113          	addi	sp,sp,32
   12b10:	00008067          	ret
   12b14:	00050913          	mv	s2,a0
   12b18:	0000e997          	auipc	s3,0xe
   12b1c:	f1098993          	addi	s3,s3,-240 # 20a28 <__malloc_free_list>
   12b20:	00000097          	auipc	ra,0x0
   12b24:	16c080e7          	jalr	364(ra) # 12c8c <__malloc_lock>
   12b28:	0009a783          	lw	a5,0(s3)
   12b2c:	00078413          	mv	s0,a5
   12b30:	08041863          	bnez	s0,12bc0 <_malloc_r+0x114>
   12b34:	00048593          	mv	a1,s1
   12b38:	00090513          	mv	a0,s2
   12b3c:	00000097          	auipc	ra,0x0
   12b40:	ed8080e7          	jalr	-296(ra) # 12a14 <sbrk_aligned>
   12b44:	fff00793          	li	a5,-1
   12b48:	00050413          	mv	s0,a0
   12b4c:	12f51c63          	bne	a0,a5,12c84 <_malloc_r+0x1d8>
   12b50:	0009a403          	lw	s0,0(s3)
   12b54:	00040793          	mv	a5,s0
   12b58:	0e079a63          	bnez	a5,12c4c <_malloc_r+0x1a0>
   12b5c:	10040863          	beqz	s0,12c6c <_malloc_r+0x1c0>
   12b60:	00042a03          	lw	s4,0(s0)
   12b64:	00000593          	li	a1,0
   12b68:	00090513          	mv	a0,s2
   12b6c:	01440a33          	add	s4,s0,s4
   12b70:	00001097          	auipc	ra,0x1
   12b74:	620080e7          	jalr	1568(ra) # 14190 <_sbrk_r>
   12b78:	0eaa1a63          	bne	s4,a0,12c6c <_malloc_r+0x1c0>
   12b7c:	00042783          	lw	a5,0(s0)
   12b80:	00090513          	mv	a0,s2
   12b84:	40f484b3          	sub	s1,s1,a5
   12b88:	00048593          	mv	a1,s1
   12b8c:	00000097          	auipc	ra,0x0
   12b90:	e88080e7          	jalr	-376(ra) # 12a14 <sbrk_aligned>
   12b94:	fff00793          	li	a5,-1
   12b98:	0cf50a63          	beq	a0,a5,12c6c <_malloc_r+0x1c0>
   12b9c:	00042783          	lw	a5,0(s0)
   12ba0:	009787b3          	add	a5,a5,s1
   12ba4:	00f42023          	sw	a5,0(s0)
   12ba8:	0009a783          	lw	a5,0(s3)
   12bac:	0047a703          	lw	a4,4(a5)
   12bb0:	0a071463          	bnez	a4,12c58 <_malloc_r+0x1ac>
   12bb4:	0000e797          	auipc	a5,0xe
   12bb8:	e607aa23          	sw	zero,-396(a5) # 20a28 <__malloc_free_list>
   12bbc:	0340006f          	j	12bf0 <_malloc_r+0x144>
   12bc0:	00042683          	lw	a3,0(s0)
   12bc4:	409686b3          	sub	a3,a3,s1
   12bc8:	0606cc63          	bltz	a3,12c40 <_malloc_r+0x194>
   12bcc:	00b00713          	li	a4,11
   12bd0:	04d77c63          	bgeu	a4,a3,12c28 <_malloc_r+0x17c>
   12bd4:	00942023          	sw	s1,0(s0)
   12bd8:	00940733          	add	a4,s0,s1
   12bdc:	04879263          	bne	a5,s0,12c20 <_malloc_r+0x174>
   12be0:	00e9a023          	sw	a4,0(s3)
   12be4:	00442783          	lw	a5,4(s0)
   12be8:	00d72023          	sw	a3,0(a4)
   12bec:	00f72223          	sw	a5,4(a4)
   12bf0:	00090513          	mv	a0,s2
   12bf4:	00000097          	auipc	ra,0x0
   12bf8:	0a8080e7          	jalr	168(ra) # 12c9c <__malloc_unlock>
   12bfc:	00b40513          	addi	a0,s0,11
   12c00:	00440793          	addi	a5,s0,4
   12c04:	ff857513          	andi	a0,a0,-8
   12c08:	40f50733          	sub	a4,a0,a5
   12c0c:	eef504e3          	beq	a0,a5,12af4 <_malloc_r+0x48>
   12c10:	00e40433          	add	s0,s0,a4
   12c14:	40a787b3          	sub	a5,a5,a0
   12c18:	00f42023          	sw	a5,0(s0)
   12c1c:	ed9ff06f          	j	12af4 <_malloc_r+0x48>
   12c20:	00e7a223          	sw	a4,4(a5)
   12c24:	fc1ff06f          	j	12be4 <_malloc_r+0x138>
   12c28:	00442703          	lw	a4,4(s0)
   12c2c:	00879663          	bne	a5,s0,12c38 <_malloc_r+0x18c>
   12c30:	00e9a023          	sw	a4,0(s3)
   12c34:	fbdff06f          	j	12bf0 <_malloc_r+0x144>
   12c38:	00e7a223          	sw	a4,4(a5)
   12c3c:	fb5ff06f          	j	12bf0 <_malloc_r+0x144>
   12c40:	00040793          	mv	a5,s0
   12c44:	00442403          	lw	s0,4(s0)
   12c48:	ee9ff06f          	j	12b30 <_malloc_r+0x84>
   12c4c:	00078413          	mv	s0,a5
   12c50:	0047a783          	lw	a5,4(a5)
   12c54:	f05ff06f          	j	12b58 <_malloc_r+0xac>
   12c58:	00078713          	mv	a4,a5
   12c5c:	0047a783          	lw	a5,4(a5)
   12c60:	fe879ce3          	bne	a5,s0,12c58 <_malloc_r+0x1ac>
   12c64:	00072223          	sw	zero,4(a4)
   12c68:	f89ff06f          	j	12bf0 <_malloc_r+0x144>
   12c6c:	00c00793          	li	a5,12
   12c70:	00f92023          	sw	a5,0(s2)
   12c74:	00090513          	mv	a0,s2
   12c78:	00000097          	auipc	ra,0x0
   12c7c:	024080e7          	jalr	36(ra) # 12c9c <__malloc_unlock>
   12c80:	e71ff06f          	j	12af0 <_malloc_r+0x44>
   12c84:	00952023          	sw	s1,0(a0)
   12c88:	f69ff06f          	j	12bf0 <_malloc_r+0x144>

00012c8c <__malloc_lock>:
   12c8c:	0000e517          	auipc	a0,0xe
   12c90:	d9050513          	addi	a0,a0,-624 # 20a1c <__lock___malloc_recursive_mutex>
   12c94:	00000317          	auipc	t1,0x0
   12c98:	c7030067          	jr	-912(t1) # 12904 <__retarget_lock_acquire_recursive>

00012c9c <__malloc_unlock>:
   12c9c:	0000e517          	auipc	a0,0xe
   12ca0:	d8050513          	addi	a0,a0,-640 # 20a1c <__lock___malloc_recursive_mutex>
   12ca4:	00000317          	auipc	t1,0x0
   12ca8:	c6430067          	jr	-924(t1) # 12908 <__retarget_lock_release_recursive>

00012cac <__sfputc_r>:
   12cac:	00862783          	lw	a5,8(a2)
   12cb0:	fff78793          	addi	a5,a5,-1
   12cb4:	00f62423          	sw	a5,8(a2)
   12cb8:	0007de63          	bgez	a5,12cd4 <__sfputc_r+0x28>
   12cbc:	01862703          	lw	a4,24(a2)
   12cc0:	00e7c663          	blt	a5,a4,12ccc <__sfputc_r+0x20>
   12cc4:	ff658793          	addi	a5,a1,-10
   12cc8:	00079663          	bnez	a5,12cd4 <__sfputc_r+0x28>
   12ccc:	00000317          	auipc	t1,0x0
   12cd0:	a0030067          	jr	-1536(t1) # 126cc <__swbuf_r>
   12cd4:	00062783          	lw	a5,0(a2)
   12cd8:	00058513          	mv	a0,a1
   12cdc:	00178713          	addi	a4,a5,1
   12ce0:	00e62023          	sw	a4,0(a2)
   12ce4:	00b78023          	sb	a1,0(a5)
   12ce8:	00008067          	ret

00012cec <__sfputs_r>:
   12cec:	fe010113          	addi	sp,sp,-32
   12cf0:	00812c23          	sw	s0,24(sp)
   12cf4:	00912a23          	sw	s1,20(sp)
   12cf8:	01212823          	sw	s2,16(sp)
   12cfc:	01312623          	sw	s3,12(sp)
   12d00:	01412423          	sw	s4,8(sp)
   12d04:	00112e23          	sw	ra,28(sp)
   12d08:	00050993          	mv	s3,a0
   12d0c:	00058a13          	mv	s4,a1
   12d10:	00060413          	mv	s0,a2
   12d14:	00d604b3          	add	s1,a2,a3
   12d18:	fff00913          	li	s2,-1
   12d1c:	00941663          	bne	s0,s1,12d28 <__sfputs_r+0x3c>
   12d20:	00000513          	li	a0,0
   12d24:	0200006f          	j	12d44 <__sfputs_r+0x58>
   12d28:	00044583          	lbu	a1,0(s0)
   12d2c:	000a0613          	mv	a2,s4
   12d30:	00098513          	mv	a0,s3
   12d34:	00000097          	auipc	ra,0x0
   12d38:	f78080e7          	jalr	-136(ra) # 12cac <__sfputc_r>
   12d3c:	00140413          	addi	s0,s0,1
   12d40:	fd251ee3          	bne	a0,s2,12d1c <__sfputs_r+0x30>
   12d44:	01c12083          	lw	ra,28(sp)
   12d48:	01812403          	lw	s0,24(sp)
   12d4c:	01412483          	lw	s1,20(sp)
   12d50:	01012903          	lw	s2,16(sp)
   12d54:	00c12983          	lw	s3,12(sp)
   12d58:	00812a03          	lw	s4,8(sp)
   12d5c:	02010113          	addi	sp,sp,32
   12d60:	00008067          	ret

00012d64 <_vfiprintf_r>:
   12d64:	f5010113          	addi	sp,sp,-176
   12d68:	0a812423          	sw	s0,168(sp)
   12d6c:	0a912223          	sw	s1,164(sp)
   12d70:	09312e23          	sw	s3,156(sp)
   12d74:	09412c23          	sw	s4,152(sp)
   12d78:	0a112623          	sw	ra,172(sp)
   12d7c:	0b212023          	sw	s2,160(sp)
   12d80:	09512a23          	sw	s5,148(sp)
   12d84:	09612823          	sw	s6,144(sp)
   12d88:	09712623          	sw	s7,140(sp)
   12d8c:	09812423          	sw	s8,136(sp)
   12d90:	09912223          	sw	s9,132(sp)
   12d94:	00050993          	mv	s3,a0
   12d98:	00058493          	mv	s1,a1
   12d9c:	00060413          	mv	s0,a2
   12da0:	00068a13          	mv	s4,a3
   12da4:	00050a63          	beqz	a0,12db8 <_vfiprintf_r+0x54>
   12da8:	02052783          	lw	a5,32(a0)
   12dac:	00079663          	bnez	a5,12db8 <_vfiprintf_r+0x54>
   12db0:	00001097          	auipc	ra,0x1
   12db4:	d94080e7          	jalr	-620(ra) # 13b44 <__sinit>
   12db8:	0644a783          	lw	a5,100(s1)
   12dbc:	0017f793          	andi	a5,a5,1
   12dc0:	00079e63          	bnez	a5,12ddc <_vfiprintf_r+0x78>
   12dc4:	00c4d783          	lhu	a5,12(s1)
   12dc8:	2007f793          	andi	a5,a5,512
   12dcc:	00079863          	bnez	a5,12ddc <_vfiprintf_r+0x78>
   12dd0:	0584a503          	lw	a0,88(s1)
   12dd4:	00000097          	auipc	ra,0x0
   12dd8:	b30080e7          	jalr	-1232(ra) # 12904 <__retarget_lock_acquire_recursive>
   12ddc:	00c4d783          	lhu	a5,12(s1)
   12de0:	0087f793          	andi	a5,a5,8
   12de4:	00078663          	beqz	a5,12df0 <_vfiprintf_r+0x8c>
   12de8:	0104a783          	lw	a5,16(s1)
   12dec:	06079c63          	bnez	a5,12e64 <_vfiprintf_r+0x100>
   12df0:	00048593          	mv	a1,s1
   12df4:	00098513          	mv	a0,s3
   12df8:	00000097          	auipc	ra,0x0
   12dfc:	9e0080e7          	jalr	-1568(ra) # 127d8 <__swsetup_r>
   12e00:	06050263          	beqz	a0,12e64 <_vfiprintf_r+0x100>
   12e04:	0644a783          	lw	a5,100(s1)
   12e08:	0017f793          	andi	a5,a5,1
   12e0c:	02078e63          	beqz	a5,12e48 <_vfiprintf_r+0xe4>
   12e10:	fff00513          	li	a0,-1
   12e14:	0ac12083          	lw	ra,172(sp)
   12e18:	0a812403          	lw	s0,168(sp)
   12e1c:	0a412483          	lw	s1,164(sp)
   12e20:	0a012903          	lw	s2,160(sp)
   12e24:	09c12983          	lw	s3,156(sp)
   12e28:	09812a03          	lw	s4,152(sp)
   12e2c:	09412a83          	lw	s5,148(sp)
   12e30:	09012b03          	lw	s6,144(sp)
   12e34:	08c12b83          	lw	s7,140(sp)
   12e38:	08812c03          	lw	s8,136(sp)
   12e3c:	08412c83          	lw	s9,132(sp)
   12e40:	0b010113          	addi	sp,sp,176
   12e44:	00008067          	ret
   12e48:	00c4d783          	lhu	a5,12(s1)
   12e4c:	2007f793          	andi	a5,a5,512
   12e50:	fc0790e3          	bnez	a5,12e10 <_vfiprintf_r+0xac>
   12e54:	0584a503          	lw	a0,88(s1)
   12e58:	00000097          	auipc	ra,0x0
   12e5c:	ab0080e7          	jalr	-1360(ra) # 12908 <__retarget_lock_release_recursive>
   12e60:	fb1ff06f          	j	12e10 <_vfiprintf_r+0xac>
   12e64:	02000793          	li	a5,32
   12e68:	02f10ca3          	sb	a5,57(sp)
   12e6c:	03000793          	li	a5,48
   12e70:	01412e23          	sw	s4,28(sp)
   12e74:	02012a23          	sw	zero,52(sp)
   12e78:	02f10d23          	sb	a5,58(sp)
   12e7c:	fff00a13          	li	s4,-1
   12e80:	0000eb17          	auipc	s6,0xe
   12e84:	a04b0b13          	addi	s6,s6,-1532 # 20884 <__global_pointer$+0x1c>
   12e88:	00100b93          	li	s7,1
   12e8c:	00a00a93          	li	s5,10
   12e90:	00040c13          	mv	s8,s0
   12e94:	000c4783          	lbu	a5,0(s8)
   12e98:	00f03cb3          	snez	s9,a5
   12e9c:	fdb78793          	addi	a5,a5,-37
   12ea0:	00f037b3          	snez	a5,a5
   12ea4:	00fcfcb3          	and	s9,s9,a5
   12ea8:	0c0c9863          	bnez	s9,12f78 <_vfiprintf_r+0x214>
   12eac:	408c06b3          	sub	a3,s8,s0
   12eb0:	028c0863          	beq	s8,s0,12ee0 <_vfiprintf_r+0x17c>
   12eb4:	00040613          	mv	a2,s0
   12eb8:	00048593          	mv	a1,s1
   12ebc:	00098513          	mv	a0,s3
   12ec0:	00d12623          	sw	a3,12(sp)
   12ec4:	00000097          	auipc	ra,0x0
   12ec8:	e28080e7          	jalr	-472(ra) # 12cec <__sfputs_r>
   12ecc:	25450863          	beq	a0,s4,1311c <_vfiprintf_r+0x3b8>
   12ed0:	03412783          	lw	a5,52(sp)
   12ed4:	00c12683          	lw	a3,12(sp)
   12ed8:	00d787b3          	add	a5,a5,a3
   12edc:	02f12a23          	sw	a5,52(sp)
   12ee0:	000c4783          	lbu	a5,0(s8)
   12ee4:	22078c63          	beqz	a5,1311c <_vfiprintf_r+0x3b8>
   12ee8:	001c0413          	addi	s0,s8,1
   12eec:	02012023          	sw	zero,32(sp)
   12ef0:	02012623          	sw	zero,44(sp)
   12ef4:	03412223          	sw	s4,36(sp)
   12ef8:	02012423          	sw	zero,40(sp)
   12efc:	060101a3          	sb	zero,99(sp)
   12f00:	06012c23          	sw	zero,120(sp)
   12f04:	00044583          	lbu	a1,0(s0)
   12f08:	00500613          	li	a2,5
   12f0c:	0000e517          	auipc	a0,0xe
   12f10:	97850513          	addi	a0,a0,-1672 # 20884 <__global_pointer$+0x1c>
   12f14:	00001097          	auipc	ra,0x1
   12f18:	0c8080e7          	jalr	200(ra) # 13fdc <memchr>
   12f1c:	02012783          	lw	a5,32(sp)
   12f20:	00140693          	addi	a3,s0,1
   12f24:	04051e63          	bnez	a0,12f80 <_vfiprintf_r+0x21c>
   12f28:	0107f713          	andi	a4,a5,16
   12f2c:	00070663          	beqz	a4,12f38 <_vfiprintf_r+0x1d4>
   12f30:	02000713          	li	a4,32
   12f34:	06e101a3          	sb	a4,99(sp)
   12f38:	0087f713          	andi	a4,a5,8
   12f3c:	00070663          	beqz	a4,12f48 <_vfiprintf_r+0x1e4>
   12f40:	02b00713          	li	a4,43
   12f44:	06e101a3          	sb	a4,99(sp)
   12f48:	00044603          	lbu	a2,0(s0)
   12f4c:	02a00713          	li	a4,42
   12f50:	04e60463          	beq	a2,a4,12f98 <_vfiprintf_r+0x234>
   12f54:	02c12783          	lw	a5,44(sp)
   12f58:	00000693          	li	a3,0
   12f5c:	00900613          	li	a2,9
   12f60:	00044703          	lbu	a4,0(s0)
   12f64:	fd070713          	addi	a4,a4,-48
   12f68:	08e67e63          	bgeu	a2,a4,13004 <_vfiprintf_r+0x2a0>
   12f6c:	04068463          	beqz	a3,12fb4 <_vfiprintf_r+0x250>
   12f70:	02f12623          	sw	a5,44(sp)
   12f74:	0400006f          	j	12fb4 <_vfiprintf_r+0x250>
   12f78:	001c0c13          	addi	s8,s8,1
   12f7c:	f19ff06f          	j	12e94 <_vfiprintf_r+0x130>
   12f80:	41650533          	sub	a0,a0,s6
   12f84:	00ab9533          	sll	a0,s7,a0
   12f88:	00f56533          	or	a0,a0,a5
   12f8c:	02a12023          	sw	a0,32(sp)
   12f90:	00068413          	mv	s0,a3
   12f94:	f71ff06f          	j	12f04 <_vfiprintf_r+0x1a0>
   12f98:	01c12703          	lw	a4,28(sp)
   12f9c:	00470613          	addi	a2,a4,4
   12fa0:	00072703          	lw	a4,0(a4)
   12fa4:	00c12e23          	sw	a2,28(sp)
   12fa8:	04074463          	bltz	a4,12ff0 <_vfiprintf_r+0x28c>
   12fac:	02e12623          	sw	a4,44(sp)
   12fb0:	00068413          	mv	s0,a3
   12fb4:	00044703          	lbu	a4,0(s0)
   12fb8:	02e00793          	li	a5,46
   12fbc:	06f71e63          	bne	a4,a5,13038 <_vfiprintf_r+0x2d4>
   12fc0:	00144703          	lbu	a4,1(s0)
   12fc4:	02a00793          	li	a5,42
   12fc8:	04f71863          	bne	a4,a5,13018 <_vfiprintf_r+0x2b4>
   12fcc:	01c12783          	lw	a5,28(sp)
   12fd0:	00240413          	addi	s0,s0,2
   12fd4:	00478713          	addi	a4,a5,4
   12fd8:	0007a783          	lw	a5,0(a5)
   12fdc:	00e12e23          	sw	a4,28(sp)
   12fe0:	0007d463          	bgez	a5,12fe8 <_vfiprintf_r+0x284>
   12fe4:	fff00793          	li	a5,-1
   12fe8:	02f12223          	sw	a5,36(sp)
   12fec:	04c0006f          	j	13038 <_vfiprintf_r+0x2d4>
   12ff0:	40e00733          	neg	a4,a4
   12ff4:	0027e793          	ori	a5,a5,2
   12ff8:	02e12623          	sw	a4,44(sp)
   12ffc:	02f12023          	sw	a5,32(sp)
   13000:	fb1ff06f          	j	12fb0 <_vfiprintf_r+0x24c>
   13004:	035787b3          	mul	a5,a5,s5
   13008:	00140413          	addi	s0,s0,1
   1300c:	00100693          	li	a3,1
   13010:	00e787b3          	add	a5,a5,a4
   13014:	f4dff06f          	j	12f60 <_vfiprintf_r+0x1fc>
   13018:	00140413          	addi	s0,s0,1
   1301c:	02012223          	sw	zero,36(sp)
   13020:	00000793          	li	a5,0
   13024:	00900693          	li	a3,9
   13028:	00044703          	lbu	a4,0(s0)
   1302c:	fd070713          	addi	a4,a4,-48
   13030:	0ae6f063          	bgeu	a3,a4,130d0 <_vfiprintf_r+0x36c>
   13034:	fa0c9ae3          	bnez	s9,12fe8 <_vfiprintf_r+0x284>
   13038:	00044583          	lbu	a1,0(s0)
   1303c:	00300613          	li	a2,3
   13040:	0000e517          	auipc	a0,0xe
   13044:	84c50513          	addi	a0,a0,-1972 # 2088c <__global_pointer$+0x24>
   13048:	00001097          	auipc	ra,0x1
   1304c:	f94080e7          	jalr	-108(ra) # 13fdc <memchr>
   13050:	02050463          	beqz	a0,13078 <_vfiprintf_r+0x314>
   13054:	0000e797          	auipc	a5,0xe
   13058:	83878793          	addi	a5,a5,-1992 # 2088c <__global_pointer$+0x24>
   1305c:	40f50533          	sub	a0,a0,a5
   13060:	02012783          	lw	a5,32(sp)
   13064:	04000713          	li	a4,64
   13068:	00a71733          	sll	a4,a4,a0
   1306c:	00e7e7b3          	or	a5,a5,a4
   13070:	00140413          	addi	s0,s0,1
   13074:	02f12023          	sw	a5,32(sp)
   13078:	00044583          	lbu	a1,0(s0)
   1307c:	00600613          	li	a2,6
   13080:	0000e517          	auipc	a0,0xe
   13084:	81050513          	addi	a0,a0,-2032 # 20890 <__global_pointer$+0x28>
   13088:	02b10c23          	sb	a1,56(sp)
   1308c:	00001097          	auipc	ra,0x1
   13090:	f50080e7          	jalr	-176(ra) # 13fdc <memchr>
   13094:	0c050063          	beqz	a0,13154 <_vfiprintf_r+0x3f0>
   13098:	fffed797          	auipc	a5,0xfffed
   1309c:	f6878793          	addi	a5,a5,-152 # 0 <__STACK_SIZE-0x1000>
   130a0:	04079a63          	bnez	a5,130f4 <_vfiprintf_r+0x390>
   130a4:	02012703          	lw	a4,32(sp)
   130a8:	01c12783          	lw	a5,28(sp)
   130ac:	10077713          	andi	a4,a4,256
   130b0:	02070a63          	beqz	a4,130e4 <_vfiprintf_r+0x380>
   130b4:	00478793          	addi	a5,a5,4
   130b8:	00f12e23          	sw	a5,28(sp)
   130bc:	03412783          	lw	a5,52(sp)
   130c0:	00140413          	addi	s0,s0,1
   130c4:	012787b3          	add	a5,a5,s2
   130c8:	02f12a23          	sw	a5,52(sp)
   130cc:	dc5ff06f          	j	12e90 <_vfiprintf_r+0x12c>
   130d0:	035787b3          	mul	a5,a5,s5
   130d4:	00140413          	addi	s0,s0,1
   130d8:	00100c93          	li	s9,1
   130dc:	00e787b3          	add	a5,a5,a4
   130e0:	f49ff06f          	j	13028 <_vfiprintf_r+0x2c4>
   130e4:	00778793          	addi	a5,a5,7
   130e8:	ff87f793          	andi	a5,a5,-8
   130ec:	00878793          	addi	a5,a5,8
   130f0:	fc9ff06f          	j	130b8 <_vfiprintf_r+0x354>
   130f4:	01c10713          	addi	a4,sp,28
   130f8:	00000697          	auipc	a3,0x0
   130fc:	bf468693          	addi	a3,a3,-1036 # 12cec <__sfputs_r>
   13100:	00048613          	mv	a2,s1
   13104:	02010593          	addi	a1,sp,32
   13108:	00098513          	mv	a0,s3
   1310c:	00000097          	auipc	ra,0x0
   13110:	000000e7          	jalr	zero # 0 <__STACK_SIZE-0x1000>
   13114:	00050913          	mv	s2,a0
   13118:	fb4512e3          	bne	a0,s4,130bc <_vfiprintf_r+0x358>
   1311c:	0644a783          	lw	a5,100(s1)
   13120:	0017f793          	andi	a5,a5,1
   13124:	00079e63          	bnez	a5,13140 <_vfiprintf_r+0x3dc>
   13128:	00c4d783          	lhu	a5,12(s1)
   1312c:	2007f793          	andi	a5,a5,512
   13130:	00079863          	bnez	a5,13140 <_vfiprintf_r+0x3dc>
   13134:	0584a503          	lw	a0,88(s1)
   13138:	fffff097          	auipc	ra,0xfffff
   1313c:	7d0080e7          	jalr	2000(ra) # 12908 <__retarget_lock_release_recursive>
   13140:	00c4d783          	lhu	a5,12(s1)
   13144:	0407f793          	andi	a5,a5,64
   13148:	cc0794e3          	bnez	a5,12e10 <_vfiprintf_r+0xac>
   1314c:	03412503          	lw	a0,52(sp)
   13150:	cc5ff06f          	j	12e14 <_vfiprintf_r+0xb0>
   13154:	01c10713          	addi	a4,sp,28
   13158:	00000697          	auipc	a3,0x0
   1315c:	b9468693          	addi	a3,a3,-1132 # 12cec <__sfputs_r>
   13160:	00048613          	mv	a2,s1
   13164:	02010593          	addi	a1,sp,32
   13168:	00098513          	mv	a0,s3
   1316c:	00000097          	auipc	ra,0x0
   13170:	1c0080e7          	jalr	448(ra) # 1332c <_printf_i>
   13174:	fa1ff06f          	j	13114 <_vfiprintf_r+0x3b0>

00013178 <_printf_common>:
   13178:	fd010113          	addi	sp,sp,-48
   1317c:	01312e23          	sw	s3,28(sp)
   13180:	0105a783          	lw	a5,16(a1)
   13184:	00070993          	mv	s3,a4
   13188:	0085a703          	lw	a4,8(a1)
   1318c:	02812423          	sw	s0,40(sp)
   13190:	03212023          	sw	s2,32(sp)
   13194:	01612823          	sw	s6,16(sp)
   13198:	01712623          	sw	s7,12(sp)
   1319c:	02112623          	sw	ra,44(sp)
   131a0:	02912223          	sw	s1,36(sp)
   131a4:	01412c23          	sw	s4,24(sp)
   131a8:	01512a23          	sw	s5,20(sp)
   131ac:	00050b13          	mv	s6,a0
   131b0:	00058413          	mv	s0,a1
   131b4:	00060913          	mv	s2,a2
   131b8:	00068b93          	mv	s7,a3
   131bc:	00e7d463          	bge	a5,a4,131c4 <_printf_common+0x4c>
   131c0:	00070793          	mv	a5,a4
   131c4:	00f92023          	sw	a5,0(s2)
   131c8:	04344703          	lbu	a4,67(s0)
   131cc:	00070663          	beqz	a4,131d8 <_printf_common+0x60>
   131d0:	00178793          	addi	a5,a5,1
   131d4:	00f92023          	sw	a5,0(s2)
   131d8:	00042783          	lw	a5,0(s0)
   131dc:	0207f793          	andi	a5,a5,32
   131e0:	00078863          	beqz	a5,131f0 <_printf_common+0x78>
   131e4:	00092783          	lw	a5,0(s2)
   131e8:	00278793          	addi	a5,a5,2
   131ec:	00f92023          	sw	a5,0(s2)
   131f0:	00042483          	lw	s1,0(s0)
   131f4:	0064f493          	andi	s1,s1,6
   131f8:	00049e63          	bnez	s1,13214 <_printf_common+0x9c>
   131fc:	01940a13          	addi	s4,s0,25
   13200:	fff00a93          	li	s5,-1
   13204:	00c42783          	lw	a5,12(s0)
   13208:	00092703          	lw	a4,0(s2)
   1320c:	40e787b3          	sub	a5,a5,a4
   13210:	08f4c463          	blt	s1,a5,13298 <_printf_common+0x120>
   13214:	00042783          	lw	a5,0(s0)
   13218:	04344683          	lbu	a3,67(s0)
   1321c:	0207f793          	andi	a5,a5,32
   13220:	00d036b3          	snez	a3,a3
   13224:	0c079263          	bnez	a5,132e8 <_printf_common+0x170>
   13228:	04340613          	addi	a2,s0,67
   1322c:	000b8593          	mv	a1,s7
   13230:	000b0513          	mv	a0,s6
   13234:	000980e7          	jalr	s3
   13238:	fff00793          	li	a5,-1
   1323c:	06f50a63          	beq	a0,a5,132b0 <_printf_common+0x138>
   13240:	00042783          	lw	a5,0(s0)
   13244:	00400713          	li	a4,4
   13248:	00000493          	li	s1,0
   1324c:	0067f793          	andi	a5,a5,6
   13250:	00e79e63          	bne	a5,a4,1326c <_printf_common+0xf4>
   13254:	00092783          	lw	a5,0(s2)
   13258:	00c42483          	lw	s1,12(s0)
   1325c:	40f484b3          	sub	s1,s1,a5
   13260:	fff4c793          	not	a5,s1
   13264:	41f7d793          	srai	a5,a5,0x1f
   13268:	00f4f4b3          	and	s1,s1,a5
   1326c:	00842783          	lw	a5,8(s0)
   13270:	01042703          	lw	a4,16(s0)
   13274:	00f75663          	bge	a4,a5,13280 <_printf_common+0x108>
   13278:	40e787b3          	sub	a5,a5,a4
   1327c:	00f484b3          	add	s1,s1,a5
   13280:	00000913          	li	s2,0
   13284:	01a40413          	addi	s0,s0,26
   13288:	fff00a13          	li	s4,-1
   1328c:	09249063          	bne	s1,s2,1330c <_printf_common+0x194>
   13290:	00000513          	li	a0,0
   13294:	0200006f          	j	132b4 <_printf_common+0x13c>
   13298:	00100693          	li	a3,1
   1329c:	000a0613          	mv	a2,s4
   132a0:	000b8593          	mv	a1,s7
   132a4:	000b0513          	mv	a0,s6
   132a8:	000980e7          	jalr	s3
   132ac:	03551a63          	bne	a0,s5,132e0 <_printf_common+0x168>
   132b0:	fff00513          	li	a0,-1
   132b4:	02c12083          	lw	ra,44(sp)
   132b8:	02812403          	lw	s0,40(sp)
   132bc:	02412483          	lw	s1,36(sp)
   132c0:	02012903          	lw	s2,32(sp)
   132c4:	01c12983          	lw	s3,28(sp)
   132c8:	01812a03          	lw	s4,24(sp)
   132cc:	01412a83          	lw	s5,20(sp)
   132d0:	01012b03          	lw	s6,16(sp)
   132d4:	00c12b83          	lw	s7,12(sp)
   132d8:	03010113          	addi	sp,sp,48
   132dc:	00008067          	ret
   132e0:	00148493          	addi	s1,s1,1
   132e4:	f21ff06f          	j	13204 <_printf_common+0x8c>
   132e8:	00d40733          	add	a4,s0,a3
   132ec:	03000613          	li	a2,48
   132f0:	04c701a3          	sb	a2,67(a4)
   132f4:	04544703          	lbu	a4,69(s0)
   132f8:	00168793          	addi	a5,a3,1
   132fc:	00f407b3          	add	a5,s0,a5
   13300:	00268693          	addi	a3,a3,2
   13304:	04e781a3          	sb	a4,67(a5)
   13308:	f21ff06f          	j	13228 <_printf_common+0xb0>
   1330c:	00100693          	li	a3,1
   13310:	00040613          	mv	a2,s0
   13314:	000b8593          	mv	a1,s7
   13318:	000b0513          	mv	a0,s6
   1331c:	000980e7          	jalr	s3
   13320:	f94508e3          	beq	a0,s4,132b0 <_printf_common+0x138>
   13324:	00190913          	addi	s2,s2,1
   13328:	f65ff06f          	j	1328c <_printf_common+0x114>

0001332c <_printf_i>:
   1332c:	fc010113          	addi	sp,sp,-64
   13330:	02812c23          	sw	s0,56(sp)
   13334:	02912a23          	sw	s1,52(sp)
   13338:	03412423          	sw	s4,40(sp)
   1333c:	03512223          	sw	s5,36(sp)
   13340:	02112e23          	sw	ra,60(sp)
   13344:	03212823          	sw	s2,48(sp)
   13348:	03312623          	sw	s3,44(sp)
   1334c:	0185c783          	lbu	a5,24(a1)
   13350:	00068493          	mv	s1,a3
   13354:	07800693          	li	a3,120
   13358:	00050a13          	mv	s4,a0
   1335c:	00058413          	mv	s0,a1
   13360:	00060a93          	mv	s5,a2
   13364:	02f6e263          	bltu	a3,a5,13388 <_printf_i+0x5c>
   13368:	06200693          	li	a3,98
   1336c:	04358613          	addi	a2,a1,67
   13370:	02f6e063          	bltu	a3,a5,13390 <_printf_i+0x64>
   13374:	28078863          	beqz	a5,13604 <_printf_i+0x2d8>
   13378:	05800593          	li	a1,88
   1337c:	0000d697          	auipc	a3,0xd
   13380:	51c68693          	addi	a3,a3,1308 # 20898 <__global_pointer$+0x30>
   13384:	1cb78c63          	beq	a5,a1,1355c <_printf_i+0x230>
   13388:	04240913          	addi	s2,s0,66
   1338c:	0440006f          	j	133d0 <_printf_i+0xa4>
   13390:	f9d78693          	addi	a3,a5,-99
   13394:	0ff6f693          	zext.b	a3,a3
   13398:	01500593          	li	a1,21
   1339c:	fed5e6e3          	bltu	a1,a3,13388 <_printf_i+0x5c>
   133a0:	0000d597          	auipc	a1,0xd
   133a4:	52058593          	addi	a1,a1,1312 # 208c0 <__global_pointer$+0x58>
   133a8:	00269693          	slli	a3,a3,0x2
   133ac:	00b686b3          	add	a3,a3,a1
   133b0:	0006a683          	lw	a3,0(a3)
   133b4:	00b686b3          	add	a3,a3,a1
   133b8:	00068067          	jr	a3
   133bc:	00072783          	lw	a5,0(a4)
   133c0:	04240913          	addi	s2,s0,66
   133c4:	00478693          	addi	a3,a5,4
   133c8:	0007a783          	lw	a5,0(a5)
   133cc:	00d72023          	sw	a3,0(a4)
   133d0:	04f40123          	sb	a5,66(s0)
   133d4:	00100793          	li	a5,1
   133d8:	26c0006f          	j	13644 <_printf_i+0x318>
   133dc:	00042783          	lw	a5,0(s0)
   133e0:	00072503          	lw	a0,0(a4)
   133e4:	0807f693          	andi	a3,a5,128
   133e8:	00450593          	addi	a1,a0,4
   133ec:	02068663          	beqz	a3,13418 <_printf_i+0xec>
   133f0:	00052783          	lw	a5,0(a0)
   133f4:	00b72023          	sw	a1,0(a4)
   133f8:	0007d863          	bgez	a5,13408 <_printf_i+0xdc>
   133fc:	02d00713          	li	a4,45
   13400:	40f007b3          	neg	a5,a5
   13404:	04e401a3          	sb	a4,67(s0)
   13408:	0000d697          	auipc	a3,0xd
   1340c:	49068693          	addi	a3,a3,1168 # 20898 <__global_pointer$+0x30>
   13410:	00a00713          	li	a4,10
   13414:	0680006f          	j	1347c <_printf_i+0x150>
   13418:	0407f693          	andi	a3,a5,64
   1341c:	00052783          	lw	a5,0(a0)
   13420:	00b72023          	sw	a1,0(a4)
   13424:	fc068ae3          	beqz	a3,133f8 <_printf_i+0xcc>
   13428:	01079793          	slli	a5,a5,0x10
   1342c:	4107d793          	srai	a5,a5,0x10
   13430:	fc9ff06f          	j	133f8 <_printf_i+0xcc>
   13434:	00042583          	lw	a1,0(s0)
   13438:	00072683          	lw	a3,0(a4)
   1343c:	0805f513          	andi	a0,a1,128
   13440:	0006a783          	lw	a5,0(a3)
   13444:	00468693          	addi	a3,a3,4
   13448:	00051a63          	bnez	a0,1345c <_printf_i+0x130>
   1344c:	0405f593          	andi	a1,a1,64
   13450:	00058663          	beqz	a1,1345c <_printf_i+0x130>
   13454:	01079793          	slli	a5,a5,0x10
   13458:	0107d793          	srli	a5,a5,0x10
   1345c:	00d72023          	sw	a3,0(a4)
   13460:	01844683          	lbu	a3,24(s0)
   13464:	06f00713          	li	a4,111
   13468:	14e69863          	bne	a3,a4,135b8 <_printf_i+0x28c>
   1346c:	0000d697          	auipc	a3,0xd
   13470:	42c68693          	addi	a3,a3,1068 # 20898 <__global_pointer$+0x30>
   13474:	00800713          	li	a4,8
   13478:	040401a3          	sb	zero,67(s0)
   1347c:	00442583          	lw	a1,4(s0)
   13480:	00b42423          	sw	a1,8(s0)
   13484:	0005ce63          	bltz	a1,134a0 <_printf_i+0x174>
   13488:	00042503          	lw	a0,0(s0)
   1348c:	00b7e5b3          	or	a1,a5,a1
   13490:	00060913          	mv	s2,a2
   13494:	ffb57513          	andi	a0,a0,-5
   13498:	00a42023          	sw	a0,0(s0)
   1349c:	02058463          	beqz	a1,134c4 <_printf_i+0x198>
   134a0:	00060913          	mv	s2,a2
   134a4:	02e7f5b3          	remu	a1,a5,a4
   134a8:	fff90913          	addi	s2,s2,-1
   134ac:	00b685b3          	add	a1,a3,a1
   134b0:	0005c583          	lbu	a1,0(a1)
   134b4:	00b90023          	sb	a1,0(s2)
   134b8:	00078593          	mv	a1,a5
   134bc:	02e7d7b3          	divu	a5,a5,a4
   134c0:	fee5f2e3          	bgeu	a1,a4,134a4 <_printf_i+0x178>
   134c4:	00800793          	li	a5,8
   134c8:	02f71463          	bne	a4,a5,134f0 <_printf_i+0x1c4>
   134cc:	00042783          	lw	a5,0(s0)
   134d0:	0017f793          	andi	a5,a5,1
   134d4:	00078e63          	beqz	a5,134f0 <_printf_i+0x1c4>
   134d8:	00442703          	lw	a4,4(s0)
   134dc:	01042783          	lw	a5,16(s0)
   134e0:	00e7c863          	blt	a5,a4,134f0 <_printf_i+0x1c4>
   134e4:	03000793          	li	a5,48
   134e8:	fef90fa3          	sb	a5,-1(s2)
   134ec:	fff90913          	addi	s2,s2,-1
   134f0:	41260633          	sub	a2,a2,s2
   134f4:	00c42823          	sw	a2,16(s0)
   134f8:	00048713          	mv	a4,s1
   134fc:	000a8693          	mv	a3,s5
   13500:	01c10613          	addi	a2,sp,28
   13504:	00040593          	mv	a1,s0
   13508:	000a0513          	mv	a0,s4
   1350c:	00000097          	auipc	ra,0x0
   13510:	c6c080e7          	jalr	-916(ra) # 13178 <_printf_common>
   13514:	fff00993          	li	s3,-1
   13518:	13351c63          	bne	a0,s3,13650 <_printf_i+0x324>
   1351c:	fff00513          	li	a0,-1
   13520:	03c12083          	lw	ra,60(sp)
   13524:	03812403          	lw	s0,56(sp)
   13528:	03412483          	lw	s1,52(sp)
   1352c:	03012903          	lw	s2,48(sp)
   13530:	02c12983          	lw	s3,44(sp)
   13534:	02812a03          	lw	s4,40(sp)
   13538:	02412a83          	lw	s5,36(sp)
   1353c:	04010113          	addi	sp,sp,64
   13540:	00008067          	ret
   13544:	00042783          	lw	a5,0(s0)
   13548:	0207e793          	ori	a5,a5,32
   1354c:	00f42023          	sw	a5,0(s0)
   13550:	07800793          	li	a5,120
   13554:	0000d697          	auipc	a3,0xd
   13558:	35868693          	addi	a3,a3,856 # 208ac <__global_pointer$+0x44>
   1355c:	04f402a3          	sb	a5,69(s0)
   13560:	00042583          	lw	a1,0(s0)
   13564:	00072503          	lw	a0,0(a4)
   13568:	0805f813          	andi	a6,a1,128
   1356c:	00052783          	lw	a5,0(a0)
   13570:	00450513          	addi	a0,a0,4
   13574:	00081a63          	bnez	a6,13588 <_printf_i+0x25c>
   13578:	0405f813          	andi	a6,a1,64
   1357c:	00080663          	beqz	a6,13588 <_printf_i+0x25c>
   13580:	01079793          	slli	a5,a5,0x10
   13584:	0107d793          	srli	a5,a5,0x10
   13588:	00a72023          	sw	a0,0(a4)
   1358c:	0015f713          	andi	a4,a1,1
   13590:	00070663          	beqz	a4,1359c <_printf_i+0x270>
   13594:	0205e593          	ori	a1,a1,32
   13598:	00b42023          	sw	a1,0(s0)
   1359c:	00078663          	beqz	a5,135a8 <_printf_i+0x27c>
   135a0:	01000713          	li	a4,16
   135a4:	ed5ff06f          	j	13478 <_printf_i+0x14c>
   135a8:	00042703          	lw	a4,0(s0)
   135ac:	fdf77713          	andi	a4,a4,-33
   135b0:	00e42023          	sw	a4,0(s0)
   135b4:	fedff06f          	j	135a0 <_printf_i+0x274>
   135b8:	0000d697          	auipc	a3,0xd
   135bc:	2e068693          	addi	a3,a3,736 # 20898 <__global_pointer$+0x30>
   135c0:	00a00713          	li	a4,10
   135c4:	eb5ff06f          	j	13478 <_printf_i+0x14c>
   135c8:	00042683          	lw	a3,0(s0)
   135cc:	00072783          	lw	a5,0(a4)
   135d0:	01442583          	lw	a1,20(s0)
   135d4:	0806f813          	andi	a6,a3,128
   135d8:	00478513          	addi	a0,a5,4
   135dc:	00080a63          	beqz	a6,135f0 <_printf_i+0x2c4>
   135e0:	00a72023          	sw	a0,0(a4)
   135e4:	0007a783          	lw	a5,0(a5)
   135e8:	00b7a023          	sw	a1,0(a5)
   135ec:	0180006f          	j	13604 <_printf_i+0x2d8>
   135f0:	00a72023          	sw	a0,0(a4)
   135f4:	0406f693          	andi	a3,a3,64
   135f8:	0007a783          	lw	a5,0(a5)
   135fc:	fe0686e3          	beqz	a3,135e8 <_printf_i+0x2bc>
   13600:	00b79023          	sh	a1,0(a5)
   13604:	00042823          	sw	zero,16(s0)
   13608:	00060913          	mv	s2,a2
   1360c:	eedff06f          	j	134f8 <_printf_i+0x1cc>
   13610:	00072783          	lw	a5,0(a4)
   13614:	00442603          	lw	a2,4(s0)
   13618:	00000593          	li	a1,0
   1361c:	00478693          	addi	a3,a5,4
   13620:	00d72023          	sw	a3,0(a4)
   13624:	0007a903          	lw	s2,0(a5)
   13628:	00090513          	mv	a0,s2
   1362c:	00001097          	auipc	ra,0x1
   13630:	9b0080e7          	jalr	-1616(ra) # 13fdc <memchr>
   13634:	00050663          	beqz	a0,13640 <_printf_i+0x314>
   13638:	41250533          	sub	a0,a0,s2
   1363c:	00a42223          	sw	a0,4(s0)
   13640:	00442783          	lw	a5,4(s0)
   13644:	00f42823          	sw	a5,16(s0)
   13648:	040401a3          	sb	zero,67(s0)
   1364c:	eadff06f          	j	134f8 <_printf_i+0x1cc>
   13650:	01042683          	lw	a3,16(s0)
   13654:	00090613          	mv	a2,s2
   13658:	000a8593          	mv	a1,s5
   1365c:	000a0513          	mv	a0,s4
   13660:	000480e7          	jalr	s1
   13664:	eb350ce3          	beq	a0,s3,1351c <_printf_i+0x1f0>
   13668:	00042783          	lw	a5,0(s0)
   1366c:	0027f793          	andi	a5,a5,2
   13670:	04079663          	bnez	a5,136bc <_printf_i+0x390>
   13674:	01c12783          	lw	a5,28(sp)
   13678:	00c42503          	lw	a0,12(s0)
   1367c:	eaf552e3          	bge	a0,a5,13520 <_printf_i+0x1f4>
   13680:	00078513          	mv	a0,a5
   13684:	e9dff06f          	j	13520 <_printf_i+0x1f4>
   13688:	00100693          	li	a3,1
   1368c:	000a8593          	mv	a1,s5
   13690:	000a0513          	mv	a0,s4
   13694:	00c12623          	sw	a2,12(sp)
   13698:	000480e7          	jalr	s1
   1369c:	e93500e3          	beq	a0,s3,1351c <_printf_i+0x1f0>
   136a0:	00c12603          	lw	a2,12(sp)
   136a4:	00190913          	addi	s2,s2,1
   136a8:	00c42783          	lw	a5,12(s0)
   136ac:	01c12703          	lw	a4,28(sp)
   136b0:	40e787b3          	sub	a5,a5,a4
   136b4:	fcf94ae3          	blt	s2,a5,13688 <_printf_i+0x35c>
   136b8:	fbdff06f          	j	13674 <_printf_i+0x348>
   136bc:	00000913          	li	s2,0
   136c0:	01940613          	addi	a2,s0,25
   136c4:	fe5ff06f          	j	136a8 <_printf_i+0x37c>

000136c8 <__sflush_r>:
   136c8:	00c59783          	lh	a5,12(a1)
   136cc:	fe010113          	addi	sp,sp,-32
   136d0:	00812c23          	sw	s0,24(sp)
   136d4:	00912a23          	sw	s1,20(sp)
   136d8:	00112e23          	sw	ra,28(sp)
   136dc:	01212823          	sw	s2,16(sp)
   136e0:	0087f713          	andi	a4,a5,8
   136e4:	00050493          	mv	s1,a0
   136e8:	00058413          	mv	s0,a1
   136ec:	12071463          	bnez	a4,13814 <__sflush_r+0x14c>
   136f0:	0045a703          	lw	a4,4(a1)
   136f4:	00e04663          	bgtz	a4,13700 <__sflush_r+0x38>
   136f8:	0405a703          	lw	a4,64(a1)
   136fc:	10e05863          	blez	a4,1380c <__sflush_r+0x144>
   13700:	02c42703          	lw	a4,44(s0)
   13704:	10070463          	beqz	a4,1380c <__sflush_r+0x144>
   13708:	0004a903          	lw	s2,0(s1)
   1370c:	01379693          	slli	a3,a5,0x13
   13710:	0004a023          	sw	zero,0(s1)
   13714:	0a06de63          	bgez	a3,137d0 <__sflush_r+0x108>
   13718:	05442603          	lw	a2,84(s0)
   1371c:	00c45783          	lhu	a5,12(s0)
   13720:	0047f793          	andi	a5,a5,4
   13724:	00078e63          	beqz	a5,13740 <__sflush_r+0x78>
   13728:	00442783          	lw	a5,4(s0)
   1372c:	40f60633          	sub	a2,a2,a5
   13730:	03442783          	lw	a5,52(s0)
   13734:	00078663          	beqz	a5,13740 <__sflush_r+0x78>
   13738:	04042783          	lw	a5,64(s0)
   1373c:	40f60633          	sub	a2,a2,a5
   13740:	02c42783          	lw	a5,44(s0)
   13744:	02042583          	lw	a1,32(s0)
   13748:	00000693          	li	a3,0
   1374c:	00048513          	mv	a0,s1
   13750:	000780e7          	jalr	a5
   13754:	fff00713          	li	a4,-1
   13758:	00c41783          	lh	a5,12(s0)
   1375c:	02e51263          	bne	a0,a4,13780 <__sflush_r+0xb8>
   13760:	0004a683          	lw	a3,0(s1)
   13764:	01d00713          	li	a4,29
   13768:	0ed76e63          	bltu	a4,a3,13864 <__sflush_r+0x19c>
   1376c:	20400737          	lui	a4,0x20400
   13770:	00170713          	addi	a4,a4,1 # 20400001 <__stack_top__+0x203d0001>
   13774:	00d75733          	srl	a4,a4,a3
   13778:	00177713          	andi	a4,a4,1
   1377c:	0e070463          	beqz	a4,13864 <__sflush_r+0x19c>
   13780:	01042703          	lw	a4,16(s0)
   13784:	00042223          	sw	zero,4(s0)
   13788:	00e42023          	sw	a4,0(s0)
   1378c:	01379713          	slli	a4,a5,0x13
   13790:	00075c63          	bgez	a4,137a8 <__sflush_r+0xe0>
   13794:	fff00793          	li	a5,-1
   13798:	00f51663          	bne	a0,a5,137a4 <__sflush_r+0xdc>
   1379c:	0004a783          	lw	a5,0(s1)
   137a0:	00079463          	bnez	a5,137a8 <__sflush_r+0xe0>
   137a4:	04a42a23          	sw	a0,84(s0)
   137a8:	03442583          	lw	a1,52(s0)
   137ac:	0124a023          	sw	s2,0(s1)
   137b0:	04058e63          	beqz	a1,1380c <__sflush_r+0x144>
   137b4:	04440793          	addi	a5,s0,68
   137b8:	00f58863          	beq	a1,a5,137c8 <__sflush_r+0x100>
   137bc:	00048513          	mv	a0,s1
   137c0:	fffff097          	auipc	ra,0xfffff
   137c4:	14c080e7          	jalr	332(ra) # 1290c <_free_r>
   137c8:	02042a23          	sw	zero,52(s0)
   137cc:	0400006f          	j	1380c <__sflush_r+0x144>
   137d0:	02042583          	lw	a1,32(s0)
   137d4:	00000613          	li	a2,0
   137d8:	00100693          	li	a3,1
   137dc:	00048513          	mv	a0,s1
   137e0:	000700e7          	jalr	a4
   137e4:	fff00793          	li	a5,-1
   137e8:	00050613          	mv	a2,a0
   137ec:	f2f518e3          	bne	a0,a5,1371c <__sflush_r+0x54>
   137f0:	0004a783          	lw	a5,0(s1)
   137f4:	f20784e3          	beqz	a5,1371c <__sflush_r+0x54>
   137f8:	fe378713          	addi	a4,a5,-29
   137fc:	00070663          	beqz	a4,13808 <__sflush_r+0x140>
   13800:	fea78793          	addi	a5,a5,-22
   13804:	04079e63          	bnez	a5,13860 <__sflush_r+0x198>
   13808:	0124a023          	sw	s2,0(s1)
   1380c:	00000513          	li	a0,0
   13810:	0600006f          	j	13870 <__sflush_r+0x1a8>
   13814:	0105a603          	lw	a2,16(a1)
   13818:	fe060ae3          	beqz	a2,1380c <__sflush_r+0x144>
   1381c:	0005a683          	lw	a3,0(a1)
   13820:	0037f793          	andi	a5,a5,3
   13824:	00c5a023          	sw	a2,0(a1)
   13828:	40c68933          	sub	s2,a3,a2
   1382c:	00000713          	li	a4,0
   13830:	00079463          	bnez	a5,13838 <__sflush_r+0x170>
   13834:	0145a703          	lw	a4,20(a1)
   13838:	00e42423          	sw	a4,8(s0)
   1383c:	fd2058e3          	blez	s2,1380c <__sflush_r+0x144>
   13840:	02842783          	lw	a5,40(s0)
   13844:	02042583          	lw	a1,32(s0)
   13848:	00090693          	mv	a3,s2
   1384c:	00048513          	mv	a0,s1
   13850:	00c12623          	sw	a2,12(sp)
   13854:	000780e7          	jalr	a5
   13858:	00c12603          	lw	a2,12(sp)
   1385c:	02a04663          	bgtz	a0,13888 <__sflush_r+0x1c0>
   13860:	00c45783          	lhu	a5,12(s0)
   13864:	0407e793          	ori	a5,a5,64
   13868:	00f41623          	sh	a5,12(s0)
   1386c:	fff00513          	li	a0,-1
   13870:	01c12083          	lw	ra,28(sp)
   13874:	01812403          	lw	s0,24(sp)
   13878:	01412483          	lw	s1,20(sp)
   1387c:	01012903          	lw	s2,16(sp)
   13880:	02010113          	addi	sp,sp,32
   13884:	00008067          	ret
   13888:	00a60633          	add	a2,a2,a0
   1388c:	40a90933          	sub	s2,s2,a0
   13890:	fadff06f          	j	1383c <__sflush_r+0x174>

00013894 <_fflush_r>:
   13894:	0105a783          	lw	a5,16(a1)
   13898:	ff010113          	addi	sp,sp,-16
   1389c:	00112623          	sw	ra,12(sp)
   138a0:	00812423          	sw	s0,8(sp)
   138a4:	00912223          	sw	s1,4(sp)
   138a8:	02079063          	bnez	a5,138c8 <_fflush_r+0x34>
   138ac:	00000493          	li	s1,0
   138b0:	00c12083          	lw	ra,12(sp)
   138b4:	00812403          	lw	s0,8(sp)
   138b8:	00048513          	mv	a0,s1
   138bc:	00412483          	lw	s1,4(sp)
   138c0:	01010113          	addi	sp,sp,16
   138c4:	00008067          	ret
   138c8:	00050493          	mv	s1,a0
   138cc:	00058413          	mv	s0,a1
   138d0:	00050a63          	beqz	a0,138e4 <_fflush_r+0x50>
   138d4:	02052783          	lw	a5,32(a0)
   138d8:	00079663          	bnez	a5,138e4 <_fflush_r+0x50>
   138dc:	00000097          	auipc	ra,0x0
   138e0:	268080e7          	jalr	616(ra) # 13b44 <__sinit>
   138e4:	00c41783          	lh	a5,12(s0)
   138e8:	fc0782e3          	beqz	a5,138ac <_fflush_r+0x18>
   138ec:	06442703          	lw	a4,100(s0)
   138f0:	00177713          	andi	a4,a4,1
   138f4:	00071c63          	bnez	a4,1390c <_fflush_r+0x78>
   138f8:	2007f793          	andi	a5,a5,512
   138fc:	00079863          	bnez	a5,1390c <_fflush_r+0x78>
   13900:	05842503          	lw	a0,88(s0)
   13904:	fffff097          	auipc	ra,0xfffff
   13908:	000080e7          	jalr	ra # 12904 <__retarget_lock_acquire_recursive>
   1390c:	00048513          	mv	a0,s1
   13910:	00040593          	mv	a1,s0
   13914:	00000097          	auipc	ra,0x0
   13918:	db4080e7          	jalr	-588(ra) # 136c8 <__sflush_r>
   1391c:	06442783          	lw	a5,100(s0)
   13920:	00050493          	mv	s1,a0
   13924:	0017f793          	andi	a5,a5,1
   13928:	f80794e3          	bnez	a5,138b0 <_fflush_r+0x1c>
   1392c:	00c45783          	lhu	a5,12(s0)
   13930:	2007f793          	andi	a5,a5,512
   13934:	f6079ee3          	bnez	a5,138b0 <_fflush_r+0x1c>
   13938:	05842503          	lw	a0,88(s0)
   1393c:	fffff097          	auipc	ra,0xfffff
   13940:	fcc080e7          	jalr	-52(ra) # 12908 <__retarget_lock_release_recursive>
   13944:	f6dff06f          	j	138b0 <_fflush_r+0x1c>

00013948 <std>:
   13948:	ff010113          	addi	sp,sp,-16
   1394c:	00812423          	sw	s0,8(sp)
   13950:	00112623          	sw	ra,12(sp)
   13954:	00050413          	mv	s0,a0
   13958:	00b51623          	sh	a1,12(a0)
   1395c:	00c51723          	sh	a2,14(a0)
   13960:	00052023          	sw	zero,0(a0)
   13964:	00052223          	sw	zero,4(a0)
   13968:	00052423          	sw	zero,8(a0)
   1396c:	06052223          	sw	zero,100(a0)
   13970:	00052823          	sw	zero,16(a0)
   13974:	00052a23          	sw	zero,20(a0)
   13978:	00052c23          	sw	zero,24(a0)
   1397c:	00800613          	li	a2,8
   13980:	00000593          	li	a1,0
   13984:	05c50513          	addi	a0,a0,92
   13988:	ffffd097          	auipc	ra,0xffffd
   1398c:	a3c080e7          	jalr	-1476(ra) # 103c4 <memset>
   13990:	00000797          	auipc	a5,0x0
   13994:	50478793          	addi	a5,a5,1284 # 13e94 <__sread>
   13998:	02f42223          	sw	a5,36(s0)
   1399c:	00000797          	auipc	a5,0x0
   139a0:	54c78793          	addi	a5,a5,1356 # 13ee8 <__swrite>
   139a4:	02f42423          	sw	a5,40(s0)
   139a8:	00000797          	auipc	a5,0x0
   139ac:	5cc78793          	addi	a5,a5,1484 # 13f74 <__sseek>
   139b0:	02f42623          	sw	a5,44(s0)
   139b4:	00000797          	auipc	a5,0x0
   139b8:	61c78793          	addi	a5,a5,1564 # 13fd0 <__sclose>
   139bc:	02f42823          	sw	a5,48(s0)
   139c0:	0000e717          	auipc	a4,0xe
   139c4:	86070713          	addi	a4,a4,-1952 # 21220 <__sf>
   139c8:	0000e797          	auipc	a5,0xe
   139cc:	8c078793          	addi	a5,a5,-1856 # 21288 <__sf+0x68>
   139d0:	40f407b3          	sub	a5,s0,a5
   139d4:	40e40733          	sub	a4,s0,a4
   139d8:	0017b793          	seqz	a5,a5
   139dc:	00173713          	seqz	a4,a4
   139e0:	02842023          	sw	s0,32(s0)
   139e4:	00e7e7b3          	or	a5,a5,a4
   139e8:	00079863          	bnez	a5,139f8 <std+0xb0>
   139ec:	0000e797          	auipc	a5,0xe
   139f0:	90478793          	addi	a5,a5,-1788 # 212f0 <__sf+0xd0>
   139f4:	00f41e63          	bne	s0,a5,13a10 <std+0xc8>
   139f8:	05840513          	addi	a0,s0,88
   139fc:	00812403          	lw	s0,8(sp)
   13a00:	00c12083          	lw	ra,12(sp)
   13a04:	01010113          	addi	sp,sp,16
   13a08:	fffff317          	auipc	t1,0xfffff
   13a0c:	ef830067          	jr	-264(t1) # 12900 <__retarget_lock_init_recursive>
   13a10:	00c12083          	lw	ra,12(sp)
   13a14:	00812403          	lw	s0,8(sp)
   13a18:	01010113          	addi	sp,sp,16
   13a1c:	00008067          	ret

00013a20 <stdio_exit_handler>:
   13a20:	0000c617          	auipc	a2,0xc
   13a24:	63860613          	addi	a2,a2,1592 # 20058 <__sglue>
   13a28:	00000597          	auipc	a1,0x0
   13a2c:	e6c58593          	addi	a1,a1,-404 # 13894 <_fflush_r>
   13a30:	0000c517          	auipc	a0,0xc
   13a34:	5dc50513          	addi	a0,a0,1500 # 2000c <_impure_data>
   13a38:	00000317          	auipc	t1,0x0
   13a3c:	16030067          	jr	352(t1) # 13b98 <_fwalk_sglue>

00013a40 <cleanup_stdio>:
   13a40:	00452583          	lw	a1,4(a0)
   13a44:	ff010113          	addi	sp,sp,-16
   13a48:	00812423          	sw	s0,8(sp)
   13a4c:	00112623          	sw	ra,12(sp)
   13a50:	0000d797          	auipc	a5,0xd
   13a54:	7d078793          	addi	a5,a5,2000 # 21220 <__sf>
   13a58:	00050413          	mv	s0,a0
   13a5c:	00f58663          	beq	a1,a5,13a68 <cleanup_stdio+0x28>
   13a60:	00000097          	auipc	ra,0x0
   13a64:	e34080e7          	jalr	-460(ra) # 13894 <_fflush_r>
   13a68:	00842583          	lw	a1,8(s0)
   13a6c:	0000e797          	auipc	a5,0xe
   13a70:	81c78793          	addi	a5,a5,-2020 # 21288 <__sf+0x68>
   13a74:	00f58863          	beq	a1,a5,13a84 <cleanup_stdio+0x44>
   13a78:	00040513          	mv	a0,s0
   13a7c:	00000097          	auipc	ra,0x0
   13a80:	e18080e7          	jalr	-488(ra) # 13894 <_fflush_r>
   13a84:	00c42583          	lw	a1,12(s0)
   13a88:	0000e797          	auipc	a5,0xe
   13a8c:	86878793          	addi	a5,a5,-1944 # 212f0 <__sf+0xd0>
   13a90:	00f58e63          	beq	a1,a5,13aac <cleanup_stdio+0x6c>
   13a94:	00040513          	mv	a0,s0
   13a98:	00812403          	lw	s0,8(sp)
   13a9c:	00c12083          	lw	ra,12(sp)
   13aa0:	01010113          	addi	sp,sp,16
   13aa4:	00000317          	auipc	t1,0x0
   13aa8:	df030067          	jr	-528(t1) # 13894 <_fflush_r>
   13aac:	00c12083          	lw	ra,12(sp)
   13ab0:	00812403          	lw	s0,8(sp)
   13ab4:	01010113          	addi	sp,sp,16
   13ab8:	00008067          	ret

00013abc <global_stdio_init.part.0>:
   13abc:	ff010113          	addi	sp,sp,-16
   13ac0:	00000797          	auipc	a5,0x0
   13ac4:	f6078793          	addi	a5,a5,-160 # 13a20 <stdio_exit_handler>
   13ac8:	00000613          	li	a2,0
   13acc:	00400593          	li	a1,4
   13ad0:	0000d517          	auipc	a0,0xd
   13ad4:	75050513          	addi	a0,a0,1872 # 21220 <__sf>
   13ad8:	00112623          	sw	ra,12(sp)
   13adc:	0000d717          	auipc	a4,0xd
   13ae0:	f4f72823          	sw	a5,-176(a4) # 20a2c <__stdio_exit_handler>
   13ae4:	00000097          	auipc	ra,0x0
   13ae8:	e64080e7          	jalr	-412(ra) # 13948 <std>
   13aec:	00100613          	li	a2,1
   13af0:	00900593          	li	a1,9
   13af4:	0000d517          	auipc	a0,0xd
   13af8:	79450513          	addi	a0,a0,1940 # 21288 <__sf+0x68>
   13afc:	00000097          	auipc	ra,0x0
   13b00:	e4c080e7          	jalr	-436(ra) # 13948 <std>
   13b04:	00c12083          	lw	ra,12(sp)
   13b08:	00200613          	li	a2,2
   13b0c:	01200593          	li	a1,18
   13b10:	0000d517          	auipc	a0,0xd
   13b14:	7e050513          	addi	a0,a0,2016 # 212f0 <__sf+0xd0>
   13b18:	01010113          	addi	sp,sp,16
   13b1c:	00000317          	auipc	t1,0x0
   13b20:	e2c30067          	jr	-468(t1) # 13948 <std>

00013b24 <__sfp_lock_acquire>:
   13b24:	0000d517          	auipc	a0,0xd
   13b28:	efc50513          	addi	a0,a0,-260 # 20a20 <__lock___sfp_recursive_mutex>
   13b2c:	fffff317          	auipc	t1,0xfffff
   13b30:	dd830067          	jr	-552(t1) # 12904 <__retarget_lock_acquire_recursive>

00013b34 <__sfp_lock_release>:
   13b34:	0000d517          	auipc	a0,0xd
   13b38:	eec50513          	addi	a0,a0,-276 # 20a20 <__lock___sfp_recursive_mutex>
   13b3c:	fffff317          	auipc	t1,0xfffff
   13b40:	dcc30067          	jr	-564(t1) # 12908 <__retarget_lock_release_recursive>

00013b44 <__sinit>:
   13b44:	fe010113          	addi	sp,sp,-32
   13b48:	00a12623          	sw	a0,12(sp)
   13b4c:	00112e23          	sw	ra,28(sp)
   13b50:	00000097          	auipc	ra,0x0
   13b54:	fd4080e7          	jalr	-44(ra) # 13b24 <__sfp_lock_acquire>
   13b58:	00c12503          	lw	a0,12(sp)
   13b5c:	02052783          	lw	a5,32(a0)
   13b60:	00078a63          	beqz	a5,13b74 <__sinit+0x30>
   13b64:	01c12083          	lw	ra,28(sp)
   13b68:	02010113          	addi	sp,sp,32
   13b6c:	00000317          	auipc	t1,0x0
   13b70:	fc830067          	jr	-56(t1) # 13b34 <__sfp_lock_release>
   13b74:	00000797          	auipc	a5,0x0
   13b78:	ecc78793          	addi	a5,a5,-308 # 13a40 <cleanup_stdio>
   13b7c:	02f52023          	sw	a5,32(a0)
   13b80:	0000d797          	auipc	a5,0xd
   13b84:	eac7a783          	lw	a5,-340(a5) # 20a2c <__stdio_exit_handler>
   13b88:	fc079ee3          	bnez	a5,13b64 <__sinit+0x20>
   13b8c:	00000097          	auipc	ra,0x0
   13b90:	f30080e7          	jalr	-208(ra) # 13abc <global_stdio_init.part.0>
   13b94:	fd1ff06f          	j	13b64 <__sinit+0x20>

00013b98 <_fwalk_sglue>:
   13b98:	fd010113          	addi	sp,sp,-48
   13b9c:	02812423          	sw	s0,40(sp)
   13ba0:	03212023          	sw	s2,32(sp)
   13ba4:	01312e23          	sw	s3,28(sp)
   13ba8:	01412c23          	sw	s4,24(sp)
   13bac:	01512a23          	sw	s5,20(sp)
   13bb0:	02112623          	sw	ra,44(sp)
   13bb4:	02912223          	sw	s1,36(sp)
   13bb8:	00050a13          	mv	s4,a0
   13bbc:	00058a93          	mv	s5,a1
   13bc0:	00000413          	li	s0,0
   13bc4:	00100913          	li	s2,1
   13bc8:	fff00993          	li	s3,-1
   13bcc:	00862583          	lw	a1,8(a2)
   13bd0:	00462483          	lw	s1,4(a2)
   13bd4:	fff48493          	addi	s1,s1,-1
   13bd8:	0204da63          	bgez	s1,13c0c <_fwalk_sglue+0x74>
   13bdc:	00062603          	lw	a2,0(a2)
   13be0:	fe0616e3          	bnez	a2,13bcc <_fwalk_sglue+0x34>
   13be4:	02c12083          	lw	ra,44(sp)
   13be8:	00040513          	mv	a0,s0
   13bec:	02812403          	lw	s0,40(sp)
   13bf0:	02412483          	lw	s1,36(sp)
   13bf4:	02012903          	lw	s2,32(sp)
   13bf8:	01c12983          	lw	s3,28(sp)
   13bfc:	01812a03          	lw	s4,24(sp)
   13c00:	01412a83          	lw	s5,20(sp)
   13c04:	03010113          	addi	sp,sp,48
   13c08:	00008067          	ret
   13c0c:	00c5d783          	lhu	a5,12(a1)
   13c10:	02f97463          	bgeu	s2,a5,13c38 <_fwalk_sglue+0xa0>
   13c14:	00e59783          	lh	a5,14(a1)
   13c18:	03378063          	beq	a5,s3,13c38 <_fwalk_sglue+0xa0>
   13c1c:	000a0513          	mv	a0,s4
   13c20:	00c12623          	sw	a2,12(sp)
   13c24:	00b12423          	sw	a1,8(sp)
   13c28:	000a80e7          	jalr	s5
   13c2c:	00c12603          	lw	a2,12(sp)
   13c30:	00812583          	lw	a1,8(sp)
   13c34:	00a46433          	or	s0,s0,a0
   13c38:	06858593          	addi	a1,a1,104
   13c3c:	f99ff06f          	j	13bd4 <_fwalk_sglue+0x3c>

00013c40 <__swhatbuf_r>:
   13c40:	f8010113          	addi	sp,sp,-128
   13c44:	06812c23          	sw	s0,120(sp)
   13c48:	00058413          	mv	s0,a1
   13c4c:	00e59583          	lh	a1,14(a1)
   13c50:	06912a23          	sw	s1,116(sp)
   13c54:	06112e23          	sw	ra,124(sp)
   13c58:	00060493          	mv	s1,a2
   13c5c:	0205da63          	bgez	a1,13c90 <__swhatbuf_r+0x50>
   13c60:	00c45783          	lhu	a5,12(s0)
   13c64:	0807f793          	andi	a5,a5,128
   13c68:	04079e63          	bnez	a5,13cc4 <__swhatbuf_r+0x84>
   13c6c:	40000713          	li	a4,1024
   13c70:	07c12083          	lw	ra,124(sp)
   13c74:	07812403          	lw	s0,120(sp)
   13c78:	00f6a023          	sw	a5,0(a3)
   13c7c:	00e4a023          	sw	a4,0(s1)
   13c80:	00000513          	li	a0,0
   13c84:	07412483          	lw	s1,116(sp)
   13c88:	08010113          	addi	sp,sp,128
   13c8c:	00008067          	ret
   13c90:	01810613          	addi	a2,sp,24
   13c94:	00d12623          	sw	a3,12(sp)
   13c98:	00000097          	auipc	ra,0x0
   13c9c:	3b4080e7          	jalr	948(ra) # 1404c <_fstat_r>
   13ca0:	00c12683          	lw	a3,12(sp)
   13ca4:	fa054ee3          	bltz	a0,13c60 <__swhatbuf_r+0x20>
   13ca8:	01c12783          	lw	a5,28(sp)
   13cac:	0000f737          	lui	a4,0xf
   13cb0:	00e7f7b3          	and	a5,a5,a4
   13cb4:	ffffe737          	lui	a4,0xffffe
   13cb8:	00e787b3          	add	a5,a5,a4
   13cbc:	0017b793          	seqz	a5,a5
   13cc0:	fadff06f          	j	13c6c <__swhatbuf_r+0x2c>
   13cc4:	00000793          	li	a5,0
   13cc8:	04000713          	li	a4,64
   13ccc:	fa5ff06f          	j	13c70 <__swhatbuf_r+0x30>

00013cd0 <__smakebuf_r>:
   13cd0:	00c5d703          	lhu	a4,12(a1)
   13cd4:	fd010113          	addi	sp,sp,-48
   13cd8:	02812423          	sw	s0,40(sp)
   13cdc:	02112623          	sw	ra,44(sp)
   13ce0:	02912223          	sw	s1,36(sp)
   13ce4:	00277713          	andi	a4,a4,2
   13ce8:	00058413          	mv	s0,a1
   13cec:	02070663          	beqz	a4,13d18 <__smakebuf_r+0x48>
   13cf0:	04740793          	addi	a5,s0,71
   13cf4:	00f42023          	sw	a5,0(s0)
   13cf8:	00f42823          	sw	a5,16(s0)
   13cfc:	00100793          	li	a5,1
   13d00:	00f42a23          	sw	a5,20(s0)
   13d04:	02c12083          	lw	ra,44(sp)
   13d08:	02812403          	lw	s0,40(sp)
   13d0c:	02412483          	lw	s1,36(sp)
   13d10:	03010113          	addi	sp,sp,48
   13d14:	00008067          	ret
   13d18:	01c10693          	addi	a3,sp,28
   13d1c:	01810613          	addi	a2,sp,24
   13d20:	00050493          	mv	s1,a0
   13d24:	00000097          	auipc	ra,0x0
   13d28:	f1c080e7          	jalr	-228(ra) # 13c40 <__swhatbuf_r>
   13d2c:	01812583          	lw	a1,24(sp)
   13d30:	00048513          	mv	a0,s1
   13d34:	00b12623          	sw	a1,12(sp)
   13d38:	fffff097          	auipc	ra,0xfffff
   13d3c:	d74080e7          	jalr	-652(ra) # 12aac <_malloc_r>
   13d40:	00c41783          	lh	a5,12(s0)
   13d44:	00c12583          	lw	a1,12(sp)
   13d48:	00051e63          	bnez	a0,13d64 <__smakebuf_r+0x94>
   13d4c:	2007f713          	andi	a4,a5,512
   13d50:	fa071ae3          	bnez	a4,13d04 <__smakebuf_r+0x34>
   13d54:	ffc7f793          	andi	a5,a5,-4
   13d58:	0027e793          	ori	a5,a5,2
   13d5c:	00f41623          	sh	a5,12(s0)
   13d60:	f91ff06f          	j	13cf0 <__smakebuf_r+0x20>
   13d64:	0807e793          	ori	a5,a5,128
   13d68:	00f41623          	sh	a5,12(s0)
   13d6c:	01c12783          	lw	a5,28(sp)
   13d70:	00a42023          	sw	a0,0(s0)
   13d74:	00a42823          	sw	a0,16(s0)
   13d78:	00b42a23          	sw	a1,20(s0)
   13d7c:	f80784e3          	beqz	a5,13d04 <__smakebuf_r+0x34>
   13d80:	00e41583          	lh	a1,14(s0)
   13d84:	00048513          	mv	a0,s1
   13d88:	00000097          	auipc	ra,0x0
   13d8c:	314080e7          	jalr	788(ra) # 1409c <_isatty_r>
   13d90:	f6050ae3          	beqz	a0,13d04 <__smakebuf_r+0x34>
   13d94:	00c45783          	lhu	a5,12(s0)
   13d98:	ffc7f793          	andi	a5,a5,-4
   13d9c:	0017e793          	ori	a5,a5,1
   13da0:	00f41623          	sh	a5,12(s0)
   13da4:	f61ff06f          	j	13d04 <__smakebuf_r+0x34>

00013da8 <_putc_r>:
   13da8:	fe010113          	addi	sp,sp,-32
   13dac:	00812c23          	sw	s0,24(sp)
   13db0:	00912a23          	sw	s1,20(sp)
   13db4:	00112e23          	sw	ra,28(sp)
   13db8:	00050493          	mv	s1,a0
   13dbc:	00060413          	mv	s0,a2
   13dc0:	00050e63          	beqz	a0,13ddc <_putc_r+0x34>
   13dc4:	02052783          	lw	a5,32(a0)
   13dc8:	00079a63          	bnez	a5,13ddc <_putc_r+0x34>
   13dcc:	00b12623          	sw	a1,12(sp)
   13dd0:	00000097          	auipc	ra,0x0
   13dd4:	d74080e7          	jalr	-652(ra) # 13b44 <__sinit>
   13dd8:	00c12583          	lw	a1,12(sp)
   13ddc:	06442783          	lw	a5,100(s0)
   13de0:	0017f793          	andi	a5,a5,1
   13de4:	02079263          	bnez	a5,13e08 <_putc_r+0x60>
   13de8:	00c45783          	lhu	a5,12(s0)
   13dec:	2007f793          	andi	a5,a5,512
   13df0:	00079c63          	bnez	a5,13e08 <_putc_r+0x60>
   13df4:	05842503          	lw	a0,88(s0)
   13df8:	00b12623          	sw	a1,12(sp)
   13dfc:	fffff097          	auipc	ra,0xfffff
   13e00:	b08080e7          	jalr	-1272(ra) # 12904 <__retarget_lock_acquire_recursive>
   13e04:	00c12583          	lw	a1,12(sp)
   13e08:	00842783          	lw	a5,8(s0)
   13e0c:	0ff5f713          	zext.b	a4,a1
   13e10:	fff78793          	addi	a5,a5,-1
   13e14:	00f42423          	sw	a5,8(s0)
   13e18:	0007da63          	bgez	a5,13e2c <_putc_r+0x84>
   13e1c:	01842683          	lw	a3,24(s0)
   13e20:	04d7ce63          	blt	a5,a3,13e7c <_putc_r+0xd4>
   13e24:	ff670793          	addi	a5,a4,-10 # ffffdff6 <__stack_top__+0xfffcdff6>
   13e28:	04078a63          	beqz	a5,13e7c <_putc_r+0xd4>
   13e2c:	00042783          	lw	a5,0(s0)
   13e30:	0ff5f493          	zext.b	s1,a1
   13e34:	00178693          	addi	a3,a5,1
   13e38:	00d42023          	sw	a3,0(s0)
   13e3c:	00e78023          	sb	a4,0(a5)
   13e40:	06442783          	lw	a5,100(s0)
   13e44:	0017f793          	andi	a5,a5,1
   13e48:	00079e63          	bnez	a5,13e64 <_putc_r+0xbc>
   13e4c:	00c45783          	lhu	a5,12(s0)
   13e50:	2007f793          	andi	a5,a5,512
   13e54:	00079863          	bnez	a5,13e64 <_putc_r+0xbc>
   13e58:	05842503          	lw	a0,88(s0)
   13e5c:	fffff097          	auipc	ra,0xfffff
   13e60:	aac080e7          	jalr	-1364(ra) # 12908 <__retarget_lock_release_recursive>
   13e64:	01c12083          	lw	ra,28(sp)
   13e68:	01812403          	lw	s0,24(sp)
   13e6c:	00048513          	mv	a0,s1
   13e70:	01412483          	lw	s1,20(sp)
   13e74:	02010113          	addi	sp,sp,32
   13e78:	00008067          	ret
   13e7c:	00048513          	mv	a0,s1
   13e80:	00040613          	mv	a2,s0
   13e84:	fffff097          	auipc	ra,0xfffff
   13e88:	848080e7          	jalr	-1976(ra) # 126cc <__swbuf_r>
   13e8c:	00050493          	mv	s1,a0
   13e90:	fb1ff06f          	j	13e40 <_putc_r+0x98>

00013e94 <__sread>:
   13e94:	ff010113          	addi	sp,sp,-16
   13e98:	00812423          	sw	s0,8(sp)
   13e9c:	00058413          	mv	s0,a1
   13ea0:	00e59583          	lh	a1,14(a1)
   13ea4:	00112623          	sw	ra,12(sp)
   13ea8:	00000097          	auipc	ra,0x0
   13eac:	294080e7          	jalr	660(ra) # 1413c <_read_r>
   13eb0:	02054063          	bltz	a0,13ed0 <__sread+0x3c>
   13eb4:	05442783          	lw	a5,84(s0)
   13eb8:	00a787b3          	add	a5,a5,a0
   13ebc:	04f42a23          	sw	a5,84(s0)
   13ec0:	00c12083          	lw	ra,12(sp)
   13ec4:	00812403          	lw	s0,8(sp)
   13ec8:	01010113          	addi	sp,sp,16
   13ecc:	00008067          	ret
   13ed0:	00c45783          	lhu	a5,12(s0)
   13ed4:	fffff737          	lui	a4,0xfffff
   13ed8:	fff70713          	addi	a4,a4,-1 # ffffefff <__stack_top__+0xfffcefff>
   13edc:	00e7f7b3          	and	a5,a5,a4
   13ee0:	00f41623          	sh	a5,12(s0)
   13ee4:	fddff06f          	j	13ec0 <__sread+0x2c>

00013ee8 <__swrite>:
   13ee8:	00c5d783          	lhu	a5,12(a1)
   13eec:	fe010113          	addi	sp,sp,-32
   13ef0:	00812c23          	sw	s0,24(sp)
   13ef4:	00912a23          	sw	s1,20(sp)
   13ef8:	01212823          	sw	s2,16(sp)
   13efc:	01312623          	sw	s3,12(sp)
   13f00:	00112e23          	sw	ra,28(sp)
   13f04:	1007f793          	andi	a5,a5,256
   13f08:	00050493          	mv	s1,a0
   13f0c:	00058413          	mv	s0,a1
   13f10:	00060913          	mv	s2,a2
   13f14:	00068993          	mv	s3,a3
   13f18:	00078c63          	beqz	a5,13f30 <__swrite+0x48>
   13f1c:	00e59583          	lh	a1,14(a1)
   13f20:	00200693          	li	a3,2
   13f24:	00000613          	li	a2,0
   13f28:	00000097          	auipc	ra,0x0
   13f2c:	1c0080e7          	jalr	448(ra) # 140e8 <_lseek_r>
   13f30:	00c45783          	lhu	a5,12(s0)
   13f34:	fffff737          	lui	a4,0xfffff
   13f38:	fff70713          	addi	a4,a4,-1 # ffffefff <__stack_top__+0xfffcefff>
   13f3c:	00e7f7b3          	and	a5,a5,a4
   13f40:	00e41583          	lh	a1,14(s0)
   13f44:	00f41623          	sh	a5,12(s0)
   13f48:	01812403          	lw	s0,24(sp)
   13f4c:	01c12083          	lw	ra,28(sp)
   13f50:	00098693          	mv	a3,s3
   13f54:	00090613          	mv	a2,s2
   13f58:	00c12983          	lw	s3,12(sp)
   13f5c:	01012903          	lw	s2,16(sp)
   13f60:	00048513          	mv	a0,s1
   13f64:	01412483          	lw	s1,20(sp)
   13f68:	02010113          	addi	sp,sp,32
   13f6c:	00000317          	auipc	t1,0x0
   13f70:	27030067          	jr	624(t1) # 141dc <_write_r>

00013f74 <__sseek>:
   13f74:	ff010113          	addi	sp,sp,-16
   13f78:	00812423          	sw	s0,8(sp)
   13f7c:	00058413          	mv	s0,a1
   13f80:	00e59583          	lh	a1,14(a1)
   13f84:	00112623          	sw	ra,12(sp)
   13f88:	00000097          	auipc	ra,0x0
   13f8c:	160080e7          	jalr	352(ra) # 140e8 <_lseek_r>
   13f90:	fff00713          	li	a4,-1
   13f94:	00c41783          	lh	a5,12(s0)
   13f98:	02e51263          	bne	a0,a4,13fbc <__sseek+0x48>
   13f9c:	80050713          	addi	a4,a0,-2048
   13fa0:	80070713          	addi	a4,a4,-2048
   13fa4:	00e7f7b3          	and	a5,a5,a4
   13fa8:	00f41623          	sh	a5,12(s0)
   13fac:	00c12083          	lw	ra,12(sp)
   13fb0:	00812403          	lw	s0,8(sp)
   13fb4:	01010113          	addi	sp,sp,16
   13fb8:	00008067          	ret
   13fbc:	00001737          	lui	a4,0x1
   13fc0:	00e7e7b3          	or	a5,a5,a4
   13fc4:	00f41623          	sh	a5,12(s0)
   13fc8:	04a42a23          	sw	a0,84(s0)
   13fcc:	fe1ff06f          	j	13fac <__sseek+0x38>

00013fd0 <__sclose>:
   13fd0:	00e59583          	lh	a1,14(a1)
   13fd4:	00000317          	auipc	t1,0x0
   13fd8:	02c30067          	jr	44(t1) # 14000 <_close_r>

00013fdc <memchr>:
   13fdc:	0ff5f593          	zext.b	a1,a1
   13fe0:	00c50633          	add	a2,a0,a2
   13fe4:	00c51663          	bne	a0,a2,13ff0 <memchr+0x14>
   13fe8:	00000513          	li	a0,0
   13fec:	00008067          	ret
   13ff0:	00054783          	lbu	a5,0(a0)
   13ff4:	feb78ce3          	beq	a5,a1,13fec <memchr+0x10>
   13ff8:	00150513          	addi	a0,a0,1
   13ffc:	fe9ff06f          	j	13fe4 <memchr+0x8>

00014000 <_close_r>:
   14000:	ff010113          	addi	sp,sp,-16
   14004:	00812423          	sw	s0,8(sp)
   14008:	00050413          	mv	s0,a0
   1400c:	00058513          	mv	a0,a1
   14010:	0000d797          	auipc	a5,0xd
   14014:	a007a423          	sw	zero,-1528(a5) # 20a18 <errno>
   14018:	00112623          	sw	ra,12(sp)
   1401c:	ffffc097          	auipc	ra,0xffffc
   14020:	50c080e7          	jalr	1292(ra) # 10528 <_close>
   14024:	fff00793          	li	a5,-1
   14028:	00f51a63          	bne	a0,a5,1403c <_close_r+0x3c>
   1402c:	0000d797          	auipc	a5,0xd
   14030:	9ec7a783          	lw	a5,-1556(a5) # 20a18 <errno>
   14034:	00078463          	beqz	a5,1403c <_close_r+0x3c>
   14038:	00f42023          	sw	a5,0(s0)
   1403c:	00c12083          	lw	ra,12(sp)
   14040:	00812403          	lw	s0,8(sp)
   14044:	01010113          	addi	sp,sp,16
   14048:	00008067          	ret

0001404c <_fstat_r>:
   1404c:	ff010113          	addi	sp,sp,-16
   14050:	00812423          	sw	s0,8(sp)
   14054:	00050413          	mv	s0,a0
   14058:	00058513          	mv	a0,a1
   1405c:	00060593          	mv	a1,a2
   14060:	0000d797          	auipc	a5,0xd
   14064:	9a07ac23          	sw	zero,-1608(a5) # 20a18 <errno>
   14068:	00112623          	sw	ra,12(sp)
   1406c:	ffffc097          	auipc	ra,0xffffc
   14070:	4c4080e7          	jalr	1220(ra) # 10530 <_fstat>
   14074:	fff00793          	li	a5,-1
   14078:	00f51a63          	bne	a0,a5,1408c <_fstat_r+0x40>
   1407c:	0000d797          	auipc	a5,0xd
   14080:	99c7a783          	lw	a5,-1636(a5) # 20a18 <errno>
   14084:	00078463          	beqz	a5,1408c <_fstat_r+0x40>
   14088:	00f42023          	sw	a5,0(s0)
   1408c:	00c12083          	lw	ra,12(sp)
   14090:	00812403          	lw	s0,8(sp)
   14094:	01010113          	addi	sp,sp,16
   14098:	00008067          	ret

0001409c <_isatty_r>:
   1409c:	ff010113          	addi	sp,sp,-16
   140a0:	00812423          	sw	s0,8(sp)
   140a4:	00050413          	mv	s0,a0
   140a8:	00058513          	mv	a0,a1
   140ac:	0000d797          	auipc	a5,0xd
   140b0:	9607a623          	sw	zero,-1684(a5) # 20a18 <errno>
   140b4:	00112623          	sw	ra,12(sp)
   140b8:	ffffc097          	auipc	ra,0xffffc
   140bc:	488080e7          	jalr	1160(ra) # 10540 <_isatty>
   140c0:	fff00793          	li	a5,-1
   140c4:	00f51a63          	bne	a0,a5,140d8 <_isatty_r+0x3c>
   140c8:	0000d797          	auipc	a5,0xd
   140cc:	9507a783          	lw	a5,-1712(a5) # 20a18 <errno>
   140d0:	00078463          	beqz	a5,140d8 <_isatty_r+0x3c>
   140d4:	00f42023          	sw	a5,0(s0)
   140d8:	00c12083          	lw	ra,12(sp)
   140dc:	00812403          	lw	s0,8(sp)
   140e0:	01010113          	addi	sp,sp,16
   140e4:	00008067          	ret

000140e8 <_lseek_r>:
   140e8:	ff010113          	addi	sp,sp,-16
   140ec:	00812423          	sw	s0,8(sp)
   140f0:	00050413          	mv	s0,a0
   140f4:	00058513          	mv	a0,a1
   140f8:	00060593          	mv	a1,a2
   140fc:	00068613          	mv	a2,a3
   14100:	0000d797          	auipc	a5,0xd
   14104:	9007ac23          	sw	zero,-1768(a5) # 20a18 <errno>
   14108:	00112623          	sw	ra,12(sp)
   1410c:	ffffc097          	auipc	ra,0xffffc
   14110:	43c080e7          	jalr	1084(ra) # 10548 <_lseek>
   14114:	fff00793          	li	a5,-1
   14118:	00f51a63          	bne	a0,a5,1412c <_lseek_r+0x44>
   1411c:	0000d797          	auipc	a5,0xd
   14120:	8fc7a783          	lw	a5,-1796(a5) # 20a18 <errno>
   14124:	00078463          	beqz	a5,1412c <_lseek_r+0x44>
   14128:	00f42023          	sw	a5,0(s0)
   1412c:	00c12083          	lw	ra,12(sp)
   14130:	00812403          	lw	s0,8(sp)
   14134:	01010113          	addi	sp,sp,16
   14138:	00008067          	ret

0001413c <_read_r>:
   1413c:	ff010113          	addi	sp,sp,-16
   14140:	00812423          	sw	s0,8(sp)
   14144:	00050413          	mv	s0,a0
   14148:	00058513          	mv	a0,a1
   1414c:	00060593          	mv	a1,a2
   14150:	00068613          	mv	a2,a3
   14154:	0000d797          	auipc	a5,0xd
   14158:	8c07a223          	sw	zero,-1852(a5) # 20a18 <errno>
   1415c:	00112623          	sw	ra,12(sp)
   14160:	ffffc097          	auipc	ra,0xffffc
   14164:	3f0080e7          	jalr	1008(ra) # 10550 <_read>
   14168:	fff00793          	li	a5,-1
   1416c:	00f51a63          	bne	a0,a5,14180 <_read_r+0x44>
   14170:	0000d797          	auipc	a5,0xd
   14174:	8a87a783          	lw	a5,-1880(a5) # 20a18 <errno>
   14178:	00078463          	beqz	a5,14180 <_read_r+0x44>
   1417c:	00f42023          	sw	a5,0(s0)
   14180:	00c12083          	lw	ra,12(sp)
   14184:	00812403          	lw	s0,8(sp)
   14188:	01010113          	addi	sp,sp,16
   1418c:	00008067          	ret

00014190 <_sbrk_r>:
   14190:	ff010113          	addi	sp,sp,-16
   14194:	00812423          	sw	s0,8(sp)
   14198:	00050413          	mv	s0,a0
   1419c:	00058513          	mv	a0,a1
   141a0:	0000d797          	auipc	a5,0xd
   141a4:	8607ac23          	sw	zero,-1928(a5) # 20a18 <errno>
   141a8:	00112623          	sw	ra,12(sp)
   141ac:	ffffc097          	auipc	ra,0xffffc
   141b0:	3ac080e7          	jalr	940(ra) # 10558 <_sbrk>
   141b4:	fff00793          	li	a5,-1
   141b8:	00f51a63          	bne	a0,a5,141cc <_sbrk_r+0x3c>
   141bc:	0000d797          	auipc	a5,0xd
   141c0:	85c7a783          	lw	a5,-1956(a5) # 20a18 <errno>
   141c4:	00078463          	beqz	a5,141cc <_sbrk_r+0x3c>
   141c8:	00f42023          	sw	a5,0(s0)
   141cc:	00c12083          	lw	ra,12(sp)
   141d0:	00812403          	lw	s0,8(sp)
   141d4:	01010113          	addi	sp,sp,16
   141d8:	00008067          	ret

000141dc <_write_r>:
   141dc:	ff010113          	addi	sp,sp,-16
   141e0:	00812423          	sw	s0,8(sp)
   141e4:	00050413          	mv	s0,a0
   141e8:	00058513          	mv	a0,a1
   141ec:	00060593          	mv	a1,a2
   141f0:	00068613          	mv	a2,a3
   141f4:	0000d797          	auipc	a5,0xd
   141f8:	8207a223          	sw	zero,-2012(a5) # 20a18 <errno>
   141fc:	00112623          	sw	ra,12(sp)
   14200:	ffffc097          	auipc	ra,0xffffc
   14204:	3a0080e7          	jalr	928(ra) # 105a0 <_write>
   14208:	fff00793          	li	a5,-1
   1420c:	00f51a63          	bne	a0,a5,14220 <_write_r+0x44>
   14210:	0000d797          	auipc	a5,0xd
   14214:	8087a783          	lw	a5,-2040(a5) # 20a18 <errno>
   14218:	00078463          	beqz	a5,14220 <_write_r+0x44>
   1421c:	00f42023          	sw	a5,0(s0)
   14220:	00c12083          	lw	ra,12(sp)
   14224:	00812403          	lw	s0,8(sp)
   14228:	01010113          	addi	sp,sp,16
   1422c:	00008067          	ret

00014230 <__udivdi3>:
   14230:	00060813          	mv	a6,a2
   14234:	00050793          	mv	a5,a0
   14238:	00058893          	mv	a7,a1
   1423c:	0c069c63          	bnez	a3,14314 <__udivdi3+0xe4>
   14240:	22c5fa63          	bgeu	a1,a2,14474 <__udivdi3+0x244>
   14244:	00010737          	lui	a4,0x10
   14248:	36e66863          	bltu	a2,a4,145b8 <__udivdi3+0x388>
   1424c:	01000737          	lui	a4,0x1000
   14250:	01800313          	li	t1,24
   14254:	00e67463          	bgeu	a2,a4,1425c <__udivdi3+0x2c>
   14258:	01000313          	li	t1,16
   1425c:	006656b3          	srl	a3,a2,t1
   14260:	0000c717          	auipc	a4,0xc
   14264:	6b870713          	addi	a4,a4,1720 # 20918 <__clz_tab>
   14268:	00d70733          	add	a4,a4,a3
   1426c:	00074703          	lbu	a4,0(a4)
   14270:	02000693          	li	a3,32
   14274:	00670733          	add	a4,a4,t1
   14278:	00d70e63          	beq	a4,a3,14294 <__udivdi3+0x64>
   1427c:	40e686b3          	sub	a3,a3,a4
   14280:	00d598b3          	sll	a7,a1,a3
   14284:	00e55733          	srl	a4,a0,a4
   14288:	00d61833          	sll	a6,a2,a3
   1428c:	00d517b3          	sll	a5,a0,a3
   14290:	011768b3          	or	a7,a4,a7
   14294:	01085613          	srli	a2,a6,0x10
   14298:	02c8d533          	divu	a0,a7,a2
   1429c:	01081693          	slli	a3,a6,0x10
   142a0:	0106d693          	srli	a3,a3,0x10
   142a4:	0107d713          	srli	a4,a5,0x10
   142a8:	02c8f8b3          	remu	a7,a7,a2
   142ac:	02a685b3          	mul	a1,a3,a0
   142b0:	01089893          	slli	a7,a7,0x10
   142b4:	01176733          	or	a4,a4,a7
   142b8:	00b77c63          	bgeu	a4,a1,142d0 <__udivdi3+0xa0>
   142bc:	00e808b3          	add	a7,a6,a4
   142c0:	00088713          	mv	a4,a7
   142c4:	00b8f463          	bgeu	a7,a1,142cc <__udivdi3+0x9c>
   142c8:	3908f463          	bgeu	a7,a6,14650 <__udivdi3+0x420>
   142cc:	fff50513          	addi	a0,a0,-1
   142d0:	40b70733          	sub	a4,a4,a1
   142d4:	02c755b3          	divu	a1,a4,a2
   142d8:	01079793          	slli	a5,a5,0x10
   142dc:	0107d793          	srli	a5,a5,0x10
   142e0:	02c77733          	remu	a4,a4,a2
   142e4:	02b686b3          	mul	a3,a3,a1
   142e8:	01071713          	slli	a4,a4,0x10
   142ec:	00e7e7b3          	or	a5,a5,a4
   142f0:	00d7fa63          	bgeu	a5,a3,14304 <__udivdi3+0xd4>
   142f4:	00f807b3          	add	a5,a6,a5
   142f8:	00d7f463          	bgeu	a5,a3,14300 <__udivdi3+0xd0>
   142fc:	3507f663          	bgeu	a5,a6,14648 <__udivdi3+0x418>
   14300:	fff58593          	addi	a1,a1,-1
   14304:	01051513          	slli	a0,a0,0x10
   14308:	00b56533          	or	a0,a0,a1
   1430c:	00000593          	li	a1,0
   14310:	00008067          	ret
   14314:	00d5f863          	bgeu	a1,a3,14324 <__udivdi3+0xf4>
   14318:	00000593          	li	a1,0
   1431c:	00000513          	li	a0,0
   14320:	00008067          	ret
   14324:	000107b7          	lui	a5,0x10
   14328:	2af6e663          	bltu	a3,a5,145d4 <__udivdi3+0x3a4>
   1432c:	01000737          	lui	a4,0x1000
   14330:	01800793          	li	a5,24
   14334:	00e6f463          	bgeu	a3,a4,1433c <__udivdi3+0x10c>
   14338:	01000793          	li	a5,16
   1433c:	00f6d833          	srl	a6,a3,a5
   14340:	0000c717          	auipc	a4,0xc
   14344:	5d870713          	addi	a4,a4,1496 # 20918 <__clz_tab>
   14348:	01070733          	add	a4,a4,a6
   1434c:	00074703          	lbu	a4,0(a4)
   14350:	02000813          	li	a6,32
   14354:	00f70733          	add	a4,a4,a5
   14358:	29070663          	beq	a4,a6,145e4 <__udivdi3+0x3b4>
   1435c:	40e80833          	sub	a6,a6,a4
   14360:	00e658b3          	srl	a7,a2,a4
   14364:	010696b3          	sll	a3,a3,a6
   14368:	00d8e8b3          	or	a7,a7,a3
   1436c:	00e5d333          	srl	t1,a1,a4
   14370:	0108de93          	srli	t4,a7,0x10
   14374:	03d357b3          	divu	a5,t1,t4
   14378:	01089e13          	slli	t3,a7,0x10
   1437c:	010595b3          	sll	a1,a1,a6
   14380:	010e5e13          	srli	t3,t3,0x10
   14384:	00e55733          	srl	a4,a0,a4
   14388:	00b76733          	or	a4,a4,a1
   1438c:	01075693          	srli	a3,a4,0x10
   14390:	01061633          	sll	a2,a2,a6
   14394:	03d37333          	remu	t1,t1,t4
   14398:	02fe05b3          	mul	a1,t3,a5
   1439c:	01031313          	slli	t1,t1,0x10
   143a0:	0066e6b3          	or	a3,a3,t1
   143a4:	00b6fc63          	bgeu	a3,a1,143bc <__udivdi3+0x18c>
   143a8:	00d88333          	add	t1,a7,a3
   143ac:	00030693          	mv	a3,t1
   143b0:	00b37463          	bgeu	t1,a1,143b8 <__udivdi3+0x188>
   143b4:	2d137c63          	bgeu	t1,a7,1468c <__udivdi3+0x45c>
   143b8:	fff78793          	addi	a5,a5,-1 # ffff <__HEAP_SIZE+0xdfff>
   143bc:	40b686b3          	sub	a3,a3,a1
   143c0:	03d6d333          	divu	t1,a3,t4
   143c4:	01071713          	slli	a4,a4,0x10
   143c8:	01075713          	srli	a4,a4,0x10
   143cc:	03d6f6b3          	remu	a3,a3,t4
   143d0:	026e05b3          	mul	a1,t3,t1
   143d4:	01069693          	slli	a3,a3,0x10
   143d8:	00d76733          	or	a4,a4,a3
   143dc:	00b77c63          	bgeu	a4,a1,143f4 <__udivdi3+0x1c4>
   143e0:	00e886b3          	add	a3,a7,a4
   143e4:	00068713          	mv	a4,a3
   143e8:	00b6f463          	bgeu	a3,a1,143f0 <__udivdi3+0x1c0>
   143ec:	2916f463          	bgeu	a3,a7,14674 <__udivdi3+0x444>
   143f0:	fff30313          	addi	t1,t1,-1
   143f4:	01079793          	slli	a5,a5,0x10
   143f8:	0067e6b3          	or	a3,a5,t1
   143fc:	40b70733          	sub	a4,a4,a1
   14400:	01061793          	slli	a5,a2,0x10
   14404:	01031593          	slli	a1,t1,0x10
   14408:	0107d793          	srli	a5,a5,0x10
   1440c:	0105d593          	srli	a1,a1,0x10
   14410:	0106d313          	srli	t1,a3,0x10
   14414:	01065613          	srli	a2,a2,0x10
   14418:	02f30e33          	mul	t3,t1,a5
   1441c:	02f588b3          	mul	a7,a1,a5
   14420:	02c585b3          	mul	a1,a1,a2
   14424:	0108d793          	srli	a5,a7,0x10
   14428:	01c585b3          	add	a1,a1,t3
   1442c:	00b787b3          	add	a5,a5,a1
   14430:	02c30333          	mul	t1,t1,a2
   14434:	01c7f663          	bgeu	a5,t3,14440 <__udivdi3+0x210>
   14438:	00010637          	lui	a2,0x10
   1443c:	00c30333          	add	t1,t1,a2
   14440:	0107d613          	srli	a2,a5,0x10
   14444:	00660633          	add	a2,a2,t1
   14448:	02c76063          	bltu	a4,a2,14468 <__udivdi3+0x238>
   1444c:	01089893          	slli	a7,a7,0x10
   14450:	0108d893          	srli	a7,a7,0x10
   14454:	01079793          	slli	a5,a5,0x10
   14458:	01051533          	sll	a0,a0,a6
   1445c:	011787b3          	add	a5,a5,a7
   14460:	1ef57e63          	bgeu	a0,a5,1465c <__udivdi3+0x42c>
   14464:	1ec71c63          	bne	a4,a2,1465c <__udivdi3+0x42c>
   14468:	fff68513          	addi	a0,a3,-1
   1446c:	00000593          	li	a1,0
   14470:	00008067          	ret
   14474:	14060a63          	beqz	a2,145c8 <__udivdi3+0x398>
   14478:	00010737          	lui	a4,0x10
   1447c:	18e67c63          	bgeu	a2,a4,14614 <__udivdi3+0x3e4>
   14480:	10063893          	sltiu	a7,a2,256
   14484:	0018b893          	seqz	a7,a7
   14488:	00389893          	slli	a7,a7,0x3
   1448c:	011656b3          	srl	a3,a2,a7
   14490:	0000c717          	auipc	a4,0xc
   14494:	48870713          	addi	a4,a4,1160 # 20918 <__clz_tab>
   14498:	00d70733          	add	a4,a4,a3
   1449c:	00074703          	lbu	a4,0(a4)
   144a0:	02000693          	li	a3,32
   144a4:	01170733          	add	a4,a4,a7
   144a8:	14d70a63          	beq	a4,a3,145fc <__udivdi3+0x3cc>
   144ac:	40e687b3          	sub	a5,a3,a4
   144b0:	00f61833          	sll	a6,a2,a5
   144b4:	00e5d333          	srl	t1,a1,a4
   144b8:	01085893          	srli	a7,a6,0x10
   144bc:	03135e33          	divu	t3,t1,a7
   144c0:	01081613          	slli	a2,a6,0x10
   144c4:	00f595b3          	sll	a1,a1,a5
   144c8:	01065613          	srli	a2,a2,0x10
   144cc:	00e55733          	srl	a4,a0,a4
   144d0:	00b76733          	or	a4,a4,a1
   144d4:	01075693          	srli	a3,a4,0x10
   144d8:	00f517b3          	sll	a5,a0,a5
   144dc:	03137333          	remu	t1,t1,a7
   144e0:	03c605b3          	mul	a1,a2,t3
   144e4:	01031313          	slli	t1,t1,0x10
   144e8:	0066e6b3          	or	a3,a3,t1
   144ec:	00b6fc63          	bgeu	a3,a1,14504 <__udivdi3+0x2d4>
   144f0:	00d80533          	add	a0,a6,a3
   144f4:	00050693          	mv	a3,a0
   144f8:	00b57463          	bgeu	a0,a1,14500 <__udivdi3+0x2d0>
   144fc:	17057663          	bgeu	a0,a6,14668 <__udivdi3+0x438>
   14500:	fffe0e13          	addi	t3,t3,-1
   14504:	40b686b3          	sub	a3,a3,a1
   14508:	0316d533          	divu	a0,a3,a7
   1450c:	01071713          	slli	a4,a4,0x10
   14510:	01075713          	srli	a4,a4,0x10
   14514:	0316f6b3          	remu	a3,a3,a7
   14518:	02a60333          	mul	t1,a2,a0
   1451c:	01069693          	slli	a3,a3,0x10
   14520:	00d76733          	or	a4,a4,a3
   14524:	00677c63          	bgeu	a4,t1,1453c <__udivdi3+0x30c>
   14528:	00e806b3          	add	a3,a6,a4
   1452c:	00068713          	mv	a4,a3
   14530:	0066f463          	bgeu	a3,t1,14538 <__udivdi3+0x308>
   14534:	1506f663          	bgeu	a3,a6,14680 <__udivdi3+0x450>
   14538:	fff50513          	addi	a0,a0,-1
   1453c:	010e1593          	slli	a1,t3,0x10
   14540:	00a5e5b3          	or	a1,a1,a0
   14544:	40670733          	sub	a4,a4,t1
   14548:	03175533          	divu	a0,a4,a7
   1454c:	0107d693          	srli	a3,a5,0x10
   14550:	03177733          	remu	a4,a4,a7
   14554:	02c50333          	mul	t1,a0,a2
   14558:	01071713          	slli	a4,a4,0x10
   1455c:	00e6e733          	or	a4,a3,a4
   14560:	00677c63          	bgeu	a4,t1,14578 <__udivdi3+0x348>
   14564:	00e806b3          	add	a3,a6,a4
   14568:	00068713          	mv	a4,a3
   1456c:	0066f463          	bgeu	a3,t1,14574 <__udivdi3+0x344>
   14570:	0d06f663          	bgeu	a3,a6,1463c <__udivdi3+0x40c>
   14574:	fff50513          	addi	a0,a0,-1
   14578:	40670733          	sub	a4,a4,t1
   1457c:	031756b3          	divu	a3,a4,a7
   14580:	01079793          	slli	a5,a5,0x10
   14584:	0107d793          	srli	a5,a5,0x10
   14588:	03177733          	remu	a4,a4,a7
   1458c:	02c68633          	mul	a2,a3,a2
   14590:	01071713          	slli	a4,a4,0x10
   14594:	00e7e7b3          	or	a5,a5,a4
   14598:	00c7fa63          	bgeu	a5,a2,145ac <__udivdi3+0x37c>
   1459c:	00f807b3          	add	a5,a6,a5
   145a0:	00c7f463          	bgeu	a5,a2,145a8 <__udivdi3+0x378>
   145a4:	0907f863          	bgeu	a5,a6,14634 <__udivdi3+0x404>
   145a8:	fff68693          	addi	a3,a3,-1
   145ac:	01051513          	slli	a0,a0,0x10
   145b0:	00d56533          	or	a0,a0,a3
   145b4:	00008067          	ret
   145b8:	10063313          	sltiu	t1,a2,256
   145bc:	00133313          	seqz	t1,t1
   145c0:	00331313          	slli	t1,t1,0x3
   145c4:	c99ff06f          	j	1425c <__udivdi3+0x2c>
   145c8:	00000693          	li	a3,0
   145cc:	00000893          	li	a7,0
   145d0:	ec1ff06f          	j	14490 <__udivdi3+0x260>
   145d4:	1006b793          	sltiu	a5,a3,256
   145d8:	0017b793          	seqz	a5,a5
   145dc:	00379793          	slli	a5,a5,0x3
   145e0:	d5dff06f          	j	1433c <__udivdi3+0x10c>
   145e4:	00c53633          	sltu	a2,a0,a2
   145e8:	00b6b6b3          	sltu	a3,a3,a1
   145ec:	00163613          	seqz	a2,a2
   145f0:	00c6e533          	or	a0,a3,a2
   145f4:	00000593          	li	a1,0
   145f8:	00008067          	ret
   145fc:	40c58733          	sub	a4,a1,a2
   14600:	01065893          	srli	a7,a2,0x10
   14604:	01061613          	slli	a2,a2,0x10
   14608:	01065613          	srli	a2,a2,0x10
   1460c:	00100593          	li	a1,1
   14610:	f39ff06f          	j	14548 <__udivdi3+0x318>
   14614:	01000737          	lui	a4,0x1000
   14618:	00e67863          	bgeu	a2,a4,14628 <__udivdi3+0x3f8>
   1461c:	01065693          	srli	a3,a2,0x10
   14620:	01000893          	li	a7,16
   14624:	e6dff06f          	j	14490 <__udivdi3+0x260>
   14628:	01865693          	srli	a3,a2,0x18
   1462c:	01800893          	li	a7,24
   14630:	e61ff06f          	j	14490 <__udivdi3+0x260>
   14634:	ffe68693          	addi	a3,a3,-2
   14638:	f75ff06f          	j	145ac <__udivdi3+0x37c>
   1463c:	ffe50513          	addi	a0,a0,-2
   14640:	01068733          	add	a4,a3,a6
   14644:	f35ff06f          	j	14578 <__udivdi3+0x348>
   14648:	ffe58593          	addi	a1,a1,-2
   1464c:	cb9ff06f          	j	14304 <__udivdi3+0xd4>
   14650:	ffe50513          	addi	a0,a0,-2
   14654:	01088733          	add	a4,a7,a6
   14658:	c79ff06f          	j	142d0 <__udivdi3+0xa0>
   1465c:	00068513          	mv	a0,a3
   14660:	00000593          	li	a1,0
   14664:	00008067          	ret
   14668:	ffee0e13          	addi	t3,t3,-2
   1466c:	010506b3          	add	a3,a0,a6
   14670:	e95ff06f          	j	14504 <__udivdi3+0x2d4>
   14674:	ffe30313          	addi	t1,t1,-2
   14678:	01168733          	add	a4,a3,a7
   1467c:	d79ff06f          	j	143f4 <__udivdi3+0x1c4>
   14680:	ffe50513          	addi	a0,a0,-2
   14684:	01068733          	add	a4,a3,a6
   14688:	eb5ff06f          	j	1453c <__udivdi3+0x30c>
   1468c:	ffe78793          	addi	a5,a5,-2
   14690:	011306b3          	add	a3,t1,a7
   14694:	d29ff06f          	j	143bc <__udivdi3+0x18c>
