
D:\Desktop\OpenClaw_Workspace\Working\SDK\demos\newlib\coremark\build_clang_O2\coremark.elf:     file format elf32-littleriscv


Disassembly of section .text:

00010000 <_reset_vector>:
   10000:	1000006f          	j	10100 <_start>
	...

00010080 <__vector_table>:
   10080:	0c40006f 3380006f 3340006f 1f80006f     o.@.o..3o.@3o...
   10090:	32c0006f 3280006f 3240006f 14c0006f     o..2o..2o.@2o...
   100a0:	31c0006f 3180006f 3140006f 2740006f     o..1o..1o.@1o.@'
   100b0:	30c0006f 3080006f 3040006f 3000006f     o..0o..0o.@0o..0
   100c0:	2fc0006f 2f80006f 2f40006f 2f00006f     o../o../o.@/o../
   100d0:	2ec0006f 2e80006f 2e40006f 2e00006f     o...o...o.@.o...
   100e0:	2dc0006f 2d80006f 2d40006f 2d00006f     o..-o..-o.@-o..-
   100f0:	2cc0006f 2c80006f 2c40006f 2c00006f     o..,o..,o.@,o..,

00010100 <_start>:
   10100:	00010197          	auipc	gp,0x10
   10104:	76818193          	addi	gp,gp,1896 # 20868 <__global_pointer$>
   10108:	00020117          	auipc	sp,0x20
   1010c:	ef810113          	addi	sp,sp,-264 # 30000 <__stack_top__>
   10110:	00011517          	auipc	a0,0x11
   10114:	90850513          	addi	a0,a0,-1784 # 20a18 <errno>
   10118:	00011597          	auipc	a1,0x11
   1011c:	24058593          	addi	a1,a1,576 # 21358 <__bss_end>
   10120:	00b50863          	beq	a0,a1,10130 <_start+0x30>
   10124:	00052023          	sw	zero,0(a0)
   10128:	00450513          	addi	a0,a0,4
   1012c:	feb56ce3          	bltu	a0,a1,10124 <_start+0x24>
   10130:	00000097          	auipc	ra,0x0
   10134:	2b4080e7          	jalr	692(ra) # 103e4 <_init>
   10138:	00001097          	auipc	ra,0x1
   1013c:	ef0080e7          	jalr	-272(ra) # 11028 <main>
   10140:	0000006f          	j	10140 <_start+0x40>

00010144 <exc_entry>:
   10144:	fb010113          	addi	sp,sp,-80
   10148:	00112023          	sw	ra,0(sp)
   1014c:	00412223          	sw	tp,4(sp)
   10150:	00512423          	sw	t0,8(sp)
   10154:	00612623          	sw	t1,12(sp)
   10158:	00712823          	sw	t2,16(sp)
   1015c:	00a12a23          	sw	a0,20(sp)
   10160:	00b12c23          	sw	a1,24(sp)
   10164:	00c12e23          	sw	a2,28(sp)
   10168:	02d12023          	sw	a3,32(sp)
   1016c:	02e12223          	sw	a4,36(sp)
   10170:	02f12423          	sw	a5,40(sp)
   10174:	03012623          	sw	a6,44(sp)
   10178:	03112823          	sw	a7,48(sp)
   1017c:	03c12a23          	sw	t3,52(sp)
   10180:	03d12c23          	sw	t4,56(sp)
   10184:	03e12e23          	sw	t5,60(sp)
   10188:	05f12023          	sw	t6,64(sp)
   1018c:	34202573          	csrr	a0,mcause
   10190:	341025f3          	csrr	a1,mepc
   10194:	00000097          	auipc	ra,0x0
   10198:	414080e7          	jalr	1044(ra) # 105a8 <serr_handler>
   1019c:	00012083          	lw	ra,0(sp)
   101a0:	00412203          	lw	tp,4(sp)
   101a4:	00812283          	lw	t0,8(sp)
   101a8:	00c12303          	lw	t1,12(sp)
   101ac:	01012383          	lw	t2,16(sp)
   101b0:	01412503          	lw	a0,20(sp)
   101b4:	01812583          	lw	a1,24(sp)
   101b8:	01c12603          	lw	a2,28(sp)
   101bc:	02012683          	lw	a3,32(sp)
   101c0:	02412703          	lw	a4,36(sp)
   101c4:	02812783          	lw	a5,40(sp)
   101c8:	02c12803          	lw	a6,44(sp)
   101cc:	03012883          	lw	a7,48(sp)
   101d0:	03412e03          	lw	t3,52(sp)
   101d4:	03812e83          	lw	t4,56(sp)
   101d8:	03c12f03          	lw	t5,60(sp)
   101dc:	04012f83          	lw	t6,64(sp)
   101e0:	05010113          	addi	sp,sp,80
   101e4:	30200073          	mret

000101e8 <irq_timer_entry>:
   101e8:	fb010113          	addi	sp,sp,-80
   101ec:	00112023          	sw	ra,0(sp)
   101f0:	00412223          	sw	tp,4(sp)
   101f4:	00512423          	sw	t0,8(sp)
   101f8:	00612623          	sw	t1,12(sp)
   101fc:	00712823          	sw	t2,16(sp)
   10200:	00a12a23          	sw	a0,20(sp)
   10204:	00b12c23          	sw	a1,24(sp)
   10208:	00c12e23          	sw	a2,28(sp)
   1020c:	02d12023          	sw	a3,32(sp)
   10210:	02e12223          	sw	a4,36(sp)
   10214:	02f12423          	sw	a5,40(sp)
   10218:	03012623          	sw	a6,44(sp)
   1021c:	03112823          	sw	a7,48(sp)
   10220:	03c12a23          	sw	t3,52(sp)
   10224:	03d12c23          	sw	t4,56(sp)
   10228:	03e12e23          	sw	t5,60(sp)
   1022c:	05f12023          	sw	t6,64(sp)
   10230:	00000097          	auipc	ra,0x0
   10234:	370080e7          	jalr	880(ra) # 105a0 <tmr_irq_handler>
   10238:	00012083          	lw	ra,0(sp)
   1023c:	00412203          	lw	tp,4(sp)
   10240:	00812283          	lw	t0,8(sp)
   10244:	00c12303          	lw	t1,12(sp)
   10248:	01012383          	lw	t2,16(sp)
   1024c:	01412503          	lw	a0,20(sp)
   10250:	01812583          	lw	a1,24(sp)
   10254:	01c12603          	lw	a2,28(sp)
   10258:	02012683          	lw	a3,32(sp)
   1025c:	02412703          	lw	a4,36(sp)
   10260:	02812783          	lw	a5,40(sp)
   10264:	02c12803          	lw	a6,44(sp)
   10268:	03012883          	lw	a7,48(sp)
   1026c:	03412e03          	lw	t3,52(sp)
   10270:	03812e83          	lw	t4,56(sp)
   10274:	03c12f03          	lw	t5,60(sp)
   10278:	04012f83          	lw	t6,64(sp)
   1027c:	05010113          	addi	sp,sp,80
   10280:	30200073          	mret

00010284 <irq_software_entry>:
   10284:	fb010113          	addi	sp,sp,-80
   10288:	00112023          	sw	ra,0(sp)
   1028c:	00412223          	sw	tp,4(sp)
   10290:	00512423          	sw	t0,8(sp)
   10294:	00612623          	sw	t1,12(sp)
   10298:	00712823          	sw	t2,16(sp)
   1029c:	00a12a23          	sw	a0,20(sp)
   102a0:	00b12c23          	sw	a1,24(sp)
   102a4:	00c12e23          	sw	a2,28(sp)
   102a8:	02d12023          	sw	a3,32(sp)
   102ac:	02e12223          	sw	a4,36(sp)
   102b0:	02f12423          	sw	a5,40(sp)
   102b4:	03012623          	sw	a6,44(sp)
   102b8:	03112823          	sw	a7,48(sp)
   102bc:	03c12a23          	sw	t3,52(sp)
   102c0:	03d12c23          	sw	t4,56(sp)
   102c4:	03e12e23          	sw	t5,60(sp)
   102c8:	05f12023          	sw	t6,64(sp)
   102cc:	00000097          	auipc	ra,0x0
   102d0:	2d0080e7          	jalr	720(ra) # 1059c <sw_irq_handler>
   102d4:	00012083          	lw	ra,0(sp)
   102d8:	00412203          	lw	tp,4(sp)
   102dc:	00812283          	lw	t0,8(sp)
   102e0:	00c12303          	lw	t1,12(sp)
   102e4:	01012383          	lw	t2,16(sp)
   102e8:	01412503          	lw	a0,20(sp)
   102ec:	01812583          	lw	a1,24(sp)
   102f0:	01c12603          	lw	a2,28(sp)
   102f4:	02012683          	lw	a3,32(sp)
   102f8:	02412703          	lw	a4,36(sp)
   102fc:	02812783          	lw	a5,40(sp)
   10300:	02c12803          	lw	a6,44(sp)
   10304:	03012883          	lw	a7,48(sp)
   10308:	03412e03          	lw	t3,52(sp)
   1030c:	03812e83          	lw	t4,56(sp)
   10310:	03c12f03          	lw	t5,60(sp)
   10314:	04012f83          	lw	t6,64(sp)
   10318:	05010113          	addi	sp,sp,80
   1031c:	30200073          	mret

00010320 <irq_external_entry>:
   10320:	fb010113          	addi	sp,sp,-80
   10324:	00112023          	sw	ra,0(sp)
   10328:	00412223          	sw	tp,4(sp)
   1032c:	00512423          	sw	t0,8(sp)
   10330:	00612623          	sw	t1,12(sp)
   10334:	00712823          	sw	t2,16(sp)
   10338:	00a12a23          	sw	a0,20(sp)
   1033c:	00b12c23          	sw	a1,24(sp)
   10340:	00c12e23          	sw	a2,28(sp)
   10344:	02d12023          	sw	a3,32(sp)
   10348:	02e12223          	sw	a4,36(sp)
   1034c:	02f12423          	sw	a5,40(sp)
   10350:	03012623          	sw	a6,44(sp)
   10354:	03112823          	sw	a7,48(sp)
   10358:	03c12a23          	sw	t3,52(sp)
   1035c:	03d12c23          	sw	t4,56(sp)
   10360:	03e12e23          	sw	t5,60(sp)
   10364:	05f12023          	sw	t6,64(sp)
   10368:	00000097          	auipc	ra,0x0
   1036c:	23c080e7          	jalr	572(ra) # 105a4 <ext_irq_handler>
   10370:	00012083          	lw	ra,0(sp)
   10374:	00412203          	lw	tp,4(sp)
   10378:	00812283          	lw	t0,8(sp)
   1037c:	00c12303          	lw	t1,12(sp)
   10380:	01012383          	lw	t2,16(sp)
   10384:	01412503          	lw	a0,20(sp)
   10388:	01812583          	lw	a1,24(sp)
   1038c:	01c12603          	lw	a2,28(sp)
   10390:	02012683          	lw	a3,32(sp)
   10394:	02412703          	lw	a4,36(sp)
   10398:	02812783          	lw	a5,40(sp)
   1039c:	02c12803          	lw	a6,44(sp)
   103a0:	03012883          	lw	a7,48(sp)
   103a4:	03412e03          	lw	t3,52(sp)
   103a8:	03812e83          	lw	t4,56(sp)
   103ac:	03c12f03          	lw	t5,60(sp)
   103b0:	04012f83          	lw	t6,64(sp)
   103b4:	05010113          	addi	sp,sp,80
   103b8:	30200073          	mret

000103bc <irq_unhandled>:
   103bc:	10500073          	wfi
   103c0:	ffdff06f          	j	103bc <irq_unhandled>

000103c4 <memset>:
   103c4:	00050313          	mv	t1,a0
   103c8:	00060a63          	beqz	a2,103dc <memset+0x18>
   103cc:	00b30023          	sb	a1,0(t1)
   103d0:	fff60613          	addi	a2,a2,-1
   103d4:	00130313          	addi	t1,t1,1
   103d8:	fe061ae3          	bnez	a2,103cc <memset+0x8>
   103dc:	00008067          	ret

000103e0 <board_init>:
   103e0:	00008067          	ret

000103e4 <_init>:
   103e4:	3060d073          	csrwi	mcounteren,1
   103e8:	c01025f3          	rdtime	a1
   103ec:	b0002573          	csrr	a0,mcycle
   103f0:	c0102573          	rdtime	a0
   103f4:	feb50ce3          	beq	a0,a1,103ec <_init+0x8>
   103f8:	c01025f3          	rdtime	a1
   103fc:	b0002673          	csrr	a2,mcycle
   10400:	fea58ce3          	beq	a1,a0,103f8 <_init+0x14>
   10404:	c0102673          	rdtime	a2
   10408:	b0002573          	csrr	a0,mcycle
   1040c:	c01025f3          	rdtime	a1
   10410:	fec58ce3          	beq	a1,a2,10408 <_init+0x24>
   10414:	27100693          	li	a3,625
   10418:	c0102673          	rdtime	a2
   1041c:	40b60633          	sub	a2,a2,a1
   10420:	00465793          	srli	a5,a2,0x4
   10424:	b0002773          	csrr	a4,mcycle
   10428:	fed7e8e3          	bltu	a5,a3,10418 <_init+0x34>
   1042c:	ff010113          	addi	sp,sp,-16
   10430:	00112623          	sw	ra,12(sp)
   10434:	40a70733          	sub	a4,a4,a0
   10438:	000f4537          	lui	a0,0xf4
   1043c:	24050513          	addi	a0,a0,576 # f4240 <__stack_top__+0xc4240>
   10440:	02a735b3          	mulhu	a1,a4,a0
   10444:	02a706b3          	mul	a3,a4,a0
   10448:	00165513          	srli	a0,a2,0x1
   1044c:	00a68533          	add	a0,a3,a0
   10450:	00d536b3          	sltu	a3,a0,a3
   10454:	00d585b3          	add	a1,a1,a3
   10458:	00000693          	li	a3,0
   1045c:	00004097          	auipc	ra,0x4
   10460:	e38080e7          	jalr	-456(ra) # 14294 <__udivdi3>
   10464:	fbfa15b7          	lui	a1,0xfbfa1
   10468:	00e4e637          	lui	a2,0xe4e
   1046c:	82058593          	addi	a1,a1,-2016 # fbfa0820 <__stack_top__+0xfbf70820>
   10470:	00b505b3          	add	a1,a0,a1
   10474:	1c160613          	addi	a2,a2,449 # e4e1c1 <__stack_top__+0xe1e1c1>
   10478:	00c5e663          	bltu	a1,a2,10484 <_init+0xa0>
   1047c:	04787537          	lui	a0,0x4787
   10480:	8c050513          	addi	a0,a0,-1856 # 47868c0 <__stack_top__+0x47568c0>
   10484:	000215b7          	lui	a1,0x21
   10488:	a2a5a823          	sw	a0,-1488(a1) # 20a30 <g_cpu_freq_hz>
   1048c:	0001c537          	lui	a0,0x1c
   10490:	20050513          	addi	a0,a0,512 # 1c200 <_etext+0x7b04>
   10494:	00000097          	auipc	ra,0x0
   10498:	034080e7          	jalr	52(ra) # 104c8 <uart_init>
   1049c:	00000517          	auipc	a0,0x0
   104a0:	be450513          	addi	a0,a0,-1052 # 10080 <__vector_table>
   104a4:	00156513          	ori	a0,a0,1
   104a8:	30551073          	csrw	mtvec,a0
   104ac:	00000097          	auipc	ra,0x0
   104b0:	f34080e7          	jalr	-204(ra) # 103e0 <board_init>
   104b4:	3fd00513          	li	a0,1021
   104b8:	30652073          	csrs	mcounteren,a0
   104bc:	00c12083          	lw	ra,12(sp)
   104c0:	01010113          	addi	sp,sp,16
   104c4:	00008067          	ret

000104c8 <uart_init>:
   104c8:	ff010113          	addi	sp,sp,-16
   104cc:	00112623          	sw	ra,12(sp)
   104d0:	00812423          	sw	s0,8(sp)
   104d4:	00912223          	sw	s1,4(sp)
   104d8:	000215b7          	lui	a1,0x21
   104dc:	a305a403          	lw	s0,-1488(a1) # 20a30 <g_cpu_freq_hz>
   104e0:	00041663          	bnez	s0,104ec <uart_init+0x24>
   104e4:	04787437          	lui	s0,0x4787
   104e8:	8c040413          	addi	s0,s0,-1856 # 47868c0 <__stack_top__+0x47568c0>
   104ec:	00145593          	srli	a1,s0,0x1
   104f0:	00451493          	slli	s1,a0,0x4
   104f4:	00058513          	mv	a0,a1
   104f8:	00048593          	mv	a1,s1
   104fc:	00040613          	mv	a2,s0
   10500:	00000693          	li	a3,0
   10504:	00004097          	auipc	ra,0x4
   10508:	d90080e7          	jalr	-624(ra) # 14294 <__udivdi3>
   1050c:	029455b3          	divu	a1,s0,s1
   10510:	e0010637          	lui	a2,0xe0010
   10514:	08000693          	li	a3,128
   10518:	02a62223          	sw	a0,36(a2) # e0010024 <__stack_top__+0xdffe0024>
   1051c:	00300513          	li	a0,3
   10520:	00d62623          	sw	a3,12(a2)
   10524:	0ff5f593          	zext.b	a1,a1
   10528:	00b62023          	sw	a1,0(a2)
   1052c:	00062223          	sw	zero,4(a2)
   10530:	00a62623          	sw	a0,12(a2)
   10534:	00c12083          	lw	ra,12(sp)
   10538:	00812403          	lw	s0,8(sp)
   1053c:	00412483          	lw	s1,4(sp)
   10540:	01010113          	addi	sp,sp,16
   10544:	00008067          	ret

00010548 <uart_puts>:
   10548:	e00105b7          	lui	a1,0xe0010
   1054c:	00a00613          	li	a2,10
   10550:	00d00693          	li	a3,13
   10554:	00054703          	lbu	a4,0(a0)
   10558:	00c70663          	beq	a4,a2,10564 <uart_puts+0x1c>
   1055c:	00071e63          	bnez	a4,10578 <uart_puts+0x30>
   10560:	0380006f          	j	10598 <uart_puts+0x50>
   10564:	0145a703          	lw	a4,20(a1) # e0010014 <__stack_top__+0xdffe0014>
   10568:	02077713          	andi	a4,a4,32
   1056c:	fe070ce3          	beqz	a4,10564 <uart_puts+0x1c>
   10570:	00d5a023          	sw	a3,0(a1)
   10574:	00054703          	lbu	a4,0(a0)
   10578:	0145a783          	lw	a5,20(a1)
   1057c:	0207f793          	andi	a5,a5,32
   10580:	fe078ce3          	beqz	a5,10578 <uart_puts+0x30>
   10584:	00150513          	addi	a0,a0,1
   10588:	00e5a023          	sw	a4,0(a1)
   1058c:	00054703          	lbu	a4,0(a0)
   10590:	fcc716e3          	bne	a4,a2,1055c <uart_puts+0x14>
   10594:	fd1ff06f          	j	10564 <uart_puts+0x1c>
   10598:	00008067          	ret

0001059c <sw_irq_handler>:
   1059c:	00008067          	ret

000105a0 <tmr_irq_handler>:
   105a0:	00008067          	ret

000105a4 <ext_irq_handler>:
   105a4:	00008067          	ret

000105a8 <serr_handler>:
   105a8:	0000006f          	j	105a8 <serr_handler>

000105ac <_close>:
   105ac:	fff00513          	li	a0,-1
   105b0:	00008067          	ret

000105b4 <_fstat>:
   105b4:	00002537          	lui	a0,0x2
   105b8:	00a5a223          	sw	a0,4(a1)
   105bc:	00000513          	li	a0,0
   105c0:	00008067          	ret

000105c4 <_isatty>:
   105c4:	00100513          	li	a0,1
   105c8:	00008067          	ret

000105cc <_lseek>:
   105cc:	00000513          	li	a0,0
   105d0:	00008067          	ret

000105d4 <_read>:
   105d4:	00000513          	li	a0,0
   105d8:	00008067          	ret

000105dc <_sbrk>:
   105dc:	00050593          	mv	a1,a0
   105e0:	00020537          	lui	a0,0x20
   105e4:	00052503          	lw	a0,0(a0) # 20000 <heap_ptr>
   105e8:	00b505b3          	add	a1,a0,a1
   105ec:	00023637          	lui	a2,0x23
   105f0:	35860613          	addi	a2,a2,856 # 23358 <__heap_end>
   105f4:	00b66e63          	bltu	a2,a1,10610 <_sbrk+0x34>
   105f8:	00021637          	lui	a2,0x21
   105fc:	35860613          	addi	a2,a2,856 # 21358 <__bss_end>
   10600:	00c5e863          	bltu	a1,a2,10610 <_sbrk+0x34>
   10604:	00020637          	lui	a2,0x20
   10608:	00b62023          	sw	a1,0(a2) # 20000 <heap_ptr>
   1060c:	00008067          	ret
   10610:	00021537          	lui	a0,0x21
   10614:	00c00593          	li	a1,12
   10618:	a0b52c23          	sw	a1,-1512(a0) # 20a18 <errno>
   1061c:	fff00513          	li	a0,-1
   10620:	00008067          	ret

00010624 <_write>:
   10624:	ffd50513          	addi	a0,a0,-3
   10628:	ffe00693          	li	a3,-2
   1062c:	00d57663          	bgeu	a0,a3,10638 <_write+0x14>
   10630:	fff00513          	li	a0,-1
   10634:	00008067          	ret
   10638:	02060663          	beqz	a2,10664 <_write+0x40>
   1063c:	00000513          	li	a0,0
   10640:	e00106b7          	lui	a3,0xe0010
   10644:	00a58733          	add	a4,a1,a0
   10648:	00074703          	lbu	a4,0(a4)
   1064c:	0146a783          	lw	a5,20(a3) # e0010014 <__stack_top__+0xdffe0014>
   10650:	0207f793          	andi	a5,a5,32
   10654:	fe078ce3          	beqz	a5,1064c <_write+0x28>
   10658:	00150513          	addi	a0,a0,1
   1065c:	00e6a023          	sw	a4,0(a3)
   10660:	fec512e3          	bne	a0,a2,10644 <_write+0x20>
   10664:	00060513          	mv	a0,a2
   10668:	00008067          	ret

0001066c <print_fixed_scaled>:
   1066c:	0cb05463          	blez	a1,10734 <print_fixed_scaled+0xc8>
   10670:	fe010113          	addi	sp,sp,-32
   10674:	00112e23          	sw	ra,28(sp)
   10678:	00812c23          	sw	s0,24(sp)
   1067c:	00912a23          	sw	s1,20(sp)
   10680:	01212823          	sw	s2,16(sp)
   10684:	01312623          	sw	s3,12(sp)
   10688:	00058413          	mv	s0,a1
   1068c:	00050493          	mv	s1,a0
   10690:	00055a63          	bgez	a0,106a4 <print_fixed_scaled+0x38>
   10694:	02d00513          	li	a0,45
   10698:	00002097          	auipc	ra,0x2
   1069c:	f08080e7          	jalr	-248(ra) # 125a0 <putchar>
   106a0:	409004b3          	neg	s1,s1
   106a4:	0284d933          	divu	s2,s1,s0
   106a8:	00020537          	lui	a0,0x20
   106ac:	06c50513          	addi	a0,a0,108 # 2006c <_impure_ptr+0x4>
   106b0:	00090593          	mv	a1,s2
   106b4:	00002097          	auipc	ra,0x2
   106b8:	e98080e7          	jalr	-360(ra) # 1254c <iprintf>
   106bc:	02890533          	mul	a0,s2,s0
   106c0:	40a48933          	sub	s2,s1,a0
   106c4:	04090c63          	beqz	s2,1071c <print_fixed_scaled+0xb0>
   106c8:	02e00513          	li	a0,46
   106cc:	00002097          	auipc	ra,0x2
   106d0:	ed4080e7          	jalr	-300(ra) # 125a0 <putchar>
   106d4:	ccccd4b7          	lui	s1,0xccccd
   106d8:	ccd48493          	addi	s1,s1,-819 # cccccccd <__stack_top__+0xccc9cccd>
   106dc:	00191513          	slli	a0,s2,0x1
   106e0:	00391913          	slli	s2,s2,0x3
   106e4:	00a90933          	add	s2,s2,a0
   106e8:	028959b3          	divu	s3,s2,s0
   106ec:	0299b533          	mulhu	a0,s3,s1
   106f0:	ff857593          	andi	a1,a0,-8
   106f4:	00255513          	srli	a0,a0,0x2
   106f8:	ffe57513          	andi	a0,a0,-2
   106fc:	40b985b3          	sub	a1,s3,a1
   10700:	40a585b3          	sub	a1,a1,a0
   10704:	03058513          	addi	a0,a1,48
   10708:	00002097          	auipc	ra,0x2
   1070c:	e98080e7          	jalr	-360(ra) # 125a0 <putchar>
   10710:	02898533          	mul	a0,s3,s0
   10714:	40a90933          	sub	s2,s2,a0
   10718:	fc0912e3          	bnez	s2,106dc <print_fixed_scaled+0x70>
   1071c:	01c12083          	lw	ra,28(sp)
   10720:	01812403          	lw	s0,24(sp)
   10724:	01412483          	lw	s1,20(sp)
   10728:	01012903          	lw	s2,16(sp)
   1072c:	00c12983          	lw	s3,12(sp)
   10730:	02010113          	addi	sp,sp,32
   10734:	00008067          	ret

00010738 <calc_func>:
   10738:	fe010113          	addi	sp,sp,-32
   1073c:	00112e23          	sw	ra,28(sp)
   10740:	00812c23          	sw	s0,24(sp)
   10744:	00912a23          	sw	s1,20(sp)
   10748:	01212823          	sw	s2,16(sp)
   1074c:	01312623          	sw	s3,12(sp)
   10750:	00050413          	mv	s0,a0
   10754:	00055983          	lhu	s3,0(a0)
   10758:	0809f513          	andi	a0,s3,128
   1075c:	06051463          	bnez	a0,107c4 <calc_func+0x8c>
   10760:	00058493          	mv	s1,a1
   10764:	0079f513          	andi	a0,s3,7
   10768:	01999593          	slli	a1,s3,0x19
   1076c:	01c5d593          	srli	a1,a1,0x1c
   10770:	00459713          	slli	a4,a1,0x4
   10774:	00100613          	li	a2,1
   10778:	00b76733          	or	a4,a4,a1
   1077c:	04c50863          	beq	a0,a2,107cc <calc_func+0x94>
   10780:	00098913          	mv	s2,s3
   10784:	06051663          	bnez	a0,107f0 <calc_func+0xb8>
   10788:	02200513          	li	a0,34
   1078c:	00e56463          	bltu	a0,a4,10794 <calc_func+0x5c>
   10790:	02200713          	li	a4,34
   10794:	00049603          	lh	a2,0(s1)
   10798:	00249683          	lh	a3,2(s1)
   1079c:	0144a583          	lw	a1,20(s1)
   107a0:	0184a503          	lw	a0,24(s1)
   107a4:	0384d783          	lhu	a5,56(s1)
   107a8:	00001097          	auipc	ra,0x1
   107ac:	6d4080e7          	jalr	1748(ra) # 11e7c <core_bench_state>
   107b0:	03e4d583          	lhu	a1,62(s1)
   107b4:	00050913          	mv	s2,a0
   107b8:	02059c63          	bnez	a1,107f0 <calc_func+0xb8>
   107bc:	03249f23          	sh	s2,62(s1)
   107c0:	0300006f          	j	107f0 <calc_func+0xb8>
   107c4:	07f9f513          	andi	a0,s3,127
   107c8:	0500006f          	j	10818 <calc_func+0xe0>
   107cc:	0384d603          	lhu	a2,56(s1)
   107d0:	02848513          	addi	a0,s1,40
   107d4:	00070593          	mv	a1,a4
   107d8:	00001097          	auipc	ra,0x1
   107dc:	fec080e7          	jalr	-20(ra) # 117c4 <core_bench_matrix>
   107e0:	03c4d583          	lhu	a1,60(s1)
   107e4:	00050913          	mv	s2,a0
   107e8:	00059463          	bnez	a1,107f0 <calc_func+0xb8>
   107ec:	03249e23          	sh	s2,60(s1)
   107f0:	0384d583          	lhu	a1,56(s1)
   107f4:	00090513          	mv	a0,s2
   107f8:	00002097          	auipc	ra,0x2
   107fc:	c48080e7          	jalr	-952(ra) # 12440 <crcu16>
   10800:	02a49c23          	sh	a0,56(s1)
   10804:	07f97513          	andi	a0,s2,127
   10808:	f009f593          	andi	a1,s3,-256
   1080c:	00a5e5b3          	or	a1,a1,a0
   10810:	08058593          	addi	a1,a1,128
   10814:	00b41023          	sh	a1,0(s0)
   10818:	01c12083          	lw	ra,28(sp)
   1081c:	01812403          	lw	s0,24(sp)
   10820:	01412483          	lw	s1,20(sp)
   10824:	01012903          	lw	s2,16(sp)
   10828:	00c12983          	lw	s3,12(sp)
   1082c:	02010113          	addi	sp,sp,32
   10830:	00008067          	ret

00010834 <core_bench_list>:
   10834:	fb010113          	addi	sp,sp,-80
   10838:	04112623          	sw	ra,76(sp)
   1083c:	04812423          	sw	s0,72(sp)
   10840:	04912223          	sw	s1,68(sp)
   10844:	05212023          	sw	s2,64(sp)
   10848:	03312e23          	sw	s3,60(sp)
   1084c:	03412c23          	sw	s4,56(sp)
   10850:	03512a23          	sw	s5,52(sp)
   10854:	03612823          	sw	s6,48(sp)
   10858:	03712623          	sw	s7,44(sp)
   1085c:	03812423          	sw	s8,40(sp)
   10860:	03912223          	sw	s9,36(sp)
   10864:	03a12023          	sw	s10,32(sp)
   10868:	01b12e23          	sw	s11,28(sp)
   1086c:	00050493          	mv	s1,a0
   10870:	00451503          	lh	a0,4(a0)
   10874:	0244aa83          	lw	s5,36(s1)
   10878:	10a05863          	blez	a0,10988 <core_bench_list+0x154>
   1087c:	00000713          	li	a4,0
   10880:	00000413          	li	s0,0
   10884:	00000693          	li	a3,0
   10888:	00000613          	li	a2,0
   1088c:	00058313          	mv	t1,a1
   10890:	03c0006f          	j	108cc <core_bench_list+0x98>
   10894:	000aa783          	lw	a5,0(s5)
   10898:	0047a783          	lw	a5,4(a5)
   1089c:	0017c783          	lbu	a5,1(a5)
   108a0:	00160613          	addi	a2,a2,1
   108a4:	0017f813          	andi	a6,a5,1
   108a8:	00880433          	add	s0,a6,s0
   108ac:	fff34793          	not	a5,t1
   108b0:	00170713          	addi	a4,a4,1
   108b4:	01079793          	slli	a5,a5,0x10
   108b8:	01071813          	slli	a6,a4,0x10
   108bc:	01f7d793          	srli	a5,a5,0x1f
   108c0:	41085813          	srai	a6,a6,0x10
   108c4:	00f30333          	add	t1,t1,a5
   108c8:	0aa85263          	bge	a6,a0,1096c <core_bench_list+0x138>
   108cc:	01031813          	slli	a6,t1,0x10
   108d0:	000a8793          	mv	a5,s5
   108d4:	02084263          	bltz	a6,108f8 <core_bench_list+0xc4>
   108d8:	01085813          	srli	a6,a6,0x10
   108dc:	000a8793          	mv	a5,s5
   108e0:	0047a883          	lw	a7,4(a5)
   108e4:	0028d883          	lhu	a7,2(a7)
   108e8:	03088463          	beq	a7,a6,10910 <core_bench_list+0xdc>
   108ec:	0007a783          	lw	a5,0(a5)
   108f0:	fe0798e3          	bnez	a5,108e0 <core_bench_list+0xac>
   108f4:	01c0006f          	j	10910 <core_bench_list+0xdc>
   108f8:	0047a803          	lw	a6,4(a5)
   108fc:	00084803          	lbu	a6,0(a6)
   10900:	0ff77893          	zext.b	a7,a4
   10904:	01180663          	beq	a6,a7,10910 <core_bench_list+0xdc>
   10908:	0007a783          	lw	a5,0(a5)
   1090c:	fe0796e3          	bnez	a5,108f8 <core_bench_list+0xc4>
   10910:	020a8063          	beqz	s5,10930 <core_bench_list+0xfc>
   10914:	000a8813          	mv	a6,s5
   10918:	00000a93          	li	s5,0
   1091c:	000a8893          	mv	a7,s5
   10920:	00080a93          	mv	s5,a6
   10924:	00082803          	lw	a6,0(a6)
   10928:	011aa023          	sw	a7,0(s5)
   1092c:	fe0818e3          	bnez	a6,1091c <core_bench_list+0xe8>
   10930:	f60782e3          	beqz	a5,10894 <core_bench_list+0x60>
   10934:	0047a803          	lw	a6,4(a5)
   10938:	00081803          	lh	a6,0(a6)
   1093c:	0007a883          	lw	a7,0(a5)
   10940:	00985293          	srli	t0,a6,0x9
   10944:	00587833          	and	a6,a6,t0
   10948:	00168693          	addi	a3,a3,1
   1094c:	00187813          	andi	a6,a6,1
   10950:	f4088ce3          	beqz	a7,108a8 <core_bench_list+0x74>
   10954:	0008a283          	lw	t0,0(a7)
   10958:	0057a023          	sw	t0,0(a5)
   1095c:	000aa783          	lw	a5,0(s5)
   10960:	00f8a023          	sw	a5,0(a7)
   10964:	011aa023          	sw	a7,0(s5)
   10968:	f41ff06f          	j	108a8 <core_bench_list+0x74>
   1096c:	fff50513          	addi	a0,a0,-1
   10970:	00269693          	slli	a3,a3,0x2
   10974:	0ff57513          	zext.b	a0,a0
   10978:	00a12423          	sw	a0,8(sp)
   1097c:	40c686b3          	sub	a3,a3,a2
   10980:	008686b3          	add	a3,a3,s0
   10984:	00c0006f          	j	10990 <core_bench_list+0x15c>
   10988:	00000693          	li	a3,0
   1098c:	00058313          	mv	t1,a1
   10990:	00612623          	sw	t1,12(sp)
   10994:	00d12823          	sw	a3,16(sp)
   10998:	12b05263          	blez	a1,10abc <core_bench_list+0x288>
   1099c:	00100b93          	li	s7,1
   109a0:	00100b13          	li	s6,1
   109a4:	0140006f          	j	109b8 <core_bench_list+0x184>
   109a8:	000ca023          	sw	zero,0(s9)
   109ac:	001b1b13          	slli	s6,s6,0x1
   109b0:	01412503          	lw	a0,20(sp)
   109b4:	10050463          	beqz	a0,10abc <core_bench_list+0x288>
   109b8:	00000613          	li	a2,0
   109bc:	00000c93          	li	s9,0
   109c0:	41600d33          	neg	s10,s6
   109c4:	000a8a13          	mv	s4,s5
   109c8:	00000a93          	li	s5,0
   109cc:	0100006f          	j	109dc <core_bench_list+0x1a8>
   109d0:	000d8b13          	mv	s6,s11
   109d4:	01812603          	lw	a2,24(sp)
   109d8:	fc0a08e3          	beqz	s4,109a8 <core_bench_list+0x174>
   109dc:	03605463          	blez	s6,10a04 <core_bench_list+0x1d0>
   109e0:	00100c13          	li	s8,1
   109e4:	000a0513          	mv	a0,s4
   109e8:	00052503          	lw	a0,0(a0)
   109ec:	02050063          	beqz	a0,10a0c <core_bench_list+0x1d8>
   109f0:	001c0c13          	addi	s8,s8,1
   109f4:	018d05b3          	add	a1,s10,s8
   109f8:	ff7598e3          	bne	a1,s7,109e8 <core_bench_list+0x1b4>
   109fc:	000b0c13          	mv	s8,s6
   10a00:	00c0006f          	j	10a0c <core_bench_list+0x1d8>
   10a04:	00000c13          	li	s8,0
   10a08:	000a0513          	mv	a0,s4
   10a0c:	00c12a23          	sw	a2,20(sp)
   10a10:	00160613          	addi	a2,a2,1
   10a14:	00c12c23          	sw	a2,24(sp)
   10a18:	000a0593          	mv	a1,s4
   10a1c:	000b0d93          	mv	s11,s6
   10a20:	00c0006f          	j	10a2c <core_bench_list+0x1f8>
   10a24:	00060a93          	mv	s5,a2
   10a28:	00060c93          	mv	s9,a2
   10a2c:	00058413          	mv	s0,a1
   10a30:	00050a13          	mv	s4,a0
   10a34:	01804863          	bgtz	s8,10a44 <core_bench_list+0x210>
   10a38:	f9605ce3          	blez	s6,109d0 <core_bench_list+0x19c>
   10a3c:	f80a0ae3          	beqz	s4,109d0 <core_bench_list+0x19c>
   10a40:	020c0c63          	beqz	s8,10a78 <core_bench_list+0x244>
   10a44:	040b0663          	beqz	s6,10a90 <core_bench_list+0x25c>
   10a48:	040a0463          	beqz	s4,10a90 <core_bench_list+0x25c>
   10a4c:	00442503          	lw	a0,4(s0)
   10a50:	004a2903          	lw	s2,4(s4)
   10a54:	00048593          	mv	a1,s1
   10a58:	00000097          	auipc	ra,0x0
   10a5c:	ce0080e7          	jalr	-800(ra) # 10738 <calc_func>
   10a60:	00050993          	mv	s3,a0
   10a64:	00090513          	mv	a0,s2
   10a68:	00048593          	mv	a1,s1
   10a6c:	00000097          	auipc	ra,0x0
   10a70:	ccc080e7          	jalr	-820(ra) # 10738 <calc_func>
   10a74:	01357e63          	bgeu	a0,s3,10a90 <core_bench_list+0x25c>
   10a78:	000a2503          	lw	a0,0(s4)
   10a7c:	fffb0b13          	addi	s6,s6,-1
   10a80:	00040593          	mv	a1,s0
   10a84:	000a0613          	mv	a2,s4
   10a88:	000c9e63          	bnez	s9,10aa4 <core_bench_list+0x270>
   10a8c:	f99ff06f          	j	10a24 <core_bench_list+0x1f0>
   10a90:	00042583          	lw	a1,0(s0)
   10a94:	fffc0c13          	addi	s8,s8,-1
   10a98:	000a0513          	mv	a0,s4
   10a9c:	00040613          	mv	a2,s0
   10aa0:	f80c82e3          	beqz	s9,10a24 <core_bench_list+0x1f0>
   10aa4:	00cca023          	sw	a2,0(s9)
   10aa8:	00058413          	mv	s0,a1
   10aac:	00050a13          	mv	s4,a0
   10ab0:	00060c93          	mv	s9,a2
   10ab4:	f98048e3          	bgtz	s8,10a44 <core_bench_list+0x210>
   10ab8:	f81ff06f          	j	10a38 <core_bench_list+0x204>
   10abc:	000aa603          	lw	a2,0(s5)
   10ac0:	00062403          	lw	s0,0(a2)
   10ac4:	00462583          	lw	a1,4(a2)
   10ac8:	00042683          	lw	a3,0(s0)
   10acc:	00442703          	lw	a4,4(s0)
   10ad0:	00c12503          	lw	a0,12(sp)
   10ad4:	01051513          	slli	a0,a0,0x10
   10ad8:	00d62023          	sw	a3,0(a2)
   10adc:	00e62223          	sw	a4,4(a2)
   10ae0:	00042023          	sw	zero,0(s0)
   10ae4:	00b42223          	sw	a1,4(s0)
   10ae8:	02054463          	bltz	a0,10b10 <core_bench_list+0x2dc>
   10aec:	01055513          	srli	a0,a0,0x10
   10af0:	000a8493          	mv	s1,s5
   10af4:	01012f83          	lw	t6,16(sp)
   10af8:	0044a603          	lw	a2,4(s1)
   10afc:	00265603          	lhu	a2,2(a2)
   10b00:	04a60063          	beq	a2,a0,10b40 <core_bench_list+0x30c>
   10b04:	0004a483          	lw	s1,0(s1)
   10b08:	fe0498e3          	bnez	s1,10af8 <core_bench_list+0x2c4>
   10b0c:	02c0006f          	j	10b38 <core_bench_list+0x304>
   10b10:	00812503          	lw	a0,8(sp)
   10b14:	01051513          	slli	a0,a0,0x10
   10b18:	01055513          	srli	a0,a0,0x10
   10b1c:	000a8493          	mv	s1,s5
   10b20:	01012f83          	lw	t6,16(sp)
   10b24:	0044a603          	lw	a2,4(s1)
   10b28:	00064603          	lbu	a2,0(a2)
   10b2c:	00a60a63          	beq	a2,a0,10b40 <core_bench_list+0x30c>
   10b30:	0004a483          	lw	s1,0(s1)
   10b34:	fe0498e3          	bnez	s1,10b24 <core_bench_list+0x2f0>
   10b38:	000aa483          	lw	s1,0(s5)
   10b3c:	02048663          	beqz	s1,10b68 <core_bench_list+0x334>
   10b40:	004aa503          	lw	a0,4(s5)
   10b44:	00051503          	lh	a0,0(a0)
   10b48:	010f9593          	slli	a1,t6,0x10
   10b4c:	0105d593          	srli	a1,a1,0x10
   10b50:	00002097          	auipc	ra,0x2
   10b54:	9b0080e7          	jalr	-1616(ra) # 12500 <crc16>
   10b58:	0004a483          	lw	s1,0(s1)
   10b5c:	00050f93          	mv	t6,a0
   10b60:	fe0490e3          	bnez	s1,10b40 <core_bench_list+0x30c>
   10b64:	00442583          	lw	a1,4(s0)
   10b68:	000aa603          	lw	a2,0(s5)
   10b6c:	00062503          	lw	a0,0(a2)
   10b70:	00462683          	lw	a3,4(a2)
   10b74:	00a42023          	sw	a0,0(s0)
   10b78:	00d42223          	sw	a3,4(s0)
   10b7c:	00100513          	li	a0,1
   10b80:	00862023          	sw	s0,0(a2)
   10b84:	00b62223          	sw	a1,4(a2)
   10b88:	00100593          	li	a1,1
   10b8c:	0100006f          	j	10b9c <core_bench_list+0x368>
   10b90:	00062023          	sw	zero,0(a2)
   10b94:	00159593          	slli	a1,a1,0x1
   10b98:	0e070a63          	beqz	a4,10c8c <core_bench_list+0x458>
   10b9c:	00000813          	li	a6,0
   10ba0:	00000613          	li	a2,0
   10ba4:	40b006b3          	neg	a3,a1
   10ba8:	000a8893          	mv	a7,s5
   10bac:	00000a93          	li	s5,0
   10bb0:	0080006f          	j	10bb8 <core_bench_list+0x384>
   10bb4:	fc088ee3          	beqz	a7,10b90 <core_bench_list+0x35c>
   10bb8:	00080713          	mv	a4,a6
   10bbc:	02b05463          	blez	a1,10be4 <core_bench_list+0x3b0>
   10bc0:	00100793          	li	a5,1
   10bc4:	00088313          	mv	t1,a7
   10bc8:	00032303          	lw	t1,0(t1)
   10bcc:	02030063          	beqz	t1,10bec <core_bench_list+0x3b8>
   10bd0:	00178793          	addi	a5,a5,1
   10bd4:	00f68833          	add	a6,a3,a5
   10bd8:	fea818e3          	bne	a6,a0,10bc8 <core_bench_list+0x394>
   10bdc:	00058793          	mv	a5,a1
   10be0:	00c0006f          	j	10bec <core_bench_list+0x3b8>
   10be4:	00000793          	li	a5,0
   10be8:	00088313          	mv	t1,a7
   10bec:	00170813          	addi	a6,a4,1
   10bf0:	00088e13          	mv	t3,a7
   10bf4:	00058293          	mv	t0,a1
   10bf8:	00c0006f          	j	10c04 <core_bench_list+0x3d0>
   10bfc:	000e8a93          	mv	s5,t4
   10c00:	000e8613          	mv	a2,t4
   10c04:	000e0393          	mv	t2,t3
   10c08:	00030893          	mv	a7,t1
   10c0c:	00f04863          	bgtz	a5,10c1c <core_bench_list+0x3e8>
   10c10:	fa5052e3          	blez	t0,10bb4 <core_bench_list+0x380>
   10c14:	fa0880e3          	beqz	a7,10bb4 <core_bench_list+0x380>
   10c18:	02078863          	beqz	a5,10c48 <core_bench_list+0x414>
   10c1c:	04028263          	beqz	t0,10c60 <core_bench_list+0x42c>
   10c20:	04088063          	beqz	a7,10c60 <core_bench_list+0x42c>
   10c24:	0043a303          	lw	t1,4(t2)
   10c28:	00134e03          	lbu	t3,1(t1)
   10c2c:	0048ae83          	lw	t4,4(a7)
   10c30:	01c30023          	sb	t3,0(t1)
   10c34:	001ece03          	lbu	t3,1(t4)
   10c38:	002e9f03          	lh	t5,2(t4)
   10c3c:	01ce8023          	sb	t3,0(t4)
   10c40:	00231303          	lh	t1,2(t1)
   10c44:	006f5e63          	bge	t5,t1,10c60 <core_bench_list+0x42c>
   10c48:	0008a303          	lw	t1,0(a7)
   10c4c:	fff28293          	addi	t0,t0,-1
   10c50:	00038e13          	mv	t3,t2
   10c54:	00088e93          	mv	t4,a7
   10c58:	00061e63          	bnez	a2,10c74 <core_bench_list+0x440>
   10c5c:	fa1ff06f          	j	10bfc <core_bench_list+0x3c8>
   10c60:	0003ae03          	lw	t3,0(t2)
   10c64:	fff78793          	addi	a5,a5,-1
   10c68:	00088313          	mv	t1,a7
   10c6c:	00038e93          	mv	t4,t2
   10c70:	f80606e3          	beqz	a2,10bfc <core_bench_list+0x3c8>
   10c74:	01d62023          	sw	t4,0(a2)
   10c78:	000e0393          	mv	t2,t3
   10c7c:	00030893          	mv	a7,t1
   10c80:	000e8613          	mv	a2,t4
   10c84:	f8f04ce3          	bgtz	a5,10c1c <core_bench_list+0x3e8>
   10c88:	f89ff06f          	j	10c10 <core_bench_list+0x3dc>
   10c8c:	000aa403          	lw	s0,0(s5)
   10c90:	02040463          	beqz	s0,10cb8 <core_bench_list+0x484>
   10c94:	004aa503          	lw	a0,4(s5)
   10c98:	00051503          	lh	a0,0(a0)
   10c9c:	010f9593          	slli	a1,t6,0x10
   10ca0:	0105d593          	srli	a1,a1,0x10
   10ca4:	00002097          	auipc	ra,0x2
   10ca8:	85c080e7          	jalr	-1956(ra) # 12500 <crc16>
   10cac:	00042403          	lw	s0,0(s0)
   10cb0:	00050f93          	mv	t6,a0
   10cb4:	fe0410e3          	bnez	s0,10c94 <core_bench_list+0x460>
   10cb8:	010f9513          	slli	a0,t6,0x10
   10cbc:	01055513          	srli	a0,a0,0x10
   10cc0:	04c12083          	lw	ra,76(sp)
   10cc4:	04812403          	lw	s0,72(sp)
   10cc8:	04412483          	lw	s1,68(sp)
   10ccc:	04012903          	lw	s2,64(sp)
   10cd0:	03c12983          	lw	s3,60(sp)
   10cd4:	03812a03          	lw	s4,56(sp)
   10cd8:	03412a83          	lw	s5,52(sp)
   10cdc:	03012b03          	lw	s6,48(sp)
   10ce0:	02c12b83          	lw	s7,44(sp)
   10ce4:	02812c03          	lw	s8,40(sp)
   10ce8:	02412c83          	lw	s9,36(sp)
   10cec:	02012d03          	lw	s10,32(sp)
   10cf0:	01c12d83          	lw	s11,28(sp)
   10cf4:	05010113          	addi	sp,sp,80
   10cf8:	00008067          	ret

00010cfc <core_list_init>:
   10cfc:	00008737          	lui	a4,0x8
   10d00:	ccccd7b7          	lui	a5,0xccccd
   10d04:	00858813          	addi	a6,a1,8
   10d08:	00300293          	li	t0,3
   10d0c:	fff70713          	addi	a4,a4,-1 # 7fff <__HEAP_SIZE+0x5fff>
   10d10:	ccd78793          	addi	a5,a5,-819 # cccccccd <__stack_top__+0xccc9cccd>
   10d14:	02f53533          	mulhu	a0,a0,a5
   10d18:	08170893          	addi	a7,a4,129
   10d1c:	00455513          	srli	a0,a0,0x4
   10d20:	ffe50513          	addi	a0,a0,-2
   10d24:	00351793          	slli	a5,a0,0x3
   10d28:	00f587b3          	add	a5,a1,a5
   10d2c:	01179023          	sh	a7,0(a5)
   10d30:	00079123          	sh	zero,2(a5)
   10d34:	0005a023          	sw	zero,0(a1)
   10d38:	00f5a223          	sw	a5,4(a1)
   10d3c:	00478893          	addi	a7,a5,4
   10d40:	02556a63          	bltu	a0,t0,10d74 <core_list_init+0x78>
   10d44:	0115a623          	sw	a7,12(a1)
   10d48:	00878893          	addi	a7,a5,8
   10d4c:	fff00293          	li	t0,-1
   10d50:	00080693          	mv	a3,a6
   10d54:	01058313          	addi	t1,a1,16
   10d58:	0105a023          	sw	a6,0(a1)
   10d5c:	00579223          	sh	t0,4(a5)
   10d60:	00e79323          	sh	a4,6(a5)
   10d64:	0005a423          	sw	zero,8(a1)
   10d68:	00030813          	mv	a6,t1
   10d6c:	00051863          	bnez	a0,10d7c <core_list_init+0x80>
   10d70:	07c0006f          	j	10dec <core_list_init+0xf0>
   10d74:	00000693          	li	a3,0
   10d78:	06050a63          	beqz	a0,10dec <core_list_init+0xf0>
   10d7c:	00000293          	li	t0,0
   10d80:	00251313          	slli	t1,a0,0x2
   10d84:	00678333          	add	t1,a5,t1
   10d88:	01c0006f          	j	10da4 <core_list_init+0xa8>
   10d8c:	00088393          	mv	t2,a7
   10d90:	00080e13          	mv	t3,a6
   10d94:	00128293          	addi	t0,t0,1
   10d98:	000e0813          	mv	a6,t3
   10d9c:	00038893          	mv	a7,t2
   10da0:	04550663          	beq	a0,t0,10dec <core_list_init+0xf0>
   10da4:	00880e13          	addi	t3,a6,8
   10da8:	fefe72e3          	bgeu	t3,a5,10d8c <core_list_init+0x90>
   10dac:	00488393          	addi	t2,a7,4
   10db0:	fc63fee3          	bgeu	t2,t1,10d8c <core_list_init+0x90>
   10db4:	00564eb3          	xor	t4,a2,t0
   10db8:	0072ff13          	andi	t5,t0,7
   10dbc:	00d82023          	sw	a3,0(a6)
   10dc0:	0105a023          	sw	a6,0(a1)
   10dc4:	01182223          	sw	a7,4(a6)
   10dc8:	01ce9e93          	slli	t4,t4,0x1c
   10dcc:	019ed693          	srli	a3,t4,0x19
   10dd0:	01e6e6b3          	or	a3,a3,t5
   10dd4:	00869e93          	slli	t4,a3,0x8
   10dd8:	00dee6b3          	or	a3,t4,a3
   10ddc:	00d89023          	sh	a3,0(a7)
   10de0:	00e89123          	sh	a4,2(a7)
   10de4:	00080693          	mv	a3,a6
   10de8:	fadff06f          	j	10d94 <core_list_init+0x98>
   10dec:	0006a783          	lw	a5,0(a3)
   10df0:	04078e63          	beqz	a5,10e4c <core_list_init+0x150>
   10df4:	ccccd737          	lui	a4,0xccccd
   10df8:	ccd70713          	addi	a4,a4,-819 # cccccccd <__stack_top__+0xccc9cccd>
   10dfc:	02e53533          	mulhu	a0,a0,a4
   10e00:	00255513          	srli	a0,a0,0x2
   10e04:	00200713          	li	a4,2
   10e08:	01c0006f          	j	10e24 <core_list_init+0x128>
   10e0c:	0046a683          	lw	a3,4(a3)
   10e10:	00082783          	lw	a5,0(a6)
   10e14:	01169123          	sh	a7,2(a3)
   10e18:	00170713          	addi	a4,a4,1
   10e1c:	00080693          	mv	a3,a6
   10e20:	02078663          	beqz	a5,10e4c <core_list_init+0x150>
   10e24:	fff70893          	addi	a7,a4,-1
   10e28:	00078813          	mv	a6,a5
   10e2c:	fea8e0e3          	bltu	a7,a0,10e0c <core_list_init+0x110>
   10e30:	011647b3          	xor	a5,a2,a7
   10e34:	01d71893          	slli	a7,a4,0x1d
   10e38:	01279793          	slli	a5,a5,0x12
   10e3c:	0127d793          	srli	a5,a5,0x12
   10e40:	0158d893          	srli	a7,a7,0x15
   10e44:	00f8e8b3          	or	a7,a7,a5
   10e48:	fc5ff06f          	j	10e0c <core_list_init+0x110>
   10e4c:	00100513          	li	a0,1
   10e50:	00100613          	li	a2,1
   10e54:	0100006f          	j	10e64 <core_list_init+0x168>
   10e58:	0006a023          	sw	zero,0(a3)
   10e5c:	00161613          	slli	a2,a2,0x1
   10e60:	0e078a63          	beqz	a5,10f54 <core_list_init+0x258>
   10e64:	00000893          	li	a7,0
   10e68:	00000693          	li	a3,0
   10e6c:	40c00733          	neg	a4,a2
   10e70:	00058293          	mv	t0,a1
   10e74:	00000593          	li	a1,0
   10e78:	0080006f          	j	10e80 <core_list_init+0x184>
   10e7c:	fc028ee3          	beqz	t0,10e58 <core_list_init+0x15c>
   10e80:	00088793          	mv	a5,a7
   10e84:	02c05463          	blez	a2,10eac <core_list_init+0x1b0>
   10e88:	00100813          	li	a6,1
   10e8c:	00028393          	mv	t2,t0
   10e90:	0003a383          	lw	t2,0(t2)
   10e94:	02038063          	beqz	t2,10eb4 <core_list_init+0x1b8>
   10e98:	00180813          	addi	a6,a6,1
   10e9c:	010708b3          	add	a7,a4,a6
   10ea0:	fea898e3          	bne	a7,a0,10e90 <core_list_init+0x194>
   10ea4:	00060813          	mv	a6,a2
   10ea8:	00c0006f          	j	10eb4 <core_list_init+0x1b8>
   10eac:	00000813          	li	a6,0
   10eb0:	00028393          	mv	t2,t0
   10eb4:	00178893          	addi	a7,a5,1
   10eb8:	00028e93          	mv	t4,t0
   10ebc:	00060313          	mv	t1,a2
   10ec0:	00c0006f          	j	10ecc <core_list_init+0x1d0>
   10ec4:	000f0593          	mv	a1,t5
   10ec8:	000f0693          	mv	a3,t5
   10ecc:	000e8e13          	mv	t3,t4
   10ed0:	00038293          	mv	t0,t2
   10ed4:	01004863          	bgtz	a6,10ee4 <core_list_init+0x1e8>
   10ed8:	fa6052e3          	blez	t1,10e7c <core_list_init+0x180>
   10edc:	fa0280e3          	beqz	t0,10e7c <core_list_init+0x180>
   10ee0:	02080863          	beqz	a6,10f10 <core_list_init+0x214>
   10ee4:	04030263          	beqz	t1,10f28 <core_list_init+0x22c>
   10ee8:	04028063          	beqz	t0,10f28 <core_list_init+0x22c>
   10eec:	004e2383          	lw	t2,4(t3)
   10ef0:	0013ce83          	lbu	t4,1(t2)
   10ef4:	0042af03          	lw	t5,4(t0)
   10ef8:	01d38023          	sb	t4,0(t2)
   10efc:	001f4e83          	lbu	t4,1(t5)
   10f00:	002f1f83          	lh	t6,2(t5)
   10f04:	01df0023          	sb	t4,0(t5)
   10f08:	00239383          	lh	t2,2(t2)
   10f0c:	007fde63          	bge	t6,t2,10f28 <core_list_init+0x22c>
   10f10:	0002a383          	lw	t2,0(t0)
   10f14:	fff30313          	addi	t1,t1,-1
   10f18:	000e0e93          	mv	t4,t3
   10f1c:	00028f13          	mv	t5,t0
   10f20:	00069e63          	bnez	a3,10f3c <core_list_init+0x240>
   10f24:	fa1ff06f          	j	10ec4 <core_list_init+0x1c8>
   10f28:	000e2e83          	lw	t4,0(t3)
   10f2c:	fff80813          	addi	a6,a6,-1
   10f30:	00028393          	mv	t2,t0
   10f34:	000e0f13          	mv	t5,t3
   10f38:	f80686e3          	beqz	a3,10ec4 <core_list_init+0x1c8>
   10f3c:	01e6a023          	sw	t5,0(a3)
   10f40:	000e8e13          	mv	t3,t4
   10f44:	00038293          	mv	t0,t2
   10f48:	000f0693          	mv	a3,t5
   10f4c:	f9004ce3          	bgtz	a6,10ee4 <core_list_init+0x1e8>
   10f50:	f89ff06f          	j	10ed8 <core_list_init+0x1dc>
   10f54:	00058513          	mv	a0,a1
   10f58:	00008067          	ret

00010f5c <iterate>:
   10f5c:	ff010113          	addi	sp,sp,-16
   10f60:	00112623          	sw	ra,12(sp)
   10f64:	00812423          	sw	s0,8(sp)
   10f68:	00912223          	sw	s1,4(sp)
   10f6c:	01c52483          	lw	s1,28(a0)
   10f70:	02052c23          	sw	zero,56(a0)
   10f74:	02052e23          	sw	zero,60(a0)
   10f78:	08048c63          	beqz	s1,11010 <iterate+0xb4>
   10f7c:	00050413          	mv	s0,a0
   10f80:	00100593          	li	a1,1
   10f84:	00000097          	auipc	ra,0x0
   10f88:	8b0080e7          	jalr	-1872(ra) # 10834 <core_bench_list>
   10f8c:	03845583          	lhu	a1,56(s0)
   10f90:	00001097          	auipc	ra,0x1
   10f94:	4b0080e7          	jalr	1200(ra) # 12440 <crcu16>
   10f98:	02a41c23          	sh	a0,56(s0)
   10f9c:	fff00593          	li	a1,-1
   10fa0:	00040513          	mv	a0,s0
   10fa4:	00000097          	auipc	ra,0x0
   10fa8:	890080e7          	jalr	-1904(ra) # 10834 <core_bench_list>
   10fac:	03845583          	lhu	a1,56(s0)
   10fb0:	00001097          	auipc	ra,0x1
   10fb4:	490080e7          	jalr	1168(ra) # 12440 <crcu16>
   10fb8:	fff48493          	addi	s1,s1,-1
   10fbc:	02a41c23          	sh	a0,56(s0)
   10fc0:	02a41d23          	sh	a0,58(s0)
   10fc4:	04048663          	beqz	s1,11010 <iterate+0xb4>
   10fc8:	00100593          	li	a1,1
   10fcc:	00040513          	mv	a0,s0
   10fd0:	00000097          	auipc	ra,0x0
   10fd4:	864080e7          	jalr	-1948(ra) # 10834 <core_bench_list>
   10fd8:	03845583          	lhu	a1,56(s0)
   10fdc:	00001097          	auipc	ra,0x1
   10fe0:	464080e7          	jalr	1124(ra) # 12440 <crcu16>
   10fe4:	02a41c23          	sh	a0,56(s0)
   10fe8:	fff00593          	li	a1,-1
   10fec:	00040513          	mv	a0,s0
   10ff0:	00000097          	auipc	ra,0x0
   10ff4:	844080e7          	jalr	-1980(ra) # 10834 <core_bench_list>
   10ff8:	03845583          	lhu	a1,56(s0)
   10ffc:	00001097          	auipc	ra,0x1
   11000:	444080e7          	jalr	1092(ra) # 12440 <crcu16>
   11004:	fff48493          	addi	s1,s1,-1
   11008:	02a41c23          	sh	a0,56(s0)
   1100c:	fa049ee3          	bnez	s1,10fc8 <iterate+0x6c>
   11010:	00000513          	li	a0,0
   11014:	00c12083          	lw	ra,12(sp)
   11018:	00812403          	lw	s0,8(sp)
   1101c:	00412483          	lw	s1,4(sp)
   11020:	01010113          	addi	sp,sp,16
   11024:	00008067          	ret

00011028 <main>:
   11028:	f9010113          	addi	sp,sp,-112
   1102c:	06112623          	sw	ra,108(sp)
   11030:	06812423          	sw	s0,104(sp)
   11034:	06912223          	sw	s1,100(sp)
   11038:	07212023          	sw	s2,96(sp)
   1103c:	05312e23          	sw	s3,92(sp)
   11040:	05412c23          	sw	s4,88(sp)
   11044:	05512a23          	sw	s5,84(sp)
   11048:	04012823          	sw	zero,80(sp)
   1104c:	04810513          	addi	a0,sp,72
   11050:	05010593          	addi	a1,sp,80
   11054:	04c10613          	addi	a2,sp,76
   11058:	00001097          	auipc	ra,0x1
   1105c:	e14080e7          	jalr	-492(ra) # 11e6c <portable_init>
   11060:	00100513          	li	a0,1
   11064:	00001097          	auipc	ra,0x1
   11068:	3ac080e7          	jalr	940(ra) # 12410 <get_seed_32>
   1106c:	00a11223          	sh	a0,4(sp)
   11070:	00200513          	li	a0,2
   11074:	00001097          	auipc	ra,0x1
   11078:	39c080e7          	jalr	924(ra) # 12410 <get_seed_32>
   1107c:	00a11323          	sh	a0,6(sp)
   11080:	00300513          	li	a0,3
   11084:	00001097          	auipc	ra,0x1
   11088:	38c080e7          	jalr	908(ra) # 12410 <get_seed_32>
   1108c:	00a11423          	sh	a0,8(sp)
   11090:	00400513          	li	a0,4
   11094:	00001097          	auipc	ra,0x1
   11098:	37c080e7          	jalr	892(ra) # 12410 <get_seed_32>
   1109c:	02a12023          	sw	a0,32(sp)
   110a0:	00500513          	li	a0,5
   110a4:	00001097          	auipc	ra,0x1
   110a8:	36c080e7          	jalr	876(ra) # 12410 <get_seed_32>
   110ac:	00051463          	bnez	a0,110b4 <main+0x8c>
   110b0:	00700513          	li	a0,7
   110b4:	00415603          	lhu	a2,4(sp)
   110b8:	00615683          	lhu	a3,6(sp)
   110bc:	00815583          	lhu	a1,8(sp)
   110c0:	02a12223          	sw	a0,36(sp)
   110c4:	00061863          	bnez	a2,110d4 <main+0xac>
   110c8:	00069663          	bnez	a3,110d4 <main+0xac>
   110cc:	00000713          	li	a4,0
   110d0:	00058e63          	beqz	a1,110ec <main+0xc4>
   110d4:	00100713          	li	a4,1
   110d8:	02e61463          	bne	a2,a4,11100 <main+0xd8>
   110dc:	02069263          	bnez	a3,11100 <main+0xd8>
   110e0:	02059063          	bnez	a1,11100 <main+0xd8>
   110e4:	00003737          	lui	a4,0x3
   110e8:	41570713          	addi	a4,a4,1045 # 3415 <__HEAP_SIZE+0x1415>
   110ec:	06600593          	li	a1,102
   110f0:	00e11223          	sh	a4,4(sp)
   110f4:	00e11323          	sh	a4,6(sp)
   110f8:	00b11423          	sh	a1,8(sp)
   110fc:	00070613          	mv	a2,a4
   11100:	00000713          	li	a4,0
   11104:	00157593          	andi	a1,a0,1
   11108:	01e51693          	slli	a3,a0,0x1e
   1110c:	01d51793          	slli	a5,a0,0x1d
   11110:	01f6d693          	srli	a3,a3,0x1f
   11114:	01f7d793          	srli	a5,a5,0x1f
   11118:	00b686b3          	add	a3,a3,a1
   1111c:	00d786b3          	add	a3,a5,a3
   11120:	7d000793          	li	a5,2000
   11124:	02d7d6b3          	divu	a3,a5,a3
   11128:	000217b7          	lui	a5,0x21
   1112c:	a3478793          	addi	a5,a5,-1484 # 20a34 <static_memblk>
   11130:	00f12623          	sw	a5,12(sp)
   11134:	00d12e23          	sw	a3,28(sp)
   11138:	04011223          	sh	zero,68(sp)
   1113c:	18059e63          	bnez	a1,112d8 <main+0x2b0>
   11140:	00257813          	andi	a6,a0,2
   11144:	1a081263          	bnez	a6,112e8 <main+0x2c0>
   11148:	00457893          	andi	a7,a0,4
   1114c:	1a089a63          	bnez	a7,11300 <main+0x2d8>
   11150:	1c059063          	bnez	a1,11310 <main+0x2e8>
   11154:	02080663          	beqz	a6,11180 <main+0x158>
   11158:	00411603          	lh	a2,4(sp)
   1115c:	00611703          	lh	a4,6(sp)
   11160:	01412583          	lw	a1,20(sp)
   11164:	01c12503          	lw	a0,28(sp)
   11168:	02c10693          	addi	a3,sp,44
   1116c:	01071713          	slli	a4,a4,0x10
   11170:	00c76633          	or	a2,a4,a2
   11174:	00001097          	auipc	ra,0x1
   11178:	b48080e7          	jalr	-1208(ra) # 11cbc <core_init_matrix>
   1117c:	02412503          	lw	a0,36(sp)
   11180:	00457513          	andi	a0,a0,4
   11184:	00050c63          	beqz	a0,1119c <main+0x174>
   11188:	00411583          	lh	a1,4(sp)
   1118c:	01812603          	lw	a2,24(sp)
   11190:	01c12503          	lw	a0,28(sp)
   11194:	00001097          	auipc	ra,0x1
   11198:	1b8080e7          	jalr	440(ra) # 1234c <core_init_state>
   1119c:	02012503          	lw	a0,32(sp)
   111a0:	06051463          	bnez	a0,11208 <main+0x1e0>
   111a4:	00100513          	li	a0,1
   111a8:	02a12023          	sw	a0,32(sp)
   111ac:	02012503          	lw	a0,32(sp)
   111b0:	00151593          	slli	a1,a0,0x1
   111b4:	00351513          	slli	a0,a0,0x3
   111b8:	00b50533          	add	a0,a0,a1
   111bc:	02a12023          	sw	a0,32(sp)
   111c0:	00001097          	auipc	ra,0x1
   111c4:	c14080e7          	jalr	-1004(ra) # 11dd4 <start_time>
   111c8:	00410513          	addi	a0,sp,4
   111cc:	00000097          	auipc	ra,0x0
   111d0:	d90080e7          	jalr	-624(ra) # 10f5c <iterate>
   111d4:	00001097          	auipc	ra,0x1
   111d8:	c20080e7          	jalr	-992(ra) # 11df4 <stop_time>
   111dc:	00001097          	auipc	ra,0x1
   111e0:	c3c080e7          	jalr	-964(ra) # 11e18 <get_time>
   111e4:	00001097          	auipc	ra,0x1
   111e8:	c60080e7          	jalr	-928(ra) # 11e44 <time_in_secs>
   111ec:	fc0500e3          	beqz	a0,111ac <main+0x184>
   111f0:	00a00593          	li	a1,10
   111f4:	02a5d533          	divu	a0,a1,a0
   111f8:	02012583          	lw	a1,32(sp)
   111fc:	00150513          	addi	a0,a0,1
   11200:	02a58533          	mul	a0,a1,a0
   11204:	02a12023          	sw	a0,32(sp)
   11208:	00001097          	auipc	ra,0x1
   1120c:	bcc080e7          	jalr	-1076(ra) # 11dd4 <start_time>
   11210:	00410513          	addi	a0,sp,4
   11214:	00000097          	auipc	ra,0x0
   11218:	d48080e7          	jalr	-696(ra) # 10f5c <iterate>
   1121c:	00001097          	auipc	ra,0x1
   11220:	bd8080e7          	jalr	-1064(ra) # 11df4 <stop_time>
   11224:	00001097          	auipc	ra,0x1
   11228:	bf4080e7          	jalr	-1036(ra) # 11e18 <get_time>
   1122c:	00050493          	mv	s1,a0
   11230:	00411503          	lh	a0,4(sp)
   11234:	00058993          	mv	s3,a1
   11238:	00000593          	li	a1,0
   1123c:	00001097          	auipc	ra,0x1
   11240:	2c4080e7          	jalr	708(ra) # 12500 <crc16>
   11244:	00611583          	lh	a1,6(sp)
   11248:	00050613          	mv	a2,a0
   1124c:	00058513          	mv	a0,a1
   11250:	00060593          	mv	a1,a2
   11254:	00001097          	auipc	ra,0x1
   11258:	2ac080e7          	jalr	684(ra) # 12500 <crc16>
   1125c:	00811583          	lh	a1,8(sp)
   11260:	00050613          	mv	a2,a0
   11264:	00058513          	mv	a0,a1
   11268:	00060593          	mv	a1,a2
   1126c:	00001097          	auipc	ra,0x1
   11270:	294080e7          	jalr	660(ra) # 12500 <crc16>
   11274:	01c11583          	lh	a1,28(sp)
   11278:	00050613          	mv	a2,a0
   1127c:	00058513          	mv	a0,a1
   11280:	00060593          	mv	a1,a2
   11284:	00001097          	auipc	ra,0x1
   11288:	27c080e7          	jalr	636(ra) # 12500 <crc16>
   1128c:	00050413          	mv	s0,a0
   11290:	00010ab7          	lui	s5,0x10
   11294:	00008537          	lui	a0,0x8
   11298:	b0450513          	addi	a0,a0,-1276 # 7b04 <__HEAP_SIZE+0x5b04>
   1129c:	fffa8a93          	addi	s5,s5,-1 # ffff <__HEAP_SIZE+0xdfff>
   112a0:	0a855063          	bge	a0,s0,11340 <main+0x318>
   112a4:	0000f537          	lui	a0,0xf
   112a8:	9f550513          	addi	a0,a0,-1547 # e9f5 <__HEAP_SIZE+0xc9f5>
   112ac:	0aa40e63          	beq	s0,a0,11368 <main+0x340>
   112b0:	00009537          	lui	a0,0x9
   112b4:	a0250513          	addi	a0,a0,-1534 # 8a02 <__HEAP_SIZE+0x6a02>
   112b8:	0ca40063          	beq	s0,a0,11378 <main+0x350>
   112bc:	00008537          	lui	a0,0x8
   112c0:	b0550513          	addi	a0,a0,-1275 # 7b05 <__HEAP_SIZE+0x5b05>
   112c4:	1aa41e63          	bne	s0,a0,11480 <main+0x458>
   112c8:	00100913          	li	s2,1
   112cc:	00020537          	lui	a0,0x20
   112d0:	3bd50513          	addi	a0,a0,957 # 203bd <_impure_ptr+0x355>
   112d4:	0c00006f          	j	11394 <main+0x36c>
   112d8:	00f12823          	sw	a5,16(sp)
   112dc:	00100713          	li	a4,1
   112e0:	00257813          	andi	a6,a0,2
   112e4:	e60802e3          	beqz	a6,11148 <main+0x120>
   112e8:	02e688b3          	mul	a7,a3,a4
   112ec:	011788b3          	add	a7,a5,a7
   112f0:	01112a23          	sw	a7,20(sp)
   112f4:	00170713          	addi	a4,a4,1
   112f8:	00457893          	andi	a7,a0,4
   112fc:	e4088ae3          	beqz	a7,11150 <main+0x128>
   11300:	02e68733          	mul	a4,a3,a4
   11304:	00e78733          	add	a4,a5,a4
   11308:	00e12c23          	sw	a4,24(sp)
   1130c:	e40584e3          	beqz	a1,11154 <main+0x12c>
   11310:	01012583          	lw	a1,16(sp)
   11314:	01061613          	slli	a2,a2,0x10
   11318:	41065613          	srai	a2,a2,0x10
   1131c:	00068513          	mv	a0,a3
   11320:	00000097          	auipc	ra,0x0
   11324:	9dc080e7          	jalr	-1572(ra) # 10cfc <core_list_init>
   11328:	00050593          	mv	a1,a0
   1132c:	02412503          	lw	a0,36(sp)
   11330:	02b12423          	sw	a1,40(sp)
   11334:	00257813          	andi	a6,a0,2
   11338:	e20810e3          	bnez	a6,11158 <main+0x130>
   1133c:	e45ff06f          	j	11180 <main+0x158>
   11340:	00002537          	lui	a0,0x2
   11344:	8f250513          	addi	a0,a0,-1806 # 18f2 <__STACK_SIZE+0x8f2>
   11348:	04a40063          	beq	s0,a0,11388 <main+0x360>
   1134c:	00005537          	lui	a0,0x5
   11350:	eaf50513          	addi	a0,a0,-337 # 4eaf <__HEAP_SIZE+0x2eaf>
   11354:	12a41663          	bne	s0,a0,11480 <main+0x458>
   11358:	00200913          	li	s2,2
   1135c:	00020537          	lui	a0,0x20
   11360:	38d50513          	addi	a0,a0,909 # 2038d <_impure_ptr+0x325>
   11364:	0300006f          	j	11394 <main+0x36c>
   11368:	00300913          	li	s2,3
   1136c:	00020537          	lui	a0,0x20
   11370:	36150513          	addi	a0,a0,865 # 20361 <_impure_ptr+0x2f9>
   11374:	0200006f          	j	11394 <main+0x36c>
   11378:	00000913          	li	s2,0
   1137c:	00020537          	lui	a0,0x20
   11380:	3e850513          	addi	a0,a0,1000 # 203e8 <_impure_ptr+0x380>
   11384:	0100006f          	j	11394 <main+0x36c>
   11388:	00400913          	li	s2,4
   1138c:	00020537          	lui	a0,0x20
   11390:	33650513          	addi	a0,a0,822 # 20336 <_impure_ptr+0x2ce>
   11394:	00001097          	auipc	ra,0x1
   11398:	388080e7          	jalr	904(ra) # 1271c <puts>
   1139c:	02412503          	lw	a0,36(sp)
   113a0:	00191913          	slli	s2,s2,0x1
   113a4:	00157593          	andi	a1,a0,1
   113a8:	04011223          	sh	zero,68(sp)
   113ac:	00058e63          	beqz	a1,113c8 <main+0x3a0>
   113b0:	000205b7          	lui	a1,0x20
   113b4:	5a458593          	addi	a1,a1,1444 # 205a4 <list_known_crc>
   113b8:	012585b3          	add	a1,a1,s2
   113bc:	03e15603          	lhu	a2,62(sp)
   113c0:	0005d683          	lhu	a3,0(a1)
   113c4:	00d61a63          	bne	a2,a3,113d8 <main+0x3b0>
   113c8:	00000a93          	li	s5,0
   113cc:	00257593          	andi	a1,a0,2
   113d0:	02059a63          	bnez	a1,11404 <main+0x3dc>
   113d4:	06c0006f          	j	11440 <main+0x418>
   113d8:	00020537          	lui	a0,0x20
   113dc:	08150513          	addi	a0,a0,129 # 20081 <_impure_ptr+0x19>
   113e0:	00000593          	li	a1,0
   113e4:	00001097          	auipc	ra,0x1
   113e8:	168080e7          	jalr	360(ra) # 1254c <iprintf>
   113ec:	04411a83          	lh	s5,68(sp)
   113f0:	02412503          	lw	a0,36(sp)
   113f4:	001a8a93          	addi	s5,s5,1
   113f8:	05511223          	sh	s5,68(sp)
   113fc:	00257593          	andi	a1,a0,2
   11400:	04058063          	beqz	a1,11440 <main+0x418>
   11404:	000205b7          	lui	a1,0x20
   11408:	5ae58593          	addi	a1,a1,1454 # 205ae <matrix_known_crc>
   1140c:	012585b3          	add	a1,a1,s2
   11410:	04015603          	lhu	a2,64(sp)
   11414:	0005d683          	lhu	a3,0(a1)
   11418:	02d60463          	beq	a2,a3,11440 <main+0x418>
   1141c:	00020537          	lui	a0,0x20
   11420:	0b050513          	addi	a0,a0,176 # 200b0 <_impure_ptr+0x48>
   11424:	00000593          	li	a1,0
   11428:	00001097          	auipc	ra,0x1
   1142c:	124080e7          	jalr	292(ra) # 1254c <iprintf>
   11430:	04411a83          	lh	s5,68(sp)
   11434:	02412503          	lw	a0,36(sp)
   11438:	001a8a93          	addi	s5,s5,1
   1143c:	05511223          	sh	s5,68(sp)
   11440:	00457513          	andi	a0,a0,4
   11444:	02050e63          	beqz	a0,11480 <main+0x458>
   11448:	00020537          	lui	a0,0x20
   1144c:	5b850513          	addi	a0,a0,1464 # 205b8 <state_known_crc>
   11450:	01250533          	add	a0,a0,s2
   11454:	04215603          	lhu	a2,66(sp)
   11458:	00055683          	lhu	a3,0(a0)
   1145c:	02d60263          	beq	a2,a3,11480 <main+0x458>
   11460:	00020537          	lui	a0,0x20
   11464:	0e150513          	addi	a0,a0,225 # 200e1 <_impure_ptr+0x79>
   11468:	00000593          	li	a1,0
   1146c:	00001097          	auipc	ra,0x1
   11470:	0e0080e7          	jalr	224(ra) # 1254c <iprintf>
   11474:	04411a83          	lh	s5,68(sp)
   11478:	001a8a93          	addi	s5,s5,1
   1147c:	05511223          	sh	s5,68(sp)
   11480:	00001097          	auipc	ra,0x1
   11484:	0c4080e7          	jalr	196(ra) # 12544 <check_data_types>
   11488:	01c12583          	lw	a1,28(sp)
   1148c:	00050913          	mv	s2,a0
   11490:	00020537          	lui	a0,0x20
   11494:	11150513          	addi	a0,a0,273 # 20111 <_impure_ptr+0xa9>
   11498:	00001097          	auipc	ra,0x1
   1149c:	0b4080e7          	jalr	180(ra) # 1254c <iprintf>
   114a0:	00020537          	lui	a0,0x20
   114a4:	12950513          	addi	a0,a0,297 # 20129 <_impure_ptr+0xc1>
   114a8:	00048593          	mv	a1,s1
   114ac:	00001097          	auipc	ra,0x1
   114b0:	0a0080e7          	jalr	160(ra) # 1254c <iprintf>
   114b4:	000f4537          	lui	a0,0xf4
   114b8:	24050513          	addi	a0,a0,576 # f4240 <__stack_top__+0xc4240>
   114bc:	02a985b3          	mul	a1,s3,a0
   114c0:	02a4b633          	mulhu	a2,s1,a0
   114c4:	00b605b3          	add	a1,a2,a1
   114c8:	02a48533          	mul	a0,s1,a0
   114cc:	04787637          	lui	a2,0x4787
   114d0:	8c060613          	addi	a2,a2,-1856 # 47868c0 <__stack_top__+0x47568c0>
   114d4:	00000693          	li	a3,0
   114d8:	00003097          	auipc	ra,0x3
   114dc:	dbc080e7          	jalr	-580(ra) # 14294 <__udivdi3>
   114e0:	00050993          	mv	s3,a0
   114e4:	00020537          	lui	a0,0x20
   114e8:	14150513          	addi	a0,a0,321 # 20141 <_impure_ptr+0xd9>
   114ec:	00098593          	mv	a1,s3
   114f0:	00001097          	auipc	ra,0x1
   114f4:	05c080e7          	jalr	92(ra) # 1254c <iprintf>
   114f8:	0a098e63          	beqz	s3,115b4 <main+0x58c>
   114fc:	02012503          	lw	a0,32(sp)
   11500:	0ae00593          	li	a1,174
   11504:	9f7bd637          	lui	a2,0x9f7bd
   11508:	c0060613          	addi	a2,a2,-1024 # 9f7bcc00 <__stack_top__+0x9f78cc00>
   1150c:	02b505b3          	mul	a1,a0,a1
   11510:	02c536b3          	mulhu	a3,a0,a2
   11514:	00b685b3          	add	a1,a3,a1
   11518:	02c50533          	mul	a0,a0,a2
   1151c:	00048613          	mv	a2,s1
   11520:	00000693          	li	a3,0
   11524:	00003097          	auipc	ra,0x3
   11528:	d70080e7          	jalr	-656(ra) # 14294 <__udivdi3>
   1152c:	00050493          	mv	s1,a0
   11530:	00058993          	mv	s3,a1
   11534:	00020537          	lui	a0,0x20
   11538:	15850513          	addi	a0,a0,344 # 20158 <_impure_ptr+0xf0>
   1153c:	00001097          	auipc	ra,0x1
   11540:	010080e7          	jalr	16(ra) # 1254c <iprintf>
   11544:	00002a37          	lui	s4,0x2
   11548:	710a0a13          	addi	s4,s4,1808 # 2710 <__HEAP_SIZE+0x710>
   1154c:	00048513          	mv	a0,s1
   11550:	000a0593          	mv	a1,s4
   11554:	fffff097          	auipc	ra,0xfffff
   11558:	118080e7          	jalr	280(ra) # 1066c <print_fixed_scaled>
   1155c:	00a00513          	li	a0,10
   11560:	00001097          	auipc	ra,0x1
   11564:	040080e7          	jalr	64(ra) # 125a0 <putchar>
   11568:	04b00613          	li	a2,75
   1156c:	00048513          	mv	a0,s1
   11570:	00098593          	mv	a1,s3
   11574:	00000693          	li	a3,0
   11578:	00003097          	auipc	ra,0x3
   1157c:	d1c080e7          	jalr	-740(ra) # 14294 <__udivdi3>
   11580:	00050493          	mv	s1,a0
   11584:	00020537          	lui	a0,0x20
   11588:	16c50513          	addi	a0,a0,364 # 2016c <_impure_ptr+0x104>
   1158c:	00001097          	auipc	ra,0x1
   11590:	fc0080e7          	jalr	-64(ra) # 1254c <iprintf>
   11594:	00048513          	mv	a0,s1
   11598:	000a0593          	mv	a1,s4
   1159c:	fffff097          	auipc	ra,0xfffff
   115a0:	0d0080e7          	jalr	208(ra) # 1066c <print_fixed_scaled>
   115a4:	00a00513          	li	a0,10
   115a8:	00001097          	auipc	ra,0x1
   115ac:	ff8080e7          	jalr	-8(ra) # 125a0 <putchar>
   115b0:	0240006f          	j	115d4 <main+0x5ac>
   115b4:	00020537          	lui	a0,0x20
   115b8:	41450513          	addi	a0,a0,1044 # 20414 <_impure_ptr+0x3ac>
   115bc:	00001097          	auipc	ra,0x1
   115c0:	160080e7          	jalr	352(ra) # 1271c <puts>
   115c4:	00020537          	lui	a0,0x20
   115c8:	43c50513          	addi	a0,a0,1084 # 2043c <_impure_ptr+0x3d4>
   115cc:	00001097          	auipc	ra,0x1
   115d0:	150080e7          	jalr	336(ra) # 1271c <puts>
   115d4:	bc6024f3          	csrr	s1,0xbc6
   115d8:	bc9029f3          	csrr	s3,0xbc9
   115dc:	00020537          	lui	a0,0x20
   115e0:	18050513          	addi	a0,a0,384 # 20180 <_impure_ptr+0x118>
   115e4:	00048593          	mv	a1,s1
   115e8:	00001097          	auipc	ra,0x1
   115ec:	f64080e7          	jalr	-156(ra) # 1254c <iprintf>
   115f0:	00020537          	lui	a0,0x20
   115f4:	19650513          	addi	a0,a0,406 # 20196 <_impure_ptr+0x12e>
   115f8:	00098593          	mv	a1,s3
   115fc:	00001097          	auipc	ra,0x1
   11600:	f50080e7          	jalr	-176(ra) # 1254c <iprintf>
   11604:	04048a63          	beqz	s1,11658 <main+0x630>
   11608:	413489b3          	sub	s3,s1,s3
   1160c:	00020537          	lui	a0,0x20
   11610:	1ac50513          	addi	a0,a0,428 # 201ac <_impure_ptr+0x144>
   11614:	00001097          	auipc	ra,0x1
   11618:	f38080e7          	jalr	-200(ra) # 1254c <iprintf>
   1161c:	00002537          	lui	a0,0x2
   11620:	71050593          	addi	a1,a0,1808 # 2710 <__HEAP_SIZE+0x710>
   11624:	02b98533          	mul	a0,s3,a1
   11628:	02b9b5b3          	mulhu	a1,s3,a1
   1162c:	00048613          	mv	a2,s1
   11630:	00000693          	li	a3,0
   11634:	00003097          	auipc	ra,0x3
   11638:	c60080e7          	jalr	-928(ra) # 14294 <__udivdi3>
   1163c:	06400593          	li	a1,100
   11640:	fffff097          	auipc	ra,0xfffff
   11644:	02c080e7          	jalr	44(ra) # 1066c <print_fixed_scaled>
   11648:	00020537          	lui	a0,0x20
   1164c:	1bf50513          	addi	a0,a0,447 # 201bf <_impure_ptr+0x157>
   11650:	00001097          	auipc	ra,0x1
   11654:	efc080e7          	jalr	-260(ra) # 1254c <iprintf>
   11658:	02012583          	lw	a1,32(sp)
   1165c:	00020537          	lui	a0,0x20
   11660:	1c350513          	addi	a0,a0,451 # 201c3 <_impure_ptr+0x15b>
   11664:	00001097          	auipc	ra,0x1
   11668:	ee8080e7          	jalr	-280(ra) # 1254c <iprintf>
   1166c:	00020537          	lui	a0,0x20
   11670:	1db50513          	addi	a0,a0,475 # 201db <_impure_ptr+0x173>
   11674:	000205b7          	lui	a1,0x20
   11678:	1f258593          	addi	a1,a1,498 # 201f2 <_impure_ptr+0x18a>
   1167c:	00001097          	auipc	ra,0x1
   11680:	ed0080e7          	jalr	-304(ra) # 1254c <iprintf>
   11684:	00020537          	lui	a0,0x20
   11688:	25250513          	addi	a0,a0,594 # 20252 <_impure_ptr+0x1ea>
   1168c:	000205b7          	lui	a1,0x20
   11690:	26958593          	addi	a1,a1,617 # 20269 <_impure_ptr+0x201>
   11694:	00001097          	auipc	ra,0x1
   11698:	eb8080e7          	jalr	-328(ra) # 1254c <iprintf>
   1169c:	00020537          	lui	a0,0x20
   116a0:	28d50513          	addi	a0,a0,653 # 2028d <_impure_ptr+0x225>
   116a4:	000205b7          	lui	a1,0x20
   116a8:	2a458593          	addi	a1,a1,676 # 202a4 <_impure_ptr+0x23c>
   116ac:	00001097          	auipc	ra,0x1
   116b0:	ea0080e7          	jalr	-352(ra) # 1254c <iprintf>
   116b4:	00020537          	lui	a0,0x20
   116b8:	2ab50513          	addi	a0,a0,683 # 202ab <_impure_ptr+0x243>
   116bc:	00040593          	mv	a1,s0
   116c0:	00001097          	auipc	ra,0x1
   116c4:	e8c080e7          	jalr	-372(ra) # 1254c <iprintf>
   116c8:	02412503          	lw	a0,36(sp)
   116cc:	00157593          	andi	a1,a0,1
   116d0:	06059263          	bnez	a1,11734 <main+0x70c>
   116d4:	00257593          	andi	a1,a0,2
   116d8:	08059063          	bnez	a1,11758 <main+0x730>
   116dc:	00457513          	andi	a0,a0,4
   116e0:	00050e63          	beqz	a0,116fc <main+0x6d4>
   116e4:	04215603          	lhu	a2,66(sp)
   116e8:	00020537          	lui	a0,0x20
   116ec:	2fe50513          	addi	a0,a0,766 # 202fe <_impure_ptr+0x296>
   116f0:	00000593          	li	a1,0
   116f4:	00001097          	auipc	ra,0x1
   116f8:	e58080e7          	jalr	-424(ra) # 1254c <iprintf>
   116fc:	03c15603          	lhu	a2,60(sp)
   11700:	012a8433          	add	s0,s5,s2
   11704:	01041413          	slli	s0,s0,0x10
   11708:	41045493          	srai	s1,s0,0x10
   1170c:	00020537          	lui	a0,0x20
   11710:	31a50513          	addi	a0,a0,794 # 2031a <_impure_ptr+0x2b2>
   11714:	00000593          	li	a1,0
   11718:	00001097          	auipc	ra,0x1
   1171c:	e34080e7          	jalr	-460(ra) # 1254c <iprintf>
   11720:	06904063          	bgtz	s1,11780 <main+0x758>
   11724:	00020537          	lui	a0,0x20
   11728:	4ab50513          	addi	a0,a0,1195 # 204ab <_impure_ptr+0x443>
   1172c:	06040063          	beqz	s0,1178c <main+0x764>
   11730:	0640006f          	j	11794 <main+0x76c>
   11734:	03e15603          	lhu	a2,62(sp)
   11738:	00020537          	lui	a0,0x20
   1173c:	2c650513          	addi	a0,a0,710 # 202c6 <_impure_ptr+0x25e>
   11740:	00000593          	li	a1,0
   11744:	00001097          	auipc	ra,0x1
   11748:	e08080e7          	jalr	-504(ra) # 1254c <iprintf>
   1174c:	02412503          	lw	a0,36(sp)
   11750:	00257593          	andi	a1,a0,2
   11754:	f80584e3          	beqz	a1,116dc <main+0x6b4>
   11758:	04015603          	lhu	a2,64(sp)
   1175c:	00020537          	lui	a0,0x20
   11760:	2e250513          	addi	a0,a0,738 # 202e2 <_impure_ptr+0x27a>
   11764:	00000593          	li	a1,0
   11768:	00001097          	auipc	ra,0x1
   1176c:	de4080e7          	jalr	-540(ra) # 1254c <iprintf>
   11770:	02412503          	lw	a0,36(sp)
   11774:	00457513          	andi	a0,a0,4
   11778:	f60516e3          	bnez	a0,116e4 <main+0x6bc>
   1177c:	f81ff06f          	j	116fc <main+0x6d4>
   11780:	00020537          	lui	a0,0x20
   11784:	49b50513          	addi	a0,a0,1179 # 2049b <_impure_ptr+0x433>
   11788:	00041663          	bnez	s0,11794 <main+0x76c>
   1178c:	00020537          	lui	a0,0x20
   11790:	45350513          	addi	a0,a0,1107 # 20453 <_impure_ptr+0x3eb>
   11794:	00001097          	auipc	ra,0x1
   11798:	f88080e7          	jalr	-120(ra) # 1271c <puts>
   1179c:	00000513          	li	a0,0
   117a0:	06c12083          	lw	ra,108(sp)
   117a4:	06812403          	lw	s0,104(sp)
   117a8:	06412483          	lw	s1,100(sp)
   117ac:	06012903          	lw	s2,96(sp)
   117b0:	05c12983          	lw	s3,92(sp)
   117b4:	05812a03          	lw	s4,88(sp)
   117b8:	05412a83          	lw	s5,84(sp)
   117bc:	07010113          	addi	sp,sp,112
   117c0:	00008067          	ret

000117c4 <core_bench_matrix>:
   117c4:	ff010113          	addi	sp,sp,-16
   117c8:	00112623          	sw	ra,12(sp)
   117cc:	00812423          	sw	s0,8(sp)
   117d0:	00060413          	mv	s0,a2
   117d4:	00052703          	lw	a4,0(a0)
   117d8:	00452603          	lw	a2,4(a0)
   117dc:	00852683          	lw	a3,8(a0)
   117e0:	00c52783          	lw	a5,12(a0)
   117e4:	00058813          	mv	a6,a1
   117e8:	00070513          	mv	a0,a4
   117ec:	00078593          	mv	a1,a5
   117f0:	00080713          	mv	a4,a6
   117f4:	00000097          	auipc	ra,0x0
   117f8:	020080e7          	jalr	32(ra) # 11814 <matrix_test>
   117fc:	00040593          	mv	a1,s0
   11800:	00c12083          	lw	ra,12(sp)
   11804:	00812403          	lw	s0,8(sp)
   11808:	01010113          	addi	sp,sp,16
   1180c:	00001317          	auipc	t1,0x1
   11810:	cf430067          	jr	-780(t1) # 12500 <crc16>

00011814 <matrix_test>:
   11814:	fd010113          	addi	sp,sp,-48
   11818:	02112623          	sw	ra,44(sp)
   1181c:	02812423          	sw	s0,40(sp)
   11820:	02912223          	sw	s1,36(sp)
   11824:	03212023          	sw	s2,32(sp)
   11828:	01312e23          	sw	s3,28(sp)
   1182c:	01412c23          	sw	s4,24(sp)
   11830:	01512a23          	sw	s5,20(sp)
   11834:	01612823          	sw	s6,16(sp)
   11838:	01712623          	sw	s7,12(sp)
   1183c:	40050863          	beqz	a0,11c4c <matrix_test+0x438>
   11840:	00070413          	mv	s0,a4
   11844:	00068a13          	mv	s4,a3
   11848:	00060493          	mv	s1,a2
   1184c:	00058993          	mv	s3,a1
   11850:	00050913          	mv	s2,a0
   11854:	00000513          	li	a0,0
   11858:	fffff5b7          	lui	a1,0xfffff
   1185c:	00b76b33          	or	s6,a4,a1
   11860:	00191a93          	slli	s5,s2,0x1
   11864:	00060593          	mv	a1,a2
   11868:	00058613          	mv	a2,a1
   1186c:	00090693          	mv	a3,s2
   11870:	00061703          	lh	a4,0(a2)
   11874:	fff68693          	addi	a3,a3,-1
   11878:	00870733          	add	a4,a4,s0
   1187c:	00e61023          	sh	a4,0(a2)
   11880:	00260613          	addi	a2,a2,2
   11884:	fe0696e3          	bnez	a3,11870 <matrix_test+0x5c>
   11888:	00150513          	addi	a0,a0,1
   1188c:	015585b3          	add	a1,a1,s5
   11890:	fd251ce3          	bne	a0,s2,11868 <matrix_test+0x54>
   11894:	00000513          	li	a0,0
   11898:	00291b93          	slli	s7,s2,0x2
   1189c:	00048593          	mv	a1,s1
   118a0:	00098613          	mv	a2,s3
   118a4:	00058693          	mv	a3,a1
   118a8:	00060713          	mv	a4,a2
   118ac:	00090793          	mv	a5,s2
   118b0:	00069803          	lh	a6,0(a3)
   118b4:	fff78793          	addi	a5,a5,-1
   118b8:	02880833          	mul	a6,a6,s0
   118bc:	01072023          	sw	a6,0(a4)
   118c0:	00470713          	addi	a4,a4,4
   118c4:	00268693          	addi	a3,a3,2
   118c8:	fe0794e3          	bnez	a5,118b0 <matrix_test+0x9c>
   118cc:	00150513          	addi	a0,a0,1
   118d0:	01760633          	add	a2,a2,s7
   118d4:	015585b3          	add	a1,a1,s5
   118d8:	fd2516e3          	bne	a0,s2,118a4 <matrix_test+0x90>
   118dc:	00000593          	li	a1,0
   118e0:	00000513          	li	a0,0
   118e4:	00000693          	li	a3,0
   118e8:	00000713          	li	a4,0
   118ec:	00098613          	mv	a2,s3
   118f0:	0100006f          	j	11900 <matrix_test+0xec>
   118f4:	00158593          	addi	a1,a1,1 # fffff001 <__stack_top__+0xfffcf001>
   118f8:	01760633          	add	a2,a2,s7
   118fc:	05258a63          	beq	a1,s2,11950 <matrix_test+0x13c>
   11900:	00060793          	mv	a5,a2
   11904:	00090813          	mv	a6,s2
   11908:	00068893          	mv	a7,a3
   1190c:	0300006f          	j	1193c <matrix_test+0x128>
   11910:	00a00893          	li	a7,10
   11914:	00eb22b3          	slt	t0,s6,a4
   11918:	00a88533          	add	a0,a7,a0
   1191c:	fff80813          	addi	a6,a6,-1
   11920:	fff28293          	addi	t0,t0,-1
   11924:	01051513          	slli	a0,a0,0x10
   11928:	00e2f733          	and	a4,t0,a4
   1192c:	41055513          	srai	a0,a0,0x10
   11930:	00478793          	addi	a5,a5,4
   11934:	00068893          	mv	a7,a3
   11938:	fa080ee3          	beqz	a6,118f4 <matrix_test+0xe0>
   1193c:	0007a683          	lw	a3,0(a5)
   11940:	00e68733          	add	a4,a3,a4
   11944:	fceb46e3          	blt	s6,a4,11910 <matrix_test+0xfc>
   11948:	00d8a8b3          	slt	a7,a7,a3
   1194c:	fc9ff06f          	j	11914 <matrix_test+0x100>
   11950:	00000593          	li	a1,0
   11954:	00001097          	auipc	ra,0x1
   11958:	bac080e7          	jalr	-1108(ra) # 12500 <crc16>
   1195c:	00050593          	mv	a1,a0
   11960:	00000513          	li	a0,0
   11964:	015a0633          	add	a2,s4,s5
   11968:	00048693          	mv	a3,s1
   1196c:	00000713          	li	a4,0
   11970:	00068793          	mv	a5,a3
   11974:	000a0813          	mv	a6,s4
   11978:	00079883          	lh	a7,0(a5)
   1197c:	00081283          	lh	t0,0(a6)
   11980:	00280813          	addi	a6,a6,2
   11984:	031288b3          	mul	a7,t0,a7
   11988:	00e88733          	add	a4,a7,a4
   1198c:	00278793          	addi	a5,a5,2
   11990:	fec814e3          	bne	a6,a2,11978 <matrix_test+0x164>
   11994:	00251793          	slli	a5,a0,0x2
   11998:	00150513          	addi	a0,a0,1
   1199c:	00f987b3          	add	a5,s3,a5
   119a0:	00e7a023          	sw	a4,0(a5)
   119a4:	015686b3          	add	a3,a3,s5
   119a8:	fd2512e3          	bne	a0,s2,1196c <matrix_test+0x158>
   119ac:	00000613          	li	a2,0
   119b0:	00000513          	li	a0,0
   119b4:	00000713          	li	a4,0
   119b8:	00000793          	li	a5,0
   119bc:	00098693          	mv	a3,s3
   119c0:	0100006f          	j	119d0 <matrix_test+0x1bc>
   119c4:	00160613          	addi	a2,a2,1
   119c8:	017686b3          	add	a3,a3,s7
   119cc:	05260a63          	beq	a2,s2,11a20 <matrix_test+0x20c>
   119d0:	00068813          	mv	a6,a3
   119d4:	00090893          	mv	a7,s2
   119d8:	00070293          	mv	t0,a4
   119dc:	0300006f          	j	11a0c <matrix_test+0x1f8>
   119e0:	00a00293          	li	t0,10
   119e4:	00fb2333          	slt	t1,s6,a5
   119e8:	00a28533          	add	a0,t0,a0
   119ec:	fff88893          	addi	a7,a7,-1
   119f0:	fff30313          	addi	t1,t1,-1
   119f4:	01051513          	slli	a0,a0,0x10
   119f8:	00f377b3          	and	a5,t1,a5
   119fc:	41055513          	srai	a0,a0,0x10
   11a00:	00480813          	addi	a6,a6,4
   11a04:	00070293          	mv	t0,a4
   11a08:	fa088ee3          	beqz	a7,119c4 <matrix_test+0x1b0>
   11a0c:	00082703          	lw	a4,0(a6)
   11a10:	00f707b3          	add	a5,a4,a5
   11a14:	fcfb46e3          	blt	s6,a5,119e0 <matrix_test+0x1cc>
   11a18:	00e2a2b3          	slt	t0,t0,a4
   11a1c:	fc9ff06f          	j	119e4 <matrix_test+0x1d0>
   11a20:	00001097          	auipc	ra,0x1
   11a24:	ae0080e7          	jalr	-1312(ra) # 12500 <crc16>
   11a28:	00050593          	mv	a1,a0
   11a2c:	00000513          	li	a0,0
   11a30:	00048613          	mv	a2,s1
   11a34:	00000693          	li	a3,0
   11a38:	03250733          	mul	a4,a0,s2
   11a3c:	00271713          	slli	a4,a4,0x2
   11a40:	00e98733          	add	a4,s3,a4
   11a44:	000a0793          	mv	a5,s4
   11a48:	00000813          	li	a6,0
   11a4c:	00060893          	mv	a7,a2
   11a50:	00078293          	mv	t0,a5
   11a54:	00090313          	mv	t1,s2
   11a58:	00089383          	lh	t2,0(a7)
   11a5c:	00029e03          	lh	t3,0(t0)
   11a60:	fff30313          	addi	t1,t1,-1
   11a64:	015282b3          	add	t0,t0,s5
   11a68:	027e03b3          	mul	t2,t3,t2
   11a6c:	01038833          	add	a6,t2,a6
   11a70:	00288893          	addi	a7,a7,2
   11a74:	fe0312e3          	bnez	t1,11a58 <matrix_test+0x244>
   11a78:	00269893          	slli	a7,a3,0x2
   11a7c:	00168693          	addi	a3,a3,1
   11a80:	011708b3          	add	a7,a4,a7
   11a84:	0108a023          	sw	a6,0(a7)
   11a88:	00278793          	addi	a5,a5,2
   11a8c:	fb269ee3          	bne	a3,s2,11a48 <matrix_test+0x234>
   11a90:	00150513          	addi	a0,a0,1
   11a94:	01560633          	add	a2,a2,s5
   11a98:	f9251ee3          	bne	a0,s2,11a34 <matrix_test+0x220>
   11a9c:	00000613          	li	a2,0
   11aa0:	00000513          	li	a0,0
   11aa4:	00000713          	li	a4,0
   11aa8:	00000793          	li	a5,0
   11aac:	00098693          	mv	a3,s3
   11ab0:	0100006f          	j	11ac0 <matrix_test+0x2ac>
   11ab4:	00160613          	addi	a2,a2,1
   11ab8:	017686b3          	add	a3,a3,s7
   11abc:	05260a63          	beq	a2,s2,11b10 <matrix_test+0x2fc>
   11ac0:	00068813          	mv	a6,a3
   11ac4:	00090893          	mv	a7,s2
   11ac8:	00070293          	mv	t0,a4
   11acc:	0300006f          	j	11afc <matrix_test+0x2e8>
   11ad0:	00a00293          	li	t0,10
   11ad4:	00fb2333          	slt	t1,s6,a5
   11ad8:	00a28533          	add	a0,t0,a0
   11adc:	fff88893          	addi	a7,a7,-1
   11ae0:	fff30313          	addi	t1,t1,-1
   11ae4:	01051513          	slli	a0,a0,0x10
   11ae8:	00f377b3          	and	a5,t1,a5
   11aec:	41055513          	srai	a0,a0,0x10
   11af0:	00480813          	addi	a6,a6,4
   11af4:	00070293          	mv	t0,a4
   11af8:	fa088ee3          	beqz	a7,11ab4 <matrix_test+0x2a0>
   11afc:	00082703          	lw	a4,0(a6)
   11b00:	00f707b3          	add	a5,a4,a5
   11b04:	fcfb46e3          	blt	s6,a5,11ad0 <matrix_test+0x2bc>
   11b08:	00e2a2b3          	slt	t0,t0,a4
   11b0c:	fc9ff06f          	j	11ad4 <matrix_test+0x2c0>
   11b10:	00001097          	auipc	ra,0x1
   11b14:	9f0080e7          	jalr	-1552(ra) # 12500 <crc16>
   11b18:	00050593          	mv	a1,a0
   11b1c:	00000513          	li	a0,0
   11b20:	00048613          	mv	a2,s1
   11b24:	00000693          	li	a3,0
   11b28:	03250733          	mul	a4,a0,s2
   11b2c:	00271713          	slli	a4,a4,0x2
   11b30:	00e98733          	add	a4,s3,a4
   11b34:	000a0793          	mv	a5,s4
   11b38:	00000813          	li	a6,0
   11b3c:	00060893          	mv	a7,a2
   11b40:	00078293          	mv	t0,a5
   11b44:	00090313          	mv	t1,s2
   11b48:	0008d383          	lhu	t2,0(a7)
   11b4c:	0002de03          	lhu	t3,0(t0)
   11b50:	fff30313          	addi	t1,t1,-1
   11b54:	015282b3          	add	t0,t0,s5
   11b58:	027e03b3          	mul	t2,t3,t2
   11b5c:	01a39e13          	slli	t3,t2,0x1a
   11b60:	01439393          	slli	t2,t2,0x14
   11b64:	01ce5e13          	srli	t3,t3,0x1c
   11b68:	0193d393          	srli	t2,t2,0x19
   11b6c:	027e03b3          	mul	t2,t3,t2
   11b70:	01038833          	add	a6,t2,a6
   11b74:	00288893          	addi	a7,a7,2
   11b78:	fc0318e3          	bnez	t1,11b48 <matrix_test+0x334>
   11b7c:	00269893          	slli	a7,a3,0x2
   11b80:	00168693          	addi	a3,a3,1
   11b84:	011708b3          	add	a7,a4,a7
   11b88:	0108a023          	sw	a6,0(a7)
   11b8c:	00278793          	addi	a5,a5,2
   11b90:	fb2694e3          	bne	a3,s2,11b38 <matrix_test+0x324>
   11b94:	00150513          	addi	a0,a0,1
   11b98:	01560633          	add	a2,a2,s5
   11b9c:	f92514e3          	bne	a0,s2,11b24 <matrix_test+0x310>
   11ba0:	00000613          	li	a2,0
   11ba4:	00000513          	li	a0,0
   11ba8:	00000693          	li	a3,0
   11bac:	00000813          	li	a6,0
   11bb0:	0100006f          	j	11bc0 <matrix_test+0x3ac>
   11bb4:	00160613          	addi	a2,a2,1
   11bb8:	017989b3          	add	s3,s3,s7
   11bbc:	05260a63          	beq	a2,s2,11c10 <matrix_test+0x3fc>
   11bc0:	00098713          	mv	a4,s3
   11bc4:	00090793          	mv	a5,s2
   11bc8:	00068893          	mv	a7,a3
   11bcc:	0300006f          	j	11bfc <matrix_test+0x3e8>
   11bd0:	00a00893          	li	a7,10
   11bd4:	010b22b3          	slt	t0,s6,a6
   11bd8:	00a88533          	add	a0,a7,a0
   11bdc:	fff78793          	addi	a5,a5,-1
   11be0:	fff28293          	addi	t0,t0,-1
   11be4:	01051513          	slli	a0,a0,0x10
   11be8:	0102f833          	and	a6,t0,a6
   11bec:	41055513          	srai	a0,a0,0x10
   11bf0:	00470713          	addi	a4,a4,4
   11bf4:	00068893          	mv	a7,a3
   11bf8:	fa078ee3          	beqz	a5,11bb4 <matrix_test+0x3a0>
   11bfc:	00072683          	lw	a3,0(a4)
   11c00:	01068833          	add	a6,a3,a6
   11c04:	fd0b46e3          	blt	s6,a6,11bd0 <matrix_test+0x3bc>
   11c08:	00d8a8b3          	slt	a7,a7,a3
   11c0c:	fc9ff06f          	j	11bd4 <matrix_test+0x3c0>
   11c10:	00001097          	auipc	ra,0x1
   11c14:	8f0080e7          	jalr	-1808(ra) # 12500 <crc16>
   11c18:	00000593          	li	a1,0
   11c1c:	00048613          	mv	a2,s1
   11c20:	00090693          	mv	a3,s2
   11c24:	00061703          	lh	a4,0(a2)
   11c28:	fff68693          	addi	a3,a3,-1
   11c2c:	40870733          	sub	a4,a4,s0
   11c30:	00e61023          	sh	a4,0(a2)
   11c34:	00260613          	addi	a2,a2,2
   11c38:	fe0696e3          	bnez	a3,11c24 <matrix_test+0x410>
   11c3c:	00158593          	addi	a1,a1,1
   11c40:	015484b3          	add	s1,s1,s5
   11c44:	fd259ce3          	bne	a1,s2,11c1c <matrix_test+0x408>
   11c48:	0400006f          	j	11c88 <matrix_test+0x474>
   11c4c:	00000593          	li	a1,0
   11c50:	00001097          	auipc	ra,0x1
   11c54:	8b0080e7          	jalr	-1872(ra) # 12500 <crc16>
   11c58:	00050593          	mv	a1,a0
   11c5c:	00000513          	li	a0,0
   11c60:	00001097          	auipc	ra,0x1
   11c64:	8a0080e7          	jalr	-1888(ra) # 12500 <crc16>
   11c68:	00050593          	mv	a1,a0
   11c6c:	00000513          	li	a0,0
   11c70:	00001097          	auipc	ra,0x1
   11c74:	890080e7          	jalr	-1904(ra) # 12500 <crc16>
   11c78:	00050593          	mv	a1,a0
   11c7c:	00000513          	li	a0,0
   11c80:	00001097          	auipc	ra,0x1
   11c84:	880080e7          	jalr	-1920(ra) # 12500 <crc16>
   11c88:	01051513          	slli	a0,a0,0x10
   11c8c:	41055513          	srai	a0,a0,0x10
   11c90:	02c12083          	lw	ra,44(sp)
   11c94:	02812403          	lw	s0,40(sp)
   11c98:	02412483          	lw	s1,36(sp)
   11c9c:	02012903          	lw	s2,32(sp)
   11ca0:	01c12983          	lw	s3,28(sp)
   11ca4:	01812a03          	lw	s4,24(sp)
   11ca8:	01412a83          	lw	s5,20(sp)
   11cac:	01012b03          	lw	s6,16(sp)
   11cb0:	00c12b83          	lw	s7,12(sp)
   11cb4:	03010113          	addi	sp,sp,48
   11cb8:	00008067          	ret

00011cbc <core_init_matrix>:
   11cbc:	04050263          	beqz	a0,11d00 <core_init_matrix+0x44>
   11cc0:	00050713          	mv	a4,a0
   11cc4:	fff00513          	li	a0,-1
   11cc8:	00800793          	li	a5,8
   11ccc:	00250813          	addi	a6,a0,2
   11cd0:	03078833          	mul	a6,a5,a6
   11cd4:	00150513          	addi	a0,a0,1
   11cd8:	00878793          	addi	a5,a5,8
   11cdc:	fee868e3          	bltu	a6,a4,11ccc <core_init_matrix+0x10>
   11ce0:	00358593          	addi	a1,a1,3
   11ce4:	02a507b3          	mul	a5,a0,a0
   11ce8:	ffc5f593          	andi	a1,a1,-4
   11cec:	00179713          	slli	a4,a5,0x1
   11cf0:	00e58733          	add	a4,a1,a4
   11cf4:	02051063          	bnez	a0,11d14 <core_init_matrix+0x58>
   11cf8:	00000793          	li	a5,0
   11cfc:	0b40006f          	j	11db0 <core_init_matrix+0xf4>
   11d00:	00358593          	addi	a1,a1,3
   11d04:	fff00513          	li	a0,-1
   11d08:	ffc5f593          	andi	a1,a1,-4
   11d0c:	00258713          	addi	a4,a1,2
   11d10:	00100793          	li	a5,1
   11d14:	ff010113          	addi	sp,sp,-16
   11d18:	00812623          	sw	s0,12(sp)
   11d1c:	00912423          	sw	s1,8(sp)
   11d20:	00000813          	li	a6,0
   11d24:	00163e13          	seqz	t3,a2
   11d28:	00151893          	slli	a7,a0,0x1
   11d2c:	00100293          	li	t0,1
   11d30:	01c60e33          	add	t3,a2,t3
   11d34:	ffff0637          	lui	a2,0xffff0
   11d38:	00070313          	mv	t1,a4
   11d3c:	00058393          	mv	t2,a1
   11d40:	00129e93          	slli	t4,t0,0x1
   11d44:	00030f13          	mv	t5,t1
   11d48:	00038f93          	mv	t6,t2
   11d4c:	00050413          	mv	s0,a0
   11d50:	025e0e33          	mul	t3,t3,t0
   11d54:	fff40413          	addi	s0,s0,-1
   11d58:	41fe5493          	srai	s1,t3,0x1f
   11d5c:	0104d493          	srli	s1,s1,0x10
   11d60:	009e04b3          	add	s1,t3,s1
   11d64:	00c4f4b3          	and	s1,s1,a2
   11d68:	409e0e33          	sub	t3,t3,s1
   11d6c:	01c284b3          	add	s1,t0,t3
   11d70:	009f1023          	sh	s1,0(t5)
   11d74:	01ce84b3          	add	s1,t4,t3
   11d78:	00128293          	addi	t0,t0,1
   11d7c:	0ff4f493          	zext.b	s1,s1
   11d80:	002f0f13          	addi	t5,t5,2
   11d84:	009f9023          	sh	s1,0(t6)
   11d88:	002f8f93          	addi	t6,t6,2
   11d8c:	002e8e93          	addi	t4,t4,2
   11d90:	fc0410e3          	bnez	s0,11d50 <core_init_matrix+0x94>
   11d94:	00180813          	addi	a6,a6,1
   11d98:	011383b3          	add	t2,t2,a7
   11d9c:	01130333          	add	t1,t1,a7
   11da0:	faa810e3          	bne	a6,a0,11d40 <core_init_matrix+0x84>
   11da4:	00c12403          	lw	s0,12(sp)
   11da8:	00812483          	lw	s1,8(sp)
   11dac:	01010113          	addi	sp,sp,16
   11db0:	00179793          	slli	a5,a5,0x1
   11db4:	00f707b3          	add	a5,a4,a5
   11db8:	00378793          	addi	a5,a5,3
   11dbc:	ffc7f793          	andi	a5,a5,-4
   11dc0:	00a6a023          	sw	a0,0(a3)
   11dc4:	00b6a223          	sw	a1,4(a3)
   11dc8:	00e6a423          	sw	a4,8(a3)
   11dcc:	00f6a623          	sw	a5,12(a3)
   11dd0:	00008067          	ret

00011dd4 <start_time>:
   11dd4:	b8002573          	csrr	a0,mcycleh
   11dd8:	b00025f3          	csrr	a1,mcycle
   11ddc:	b8002673          	csrr	a2,mcycleh
   11de0:	fec51ae3          	bne	a0,a2,11dd4 <start_time>
   11de4:	00021637          	lui	a2,0x21
   11de8:	20a62a23          	sw	a0,532(a2) # 21214 <t0+0x4>
   11dec:	20b62823          	sw	a1,528(a2)
   11df0:	00008067          	ret

00011df4 <stop_time>:
   11df4:	b8002573          	csrr	a0,mcycleh
   11df8:	b00025f3          	csrr	a1,mcycle
   11dfc:	b8002673          	csrr	a2,mcycleh
   11e00:	fec51ae3          	bne	a0,a2,11df4 <stop_time>
   11e04:	00021637          	lui	a2,0x21
   11e08:	21060613          	addi	a2,a2,528 # 21210 <t0>
   11e0c:	00b62423          	sw	a1,8(a2)
   11e10:	00a62623          	sw	a0,12(a2)
   11e14:	00008067          	ret

00011e18 <get_time>:
   11e18:	00021537          	lui	a0,0x21
   11e1c:	21050513          	addi	a0,a0,528 # 21210 <t0>
   11e20:	00052603          	lw	a2,0(a0)
   11e24:	00452583          	lw	a1,4(a0)
   11e28:	00852683          	lw	a3,8(a0)
   11e2c:	00c52503          	lw	a0,12(a0)
   11e30:	00c6b733          	sltu	a4,a3,a2
   11e34:	40b50533          	sub	a0,a0,a1
   11e38:	40e505b3          	sub	a1,a0,a4
   11e3c:	40c68533          	sub	a0,a3,a2
   11e40:	00008067          	ret

00011e44 <time_in_secs>:
   11e44:	ff010113          	addi	sp,sp,-16
   11e48:	00112623          	sw	ra,12(sp)
   11e4c:	04787637          	lui	a2,0x4787
   11e50:	8c060613          	addi	a2,a2,-1856 # 47868c0 <__stack_top__+0x47568c0>
   11e54:	00000693          	li	a3,0
   11e58:	00002097          	auipc	ra,0x2
   11e5c:	43c080e7          	jalr	1084(ra) # 14294 <__udivdi3>
   11e60:	00c12083          	lw	ra,12(sp)
   11e64:	01010113          	addi	sp,sp,16
   11e68:	00008067          	ret

00011e6c <portable_init>:
   11e6c:	00020537          	lui	a0,0x20
   11e70:	50d50513          	addi	a0,a0,1293 # 2050d <_impure_ptr+0x4a5>
   11e74:	ffffe317          	auipc	t1,0xffffe
   11e78:	6d430067          	jr	1748(t1) # 10548 <uart_puts>

00011e7c <core_bench_state>:
   11e7c:	f9010113          	addi	sp,sp,-112
   11e80:	06112623          	sw	ra,108(sp)
   11e84:	06812423          	sw	s0,104(sp)
   11e88:	06912223          	sw	s1,100(sp)
   11e8c:	07212023          	sw	s2,96(sp)
   11e90:	05312e23          	sw	s3,92(sp)
   11e94:	05412c23          	sw	s4,88(sp)
   11e98:	05512a23          	sw	s5,84(sp)
   11e9c:	05612823          	sw	s6,80(sp)
   11ea0:	05712623          	sw	s7,76(sp)
   11ea4:	00078413          	mv	s0,a5
   11ea8:	00070493          	mv	s1,a4
   11eac:	00068993          	mv	s3,a3
   11eb0:	00060a93          	mv	s5,a2
   11eb4:	00058913          	mv	s2,a1
   11eb8:	00050a13          	mv	s4,a0
   11ebc:	00b12423          	sw	a1,8(sp)
   11ec0:	00012623          	sw	zero,12(sp)
   11ec4:	00012823          	sw	zero,16(sp)
   11ec8:	00012a23          	sw	zero,20(sp)
   11ecc:	00012c23          	sw	zero,24(sp)
   11ed0:	00012e23          	sw	zero,28(sp)
   11ed4:	02012023          	sw	zero,32(sp)
   11ed8:	02012223          	sw	zero,36(sp)
   11edc:	02012423          	sw	zero,40(sp)
   11ee0:	02012623          	sw	zero,44(sp)
   11ee4:	02012823          	sw	zero,48(sp)
   11ee8:	02012a23          	sw	zero,52(sp)
   11eec:	02012c23          	sw	zero,56(sp)
   11ef0:	0005cb83          	lbu	s7,0(a1)
   11ef4:	02012e23          	sw	zero,60(sp)
   11ef8:	04012023          	sw	zero,64(sp)
   11efc:	04012223          	sw	zero,68(sp)
   11f00:	04012423          	sw	zero,72(sp)
   11f04:	020b8c63          	beqz	s7,11f3c <core_bench_state+0xc0>
   11f08:	02c10b13          	addi	s6,sp,44
   11f0c:	00810513          	addi	a0,sp,8
   11f10:	00c10593          	addi	a1,sp,12
   11f14:	00000097          	auipc	ra,0x0
   11f18:	268080e7          	jalr	616(ra) # 1217c <core_state_transition>
   11f1c:	00812583          	lw	a1,8(sp)
   11f20:	00251513          	slli	a0,a0,0x2
   11f24:	00ab0533          	add	a0,s6,a0
   11f28:	00052603          	lw	a2,0(a0)
   11f2c:	0005c583          	lbu	a1,0(a1)
   11f30:	00160613          	addi	a2,a2,1
   11f34:	00c52023          	sw	a2,0(a0)
   11f38:	fc059ae3          	bnez	a1,11f0c <core_bench_state+0x90>
   11f3c:	01490b33          	add	s6,s2,s4
   11f40:	020a0a63          	beqz	s4,11f74 <core_bench_state+0xf8>
   11f44:	0ffaf513          	zext.b	a0,s5
   11f48:	02c00593          	li	a1,44
   11f4c:	00090613          	mv	a2,s2
   11f50:	00c0006f          	j	11f5c <core_bench_state+0xe0>
   11f54:	00960633          	add	a2,a2,s1
   11f58:	01667c63          	bgeu	a2,s6,11f70 <core_bench_state+0xf4>
   11f5c:	00064683          	lbu	a3,0(a2)
   11f60:	feb68ae3          	beq	a3,a1,11f54 <core_bench_state+0xd8>
   11f64:	00a6c6b3          	xor	a3,a3,a0
   11f68:	00d60023          	sb	a3,0(a2)
   11f6c:	fe9ff06f          	j	11f54 <core_bench_state+0xd8>
   11f70:	00094b83          	lbu	s7,0(s2)
   11f74:	01212423          	sw	s2,8(sp)
   11f78:	020b8c63          	beqz	s7,11fb0 <core_bench_state+0x134>
   11f7c:	02c10a93          	addi	s5,sp,44
   11f80:	00810513          	addi	a0,sp,8
   11f84:	00c10593          	addi	a1,sp,12
   11f88:	00000097          	auipc	ra,0x0
   11f8c:	1f4080e7          	jalr	500(ra) # 1217c <core_state_transition>
   11f90:	00812583          	lw	a1,8(sp)
   11f94:	00251513          	slli	a0,a0,0x2
   11f98:	00aa8533          	add	a0,s5,a0
   11f9c:	00052603          	lw	a2,0(a0)
   11fa0:	0005c583          	lbu	a1,0(a1)
   11fa4:	00160613          	addi	a2,a2,1
   11fa8:	00c52023          	sw	a2,0(a0)
   11fac:	fc059ae3          	bnez	a1,11f80 <core_bench_state+0x104>
   11fb0:	020a0663          	beqz	s4,11fdc <core_bench_state+0x160>
   11fb4:	0ff9f513          	zext.b	a0,s3
   11fb8:	02c00593          	li	a1,44
   11fbc:	00c0006f          	j	11fc8 <core_bench_state+0x14c>
   11fc0:	00990933          	add	s2,s2,s1
   11fc4:	01697c63          	bgeu	s2,s6,11fdc <core_bench_state+0x160>
   11fc8:	00094603          	lbu	a2,0(s2)
   11fcc:	feb60ae3          	beq	a2,a1,11fc0 <core_bench_state+0x144>
   11fd0:	00a64633          	xor	a2,a2,a0
   11fd4:	00c90023          	sb	a2,0(s2)
   11fd8:	fe9ff06f          	j	11fc0 <core_bench_state+0x144>
   11fdc:	02c12503          	lw	a0,44(sp)
   11fe0:	00040593          	mv	a1,s0
   11fe4:	00000097          	auipc	ra,0x0
   11fe8:	49c080e7          	jalr	1180(ra) # 12480 <crcu32>
   11fec:	00c12583          	lw	a1,12(sp)
   11ff0:	00050613          	mv	a2,a0
   11ff4:	00058513          	mv	a0,a1
   11ff8:	00060593          	mv	a1,a2
   11ffc:	00000097          	auipc	ra,0x0
   12000:	484080e7          	jalr	1156(ra) # 12480 <crcu32>
   12004:	03012583          	lw	a1,48(sp)
   12008:	00050613          	mv	a2,a0
   1200c:	00058513          	mv	a0,a1
   12010:	00060593          	mv	a1,a2
   12014:	00000097          	auipc	ra,0x0
   12018:	46c080e7          	jalr	1132(ra) # 12480 <crcu32>
   1201c:	01012583          	lw	a1,16(sp)
   12020:	00050613          	mv	a2,a0
   12024:	00058513          	mv	a0,a1
   12028:	00060593          	mv	a1,a2
   1202c:	00000097          	auipc	ra,0x0
   12030:	454080e7          	jalr	1108(ra) # 12480 <crcu32>
   12034:	03412583          	lw	a1,52(sp)
   12038:	00050613          	mv	a2,a0
   1203c:	00058513          	mv	a0,a1
   12040:	00060593          	mv	a1,a2
   12044:	00000097          	auipc	ra,0x0
   12048:	43c080e7          	jalr	1084(ra) # 12480 <crcu32>
   1204c:	01412583          	lw	a1,20(sp)
   12050:	00050613          	mv	a2,a0
   12054:	00058513          	mv	a0,a1
   12058:	00060593          	mv	a1,a2
   1205c:	00000097          	auipc	ra,0x0
   12060:	424080e7          	jalr	1060(ra) # 12480 <crcu32>
   12064:	03812583          	lw	a1,56(sp)
   12068:	00050613          	mv	a2,a0
   1206c:	00058513          	mv	a0,a1
   12070:	00060593          	mv	a1,a2
   12074:	00000097          	auipc	ra,0x0
   12078:	40c080e7          	jalr	1036(ra) # 12480 <crcu32>
   1207c:	01812583          	lw	a1,24(sp)
   12080:	00050613          	mv	a2,a0
   12084:	00058513          	mv	a0,a1
   12088:	00060593          	mv	a1,a2
   1208c:	00000097          	auipc	ra,0x0
   12090:	3f4080e7          	jalr	1012(ra) # 12480 <crcu32>
   12094:	03c12583          	lw	a1,60(sp)
   12098:	00050613          	mv	a2,a0
   1209c:	00058513          	mv	a0,a1
   120a0:	00060593          	mv	a1,a2
   120a4:	00000097          	auipc	ra,0x0
   120a8:	3dc080e7          	jalr	988(ra) # 12480 <crcu32>
   120ac:	01c12583          	lw	a1,28(sp)
   120b0:	00050613          	mv	a2,a0
   120b4:	00058513          	mv	a0,a1
   120b8:	00060593          	mv	a1,a2
   120bc:	00000097          	auipc	ra,0x0
   120c0:	3c4080e7          	jalr	964(ra) # 12480 <crcu32>
   120c4:	04012583          	lw	a1,64(sp)
   120c8:	00050613          	mv	a2,a0
   120cc:	00058513          	mv	a0,a1
   120d0:	00060593          	mv	a1,a2
   120d4:	00000097          	auipc	ra,0x0
   120d8:	3ac080e7          	jalr	940(ra) # 12480 <crcu32>
   120dc:	02012583          	lw	a1,32(sp)
   120e0:	00050613          	mv	a2,a0
   120e4:	00058513          	mv	a0,a1
   120e8:	00060593          	mv	a1,a2
   120ec:	00000097          	auipc	ra,0x0
   120f0:	394080e7          	jalr	916(ra) # 12480 <crcu32>
   120f4:	04412583          	lw	a1,68(sp)
   120f8:	00050613          	mv	a2,a0
   120fc:	00058513          	mv	a0,a1
   12100:	00060593          	mv	a1,a2
   12104:	00000097          	auipc	ra,0x0
   12108:	37c080e7          	jalr	892(ra) # 12480 <crcu32>
   1210c:	02412583          	lw	a1,36(sp)
   12110:	00050613          	mv	a2,a0
   12114:	00058513          	mv	a0,a1
   12118:	00060593          	mv	a1,a2
   1211c:	00000097          	auipc	ra,0x0
   12120:	364080e7          	jalr	868(ra) # 12480 <crcu32>
   12124:	04812583          	lw	a1,72(sp)
   12128:	00050613          	mv	a2,a0
   1212c:	00058513          	mv	a0,a1
   12130:	00060593          	mv	a1,a2
   12134:	00000097          	auipc	ra,0x0
   12138:	34c080e7          	jalr	844(ra) # 12480 <crcu32>
   1213c:	02812583          	lw	a1,40(sp)
   12140:	00050613          	mv	a2,a0
   12144:	00058513          	mv	a0,a1
   12148:	00060593          	mv	a1,a2
   1214c:	06c12083          	lw	ra,108(sp)
   12150:	06812403          	lw	s0,104(sp)
   12154:	06412483          	lw	s1,100(sp)
   12158:	06012903          	lw	s2,96(sp)
   1215c:	05c12983          	lw	s3,92(sp)
   12160:	05812a03          	lw	s4,88(sp)
   12164:	05412a83          	lw	s5,84(sp)
   12168:	05012b03          	lw	s6,80(sp)
   1216c:	04c12b83          	lw	s7,76(sp)
   12170:	07010113          	addi	sp,sp,112
   12174:	00000317          	auipc	t1,0x0
   12178:	30c30067          	jr	780(t1) # 12480 <crcu32>

0001217c <core_state_transition>:
   1217c:	ff010113          	addi	sp,sp,-16
   12180:	00812623          	sw	s0,12(sp)
   12184:	00052683          	lw	a3,0(a0)
   12188:	0006cf83          	lbu	t6,0(a3)
   1218c:	160f8663          	beqz	t6,122f8 <core_state_transition+0x17c>
   12190:	00000613          	li	a2,0
   12194:	00168693          	addi	a3,a3,1
   12198:	02c00713          	li	a4,44
   1219c:	00700793          	li	a5,7
   121a0:	00100813          	li	a6,1
   121a4:	000208b7          	lui	a7,0x20
   121a8:	5c488893          	addi	a7,a7,1476 # 205c4 <state_known_crc+0xc>
   121ac:	ff500293          	li	t0,-11
   121b0:	02b00313          	li	t1,43
   121b4:	02d00393          	li	t2,45
   121b8:	02e00e13          	li	t3,46
   121bc:	ff600e93          	li	t4,-10
   121c0:	04500f13          	li	t5,69
   121c4:	16ef8a63          	beq	t6,a4,12338 <core_state_transition+0x1bc>
   121c8:	10c7e463          	bltu	a5,a2,122d0 <core_state_transition+0x154>
   121cc:	00261413          	slli	s0,a2,0x2
   121d0:	00888433          	add	s0,a7,s0
   121d4:	00042403          	lw	s0,0(s0)
   121d8:	00040067          	jr	s0
   121dc:	fc6f8613          	addi	a2,t6,-58
   121e0:	0cc2e063          	bltu	t0,a2,122a0 <core_state_transition+0x124>
   121e4:	00200613          	li	a2,2
   121e8:	0a6f8e63          	beq	t6,t1,122a4 <core_state_transition+0x128>
   121ec:	0a7f8c63          	beq	t6,t2,122a4 <core_state_transition+0x128>
   121f0:	0fcf9a63          	bne	t6,t3,122e4 <core_state_transition+0x168>
   121f4:	00500613          	li	a2,5
   121f8:	0ac0006f          	j	122a4 <core_state_transition+0x128>
   121fc:	0185a603          	lw	a2,24(a1)
   12200:	fc6f8f93          	addi	t6,t6,-58
   12204:	00160613          	addi	a2,a2,1
   12208:	00c5ac23          	sw	a2,24(a1)
   1220c:	03dff663          	bgeu	t6,t4,12238 <core_state_transition+0xbc>
   12210:	1240006f          	j	12334 <core_state_transition+0x1b8>
   12214:	fc6f8613          	addi	a2,t6,-58
   12218:	07d67a63          	bgeu	a2,t4,1228c <core_state_transition+0x110>
   1221c:	0085a603          	lw	a2,8(a1)
   12220:	00160613          	addi	a2,a2,1
   12224:	00c5a423          	sw	a2,8(a1)
   12228:	0bcf8263          	beq	t6,t3,122cc <core_state_transition+0x150>
   1222c:	1080006f          	j	12334 <core_state_transition+0x1b8>
   12230:	fc6f8613          	addi	a2,t6,-58
   12234:	0cc2fa63          	bgeu	t0,a2,12308 <core_state_transition+0x18c>
   12238:	00700613          	li	a2,7
   1223c:	0940006f          	j	122d0 <core_state_transition+0x154>
   12240:	00c5a603          	lw	a2,12(a1)
   12244:	00160613          	addi	a2,a2,1
   12248:	00c5a623          	sw	a2,12(a1)
   1224c:	00600613          	li	a2,6
   12250:	086f8063          	beq	t6,t1,122d0 <core_state_transition+0x154>
   12254:	067f8e63          	beq	t6,t2,122d0 <core_state_transition+0x154>
   12258:	0dc0006f          	j	12334 <core_state_transition+0x1b8>
   1225c:	05cf9c63          	bne	t6,t3,122b4 <core_state_transition+0x138>
   12260:	0105a603          	lw	a2,16(a1)
   12264:	00160613          	addi	a2,a2,1
   12268:	00c5a823          	sw	a2,16(a1)
   1226c:	0600006f          	j	122cc <core_state_transition+0x150>
   12270:	0dfff613          	andi	a2,t6,223
   12274:	05e61863          	bne	a2,t5,122c4 <core_state_transition+0x148>
   12278:	0145a603          	lw	a2,20(a1)
   1227c:	00160613          	addi	a2,a2,1
   12280:	00c5aa23          	sw	a2,20(a1)
   12284:	00300613          	li	a2,3
   12288:	0480006f          	j	122d0 <core_state_transition+0x154>
   1228c:	0085a603          	lw	a2,8(a1)
   12290:	00160613          	addi	a2,a2,1
   12294:	00c5a423          	sw	a2,8(a1)
   12298:	00400613          	li	a2,4
   1229c:	0340006f          	j	122d0 <core_state_transition+0x154>
   122a0:	00400613          	li	a2,4
   122a4:	0005af83          	lw	t6,0(a1)
   122a8:	001f8f93          	addi	t6,t6,1
   122ac:	01f5a023          	sw	t6,0(a1)
   122b0:	0200006f          	j	122d0 <core_state_transition+0x154>
   122b4:	fc6f8613          	addi	a2,t6,-58
   122b8:	06c2f863          	bgeu	t0,a2,12328 <core_state_transition+0x1ac>
   122bc:	00400613          	li	a2,4
   122c0:	0100006f          	j	122d0 <core_state_transition+0x154>
   122c4:	fc6f8613          	addi	a2,t6,-58
   122c8:	04c2f863          	bgeu	t0,a2,12318 <core_state_transition+0x19c>
   122cc:	00500613          	li	a2,5
   122d0:	0006cf83          	lbu	t6,0(a3)
   122d4:	00168693          	addi	a3,a3,1
   122d8:	020f8463          	beqz	t6,12300 <core_state_transition+0x184>
   122dc:	ef0614e3          	bne	a2,a6,121c4 <core_state_transition+0x48>
   122e0:	0200006f          	j	12300 <core_state_transition+0x184>
   122e4:	0045a603          	lw	a2,4(a1)
   122e8:	00160613          	addi	a2,a2,1
   122ec:	00c5a223          	sw	a2,4(a1)
   122f0:	00100613          	li	a2,1
   122f4:	fb1ff06f          	j	122a4 <core_state_transition+0x128>
   122f8:	00000613          	li	a2,0
   122fc:	03c0006f          	j	12338 <core_state_transition+0x1bc>
   12300:	fff68693          	addi	a3,a3,-1
   12304:	0340006f          	j	12338 <core_state_transition+0x1bc>
   12308:	0045a603          	lw	a2,4(a1)
   1230c:	00160613          	addi	a2,a2,1
   12310:	00c5a223          	sw	a2,4(a1)
   12314:	0200006f          	j	12334 <core_state_transition+0x1b8>
   12318:	0145a603          	lw	a2,20(a1)
   1231c:	00160613          	addi	a2,a2,1
   12320:	00c5aa23          	sw	a2,20(a1)
   12324:	0100006f          	j	12334 <core_state_transition+0x1b8>
   12328:	0105a603          	lw	a2,16(a1)
   1232c:	00160613          	addi	a2,a2,1
   12330:	00c5a823          	sw	a2,16(a1)
   12334:	00100613          	li	a2,1
   12338:	00d52023          	sw	a3,0(a0)
   1233c:	00060513          	mv	a0,a2
   12340:	00c12403          	lw	s0,12(sp)
   12344:	01010113          	addi	sp,sp,16
   12348:	00008067          	ret

0001234c <core_init_state>:
   1234c:	fff50693          	addi	a3,a0,-1
   12350:	00200713          	li	a4,2
   12354:	08e6ec63          	bltu	a3,a4,123ec <core_init_state+0xa0>
   12358:	00000313          	li	t1,0
   1235c:	00000293          	li	t0,0
   12360:	00000893          	li	a7,0
   12364:	00020737          	lui	a4,0x20
   12368:	62470713          	addi	a4,a4,1572 # 20624 <errpat+0x10>
   1236c:	000207b7          	lui	a5,0x20
   12370:	64478793          	addi	a5,a5,1604 # 20644 <errpat+0x30>
   12374:	02c00813          	li	a6,44
   12378:	03c0006f          	j	123b4 <core_init_state+0x68>
   1237c:	00158593          	addi	a1,a1,1
   12380:	0075f293          	andi	t0,a1,7
   12384:	00229293          	slli	t0,t0,0x2
   12388:	00570333          	add	t1,a4,t0
   1238c:	00032303          	lw	t1,0(t1)
   12390:	005782b3          	add	t0,a5,t0
   12394:	0002a283          	lw	t0,0(t0)
   12398:	0015d393          	srli	t2,a1,0x1
   1239c:	00c3f393          	andi	t2,t2,12
   123a0:	00730333          	add	t1,t1,t2
   123a4:	00032303          	lw	t1,0(t1)
   123a8:	005883b3          	add	t2,a7,t0
   123ac:	00138393          	addi	t2,t2,1
   123b0:	04d3f063          	bgeu	t2,a3,123f0 <core_init_state+0xa4>
   123b4:	fc0284e3          	beqz	t0,1237c <core_init_state+0x30>
   123b8:	011603b3          	add	t2,a2,a7
   123bc:	005888b3          	add	a7,a7,t0
   123c0:	01160e33          	add	t3,a2,a7
   123c4:	00038e93          	mv	t4,t2
   123c8:	00034f03          	lbu	t5,0(t1)
   123cc:	01ee8023          	sb	t5,0(t4)
   123d0:	001e8e93          	addi	t4,t4,1
   123d4:	00130313          	addi	t1,t1,1
   123d8:	ffce98e3          	bne	t4,t3,123c8 <core_init_state+0x7c>
   123dc:	005382b3          	add	t0,t2,t0
   123e0:	01028023          	sb	a6,0(t0)
   123e4:	00188893          	addi	a7,a7,1
   123e8:	f95ff06f          	j	1237c <core_init_state+0x30>
   123ec:	00000893          	li	a7,0
   123f0:	00a8fe63          	bgeu	a7,a0,1240c <core_init_state+0xc0>
   123f4:	011605b3          	add	a1,a2,a7
   123f8:	41150633          	sub	a2,a0,a7
   123fc:	00058513          	mv	a0,a1
   12400:	00000593          	li	a1,0
   12404:	ffffe317          	auipc	t1,0xffffe
   12408:	fc030067          	jr	-64(t1) # 103c4 <memset>
   1240c:	00008067          	ret

00012410 <get_seed_32>:
   12410:	fff50513          	addi	a0,a0,-1
   12414:	00400593          	li	a1,4
   12418:	02a5e063          	bltu	a1,a0,12438 <get_seed_32+0x28>
   1241c:	00251513          	slli	a0,a0,0x2
   12420:	000215b7          	lui	a1,0x21
   12424:	87058593          	addi	a1,a1,-1936 # 20870 <__global_pointer$+0x8>
   12428:	00a58533          	add	a0,a1,a0
   1242c:	00052503          	lw	a0,0(a0)
   12430:	00052503          	lw	a0,0(a0)
   12434:	00008067          	ret
   12438:	00000513          	li	a0,0
   1243c:	00008067          	ret

00012440 <crcu16>:
   12440:	00a5c533          	xor	a0,a1,a0
   12444:	0ff57593          	zext.b	a1,a0
   12448:	00159593          	slli	a1,a1,0x1
   1244c:	00020637          	lui	a2,0x20
   12450:	67060613          	addi	a2,a2,1648 # 20670 <errpat+0x5c>
   12454:	00b605b3          	add	a1,a2,a1
   12458:	0005d583          	lhu	a1,0(a1)
   1245c:	00855513          	srli	a0,a0,0x8
   12460:	0ff5f693          	zext.b	a3,a1
   12464:	00a6c533          	xor	a0,a3,a0
   12468:	00151513          	slli	a0,a0,0x1
   1246c:	00a60533          	add	a0,a2,a0
   12470:	00055503          	lhu	a0,0(a0)
   12474:	0085d593          	srli	a1,a1,0x8
   12478:	00a5c533          	xor	a0,a1,a0
   1247c:	00008067          	ret

00012480 <crcu32>:
   12480:	00a5c5b3          	xor	a1,a1,a0
   12484:	0ff5f613          	zext.b	a2,a1
   12488:	00161613          	slli	a2,a2,0x1
   1248c:	000206b7          	lui	a3,0x20
   12490:	67068693          	addi	a3,a3,1648 # 20670 <errpat+0x5c>
   12494:	00c68633          	add	a2,a3,a2
   12498:	00065603          	lhu	a2,0(a2)
   1249c:	01059593          	slli	a1,a1,0x10
   124a0:	0185d593          	srli	a1,a1,0x18
   124a4:	0ff67713          	zext.b	a4,a2
   124a8:	00b745b3          	xor	a1,a4,a1
   124ac:	00159593          	slli	a1,a1,0x1
   124b0:	00b685b3          	add	a1,a3,a1
   124b4:	00059583          	lh	a1,0(a1)
   124b8:	00865613          	srli	a2,a2,0x8
   124bc:	01055513          	srli	a0,a0,0x10
   124c0:	00a5c533          	xor	a0,a1,a0
   124c4:	0ff57593          	zext.b	a1,a0
   124c8:	00c5c5b3          	xor	a1,a1,a2
   124cc:	00159593          	slli	a1,a1,0x1
   124d0:	00b685b3          	add	a1,a3,a1
   124d4:	0005d583          	lhu	a1,0(a1)
   124d8:	01051513          	slli	a0,a0,0x10
   124dc:	01855513          	srli	a0,a0,0x18
   124e0:	0ff5f613          	zext.b	a2,a1
   124e4:	00c54533          	xor	a0,a0,a2
   124e8:	00151513          	slli	a0,a0,0x1
   124ec:	00a68533          	add	a0,a3,a0
   124f0:	00055503          	lhu	a0,0(a0)
   124f4:	0085d593          	srli	a1,a1,0x8
   124f8:	00a5c533          	xor	a0,a1,a0
   124fc:	00008067          	ret

00012500 <crc16>:
   12500:	00a5c533          	xor	a0,a1,a0
   12504:	0ff57593          	zext.b	a1,a0
   12508:	00159593          	slli	a1,a1,0x1
   1250c:	00020637          	lui	a2,0x20
   12510:	67060613          	addi	a2,a2,1648 # 20670 <errpat+0x5c>
   12514:	00b605b3          	add	a1,a2,a1
   12518:	0005d583          	lhu	a1,0(a1)
   1251c:	01051513          	slli	a0,a0,0x10
   12520:	01855513          	srli	a0,a0,0x18
   12524:	0ff5f693          	zext.b	a3,a1
   12528:	00a6c533          	xor	a0,a3,a0
   1252c:	00151513          	slli	a0,a0,0x1
   12530:	00a60533          	add	a0,a2,a0
   12534:	00055503          	lhu	a0,0(a0)
   12538:	0085d593          	srli	a1,a1,0x8
   1253c:	00a5c533          	xor	a0,a1,a0
   12540:	00008067          	ret

00012544 <check_data_types>:
   12544:	00000513          	li	a0,0
   12548:	00008067          	ret

0001254c <iprintf>:
   1254c:	fc010113          	addi	sp,sp,-64
   12550:	02f12a23          	sw	a5,52(sp)
   12554:	0000e797          	auipc	a5,0xe
   12558:	b147a783          	lw	a5,-1260(a5) # 20068 <_impure_ptr>
   1255c:	02c12423          	sw	a2,40(sp)
   12560:	02d12623          	sw	a3,44(sp)
   12564:	02b12223          	sw	a1,36(sp)
   12568:	02e12823          	sw	a4,48(sp)
   1256c:	03012c23          	sw	a6,56(sp)
   12570:	03112e23          	sw	a7,60(sp)
   12574:	0087a583          	lw	a1,8(a5)
   12578:	02410693          	addi	a3,sp,36
   1257c:	00050613          	mv	a2,a0
   12580:	00078513          	mv	a0,a5
   12584:	00112e23          	sw	ra,28(sp)
   12588:	00d12623          	sw	a3,12(sp)
   1258c:	00001097          	auipc	ra,0x1
   12590:	83c080e7          	jalr	-1988(ra) # 12dc8 <_vfiprintf_r>
   12594:	01c12083          	lw	ra,28(sp)
   12598:	04010113          	addi	sp,sp,64
   1259c:	00008067          	ret

000125a0 <putchar>:
   125a0:	00050593          	mv	a1,a0
   125a4:	0000e517          	auipc	a0,0xe
   125a8:	ac452503          	lw	a0,-1340(a0) # 20068 <_impure_ptr>
   125ac:	00852603          	lw	a2,8(a0)
   125b0:	00002317          	auipc	t1,0x2
   125b4:	85c30067          	jr	-1956(t1) # 13e0c <_putc_r>

000125b8 <_puts_r>:
   125b8:	02052783          	lw	a5,32(a0)
   125bc:	fe010113          	addi	sp,sp,-32
   125c0:	00812c23          	sw	s0,24(sp)
   125c4:	00912a23          	sw	s1,20(sp)
   125c8:	01212823          	sw	s2,16(sp)
   125cc:	00112e23          	sw	ra,28(sp)
   125d0:	01312623          	sw	s3,12(sp)
   125d4:	00852403          	lw	s0,8(a0)
   125d8:	00050493          	mv	s1,a0
   125dc:	00058913          	mv	s2,a1
   125e0:	00079663          	bnez	a5,125ec <_puts_r+0x34>
   125e4:	00001097          	auipc	ra,0x1
   125e8:	5c4080e7          	jalr	1476(ra) # 13ba8 <__sinit>
   125ec:	06442783          	lw	a5,100(s0)
   125f0:	0017f793          	andi	a5,a5,1
   125f4:	00079e63          	bnez	a5,12610 <_puts_r+0x58>
   125f8:	00c45783          	lhu	a5,12(s0)
   125fc:	2007f793          	andi	a5,a5,512
   12600:	00079863          	bnez	a5,12610 <_puts_r+0x58>
   12604:	05842503          	lw	a0,88(s0)
   12608:	00000097          	auipc	ra,0x0
   1260c:	360080e7          	jalr	864(ra) # 12968 <__retarget_lock_acquire_recursive>
   12610:	00c45783          	lhu	a5,12(s0)
   12614:	0087f793          	andi	a5,a5,8
   12618:	00078663          	beqz	a5,12624 <_puts_r+0x6c>
   1261c:	01042783          	lw	a5,16(s0)
   12620:	0c079e63          	bnez	a5,126fc <_puts_r+0x144>
   12624:	00040593          	mv	a1,s0
   12628:	00048513          	mv	a0,s1
   1262c:	00000097          	auipc	ra,0x0
   12630:	210080e7          	jalr	528(ra) # 1283c <__swsetup_r>
   12634:	0c050463          	beqz	a0,126fc <_puts_r+0x144>
   12638:	fff00493          	li	s1,-1
   1263c:	06442783          	lw	a5,100(s0)
   12640:	0017f793          	andi	a5,a5,1
   12644:	00079e63          	bnez	a5,12660 <_puts_r+0xa8>
   12648:	00c45783          	lhu	a5,12(s0)
   1264c:	2007f793          	andi	a5,a5,512
   12650:	00079863          	bnez	a5,12660 <_puts_r+0xa8>
   12654:	05842503          	lw	a0,88(s0)
   12658:	00000097          	auipc	ra,0x0
   1265c:	314080e7          	jalr	788(ra) # 1296c <__retarget_lock_release_recursive>
   12660:	01c12083          	lw	ra,28(sp)
   12664:	01812403          	lw	s0,24(sp)
   12668:	01012903          	lw	s2,16(sp)
   1266c:	00c12983          	lw	s3,12(sp)
   12670:	00048513          	mv	a0,s1
   12674:	01412483          	lw	s1,20(sp)
   12678:	02010113          	addi	sp,sp,32
   1267c:	00008067          	ret
   12680:	0007da63          	bgez	a5,12694 <_puts_r+0xdc>
   12684:	01842703          	lw	a4,24(s0)
   12688:	04e7ce63          	blt	a5,a4,126e4 <_puts_r+0x12c>
   1268c:	ff658793          	addi	a5,a1,-10
   12690:	04078a63          	beqz	a5,126e4 <_puts_r+0x12c>
   12694:	00042783          	lw	a5,0(s0)
   12698:	00178713          	addi	a4,a5,1
   1269c:	00e42023          	sw	a4,0(s0)
   126a0:	00b78023          	sb	a1,0(a5)
   126a4:	00190913          	addi	s2,s2,1
   126a8:	00842783          	lw	a5,8(s0)
   126ac:	00094583          	lbu	a1,0(s2)
   126b0:	fff78793          	addi	a5,a5,-1
   126b4:	00f42423          	sw	a5,8(s0)
   126b8:	fc0594e3          	bnez	a1,12680 <_puts_r+0xc8>
   126bc:	0407d463          	bgez	a5,12704 <_puts_r+0x14c>
   126c0:	00040613          	mv	a2,s0
   126c4:	00a00593          	li	a1,10
   126c8:	00048513          	mv	a0,s1
   126cc:	00000097          	auipc	ra,0x0
   126d0:	064080e7          	jalr	100(ra) # 12730 <__swbuf_r>
   126d4:	fff00793          	li	a5,-1
   126d8:	f6f500e3          	beq	a0,a5,12638 <_puts_r+0x80>
   126dc:	00a00493          	li	s1,10
   126e0:	f5dff06f          	j	1263c <_puts_r+0x84>
   126e4:	00040613          	mv	a2,s0
   126e8:	00048513          	mv	a0,s1
   126ec:	00000097          	auipc	ra,0x0
   126f0:	044080e7          	jalr	68(ra) # 12730 <__swbuf_r>
   126f4:	fb3518e3          	bne	a0,s3,126a4 <_puts_r+0xec>
   126f8:	f41ff06f          	j	12638 <_puts_r+0x80>
   126fc:	fff00993          	li	s3,-1
   12700:	fa9ff06f          	j	126a8 <_puts_r+0xf0>
   12704:	00042783          	lw	a5,0(s0)
   12708:	00178713          	addi	a4,a5,1
   1270c:	00e42023          	sw	a4,0(s0)
   12710:	00a00713          	li	a4,10
   12714:	00e78023          	sb	a4,0(a5)
   12718:	fc5ff06f          	j	126dc <_puts_r+0x124>

0001271c <puts>:
   1271c:	00050593          	mv	a1,a0
   12720:	0000e517          	auipc	a0,0xe
   12724:	94852503          	lw	a0,-1720(a0) # 20068 <_impure_ptr>
   12728:	00000317          	auipc	t1,0x0
   1272c:	e9030067          	jr	-368(t1) # 125b8 <_puts_r>

00012730 <__swbuf_r>:
   12730:	fe010113          	addi	sp,sp,-32
   12734:	00812c23          	sw	s0,24(sp)
   12738:	00912a23          	sw	s1,20(sp)
   1273c:	01312623          	sw	s3,12(sp)
   12740:	00112e23          	sw	ra,28(sp)
   12744:	01212823          	sw	s2,16(sp)
   12748:	00050493          	mv	s1,a0
   1274c:	00058993          	mv	s3,a1
   12750:	00060413          	mv	s0,a2
   12754:	00050a63          	beqz	a0,12768 <__swbuf_r+0x38>
   12758:	02052783          	lw	a5,32(a0)
   1275c:	00079663          	bnez	a5,12768 <__swbuf_r+0x38>
   12760:	00001097          	auipc	ra,0x1
   12764:	448080e7          	jalr	1096(ra) # 13ba8 <__sinit>
   12768:	01842783          	lw	a5,24(s0)
   1276c:	00f42423          	sw	a5,8(s0)
   12770:	00c45783          	lhu	a5,12(s0)
   12774:	0087f793          	andi	a5,a5,8
   12778:	00078663          	beqz	a5,12784 <__swbuf_r+0x54>
   1277c:	01042783          	lw	a5,16(s0)
   12780:	02079e63          	bnez	a5,127bc <__swbuf_r+0x8c>
   12784:	00040593          	mv	a1,s0
   12788:	00048513          	mv	a0,s1
   1278c:	00000097          	auipc	ra,0x0
   12790:	0b0080e7          	jalr	176(ra) # 1283c <__swsetup_r>
   12794:	02050463          	beqz	a0,127bc <__swbuf_r+0x8c>
   12798:	fff00913          	li	s2,-1
   1279c:	01c12083          	lw	ra,28(sp)
   127a0:	01812403          	lw	s0,24(sp)
   127a4:	01412483          	lw	s1,20(sp)
   127a8:	00c12983          	lw	s3,12(sp)
   127ac:	00090513          	mv	a0,s2
   127b0:	01012903          	lw	s2,16(sp)
   127b4:	02010113          	addi	sp,sp,32
   127b8:	00008067          	ret
   127bc:	01042783          	lw	a5,16(s0)
   127c0:	00042503          	lw	a0,0(s0)
   127c4:	40f50533          	sub	a0,a0,a5
   127c8:	01442783          	lw	a5,20(s0)
   127cc:	00f54c63          	blt	a0,a5,127e4 <__swbuf_r+0xb4>
   127d0:	00040593          	mv	a1,s0
   127d4:	00048513          	mv	a0,s1
   127d8:	00001097          	auipc	ra,0x1
   127dc:	120080e7          	jalr	288(ra) # 138f8 <_fflush_r>
   127e0:	fa051ce3          	bnez	a0,12798 <__swbuf_r+0x68>
   127e4:	00842783          	lw	a5,8(s0)
   127e8:	00150513          	addi	a0,a0,1
   127ec:	0ff9f913          	zext.b	s2,s3
   127f0:	fff78793          	addi	a5,a5,-1
   127f4:	00f42423          	sw	a5,8(s0)
   127f8:	00042783          	lw	a5,0(s0)
   127fc:	00178713          	addi	a4,a5,1
   12800:	00e42023          	sw	a4,0(s0)
   12804:	01378023          	sb	s3,0(a5)
   12808:	01442783          	lw	a5,20(s0)
   1280c:	00a78c63          	beq	a5,a0,12824 <__swbuf_r+0xf4>
   12810:	00c45783          	lhu	a5,12(s0)
   12814:	0017f793          	andi	a5,a5,1
   12818:	f80782e3          	beqz	a5,1279c <__swbuf_r+0x6c>
   1281c:	ff690793          	addi	a5,s2,-10
   12820:	f6079ee3          	bnez	a5,1279c <__swbuf_r+0x6c>
   12824:	00040593          	mv	a1,s0
   12828:	00048513          	mv	a0,s1
   1282c:	00001097          	auipc	ra,0x1
   12830:	0cc080e7          	jalr	204(ra) # 138f8 <_fflush_r>
   12834:	f60504e3          	beqz	a0,1279c <__swbuf_r+0x6c>
   12838:	f61ff06f          	j	12798 <__swbuf_r+0x68>

0001283c <__swsetup_r>:
   1283c:	ff010113          	addi	sp,sp,-16
   12840:	00912223          	sw	s1,4(sp)
   12844:	00050493          	mv	s1,a0
   12848:	0000e517          	auipc	a0,0xe
   1284c:	82052503          	lw	a0,-2016(a0) # 20068 <_impure_ptr>
   12850:	00812423          	sw	s0,8(sp)
   12854:	00112623          	sw	ra,12(sp)
   12858:	00058413          	mv	s0,a1
   1285c:	00050a63          	beqz	a0,12870 <__swsetup_r+0x34>
   12860:	02052783          	lw	a5,32(a0)
   12864:	00079663          	bnez	a5,12870 <__swsetup_r+0x34>
   12868:	00001097          	auipc	ra,0x1
   1286c:	340080e7          	jalr	832(ra) # 13ba8 <__sinit>
   12870:	00c41783          	lh	a5,12(s0)
   12874:	0087f713          	andi	a4,a5,8
   12878:	06071463          	bnez	a4,128e0 <__swsetup_r+0xa4>
   1287c:	0107f713          	andi	a4,a5,16
   12880:	00071e63          	bnez	a4,1289c <__swsetup_r+0x60>
   12884:	00900713          	li	a4,9
   12888:	00e4a023          	sw	a4,0(s1)
   1288c:	0407e793          	ori	a5,a5,64
   12890:	00f41623          	sh	a5,12(s0)
   12894:	fff00513          	li	a0,-1
   12898:	0a00006f          	j	12938 <__swsetup_r+0xfc>
   1289c:	0047f713          	andi	a4,a5,4
   128a0:	02070c63          	beqz	a4,128d8 <__swsetup_r+0x9c>
   128a4:	03442583          	lw	a1,52(s0)
   128a8:	00058e63          	beqz	a1,128c4 <__swsetup_r+0x88>
   128ac:	04440793          	addi	a5,s0,68
   128b0:	00f58863          	beq	a1,a5,128c0 <__swsetup_r+0x84>
   128b4:	00048513          	mv	a0,s1
   128b8:	00000097          	auipc	ra,0x0
   128bc:	0b8080e7          	jalr	184(ra) # 12970 <_free_r>
   128c0:	02042a23          	sw	zero,52(s0)
   128c4:	00c45783          	lhu	a5,12(s0)
   128c8:	01042703          	lw	a4,16(s0)
   128cc:	00042223          	sw	zero,4(s0)
   128d0:	fdb7f793          	andi	a5,a5,-37
   128d4:	00e42023          	sw	a4,0(s0)
   128d8:	0087e793          	ori	a5,a5,8
   128dc:	00f41623          	sh	a5,12(s0)
   128e0:	01042783          	lw	a5,16(s0)
   128e4:	02079263          	bnez	a5,12908 <__swsetup_r+0xcc>
   128e8:	00c42783          	lw	a5,12(s0)
   128ec:	20000713          	li	a4,512
   128f0:	2807f793          	andi	a5,a5,640
   128f4:	00e78a63          	beq	a5,a4,12908 <__swsetup_r+0xcc>
   128f8:	00040593          	mv	a1,s0
   128fc:	00048513          	mv	a0,s1
   12900:	00001097          	auipc	ra,0x1
   12904:	434080e7          	jalr	1076(ra) # 13d34 <__smakebuf_r>
   12908:	00c41783          	lh	a5,12(s0)
   1290c:	0017f713          	andi	a4,a5,1
   12910:	02070e63          	beqz	a4,1294c <__swsetup_r+0x110>
   12914:	01442703          	lw	a4,20(s0)
   12918:	00042423          	sw	zero,8(s0)
   1291c:	40e00733          	neg	a4,a4
   12920:	00e42c23          	sw	a4,24(s0)
   12924:	01042703          	lw	a4,16(s0)
   12928:	00000513          	li	a0,0
   1292c:	00071663          	bnez	a4,12938 <__swsetup_r+0xfc>
   12930:	0807f713          	andi	a4,a5,128
   12934:	f4071ce3          	bnez	a4,1288c <__swsetup_r+0x50>
   12938:	00c12083          	lw	ra,12(sp)
   1293c:	00812403          	lw	s0,8(sp)
   12940:	00412483          	lw	s1,4(sp)
   12944:	01010113          	addi	sp,sp,16
   12948:	00008067          	ret
   1294c:	0027f713          	andi	a4,a5,2
   12950:	00000693          	li	a3,0
   12954:	00071463          	bnez	a4,1295c <__swsetup_r+0x120>
   12958:	01442683          	lw	a3,20(s0)
   1295c:	00d42423          	sw	a3,8(s0)
   12960:	fc5ff06f          	j	12924 <__swsetup_r+0xe8>

00012964 <__retarget_lock_init_recursive>:
   12964:	00008067          	ret

00012968 <__retarget_lock_acquire_recursive>:
   12968:	00008067          	ret

0001296c <__retarget_lock_release_recursive>:
   1296c:	00008067          	ret

00012970 <_free_r>:
   12970:	10058263          	beqz	a1,12a74 <_free_r+0x104>
   12974:	ffc5a783          	lw	a5,-4(a1)
   12978:	fe010113          	addi	sp,sp,-32
   1297c:	00812c23          	sw	s0,24(sp)
   12980:	00112e23          	sw	ra,28(sp)
   12984:	ffc58413          	addi	s0,a1,-4
   12988:	0007d463          	bgez	a5,12990 <_free_r+0x20>
   1298c:	00f40433          	add	s0,s0,a5
   12990:	00a12623          	sw	a0,12(sp)
   12994:	00000097          	auipc	ra,0x0
   12998:	35c080e7          	jalr	860(ra) # 12cf0 <__malloc_lock>
   1299c:	0000e797          	auipc	a5,0xe
   129a0:	08c7a783          	lw	a5,140(a5) # 20a28 <__malloc_free_list>
   129a4:	00c12503          	lw	a0,12(sp)
   129a8:	02079263          	bnez	a5,129cc <_free_r+0x5c>
   129ac:	00042223          	sw	zero,4(s0)
   129b0:	0000e797          	auipc	a5,0xe
   129b4:	0687ac23          	sw	s0,120(a5) # 20a28 <__malloc_free_list>
   129b8:	01812403          	lw	s0,24(sp)
   129bc:	01c12083          	lw	ra,28(sp)
   129c0:	02010113          	addi	sp,sp,32
   129c4:	00000317          	auipc	t1,0x0
   129c8:	33c30067          	jr	828(t1) # 12d00 <__malloc_unlock>
   129cc:	02f47463          	bgeu	s0,a5,129f4 <_free_r+0x84>
   129d0:	00042683          	lw	a3,0(s0)
   129d4:	00d40733          	add	a4,s0,a3
   129d8:	00e79a63          	bne	a5,a4,129ec <_free_r+0x7c>
   129dc:	0007a703          	lw	a4,0(a5)
   129e0:	0047a783          	lw	a5,4(a5)
   129e4:	00d70733          	add	a4,a4,a3
   129e8:	00e42023          	sw	a4,0(s0)
   129ec:	00f42223          	sw	a5,4(s0)
   129f0:	fc1ff06f          	j	129b0 <_free_r+0x40>
   129f4:	00078713          	mv	a4,a5
   129f8:	0047a783          	lw	a5,4(a5)
   129fc:	00078463          	beqz	a5,12a04 <_free_r+0x94>
   12a00:	fef47ae3          	bgeu	s0,a5,129f4 <_free_r+0x84>
   12a04:	00072683          	lw	a3,0(a4)
   12a08:	00d70633          	add	a2,a4,a3
   12a0c:	02861863          	bne	a2,s0,12a3c <_free_r+0xcc>
   12a10:	00042603          	lw	a2,0(s0)
   12a14:	00c686b3          	add	a3,a3,a2
   12a18:	00d72023          	sw	a3,0(a4)
   12a1c:	00d70633          	add	a2,a4,a3
   12a20:	f8c79ce3          	bne	a5,a2,129b8 <_free_r+0x48>
   12a24:	0007a603          	lw	a2,0(a5)
   12a28:	0047a783          	lw	a5,4(a5)
   12a2c:	00d606b3          	add	a3,a2,a3
   12a30:	00d72023          	sw	a3,0(a4)
   12a34:	00f72223          	sw	a5,4(a4)
   12a38:	f81ff06f          	j	129b8 <_free_r+0x48>
   12a3c:	00c47863          	bgeu	s0,a2,12a4c <_free_r+0xdc>
   12a40:	00c00793          	li	a5,12
   12a44:	00f52023          	sw	a5,0(a0)
   12a48:	f71ff06f          	j	129b8 <_free_r+0x48>
   12a4c:	00042603          	lw	a2,0(s0)
   12a50:	00c406b3          	add	a3,s0,a2
   12a54:	00d79a63          	bne	a5,a3,12a68 <_free_r+0xf8>
   12a58:	0007a683          	lw	a3,0(a5)
   12a5c:	0047a783          	lw	a5,4(a5)
   12a60:	00c686b3          	add	a3,a3,a2
   12a64:	00d42023          	sw	a3,0(s0)
   12a68:	00f42223          	sw	a5,4(s0)
   12a6c:	00872223          	sw	s0,4(a4)
   12a70:	f49ff06f          	j	129b8 <_free_r+0x48>
   12a74:	00008067          	ret

00012a78 <sbrk_aligned>:
   12a78:	0000e797          	auipc	a5,0xe
   12a7c:	fac7a783          	lw	a5,-84(a5) # 20a24 <__malloc_sbrk_start>
   12a80:	ff010113          	addi	sp,sp,-16
   12a84:	00812423          	sw	s0,8(sp)
   12a88:	01212023          	sw	s2,0(sp)
   12a8c:	00112623          	sw	ra,12(sp)
   12a90:	00912223          	sw	s1,4(sp)
   12a94:	00050913          	mv	s2,a0
   12a98:	00058413          	mv	s0,a1
   12a9c:	00079c63          	bnez	a5,12ab4 <sbrk_aligned+0x3c>
   12aa0:	00000593          	li	a1,0
   12aa4:	00001097          	auipc	ra,0x1
   12aa8:	750080e7          	jalr	1872(ra) # 141f4 <_sbrk_r>
   12aac:	0000e797          	auipc	a5,0xe
   12ab0:	f6a7ac23          	sw	a0,-136(a5) # 20a24 <__malloc_sbrk_start>
   12ab4:	00040593          	mv	a1,s0
   12ab8:	00090513          	mv	a0,s2
   12abc:	00001097          	auipc	ra,0x1
   12ac0:	738080e7          	jalr	1848(ra) # 141f4 <_sbrk_r>
   12ac4:	fff00493          	li	s1,-1
   12ac8:	02951263          	bne	a0,s1,12aec <sbrk_aligned+0x74>
   12acc:	fff00413          	li	s0,-1
   12ad0:	00c12083          	lw	ra,12(sp)
   12ad4:	00040513          	mv	a0,s0
   12ad8:	00812403          	lw	s0,8(sp)
   12adc:	00412483          	lw	s1,4(sp)
   12ae0:	00012903          	lw	s2,0(sp)
   12ae4:	01010113          	addi	sp,sp,16
   12ae8:	00008067          	ret
   12aec:	00350413          	addi	s0,a0,3
   12af0:	ffc47413          	andi	s0,s0,-4
   12af4:	fc850ee3          	beq	a0,s0,12ad0 <sbrk_aligned+0x58>
   12af8:	40a405b3          	sub	a1,s0,a0
   12afc:	00090513          	mv	a0,s2
   12b00:	00001097          	auipc	ra,0x1
   12b04:	6f4080e7          	jalr	1780(ra) # 141f4 <_sbrk_r>
   12b08:	fc9514e3          	bne	a0,s1,12ad0 <sbrk_aligned+0x58>
   12b0c:	fc1ff06f          	j	12acc <sbrk_aligned+0x54>

00012b10 <_malloc_r>:
   12b10:	fe010113          	addi	sp,sp,-32
   12b14:	00912a23          	sw	s1,20(sp)
   12b18:	00358493          	addi	s1,a1,3
   12b1c:	ffc4f493          	andi	s1,s1,-4
   12b20:	00112e23          	sw	ra,28(sp)
   12b24:	00812c23          	sw	s0,24(sp)
   12b28:	01212823          	sw	s2,16(sp)
   12b2c:	01312623          	sw	s3,12(sp)
   12b30:	01412423          	sw	s4,8(sp)
   12b34:	00848493          	addi	s1,s1,8
   12b38:	00c00793          	li	a5,12
   12b3c:	00f4f463          	bgeu	s1,a5,12b44 <_malloc_r+0x34>
   12b40:	00078493          	mv	s1,a5
   12b44:	0004c463          	bltz	s1,12b4c <_malloc_r+0x3c>
   12b48:	02b4f863          	bgeu	s1,a1,12b78 <_malloc_r+0x68>
   12b4c:	00c00793          	li	a5,12
   12b50:	00f52023          	sw	a5,0(a0)
   12b54:	00000513          	li	a0,0
   12b58:	01c12083          	lw	ra,28(sp)
   12b5c:	01812403          	lw	s0,24(sp)
   12b60:	01412483          	lw	s1,20(sp)
   12b64:	01012903          	lw	s2,16(sp)
   12b68:	00c12983          	lw	s3,12(sp)
   12b6c:	00812a03          	lw	s4,8(sp)
   12b70:	02010113          	addi	sp,sp,32
   12b74:	00008067          	ret
   12b78:	00050913          	mv	s2,a0
   12b7c:	0000e997          	auipc	s3,0xe
   12b80:	eac98993          	addi	s3,s3,-340 # 20a28 <__malloc_free_list>
   12b84:	00000097          	auipc	ra,0x0
   12b88:	16c080e7          	jalr	364(ra) # 12cf0 <__malloc_lock>
   12b8c:	0009a783          	lw	a5,0(s3)
   12b90:	00078413          	mv	s0,a5
   12b94:	08041863          	bnez	s0,12c24 <_malloc_r+0x114>
   12b98:	00048593          	mv	a1,s1
   12b9c:	00090513          	mv	a0,s2
   12ba0:	00000097          	auipc	ra,0x0
   12ba4:	ed8080e7          	jalr	-296(ra) # 12a78 <sbrk_aligned>
   12ba8:	fff00793          	li	a5,-1
   12bac:	00050413          	mv	s0,a0
   12bb0:	12f51c63          	bne	a0,a5,12ce8 <_malloc_r+0x1d8>
   12bb4:	0009a403          	lw	s0,0(s3)
   12bb8:	00040793          	mv	a5,s0
   12bbc:	0e079a63          	bnez	a5,12cb0 <_malloc_r+0x1a0>
   12bc0:	10040863          	beqz	s0,12cd0 <_malloc_r+0x1c0>
   12bc4:	00042a03          	lw	s4,0(s0)
   12bc8:	00000593          	li	a1,0
   12bcc:	00090513          	mv	a0,s2
   12bd0:	01440a33          	add	s4,s0,s4
   12bd4:	00001097          	auipc	ra,0x1
   12bd8:	620080e7          	jalr	1568(ra) # 141f4 <_sbrk_r>
   12bdc:	0eaa1a63          	bne	s4,a0,12cd0 <_malloc_r+0x1c0>
   12be0:	00042783          	lw	a5,0(s0)
   12be4:	00090513          	mv	a0,s2
   12be8:	40f484b3          	sub	s1,s1,a5
   12bec:	00048593          	mv	a1,s1
   12bf0:	00000097          	auipc	ra,0x0
   12bf4:	e88080e7          	jalr	-376(ra) # 12a78 <sbrk_aligned>
   12bf8:	fff00793          	li	a5,-1
   12bfc:	0cf50a63          	beq	a0,a5,12cd0 <_malloc_r+0x1c0>
   12c00:	00042783          	lw	a5,0(s0)
   12c04:	009787b3          	add	a5,a5,s1
   12c08:	00f42023          	sw	a5,0(s0)
   12c0c:	0009a783          	lw	a5,0(s3)
   12c10:	0047a703          	lw	a4,4(a5)
   12c14:	0a071463          	bnez	a4,12cbc <_malloc_r+0x1ac>
   12c18:	0000e797          	auipc	a5,0xe
   12c1c:	e007a823          	sw	zero,-496(a5) # 20a28 <__malloc_free_list>
   12c20:	0340006f          	j	12c54 <_malloc_r+0x144>
   12c24:	00042683          	lw	a3,0(s0)
   12c28:	409686b3          	sub	a3,a3,s1
   12c2c:	0606cc63          	bltz	a3,12ca4 <_malloc_r+0x194>
   12c30:	00b00713          	li	a4,11
   12c34:	04d77c63          	bgeu	a4,a3,12c8c <_malloc_r+0x17c>
   12c38:	00942023          	sw	s1,0(s0)
   12c3c:	00940733          	add	a4,s0,s1
   12c40:	04879263          	bne	a5,s0,12c84 <_malloc_r+0x174>
   12c44:	00e9a023          	sw	a4,0(s3)
   12c48:	00442783          	lw	a5,4(s0)
   12c4c:	00d72023          	sw	a3,0(a4)
   12c50:	00f72223          	sw	a5,4(a4)
   12c54:	00090513          	mv	a0,s2
   12c58:	00000097          	auipc	ra,0x0
   12c5c:	0a8080e7          	jalr	168(ra) # 12d00 <__malloc_unlock>
   12c60:	00b40513          	addi	a0,s0,11
   12c64:	00440793          	addi	a5,s0,4
   12c68:	ff857513          	andi	a0,a0,-8
   12c6c:	40f50733          	sub	a4,a0,a5
   12c70:	eef504e3          	beq	a0,a5,12b58 <_malloc_r+0x48>
   12c74:	00e40433          	add	s0,s0,a4
   12c78:	40a787b3          	sub	a5,a5,a0
   12c7c:	00f42023          	sw	a5,0(s0)
   12c80:	ed9ff06f          	j	12b58 <_malloc_r+0x48>
   12c84:	00e7a223          	sw	a4,4(a5)
   12c88:	fc1ff06f          	j	12c48 <_malloc_r+0x138>
   12c8c:	00442703          	lw	a4,4(s0)
   12c90:	00879663          	bne	a5,s0,12c9c <_malloc_r+0x18c>
   12c94:	00e9a023          	sw	a4,0(s3)
   12c98:	fbdff06f          	j	12c54 <_malloc_r+0x144>
   12c9c:	00e7a223          	sw	a4,4(a5)
   12ca0:	fb5ff06f          	j	12c54 <_malloc_r+0x144>
   12ca4:	00040793          	mv	a5,s0
   12ca8:	00442403          	lw	s0,4(s0)
   12cac:	ee9ff06f          	j	12b94 <_malloc_r+0x84>
   12cb0:	00078413          	mv	s0,a5
   12cb4:	0047a783          	lw	a5,4(a5)
   12cb8:	f05ff06f          	j	12bbc <_malloc_r+0xac>
   12cbc:	00078713          	mv	a4,a5
   12cc0:	0047a783          	lw	a5,4(a5)
   12cc4:	fe879ce3          	bne	a5,s0,12cbc <_malloc_r+0x1ac>
   12cc8:	00072223          	sw	zero,4(a4)
   12ccc:	f89ff06f          	j	12c54 <_malloc_r+0x144>
   12cd0:	00c00793          	li	a5,12
   12cd4:	00f92023          	sw	a5,0(s2)
   12cd8:	00090513          	mv	a0,s2
   12cdc:	00000097          	auipc	ra,0x0
   12ce0:	024080e7          	jalr	36(ra) # 12d00 <__malloc_unlock>
   12ce4:	e71ff06f          	j	12b54 <_malloc_r+0x44>
   12ce8:	00952023          	sw	s1,0(a0)
   12cec:	f69ff06f          	j	12c54 <_malloc_r+0x144>

00012cf0 <__malloc_lock>:
   12cf0:	0000e517          	auipc	a0,0xe
   12cf4:	d2c50513          	addi	a0,a0,-724 # 20a1c <__lock___malloc_recursive_mutex>
   12cf8:	00000317          	auipc	t1,0x0
   12cfc:	c7030067          	jr	-912(t1) # 12968 <__retarget_lock_acquire_recursive>

00012d00 <__malloc_unlock>:
   12d00:	0000e517          	auipc	a0,0xe
   12d04:	d1c50513          	addi	a0,a0,-740 # 20a1c <__lock___malloc_recursive_mutex>
   12d08:	00000317          	auipc	t1,0x0
   12d0c:	c6430067          	jr	-924(t1) # 1296c <__retarget_lock_release_recursive>

00012d10 <__sfputc_r>:
   12d10:	00862783          	lw	a5,8(a2)
   12d14:	fff78793          	addi	a5,a5,-1
   12d18:	00f62423          	sw	a5,8(a2)
   12d1c:	0007de63          	bgez	a5,12d38 <__sfputc_r+0x28>
   12d20:	01862703          	lw	a4,24(a2)
   12d24:	00e7c663          	blt	a5,a4,12d30 <__sfputc_r+0x20>
   12d28:	ff658793          	addi	a5,a1,-10
   12d2c:	00079663          	bnez	a5,12d38 <__sfputc_r+0x28>
   12d30:	00000317          	auipc	t1,0x0
   12d34:	a0030067          	jr	-1536(t1) # 12730 <__swbuf_r>
   12d38:	00062783          	lw	a5,0(a2)
   12d3c:	00058513          	mv	a0,a1
   12d40:	00178713          	addi	a4,a5,1
   12d44:	00e62023          	sw	a4,0(a2)
   12d48:	00b78023          	sb	a1,0(a5)
   12d4c:	00008067          	ret

00012d50 <__sfputs_r>:
   12d50:	fe010113          	addi	sp,sp,-32
   12d54:	00812c23          	sw	s0,24(sp)
   12d58:	00912a23          	sw	s1,20(sp)
   12d5c:	01212823          	sw	s2,16(sp)
   12d60:	01312623          	sw	s3,12(sp)
   12d64:	01412423          	sw	s4,8(sp)
   12d68:	00112e23          	sw	ra,28(sp)
   12d6c:	00050993          	mv	s3,a0
   12d70:	00058a13          	mv	s4,a1
   12d74:	00060413          	mv	s0,a2
   12d78:	00d604b3          	add	s1,a2,a3
   12d7c:	fff00913          	li	s2,-1
   12d80:	00941663          	bne	s0,s1,12d8c <__sfputs_r+0x3c>
   12d84:	00000513          	li	a0,0
   12d88:	0200006f          	j	12da8 <__sfputs_r+0x58>
   12d8c:	00044583          	lbu	a1,0(s0)
   12d90:	000a0613          	mv	a2,s4
   12d94:	00098513          	mv	a0,s3
   12d98:	00000097          	auipc	ra,0x0
   12d9c:	f78080e7          	jalr	-136(ra) # 12d10 <__sfputc_r>
   12da0:	00140413          	addi	s0,s0,1
   12da4:	fd251ee3          	bne	a0,s2,12d80 <__sfputs_r+0x30>
   12da8:	01c12083          	lw	ra,28(sp)
   12dac:	01812403          	lw	s0,24(sp)
   12db0:	01412483          	lw	s1,20(sp)
   12db4:	01012903          	lw	s2,16(sp)
   12db8:	00c12983          	lw	s3,12(sp)
   12dbc:	00812a03          	lw	s4,8(sp)
   12dc0:	02010113          	addi	sp,sp,32
   12dc4:	00008067          	ret

00012dc8 <_vfiprintf_r>:
   12dc8:	f5010113          	addi	sp,sp,-176
   12dcc:	0a812423          	sw	s0,168(sp)
   12dd0:	0a912223          	sw	s1,164(sp)
   12dd4:	09312e23          	sw	s3,156(sp)
   12dd8:	09412c23          	sw	s4,152(sp)
   12ddc:	0a112623          	sw	ra,172(sp)
   12de0:	0b212023          	sw	s2,160(sp)
   12de4:	09512a23          	sw	s5,148(sp)
   12de8:	09612823          	sw	s6,144(sp)
   12dec:	09712623          	sw	s7,140(sp)
   12df0:	09812423          	sw	s8,136(sp)
   12df4:	09912223          	sw	s9,132(sp)
   12df8:	00050993          	mv	s3,a0
   12dfc:	00058493          	mv	s1,a1
   12e00:	00060413          	mv	s0,a2
   12e04:	00068a13          	mv	s4,a3
   12e08:	00050a63          	beqz	a0,12e1c <_vfiprintf_r+0x54>
   12e0c:	02052783          	lw	a5,32(a0)
   12e10:	00079663          	bnez	a5,12e1c <_vfiprintf_r+0x54>
   12e14:	00001097          	auipc	ra,0x1
   12e18:	d94080e7          	jalr	-620(ra) # 13ba8 <__sinit>
   12e1c:	0644a783          	lw	a5,100(s1)
   12e20:	0017f793          	andi	a5,a5,1
   12e24:	00079e63          	bnez	a5,12e40 <_vfiprintf_r+0x78>
   12e28:	00c4d783          	lhu	a5,12(s1)
   12e2c:	2007f793          	andi	a5,a5,512
   12e30:	00079863          	bnez	a5,12e40 <_vfiprintf_r+0x78>
   12e34:	0584a503          	lw	a0,88(s1)
   12e38:	00000097          	auipc	ra,0x0
   12e3c:	b30080e7          	jalr	-1232(ra) # 12968 <__retarget_lock_acquire_recursive>
   12e40:	00c4d783          	lhu	a5,12(s1)
   12e44:	0087f793          	andi	a5,a5,8
   12e48:	00078663          	beqz	a5,12e54 <_vfiprintf_r+0x8c>
   12e4c:	0104a783          	lw	a5,16(s1)
   12e50:	06079c63          	bnez	a5,12ec8 <_vfiprintf_r+0x100>
   12e54:	00048593          	mv	a1,s1
   12e58:	00098513          	mv	a0,s3
   12e5c:	00000097          	auipc	ra,0x0
   12e60:	9e0080e7          	jalr	-1568(ra) # 1283c <__swsetup_r>
   12e64:	06050263          	beqz	a0,12ec8 <_vfiprintf_r+0x100>
   12e68:	0644a783          	lw	a5,100(s1)
   12e6c:	0017f793          	andi	a5,a5,1
   12e70:	02078e63          	beqz	a5,12eac <_vfiprintf_r+0xe4>
   12e74:	fff00513          	li	a0,-1
   12e78:	0ac12083          	lw	ra,172(sp)
   12e7c:	0a812403          	lw	s0,168(sp)
   12e80:	0a412483          	lw	s1,164(sp)
   12e84:	0a012903          	lw	s2,160(sp)
   12e88:	09c12983          	lw	s3,156(sp)
   12e8c:	09812a03          	lw	s4,152(sp)
   12e90:	09412a83          	lw	s5,148(sp)
   12e94:	09012b03          	lw	s6,144(sp)
   12e98:	08c12b83          	lw	s7,140(sp)
   12e9c:	08812c03          	lw	s8,136(sp)
   12ea0:	08412c83          	lw	s9,132(sp)
   12ea4:	0b010113          	addi	sp,sp,176
   12ea8:	00008067          	ret
   12eac:	00c4d783          	lhu	a5,12(s1)
   12eb0:	2007f793          	andi	a5,a5,512
   12eb4:	fc0790e3          	bnez	a5,12e74 <_vfiprintf_r+0xac>
   12eb8:	0584a503          	lw	a0,88(s1)
   12ebc:	00000097          	auipc	ra,0x0
   12ec0:	ab0080e7          	jalr	-1360(ra) # 1296c <__retarget_lock_release_recursive>
   12ec4:	fb1ff06f          	j	12e74 <_vfiprintf_r+0xac>
   12ec8:	02000793          	li	a5,32
   12ecc:	02f10ca3          	sb	a5,57(sp)
   12ed0:	03000793          	li	a5,48
   12ed4:	01412e23          	sw	s4,28(sp)
   12ed8:	02012a23          	sw	zero,52(sp)
   12edc:	02f10d23          	sb	a5,58(sp)
   12ee0:	fff00a13          	li	s4,-1
   12ee4:	0000eb17          	auipc	s6,0xe
   12ee8:	9a0b0b13          	addi	s6,s6,-1632 # 20884 <__global_pointer$+0x1c>
   12eec:	00100b93          	li	s7,1
   12ef0:	00a00a93          	li	s5,10
   12ef4:	00040c13          	mv	s8,s0
   12ef8:	000c4783          	lbu	a5,0(s8)
   12efc:	00f03cb3          	snez	s9,a5
   12f00:	fdb78793          	addi	a5,a5,-37
   12f04:	00f037b3          	snez	a5,a5
   12f08:	00fcfcb3          	and	s9,s9,a5
   12f0c:	0c0c9863          	bnez	s9,12fdc <_vfiprintf_r+0x214>
   12f10:	408c06b3          	sub	a3,s8,s0
   12f14:	028c0863          	beq	s8,s0,12f44 <_vfiprintf_r+0x17c>
   12f18:	00040613          	mv	a2,s0
   12f1c:	00048593          	mv	a1,s1
   12f20:	00098513          	mv	a0,s3
   12f24:	00d12623          	sw	a3,12(sp)
   12f28:	00000097          	auipc	ra,0x0
   12f2c:	e28080e7          	jalr	-472(ra) # 12d50 <__sfputs_r>
   12f30:	25450863          	beq	a0,s4,13180 <_vfiprintf_r+0x3b8>
   12f34:	03412783          	lw	a5,52(sp)
   12f38:	00c12683          	lw	a3,12(sp)
   12f3c:	00d787b3          	add	a5,a5,a3
   12f40:	02f12a23          	sw	a5,52(sp)
   12f44:	000c4783          	lbu	a5,0(s8)
   12f48:	22078c63          	beqz	a5,13180 <_vfiprintf_r+0x3b8>
   12f4c:	001c0413          	addi	s0,s8,1
   12f50:	02012023          	sw	zero,32(sp)
   12f54:	02012623          	sw	zero,44(sp)
   12f58:	03412223          	sw	s4,36(sp)
   12f5c:	02012423          	sw	zero,40(sp)
   12f60:	060101a3          	sb	zero,99(sp)
   12f64:	06012c23          	sw	zero,120(sp)
   12f68:	00044583          	lbu	a1,0(s0)
   12f6c:	00500613          	li	a2,5
   12f70:	0000e517          	auipc	a0,0xe
   12f74:	91450513          	addi	a0,a0,-1772 # 20884 <__global_pointer$+0x1c>
   12f78:	00001097          	auipc	ra,0x1
   12f7c:	0c8080e7          	jalr	200(ra) # 14040 <memchr>
   12f80:	02012783          	lw	a5,32(sp)
   12f84:	00140693          	addi	a3,s0,1
   12f88:	04051e63          	bnez	a0,12fe4 <_vfiprintf_r+0x21c>
   12f8c:	0107f713          	andi	a4,a5,16
   12f90:	00070663          	beqz	a4,12f9c <_vfiprintf_r+0x1d4>
   12f94:	02000713          	li	a4,32
   12f98:	06e101a3          	sb	a4,99(sp)
   12f9c:	0087f713          	andi	a4,a5,8
   12fa0:	00070663          	beqz	a4,12fac <_vfiprintf_r+0x1e4>
   12fa4:	02b00713          	li	a4,43
   12fa8:	06e101a3          	sb	a4,99(sp)
   12fac:	00044603          	lbu	a2,0(s0)
   12fb0:	02a00713          	li	a4,42
   12fb4:	04e60463          	beq	a2,a4,12ffc <_vfiprintf_r+0x234>
   12fb8:	02c12783          	lw	a5,44(sp)
   12fbc:	00000693          	li	a3,0
   12fc0:	00900613          	li	a2,9
   12fc4:	00044703          	lbu	a4,0(s0)
   12fc8:	fd070713          	addi	a4,a4,-48
   12fcc:	08e67e63          	bgeu	a2,a4,13068 <_vfiprintf_r+0x2a0>
   12fd0:	04068463          	beqz	a3,13018 <_vfiprintf_r+0x250>
   12fd4:	02f12623          	sw	a5,44(sp)
   12fd8:	0400006f          	j	13018 <_vfiprintf_r+0x250>
   12fdc:	001c0c13          	addi	s8,s8,1
   12fe0:	f19ff06f          	j	12ef8 <_vfiprintf_r+0x130>
   12fe4:	41650533          	sub	a0,a0,s6
   12fe8:	00ab9533          	sll	a0,s7,a0
   12fec:	00f56533          	or	a0,a0,a5
   12ff0:	02a12023          	sw	a0,32(sp)
   12ff4:	00068413          	mv	s0,a3
   12ff8:	f71ff06f          	j	12f68 <_vfiprintf_r+0x1a0>
   12ffc:	01c12703          	lw	a4,28(sp)
   13000:	00470613          	addi	a2,a4,4
   13004:	00072703          	lw	a4,0(a4)
   13008:	00c12e23          	sw	a2,28(sp)
   1300c:	04074463          	bltz	a4,13054 <_vfiprintf_r+0x28c>
   13010:	02e12623          	sw	a4,44(sp)
   13014:	00068413          	mv	s0,a3
   13018:	00044703          	lbu	a4,0(s0)
   1301c:	02e00793          	li	a5,46
   13020:	06f71e63          	bne	a4,a5,1309c <_vfiprintf_r+0x2d4>
   13024:	00144703          	lbu	a4,1(s0)
   13028:	02a00793          	li	a5,42
   1302c:	04f71863          	bne	a4,a5,1307c <_vfiprintf_r+0x2b4>
   13030:	01c12783          	lw	a5,28(sp)
   13034:	00240413          	addi	s0,s0,2
   13038:	00478713          	addi	a4,a5,4
   1303c:	0007a783          	lw	a5,0(a5)
   13040:	00e12e23          	sw	a4,28(sp)
   13044:	0007d463          	bgez	a5,1304c <_vfiprintf_r+0x284>
   13048:	fff00793          	li	a5,-1
   1304c:	02f12223          	sw	a5,36(sp)
   13050:	04c0006f          	j	1309c <_vfiprintf_r+0x2d4>
   13054:	40e00733          	neg	a4,a4
   13058:	0027e793          	ori	a5,a5,2
   1305c:	02e12623          	sw	a4,44(sp)
   13060:	02f12023          	sw	a5,32(sp)
   13064:	fb1ff06f          	j	13014 <_vfiprintf_r+0x24c>
   13068:	035787b3          	mul	a5,a5,s5
   1306c:	00140413          	addi	s0,s0,1
   13070:	00100693          	li	a3,1
   13074:	00e787b3          	add	a5,a5,a4
   13078:	f4dff06f          	j	12fc4 <_vfiprintf_r+0x1fc>
   1307c:	00140413          	addi	s0,s0,1
   13080:	02012223          	sw	zero,36(sp)
   13084:	00000793          	li	a5,0
   13088:	00900693          	li	a3,9
   1308c:	00044703          	lbu	a4,0(s0)
   13090:	fd070713          	addi	a4,a4,-48
   13094:	0ae6f063          	bgeu	a3,a4,13134 <_vfiprintf_r+0x36c>
   13098:	fa0c9ae3          	bnez	s9,1304c <_vfiprintf_r+0x284>
   1309c:	00044583          	lbu	a1,0(s0)
   130a0:	00300613          	li	a2,3
   130a4:	0000d517          	auipc	a0,0xd
   130a8:	7e850513          	addi	a0,a0,2024 # 2088c <__global_pointer$+0x24>
   130ac:	00001097          	auipc	ra,0x1
   130b0:	f94080e7          	jalr	-108(ra) # 14040 <memchr>
   130b4:	02050463          	beqz	a0,130dc <_vfiprintf_r+0x314>
   130b8:	0000d797          	auipc	a5,0xd
   130bc:	7d478793          	addi	a5,a5,2004 # 2088c <__global_pointer$+0x24>
   130c0:	40f50533          	sub	a0,a0,a5
   130c4:	02012783          	lw	a5,32(sp)
   130c8:	04000713          	li	a4,64
   130cc:	00a71733          	sll	a4,a4,a0
   130d0:	00e7e7b3          	or	a5,a5,a4
   130d4:	00140413          	addi	s0,s0,1
   130d8:	02f12023          	sw	a5,32(sp)
   130dc:	00044583          	lbu	a1,0(s0)
   130e0:	00600613          	li	a2,6
   130e4:	0000d517          	auipc	a0,0xd
   130e8:	7ac50513          	addi	a0,a0,1964 # 20890 <__global_pointer$+0x28>
   130ec:	02b10c23          	sb	a1,56(sp)
   130f0:	00001097          	auipc	ra,0x1
   130f4:	f50080e7          	jalr	-176(ra) # 14040 <memchr>
   130f8:	0c050063          	beqz	a0,131b8 <_vfiprintf_r+0x3f0>
   130fc:	fffed797          	auipc	a5,0xfffed
   13100:	f0478793          	addi	a5,a5,-252 # 0 <__STACK_SIZE-0x1000>
   13104:	04079a63          	bnez	a5,13158 <_vfiprintf_r+0x390>
   13108:	02012703          	lw	a4,32(sp)
   1310c:	01c12783          	lw	a5,28(sp)
   13110:	10077713          	andi	a4,a4,256
   13114:	02070a63          	beqz	a4,13148 <_vfiprintf_r+0x380>
   13118:	00478793          	addi	a5,a5,4
   1311c:	00f12e23          	sw	a5,28(sp)
   13120:	03412783          	lw	a5,52(sp)
   13124:	00140413          	addi	s0,s0,1
   13128:	012787b3          	add	a5,a5,s2
   1312c:	02f12a23          	sw	a5,52(sp)
   13130:	dc5ff06f          	j	12ef4 <_vfiprintf_r+0x12c>
   13134:	035787b3          	mul	a5,a5,s5
   13138:	00140413          	addi	s0,s0,1
   1313c:	00100c93          	li	s9,1
   13140:	00e787b3          	add	a5,a5,a4
   13144:	f49ff06f          	j	1308c <_vfiprintf_r+0x2c4>
   13148:	00778793          	addi	a5,a5,7
   1314c:	ff87f793          	andi	a5,a5,-8
   13150:	00878793          	addi	a5,a5,8
   13154:	fc9ff06f          	j	1311c <_vfiprintf_r+0x354>
   13158:	01c10713          	addi	a4,sp,28
   1315c:	00000697          	auipc	a3,0x0
   13160:	bf468693          	addi	a3,a3,-1036 # 12d50 <__sfputs_r>
   13164:	00048613          	mv	a2,s1
   13168:	02010593          	addi	a1,sp,32
   1316c:	00098513          	mv	a0,s3
   13170:	00000097          	auipc	ra,0x0
   13174:	000000e7          	jalr	zero # 0 <__STACK_SIZE-0x1000>
   13178:	00050913          	mv	s2,a0
   1317c:	fb4512e3          	bne	a0,s4,13120 <_vfiprintf_r+0x358>
   13180:	0644a783          	lw	a5,100(s1)
   13184:	0017f793          	andi	a5,a5,1
   13188:	00079e63          	bnez	a5,131a4 <_vfiprintf_r+0x3dc>
   1318c:	00c4d783          	lhu	a5,12(s1)
   13190:	2007f793          	andi	a5,a5,512
   13194:	00079863          	bnez	a5,131a4 <_vfiprintf_r+0x3dc>
   13198:	0584a503          	lw	a0,88(s1)
   1319c:	fffff097          	auipc	ra,0xfffff
   131a0:	7d0080e7          	jalr	2000(ra) # 1296c <__retarget_lock_release_recursive>
   131a4:	00c4d783          	lhu	a5,12(s1)
   131a8:	0407f793          	andi	a5,a5,64
   131ac:	cc0794e3          	bnez	a5,12e74 <_vfiprintf_r+0xac>
   131b0:	03412503          	lw	a0,52(sp)
   131b4:	cc5ff06f          	j	12e78 <_vfiprintf_r+0xb0>
   131b8:	01c10713          	addi	a4,sp,28
   131bc:	00000697          	auipc	a3,0x0
   131c0:	b9468693          	addi	a3,a3,-1132 # 12d50 <__sfputs_r>
   131c4:	00048613          	mv	a2,s1
   131c8:	02010593          	addi	a1,sp,32
   131cc:	00098513          	mv	a0,s3
   131d0:	00000097          	auipc	ra,0x0
   131d4:	1c0080e7          	jalr	448(ra) # 13390 <_printf_i>
   131d8:	fa1ff06f          	j	13178 <_vfiprintf_r+0x3b0>

000131dc <_printf_common>:
   131dc:	fd010113          	addi	sp,sp,-48
   131e0:	01312e23          	sw	s3,28(sp)
   131e4:	0105a783          	lw	a5,16(a1)
   131e8:	00070993          	mv	s3,a4
   131ec:	0085a703          	lw	a4,8(a1)
   131f0:	02812423          	sw	s0,40(sp)
   131f4:	03212023          	sw	s2,32(sp)
   131f8:	01612823          	sw	s6,16(sp)
   131fc:	01712623          	sw	s7,12(sp)
   13200:	02112623          	sw	ra,44(sp)
   13204:	02912223          	sw	s1,36(sp)
   13208:	01412c23          	sw	s4,24(sp)
   1320c:	01512a23          	sw	s5,20(sp)
   13210:	00050b13          	mv	s6,a0
   13214:	00058413          	mv	s0,a1
   13218:	00060913          	mv	s2,a2
   1321c:	00068b93          	mv	s7,a3
   13220:	00e7d463          	bge	a5,a4,13228 <_printf_common+0x4c>
   13224:	00070793          	mv	a5,a4
   13228:	00f92023          	sw	a5,0(s2)
   1322c:	04344703          	lbu	a4,67(s0)
   13230:	00070663          	beqz	a4,1323c <_printf_common+0x60>
   13234:	00178793          	addi	a5,a5,1
   13238:	00f92023          	sw	a5,0(s2)
   1323c:	00042783          	lw	a5,0(s0)
   13240:	0207f793          	andi	a5,a5,32
   13244:	00078863          	beqz	a5,13254 <_printf_common+0x78>
   13248:	00092783          	lw	a5,0(s2)
   1324c:	00278793          	addi	a5,a5,2
   13250:	00f92023          	sw	a5,0(s2)
   13254:	00042483          	lw	s1,0(s0)
   13258:	0064f493          	andi	s1,s1,6
   1325c:	00049e63          	bnez	s1,13278 <_printf_common+0x9c>
   13260:	01940a13          	addi	s4,s0,25
   13264:	fff00a93          	li	s5,-1
   13268:	00c42783          	lw	a5,12(s0)
   1326c:	00092703          	lw	a4,0(s2)
   13270:	40e787b3          	sub	a5,a5,a4
   13274:	08f4c463          	blt	s1,a5,132fc <_printf_common+0x120>
   13278:	00042783          	lw	a5,0(s0)
   1327c:	04344683          	lbu	a3,67(s0)
   13280:	0207f793          	andi	a5,a5,32
   13284:	00d036b3          	snez	a3,a3
   13288:	0c079263          	bnez	a5,1334c <_printf_common+0x170>
   1328c:	04340613          	addi	a2,s0,67
   13290:	000b8593          	mv	a1,s7
   13294:	000b0513          	mv	a0,s6
   13298:	000980e7          	jalr	s3
   1329c:	fff00793          	li	a5,-1
   132a0:	06f50a63          	beq	a0,a5,13314 <_printf_common+0x138>
   132a4:	00042783          	lw	a5,0(s0)
   132a8:	00400713          	li	a4,4
   132ac:	00000493          	li	s1,0
   132b0:	0067f793          	andi	a5,a5,6
   132b4:	00e79e63          	bne	a5,a4,132d0 <_printf_common+0xf4>
   132b8:	00092783          	lw	a5,0(s2)
   132bc:	00c42483          	lw	s1,12(s0)
   132c0:	40f484b3          	sub	s1,s1,a5
   132c4:	fff4c793          	not	a5,s1
   132c8:	41f7d793          	srai	a5,a5,0x1f
   132cc:	00f4f4b3          	and	s1,s1,a5
   132d0:	00842783          	lw	a5,8(s0)
   132d4:	01042703          	lw	a4,16(s0)
   132d8:	00f75663          	bge	a4,a5,132e4 <_printf_common+0x108>
   132dc:	40e787b3          	sub	a5,a5,a4
   132e0:	00f484b3          	add	s1,s1,a5
   132e4:	00000913          	li	s2,0
   132e8:	01a40413          	addi	s0,s0,26
   132ec:	fff00a13          	li	s4,-1
   132f0:	09249063          	bne	s1,s2,13370 <_printf_common+0x194>
   132f4:	00000513          	li	a0,0
   132f8:	0200006f          	j	13318 <_printf_common+0x13c>
   132fc:	00100693          	li	a3,1
   13300:	000a0613          	mv	a2,s4
   13304:	000b8593          	mv	a1,s7
   13308:	000b0513          	mv	a0,s6
   1330c:	000980e7          	jalr	s3
   13310:	03551a63          	bne	a0,s5,13344 <_printf_common+0x168>
   13314:	fff00513          	li	a0,-1
   13318:	02c12083          	lw	ra,44(sp)
   1331c:	02812403          	lw	s0,40(sp)
   13320:	02412483          	lw	s1,36(sp)
   13324:	02012903          	lw	s2,32(sp)
   13328:	01c12983          	lw	s3,28(sp)
   1332c:	01812a03          	lw	s4,24(sp)
   13330:	01412a83          	lw	s5,20(sp)
   13334:	01012b03          	lw	s6,16(sp)
   13338:	00c12b83          	lw	s7,12(sp)
   1333c:	03010113          	addi	sp,sp,48
   13340:	00008067          	ret
   13344:	00148493          	addi	s1,s1,1
   13348:	f21ff06f          	j	13268 <_printf_common+0x8c>
   1334c:	00d40733          	add	a4,s0,a3
   13350:	03000613          	li	a2,48
   13354:	04c701a3          	sb	a2,67(a4)
   13358:	04544703          	lbu	a4,69(s0)
   1335c:	00168793          	addi	a5,a3,1
   13360:	00f407b3          	add	a5,s0,a5
   13364:	00268693          	addi	a3,a3,2
   13368:	04e781a3          	sb	a4,67(a5)
   1336c:	f21ff06f          	j	1328c <_printf_common+0xb0>
   13370:	00100693          	li	a3,1
   13374:	00040613          	mv	a2,s0
   13378:	000b8593          	mv	a1,s7
   1337c:	000b0513          	mv	a0,s6
   13380:	000980e7          	jalr	s3
   13384:	f94508e3          	beq	a0,s4,13314 <_printf_common+0x138>
   13388:	00190913          	addi	s2,s2,1
   1338c:	f65ff06f          	j	132f0 <_printf_common+0x114>

00013390 <_printf_i>:
   13390:	fc010113          	addi	sp,sp,-64
   13394:	02812c23          	sw	s0,56(sp)
   13398:	02912a23          	sw	s1,52(sp)
   1339c:	03412423          	sw	s4,40(sp)
   133a0:	03512223          	sw	s5,36(sp)
   133a4:	02112e23          	sw	ra,60(sp)
   133a8:	03212823          	sw	s2,48(sp)
   133ac:	03312623          	sw	s3,44(sp)
   133b0:	0185c783          	lbu	a5,24(a1)
   133b4:	00068493          	mv	s1,a3
   133b8:	07800693          	li	a3,120
   133bc:	00050a13          	mv	s4,a0
   133c0:	00058413          	mv	s0,a1
   133c4:	00060a93          	mv	s5,a2
   133c8:	02f6e263          	bltu	a3,a5,133ec <_printf_i+0x5c>
   133cc:	06200693          	li	a3,98
   133d0:	04358613          	addi	a2,a1,67
   133d4:	02f6e063          	bltu	a3,a5,133f4 <_printf_i+0x64>
   133d8:	28078863          	beqz	a5,13668 <_printf_i+0x2d8>
   133dc:	05800593          	li	a1,88
   133e0:	0000d697          	auipc	a3,0xd
   133e4:	4b868693          	addi	a3,a3,1208 # 20898 <__global_pointer$+0x30>
   133e8:	1cb78c63          	beq	a5,a1,135c0 <_printf_i+0x230>
   133ec:	04240913          	addi	s2,s0,66
   133f0:	0440006f          	j	13434 <_printf_i+0xa4>
   133f4:	f9d78693          	addi	a3,a5,-99
   133f8:	0ff6f693          	zext.b	a3,a3
   133fc:	01500593          	li	a1,21
   13400:	fed5e6e3          	bltu	a1,a3,133ec <_printf_i+0x5c>
   13404:	0000d597          	auipc	a1,0xd
   13408:	4bc58593          	addi	a1,a1,1212 # 208c0 <__global_pointer$+0x58>
   1340c:	00269693          	slli	a3,a3,0x2
   13410:	00b686b3          	add	a3,a3,a1
   13414:	0006a683          	lw	a3,0(a3)
   13418:	00b686b3          	add	a3,a3,a1
   1341c:	00068067          	jr	a3
   13420:	00072783          	lw	a5,0(a4)
   13424:	04240913          	addi	s2,s0,66
   13428:	00478693          	addi	a3,a5,4
   1342c:	0007a783          	lw	a5,0(a5)
   13430:	00d72023          	sw	a3,0(a4)
   13434:	04f40123          	sb	a5,66(s0)
   13438:	00100793          	li	a5,1
   1343c:	26c0006f          	j	136a8 <_printf_i+0x318>
   13440:	00042783          	lw	a5,0(s0)
   13444:	00072503          	lw	a0,0(a4)
   13448:	0807f693          	andi	a3,a5,128
   1344c:	00450593          	addi	a1,a0,4
   13450:	02068663          	beqz	a3,1347c <_printf_i+0xec>
   13454:	00052783          	lw	a5,0(a0)
   13458:	00b72023          	sw	a1,0(a4)
   1345c:	0007d863          	bgez	a5,1346c <_printf_i+0xdc>
   13460:	02d00713          	li	a4,45
   13464:	40f007b3          	neg	a5,a5
   13468:	04e401a3          	sb	a4,67(s0)
   1346c:	0000d697          	auipc	a3,0xd
   13470:	42c68693          	addi	a3,a3,1068 # 20898 <__global_pointer$+0x30>
   13474:	00a00713          	li	a4,10
   13478:	0680006f          	j	134e0 <_printf_i+0x150>
   1347c:	0407f693          	andi	a3,a5,64
   13480:	00052783          	lw	a5,0(a0)
   13484:	00b72023          	sw	a1,0(a4)
   13488:	fc068ae3          	beqz	a3,1345c <_printf_i+0xcc>
   1348c:	01079793          	slli	a5,a5,0x10
   13490:	4107d793          	srai	a5,a5,0x10
   13494:	fc9ff06f          	j	1345c <_printf_i+0xcc>
   13498:	00042583          	lw	a1,0(s0)
   1349c:	00072683          	lw	a3,0(a4)
   134a0:	0805f513          	andi	a0,a1,128
   134a4:	0006a783          	lw	a5,0(a3)
   134a8:	00468693          	addi	a3,a3,4
   134ac:	00051a63          	bnez	a0,134c0 <_printf_i+0x130>
   134b0:	0405f593          	andi	a1,a1,64
   134b4:	00058663          	beqz	a1,134c0 <_printf_i+0x130>
   134b8:	01079793          	slli	a5,a5,0x10
   134bc:	0107d793          	srli	a5,a5,0x10
   134c0:	00d72023          	sw	a3,0(a4)
   134c4:	01844683          	lbu	a3,24(s0)
   134c8:	06f00713          	li	a4,111
   134cc:	14e69863          	bne	a3,a4,1361c <_printf_i+0x28c>
   134d0:	0000d697          	auipc	a3,0xd
   134d4:	3c868693          	addi	a3,a3,968 # 20898 <__global_pointer$+0x30>
   134d8:	00800713          	li	a4,8
   134dc:	040401a3          	sb	zero,67(s0)
   134e0:	00442583          	lw	a1,4(s0)
   134e4:	00b42423          	sw	a1,8(s0)
   134e8:	0005ce63          	bltz	a1,13504 <_printf_i+0x174>
   134ec:	00042503          	lw	a0,0(s0)
   134f0:	00b7e5b3          	or	a1,a5,a1
   134f4:	00060913          	mv	s2,a2
   134f8:	ffb57513          	andi	a0,a0,-5
   134fc:	00a42023          	sw	a0,0(s0)
   13500:	02058463          	beqz	a1,13528 <_printf_i+0x198>
   13504:	00060913          	mv	s2,a2
   13508:	02e7f5b3          	remu	a1,a5,a4
   1350c:	fff90913          	addi	s2,s2,-1
   13510:	00b685b3          	add	a1,a3,a1
   13514:	0005c583          	lbu	a1,0(a1)
   13518:	00b90023          	sb	a1,0(s2)
   1351c:	00078593          	mv	a1,a5
   13520:	02e7d7b3          	divu	a5,a5,a4
   13524:	fee5f2e3          	bgeu	a1,a4,13508 <_printf_i+0x178>
   13528:	00800793          	li	a5,8
   1352c:	02f71463          	bne	a4,a5,13554 <_printf_i+0x1c4>
   13530:	00042783          	lw	a5,0(s0)
   13534:	0017f793          	andi	a5,a5,1
   13538:	00078e63          	beqz	a5,13554 <_printf_i+0x1c4>
   1353c:	00442703          	lw	a4,4(s0)
   13540:	01042783          	lw	a5,16(s0)
   13544:	00e7c863          	blt	a5,a4,13554 <_printf_i+0x1c4>
   13548:	03000793          	li	a5,48
   1354c:	fef90fa3          	sb	a5,-1(s2)
   13550:	fff90913          	addi	s2,s2,-1
   13554:	41260633          	sub	a2,a2,s2
   13558:	00c42823          	sw	a2,16(s0)
   1355c:	00048713          	mv	a4,s1
   13560:	000a8693          	mv	a3,s5
   13564:	01c10613          	addi	a2,sp,28
   13568:	00040593          	mv	a1,s0
   1356c:	000a0513          	mv	a0,s4
   13570:	00000097          	auipc	ra,0x0
   13574:	c6c080e7          	jalr	-916(ra) # 131dc <_printf_common>
   13578:	fff00993          	li	s3,-1
   1357c:	13351c63          	bne	a0,s3,136b4 <_printf_i+0x324>
   13580:	fff00513          	li	a0,-1
   13584:	03c12083          	lw	ra,60(sp)
   13588:	03812403          	lw	s0,56(sp)
   1358c:	03412483          	lw	s1,52(sp)
   13590:	03012903          	lw	s2,48(sp)
   13594:	02c12983          	lw	s3,44(sp)
   13598:	02812a03          	lw	s4,40(sp)
   1359c:	02412a83          	lw	s5,36(sp)
   135a0:	04010113          	addi	sp,sp,64
   135a4:	00008067          	ret
   135a8:	00042783          	lw	a5,0(s0)
   135ac:	0207e793          	ori	a5,a5,32
   135b0:	00f42023          	sw	a5,0(s0)
   135b4:	07800793          	li	a5,120
   135b8:	0000d697          	auipc	a3,0xd
   135bc:	2f468693          	addi	a3,a3,756 # 208ac <__global_pointer$+0x44>
   135c0:	04f402a3          	sb	a5,69(s0)
   135c4:	00042583          	lw	a1,0(s0)
   135c8:	00072503          	lw	a0,0(a4)
   135cc:	0805f813          	andi	a6,a1,128
   135d0:	00052783          	lw	a5,0(a0)
   135d4:	00450513          	addi	a0,a0,4
   135d8:	00081a63          	bnez	a6,135ec <_printf_i+0x25c>
   135dc:	0405f813          	andi	a6,a1,64
   135e0:	00080663          	beqz	a6,135ec <_printf_i+0x25c>
   135e4:	01079793          	slli	a5,a5,0x10
   135e8:	0107d793          	srli	a5,a5,0x10
   135ec:	00a72023          	sw	a0,0(a4)
   135f0:	0015f713          	andi	a4,a1,1
   135f4:	00070663          	beqz	a4,13600 <_printf_i+0x270>
   135f8:	0205e593          	ori	a1,a1,32
   135fc:	00b42023          	sw	a1,0(s0)
   13600:	00078663          	beqz	a5,1360c <_printf_i+0x27c>
   13604:	01000713          	li	a4,16
   13608:	ed5ff06f          	j	134dc <_printf_i+0x14c>
   1360c:	00042703          	lw	a4,0(s0)
   13610:	fdf77713          	andi	a4,a4,-33
   13614:	00e42023          	sw	a4,0(s0)
   13618:	fedff06f          	j	13604 <_printf_i+0x274>
   1361c:	0000d697          	auipc	a3,0xd
   13620:	27c68693          	addi	a3,a3,636 # 20898 <__global_pointer$+0x30>
   13624:	00a00713          	li	a4,10
   13628:	eb5ff06f          	j	134dc <_printf_i+0x14c>
   1362c:	00042683          	lw	a3,0(s0)
   13630:	00072783          	lw	a5,0(a4)
   13634:	01442583          	lw	a1,20(s0)
   13638:	0806f813          	andi	a6,a3,128
   1363c:	00478513          	addi	a0,a5,4
   13640:	00080a63          	beqz	a6,13654 <_printf_i+0x2c4>
   13644:	00a72023          	sw	a0,0(a4)
   13648:	0007a783          	lw	a5,0(a5)
   1364c:	00b7a023          	sw	a1,0(a5)
   13650:	0180006f          	j	13668 <_printf_i+0x2d8>
   13654:	00a72023          	sw	a0,0(a4)
   13658:	0406f693          	andi	a3,a3,64
   1365c:	0007a783          	lw	a5,0(a5)
   13660:	fe0686e3          	beqz	a3,1364c <_printf_i+0x2bc>
   13664:	00b79023          	sh	a1,0(a5)
   13668:	00042823          	sw	zero,16(s0)
   1366c:	00060913          	mv	s2,a2
   13670:	eedff06f          	j	1355c <_printf_i+0x1cc>
   13674:	00072783          	lw	a5,0(a4)
   13678:	00442603          	lw	a2,4(s0)
   1367c:	00000593          	li	a1,0
   13680:	00478693          	addi	a3,a5,4
   13684:	00d72023          	sw	a3,0(a4)
   13688:	0007a903          	lw	s2,0(a5)
   1368c:	00090513          	mv	a0,s2
   13690:	00001097          	auipc	ra,0x1
   13694:	9b0080e7          	jalr	-1616(ra) # 14040 <memchr>
   13698:	00050663          	beqz	a0,136a4 <_printf_i+0x314>
   1369c:	41250533          	sub	a0,a0,s2
   136a0:	00a42223          	sw	a0,4(s0)
   136a4:	00442783          	lw	a5,4(s0)
   136a8:	00f42823          	sw	a5,16(s0)
   136ac:	040401a3          	sb	zero,67(s0)
   136b0:	eadff06f          	j	1355c <_printf_i+0x1cc>
   136b4:	01042683          	lw	a3,16(s0)
   136b8:	00090613          	mv	a2,s2
   136bc:	000a8593          	mv	a1,s5
   136c0:	000a0513          	mv	a0,s4
   136c4:	000480e7          	jalr	s1
   136c8:	eb350ce3          	beq	a0,s3,13580 <_printf_i+0x1f0>
   136cc:	00042783          	lw	a5,0(s0)
   136d0:	0027f793          	andi	a5,a5,2
   136d4:	04079663          	bnez	a5,13720 <_printf_i+0x390>
   136d8:	01c12783          	lw	a5,28(sp)
   136dc:	00c42503          	lw	a0,12(s0)
   136e0:	eaf552e3          	bge	a0,a5,13584 <_printf_i+0x1f4>
   136e4:	00078513          	mv	a0,a5
   136e8:	e9dff06f          	j	13584 <_printf_i+0x1f4>
   136ec:	00100693          	li	a3,1
   136f0:	000a8593          	mv	a1,s5
   136f4:	000a0513          	mv	a0,s4
   136f8:	00c12623          	sw	a2,12(sp)
   136fc:	000480e7          	jalr	s1
   13700:	e93500e3          	beq	a0,s3,13580 <_printf_i+0x1f0>
   13704:	00c12603          	lw	a2,12(sp)
   13708:	00190913          	addi	s2,s2,1
   1370c:	00c42783          	lw	a5,12(s0)
   13710:	01c12703          	lw	a4,28(sp)
   13714:	40e787b3          	sub	a5,a5,a4
   13718:	fcf94ae3          	blt	s2,a5,136ec <_printf_i+0x35c>
   1371c:	fbdff06f          	j	136d8 <_printf_i+0x348>
   13720:	00000913          	li	s2,0
   13724:	01940613          	addi	a2,s0,25
   13728:	fe5ff06f          	j	1370c <_printf_i+0x37c>

0001372c <__sflush_r>:
   1372c:	00c59783          	lh	a5,12(a1)
   13730:	fe010113          	addi	sp,sp,-32
   13734:	00812c23          	sw	s0,24(sp)
   13738:	00912a23          	sw	s1,20(sp)
   1373c:	00112e23          	sw	ra,28(sp)
   13740:	01212823          	sw	s2,16(sp)
   13744:	0087f713          	andi	a4,a5,8
   13748:	00050493          	mv	s1,a0
   1374c:	00058413          	mv	s0,a1
   13750:	12071463          	bnez	a4,13878 <__sflush_r+0x14c>
   13754:	0045a703          	lw	a4,4(a1)
   13758:	00e04663          	bgtz	a4,13764 <__sflush_r+0x38>
   1375c:	0405a703          	lw	a4,64(a1)
   13760:	10e05863          	blez	a4,13870 <__sflush_r+0x144>
   13764:	02c42703          	lw	a4,44(s0)
   13768:	10070463          	beqz	a4,13870 <__sflush_r+0x144>
   1376c:	0004a903          	lw	s2,0(s1)
   13770:	01379693          	slli	a3,a5,0x13
   13774:	0004a023          	sw	zero,0(s1)
   13778:	0a06de63          	bgez	a3,13834 <__sflush_r+0x108>
   1377c:	05442603          	lw	a2,84(s0)
   13780:	00c45783          	lhu	a5,12(s0)
   13784:	0047f793          	andi	a5,a5,4
   13788:	00078e63          	beqz	a5,137a4 <__sflush_r+0x78>
   1378c:	00442783          	lw	a5,4(s0)
   13790:	40f60633          	sub	a2,a2,a5
   13794:	03442783          	lw	a5,52(s0)
   13798:	00078663          	beqz	a5,137a4 <__sflush_r+0x78>
   1379c:	04042783          	lw	a5,64(s0)
   137a0:	40f60633          	sub	a2,a2,a5
   137a4:	02c42783          	lw	a5,44(s0)
   137a8:	02042583          	lw	a1,32(s0)
   137ac:	00000693          	li	a3,0
   137b0:	00048513          	mv	a0,s1
   137b4:	000780e7          	jalr	a5
   137b8:	fff00713          	li	a4,-1
   137bc:	00c41783          	lh	a5,12(s0)
   137c0:	02e51263          	bne	a0,a4,137e4 <__sflush_r+0xb8>
   137c4:	0004a683          	lw	a3,0(s1)
   137c8:	01d00713          	li	a4,29
   137cc:	0ed76e63          	bltu	a4,a3,138c8 <__sflush_r+0x19c>
   137d0:	20400737          	lui	a4,0x20400
   137d4:	00170713          	addi	a4,a4,1 # 20400001 <__stack_top__+0x203d0001>
   137d8:	00d75733          	srl	a4,a4,a3
   137dc:	00177713          	andi	a4,a4,1
   137e0:	0e070463          	beqz	a4,138c8 <__sflush_r+0x19c>
   137e4:	01042703          	lw	a4,16(s0)
   137e8:	00042223          	sw	zero,4(s0)
   137ec:	00e42023          	sw	a4,0(s0)
   137f0:	01379713          	slli	a4,a5,0x13
   137f4:	00075c63          	bgez	a4,1380c <__sflush_r+0xe0>
   137f8:	fff00793          	li	a5,-1
   137fc:	00f51663          	bne	a0,a5,13808 <__sflush_r+0xdc>
   13800:	0004a783          	lw	a5,0(s1)
   13804:	00079463          	bnez	a5,1380c <__sflush_r+0xe0>
   13808:	04a42a23          	sw	a0,84(s0)
   1380c:	03442583          	lw	a1,52(s0)
   13810:	0124a023          	sw	s2,0(s1)
   13814:	04058e63          	beqz	a1,13870 <__sflush_r+0x144>
   13818:	04440793          	addi	a5,s0,68
   1381c:	00f58863          	beq	a1,a5,1382c <__sflush_r+0x100>
   13820:	00048513          	mv	a0,s1
   13824:	fffff097          	auipc	ra,0xfffff
   13828:	14c080e7          	jalr	332(ra) # 12970 <_free_r>
   1382c:	02042a23          	sw	zero,52(s0)
   13830:	0400006f          	j	13870 <__sflush_r+0x144>
   13834:	02042583          	lw	a1,32(s0)
   13838:	00000613          	li	a2,0
   1383c:	00100693          	li	a3,1
   13840:	00048513          	mv	a0,s1
   13844:	000700e7          	jalr	a4
   13848:	fff00793          	li	a5,-1
   1384c:	00050613          	mv	a2,a0
   13850:	f2f518e3          	bne	a0,a5,13780 <__sflush_r+0x54>
   13854:	0004a783          	lw	a5,0(s1)
   13858:	f20784e3          	beqz	a5,13780 <__sflush_r+0x54>
   1385c:	fe378713          	addi	a4,a5,-29
   13860:	00070663          	beqz	a4,1386c <__sflush_r+0x140>
   13864:	fea78793          	addi	a5,a5,-22
   13868:	04079e63          	bnez	a5,138c4 <__sflush_r+0x198>
   1386c:	0124a023          	sw	s2,0(s1)
   13870:	00000513          	li	a0,0
   13874:	0600006f          	j	138d4 <__sflush_r+0x1a8>
   13878:	0105a603          	lw	a2,16(a1)
   1387c:	fe060ae3          	beqz	a2,13870 <__sflush_r+0x144>
   13880:	0005a683          	lw	a3,0(a1)
   13884:	0037f793          	andi	a5,a5,3
   13888:	00c5a023          	sw	a2,0(a1)
   1388c:	40c68933          	sub	s2,a3,a2
   13890:	00000713          	li	a4,0
   13894:	00079463          	bnez	a5,1389c <__sflush_r+0x170>
   13898:	0145a703          	lw	a4,20(a1)
   1389c:	00e42423          	sw	a4,8(s0)
   138a0:	fd2058e3          	blez	s2,13870 <__sflush_r+0x144>
   138a4:	02842783          	lw	a5,40(s0)
   138a8:	02042583          	lw	a1,32(s0)
   138ac:	00090693          	mv	a3,s2
   138b0:	00048513          	mv	a0,s1
   138b4:	00c12623          	sw	a2,12(sp)
   138b8:	000780e7          	jalr	a5
   138bc:	00c12603          	lw	a2,12(sp)
   138c0:	02a04663          	bgtz	a0,138ec <__sflush_r+0x1c0>
   138c4:	00c45783          	lhu	a5,12(s0)
   138c8:	0407e793          	ori	a5,a5,64
   138cc:	00f41623          	sh	a5,12(s0)
   138d0:	fff00513          	li	a0,-1
   138d4:	01c12083          	lw	ra,28(sp)
   138d8:	01812403          	lw	s0,24(sp)
   138dc:	01412483          	lw	s1,20(sp)
   138e0:	01012903          	lw	s2,16(sp)
   138e4:	02010113          	addi	sp,sp,32
   138e8:	00008067          	ret
   138ec:	00a60633          	add	a2,a2,a0
   138f0:	40a90933          	sub	s2,s2,a0
   138f4:	fadff06f          	j	138a0 <__sflush_r+0x174>

000138f8 <_fflush_r>:
   138f8:	0105a783          	lw	a5,16(a1)
   138fc:	ff010113          	addi	sp,sp,-16
   13900:	00112623          	sw	ra,12(sp)
   13904:	00812423          	sw	s0,8(sp)
   13908:	00912223          	sw	s1,4(sp)
   1390c:	02079063          	bnez	a5,1392c <_fflush_r+0x34>
   13910:	00000493          	li	s1,0
   13914:	00c12083          	lw	ra,12(sp)
   13918:	00812403          	lw	s0,8(sp)
   1391c:	00048513          	mv	a0,s1
   13920:	00412483          	lw	s1,4(sp)
   13924:	01010113          	addi	sp,sp,16
   13928:	00008067          	ret
   1392c:	00050493          	mv	s1,a0
   13930:	00058413          	mv	s0,a1
   13934:	00050a63          	beqz	a0,13948 <_fflush_r+0x50>
   13938:	02052783          	lw	a5,32(a0)
   1393c:	00079663          	bnez	a5,13948 <_fflush_r+0x50>
   13940:	00000097          	auipc	ra,0x0
   13944:	268080e7          	jalr	616(ra) # 13ba8 <__sinit>
   13948:	00c41783          	lh	a5,12(s0)
   1394c:	fc0782e3          	beqz	a5,13910 <_fflush_r+0x18>
   13950:	06442703          	lw	a4,100(s0)
   13954:	00177713          	andi	a4,a4,1
   13958:	00071c63          	bnez	a4,13970 <_fflush_r+0x78>
   1395c:	2007f793          	andi	a5,a5,512
   13960:	00079863          	bnez	a5,13970 <_fflush_r+0x78>
   13964:	05842503          	lw	a0,88(s0)
   13968:	fffff097          	auipc	ra,0xfffff
   1396c:	000080e7          	jalr	ra # 12968 <__retarget_lock_acquire_recursive>
   13970:	00048513          	mv	a0,s1
   13974:	00040593          	mv	a1,s0
   13978:	00000097          	auipc	ra,0x0
   1397c:	db4080e7          	jalr	-588(ra) # 1372c <__sflush_r>
   13980:	06442783          	lw	a5,100(s0)
   13984:	00050493          	mv	s1,a0
   13988:	0017f793          	andi	a5,a5,1
   1398c:	f80794e3          	bnez	a5,13914 <_fflush_r+0x1c>
   13990:	00c45783          	lhu	a5,12(s0)
   13994:	2007f793          	andi	a5,a5,512
   13998:	f6079ee3          	bnez	a5,13914 <_fflush_r+0x1c>
   1399c:	05842503          	lw	a0,88(s0)
   139a0:	fffff097          	auipc	ra,0xfffff
   139a4:	fcc080e7          	jalr	-52(ra) # 1296c <__retarget_lock_release_recursive>
   139a8:	f6dff06f          	j	13914 <_fflush_r+0x1c>

000139ac <std>:
   139ac:	ff010113          	addi	sp,sp,-16
   139b0:	00812423          	sw	s0,8(sp)
   139b4:	00112623          	sw	ra,12(sp)
   139b8:	00050413          	mv	s0,a0
   139bc:	00b51623          	sh	a1,12(a0)
   139c0:	00c51723          	sh	a2,14(a0)
   139c4:	00052023          	sw	zero,0(a0)
   139c8:	00052223          	sw	zero,4(a0)
   139cc:	00052423          	sw	zero,8(a0)
   139d0:	06052223          	sw	zero,100(a0)
   139d4:	00052823          	sw	zero,16(a0)
   139d8:	00052a23          	sw	zero,20(a0)
   139dc:	00052c23          	sw	zero,24(a0)
   139e0:	00800613          	li	a2,8
   139e4:	00000593          	li	a1,0
   139e8:	05c50513          	addi	a0,a0,92
   139ec:	ffffd097          	auipc	ra,0xffffd
   139f0:	9d8080e7          	jalr	-1576(ra) # 103c4 <memset>
   139f4:	00000797          	auipc	a5,0x0
   139f8:	50478793          	addi	a5,a5,1284 # 13ef8 <__sread>
   139fc:	02f42223          	sw	a5,36(s0)
   13a00:	00000797          	auipc	a5,0x0
   13a04:	54c78793          	addi	a5,a5,1356 # 13f4c <__swrite>
   13a08:	02f42423          	sw	a5,40(s0)
   13a0c:	00000797          	auipc	a5,0x0
   13a10:	5cc78793          	addi	a5,a5,1484 # 13fd8 <__sseek>
   13a14:	02f42623          	sw	a5,44(s0)
   13a18:	00000797          	auipc	a5,0x0
   13a1c:	61c78793          	addi	a5,a5,1564 # 14034 <__sclose>
   13a20:	02f42823          	sw	a5,48(s0)
   13a24:	0000d717          	auipc	a4,0xd
   13a28:	7fc70713          	addi	a4,a4,2044 # 21220 <__sf>
   13a2c:	0000e797          	auipc	a5,0xe
   13a30:	85c78793          	addi	a5,a5,-1956 # 21288 <__sf+0x68>
   13a34:	40f407b3          	sub	a5,s0,a5
   13a38:	40e40733          	sub	a4,s0,a4
   13a3c:	0017b793          	seqz	a5,a5
   13a40:	00173713          	seqz	a4,a4
   13a44:	02842023          	sw	s0,32(s0)
   13a48:	00e7e7b3          	or	a5,a5,a4
   13a4c:	00079863          	bnez	a5,13a5c <std+0xb0>
   13a50:	0000e797          	auipc	a5,0xe
   13a54:	8a078793          	addi	a5,a5,-1888 # 212f0 <__sf+0xd0>
   13a58:	00f41e63          	bne	s0,a5,13a74 <std+0xc8>
   13a5c:	05840513          	addi	a0,s0,88
   13a60:	00812403          	lw	s0,8(sp)
   13a64:	00c12083          	lw	ra,12(sp)
   13a68:	01010113          	addi	sp,sp,16
   13a6c:	fffff317          	auipc	t1,0xfffff
   13a70:	ef830067          	jr	-264(t1) # 12964 <__retarget_lock_init_recursive>
   13a74:	00c12083          	lw	ra,12(sp)
   13a78:	00812403          	lw	s0,8(sp)
   13a7c:	01010113          	addi	sp,sp,16
   13a80:	00008067          	ret

00013a84 <stdio_exit_handler>:
   13a84:	0000c617          	auipc	a2,0xc
   13a88:	5d460613          	addi	a2,a2,1492 # 20058 <__sglue>
   13a8c:	00000597          	auipc	a1,0x0
   13a90:	e6c58593          	addi	a1,a1,-404 # 138f8 <_fflush_r>
   13a94:	0000c517          	auipc	a0,0xc
   13a98:	57850513          	addi	a0,a0,1400 # 2000c <_impure_data>
   13a9c:	00000317          	auipc	t1,0x0
   13aa0:	16030067          	jr	352(t1) # 13bfc <_fwalk_sglue>

00013aa4 <cleanup_stdio>:
   13aa4:	00452583          	lw	a1,4(a0)
   13aa8:	ff010113          	addi	sp,sp,-16
   13aac:	00812423          	sw	s0,8(sp)
   13ab0:	00112623          	sw	ra,12(sp)
   13ab4:	0000d797          	auipc	a5,0xd
   13ab8:	76c78793          	addi	a5,a5,1900 # 21220 <__sf>
   13abc:	00050413          	mv	s0,a0
   13ac0:	00f58663          	beq	a1,a5,13acc <cleanup_stdio+0x28>
   13ac4:	00000097          	auipc	ra,0x0
   13ac8:	e34080e7          	jalr	-460(ra) # 138f8 <_fflush_r>
   13acc:	00842583          	lw	a1,8(s0)
   13ad0:	0000d797          	auipc	a5,0xd
   13ad4:	7b878793          	addi	a5,a5,1976 # 21288 <__sf+0x68>
   13ad8:	00f58863          	beq	a1,a5,13ae8 <cleanup_stdio+0x44>
   13adc:	00040513          	mv	a0,s0
   13ae0:	00000097          	auipc	ra,0x0
   13ae4:	e18080e7          	jalr	-488(ra) # 138f8 <_fflush_r>
   13ae8:	00c42583          	lw	a1,12(s0)
   13aec:	0000e797          	auipc	a5,0xe
   13af0:	80478793          	addi	a5,a5,-2044 # 212f0 <__sf+0xd0>
   13af4:	00f58e63          	beq	a1,a5,13b10 <cleanup_stdio+0x6c>
   13af8:	00040513          	mv	a0,s0
   13afc:	00812403          	lw	s0,8(sp)
   13b00:	00c12083          	lw	ra,12(sp)
   13b04:	01010113          	addi	sp,sp,16
   13b08:	00000317          	auipc	t1,0x0
   13b0c:	df030067          	jr	-528(t1) # 138f8 <_fflush_r>
   13b10:	00c12083          	lw	ra,12(sp)
   13b14:	00812403          	lw	s0,8(sp)
   13b18:	01010113          	addi	sp,sp,16
   13b1c:	00008067          	ret

00013b20 <global_stdio_init.part.0>:
   13b20:	ff010113          	addi	sp,sp,-16
   13b24:	00000797          	auipc	a5,0x0
   13b28:	f6078793          	addi	a5,a5,-160 # 13a84 <stdio_exit_handler>
   13b2c:	00000613          	li	a2,0
   13b30:	00400593          	li	a1,4
   13b34:	0000d517          	auipc	a0,0xd
   13b38:	6ec50513          	addi	a0,a0,1772 # 21220 <__sf>
   13b3c:	00112623          	sw	ra,12(sp)
   13b40:	0000d717          	auipc	a4,0xd
   13b44:	eef72623          	sw	a5,-276(a4) # 20a2c <__stdio_exit_handler>
   13b48:	00000097          	auipc	ra,0x0
   13b4c:	e64080e7          	jalr	-412(ra) # 139ac <std>
   13b50:	00100613          	li	a2,1
   13b54:	00900593          	li	a1,9
   13b58:	0000d517          	auipc	a0,0xd
   13b5c:	73050513          	addi	a0,a0,1840 # 21288 <__sf+0x68>
   13b60:	00000097          	auipc	ra,0x0
   13b64:	e4c080e7          	jalr	-436(ra) # 139ac <std>
   13b68:	00c12083          	lw	ra,12(sp)
   13b6c:	00200613          	li	a2,2
   13b70:	01200593          	li	a1,18
   13b74:	0000d517          	auipc	a0,0xd
   13b78:	77c50513          	addi	a0,a0,1916 # 212f0 <__sf+0xd0>
   13b7c:	01010113          	addi	sp,sp,16
   13b80:	00000317          	auipc	t1,0x0
   13b84:	e2c30067          	jr	-468(t1) # 139ac <std>

00013b88 <__sfp_lock_acquire>:
   13b88:	0000d517          	auipc	a0,0xd
   13b8c:	e9850513          	addi	a0,a0,-360 # 20a20 <__lock___sfp_recursive_mutex>
   13b90:	fffff317          	auipc	t1,0xfffff
   13b94:	dd830067          	jr	-552(t1) # 12968 <__retarget_lock_acquire_recursive>

00013b98 <__sfp_lock_release>:
   13b98:	0000d517          	auipc	a0,0xd
   13b9c:	e8850513          	addi	a0,a0,-376 # 20a20 <__lock___sfp_recursive_mutex>
   13ba0:	fffff317          	auipc	t1,0xfffff
   13ba4:	dcc30067          	jr	-564(t1) # 1296c <__retarget_lock_release_recursive>

00013ba8 <__sinit>:
   13ba8:	fe010113          	addi	sp,sp,-32
   13bac:	00a12623          	sw	a0,12(sp)
   13bb0:	00112e23          	sw	ra,28(sp)
   13bb4:	00000097          	auipc	ra,0x0
   13bb8:	fd4080e7          	jalr	-44(ra) # 13b88 <__sfp_lock_acquire>
   13bbc:	00c12503          	lw	a0,12(sp)
   13bc0:	02052783          	lw	a5,32(a0)
   13bc4:	00078a63          	beqz	a5,13bd8 <__sinit+0x30>
   13bc8:	01c12083          	lw	ra,28(sp)
   13bcc:	02010113          	addi	sp,sp,32
   13bd0:	00000317          	auipc	t1,0x0
   13bd4:	fc830067          	jr	-56(t1) # 13b98 <__sfp_lock_release>
   13bd8:	00000797          	auipc	a5,0x0
   13bdc:	ecc78793          	addi	a5,a5,-308 # 13aa4 <cleanup_stdio>
   13be0:	02f52023          	sw	a5,32(a0)
   13be4:	0000d797          	auipc	a5,0xd
   13be8:	e487a783          	lw	a5,-440(a5) # 20a2c <__stdio_exit_handler>
   13bec:	fc079ee3          	bnez	a5,13bc8 <__sinit+0x20>
   13bf0:	00000097          	auipc	ra,0x0
   13bf4:	f30080e7          	jalr	-208(ra) # 13b20 <global_stdio_init.part.0>
   13bf8:	fd1ff06f          	j	13bc8 <__sinit+0x20>

00013bfc <_fwalk_sglue>:
   13bfc:	fd010113          	addi	sp,sp,-48
   13c00:	02812423          	sw	s0,40(sp)
   13c04:	03212023          	sw	s2,32(sp)
   13c08:	01312e23          	sw	s3,28(sp)
   13c0c:	01412c23          	sw	s4,24(sp)
   13c10:	01512a23          	sw	s5,20(sp)
   13c14:	02112623          	sw	ra,44(sp)
   13c18:	02912223          	sw	s1,36(sp)
   13c1c:	00050a13          	mv	s4,a0
   13c20:	00058a93          	mv	s5,a1
   13c24:	00000413          	li	s0,0
   13c28:	00100913          	li	s2,1
   13c2c:	fff00993          	li	s3,-1
   13c30:	00862583          	lw	a1,8(a2)
   13c34:	00462483          	lw	s1,4(a2)
   13c38:	fff48493          	addi	s1,s1,-1
   13c3c:	0204da63          	bgez	s1,13c70 <_fwalk_sglue+0x74>
   13c40:	00062603          	lw	a2,0(a2)
   13c44:	fe0616e3          	bnez	a2,13c30 <_fwalk_sglue+0x34>
   13c48:	02c12083          	lw	ra,44(sp)
   13c4c:	00040513          	mv	a0,s0
   13c50:	02812403          	lw	s0,40(sp)
   13c54:	02412483          	lw	s1,36(sp)
   13c58:	02012903          	lw	s2,32(sp)
   13c5c:	01c12983          	lw	s3,28(sp)
   13c60:	01812a03          	lw	s4,24(sp)
   13c64:	01412a83          	lw	s5,20(sp)
   13c68:	03010113          	addi	sp,sp,48
   13c6c:	00008067          	ret
   13c70:	00c5d783          	lhu	a5,12(a1)
   13c74:	02f97463          	bgeu	s2,a5,13c9c <_fwalk_sglue+0xa0>
   13c78:	00e59783          	lh	a5,14(a1)
   13c7c:	03378063          	beq	a5,s3,13c9c <_fwalk_sglue+0xa0>
   13c80:	000a0513          	mv	a0,s4
   13c84:	00c12623          	sw	a2,12(sp)
   13c88:	00b12423          	sw	a1,8(sp)
   13c8c:	000a80e7          	jalr	s5
   13c90:	00c12603          	lw	a2,12(sp)
   13c94:	00812583          	lw	a1,8(sp)
   13c98:	00a46433          	or	s0,s0,a0
   13c9c:	06858593          	addi	a1,a1,104
   13ca0:	f99ff06f          	j	13c38 <_fwalk_sglue+0x3c>

00013ca4 <__swhatbuf_r>:
   13ca4:	f8010113          	addi	sp,sp,-128
   13ca8:	06812c23          	sw	s0,120(sp)
   13cac:	00058413          	mv	s0,a1
   13cb0:	00e59583          	lh	a1,14(a1)
   13cb4:	06912a23          	sw	s1,116(sp)
   13cb8:	06112e23          	sw	ra,124(sp)
   13cbc:	00060493          	mv	s1,a2
   13cc0:	0205da63          	bgez	a1,13cf4 <__swhatbuf_r+0x50>
   13cc4:	00c45783          	lhu	a5,12(s0)
   13cc8:	0807f793          	andi	a5,a5,128
   13ccc:	04079e63          	bnez	a5,13d28 <__swhatbuf_r+0x84>
   13cd0:	40000713          	li	a4,1024
   13cd4:	07c12083          	lw	ra,124(sp)
   13cd8:	07812403          	lw	s0,120(sp)
   13cdc:	00f6a023          	sw	a5,0(a3)
   13ce0:	00e4a023          	sw	a4,0(s1)
   13ce4:	00000513          	li	a0,0
   13ce8:	07412483          	lw	s1,116(sp)
   13cec:	08010113          	addi	sp,sp,128
   13cf0:	00008067          	ret
   13cf4:	01810613          	addi	a2,sp,24
   13cf8:	00d12623          	sw	a3,12(sp)
   13cfc:	00000097          	auipc	ra,0x0
   13d00:	3b4080e7          	jalr	948(ra) # 140b0 <_fstat_r>
   13d04:	00c12683          	lw	a3,12(sp)
   13d08:	fa054ee3          	bltz	a0,13cc4 <__swhatbuf_r+0x20>
   13d0c:	01c12783          	lw	a5,28(sp)
   13d10:	0000f737          	lui	a4,0xf
   13d14:	00e7f7b3          	and	a5,a5,a4
   13d18:	ffffe737          	lui	a4,0xffffe
   13d1c:	00e787b3          	add	a5,a5,a4
   13d20:	0017b793          	seqz	a5,a5
   13d24:	fadff06f          	j	13cd0 <__swhatbuf_r+0x2c>
   13d28:	00000793          	li	a5,0
   13d2c:	04000713          	li	a4,64
   13d30:	fa5ff06f          	j	13cd4 <__swhatbuf_r+0x30>

00013d34 <__smakebuf_r>:
   13d34:	00c5d703          	lhu	a4,12(a1)
   13d38:	fd010113          	addi	sp,sp,-48
   13d3c:	02812423          	sw	s0,40(sp)
   13d40:	02112623          	sw	ra,44(sp)
   13d44:	02912223          	sw	s1,36(sp)
   13d48:	00277713          	andi	a4,a4,2
   13d4c:	00058413          	mv	s0,a1
   13d50:	02070663          	beqz	a4,13d7c <__smakebuf_r+0x48>
   13d54:	04740793          	addi	a5,s0,71
   13d58:	00f42023          	sw	a5,0(s0)
   13d5c:	00f42823          	sw	a5,16(s0)
   13d60:	00100793          	li	a5,1
   13d64:	00f42a23          	sw	a5,20(s0)
   13d68:	02c12083          	lw	ra,44(sp)
   13d6c:	02812403          	lw	s0,40(sp)
   13d70:	02412483          	lw	s1,36(sp)
   13d74:	03010113          	addi	sp,sp,48
   13d78:	00008067          	ret
   13d7c:	01c10693          	addi	a3,sp,28
   13d80:	01810613          	addi	a2,sp,24
   13d84:	00050493          	mv	s1,a0
   13d88:	00000097          	auipc	ra,0x0
   13d8c:	f1c080e7          	jalr	-228(ra) # 13ca4 <__swhatbuf_r>
   13d90:	01812583          	lw	a1,24(sp)
   13d94:	00048513          	mv	a0,s1
   13d98:	00b12623          	sw	a1,12(sp)
   13d9c:	fffff097          	auipc	ra,0xfffff
   13da0:	d74080e7          	jalr	-652(ra) # 12b10 <_malloc_r>
   13da4:	00c41783          	lh	a5,12(s0)
   13da8:	00c12583          	lw	a1,12(sp)
   13dac:	00051e63          	bnez	a0,13dc8 <__smakebuf_r+0x94>
   13db0:	2007f713          	andi	a4,a5,512
   13db4:	fa071ae3          	bnez	a4,13d68 <__smakebuf_r+0x34>
   13db8:	ffc7f793          	andi	a5,a5,-4
   13dbc:	0027e793          	ori	a5,a5,2
   13dc0:	00f41623          	sh	a5,12(s0)
   13dc4:	f91ff06f          	j	13d54 <__smakebuf_r+0x20>
   13dc8:	0807e793          	ori	a5,a5,128
   13dcc:	00f41623          	sh	a5,12(s0)
   13dd0:	01c12783          	lw	a5,28(sp)
   13dd4:	00a42023          	sw	a0,0(s0)
   13dd8:	00a42823          	sw	a0,16(s0)
   13ddc:	00b42a23          	sw	a1,20(s0)
   13de0:	f80784e3          	beqz	a5,13d68 <__smakebuf_r+0x34>
   13de4:	00e41583          	lh	a1,14(s0)
   13de8:	00048513          	mv	a0,s1
   13dec:	00000097          	auipc	ra,0x0
   13df0:	314080e7          	jalr	788(ra) # 14100 <_isatty_r>
   13df4:	f6050ae3          	beqz	a0,13d68 <__smakebuf_r+0x34>
   13df8:	00c45783          	lhu	a5,12(s0)
   13dfc:	ffc7f793          	andi	a5,a5,-4
   13e00:	0017e793          	ori	a5,a5,1
   13e04:	00f41623          	sh	a5,12(s0)
   13e08:	f61ff06f          	j	13d68 <__smakebuf_r+0x34>

00013e0c <_putc_r>:
   13e0c:	fe010113          	addi	sp,sp,-32
   13e10:	00812c23          	sw	s0,24(sp)
   13e14:	00912a23          	sw	s1,20(sp)
   13e18:	00112e23          	sw	ra,28(sp)
   13e1c:	00050493          	mv	s1,a0
   13e20:	00060413          	mv	s0,a2
   13e24:	00050e63          	beqz	a0,13e40 <_putc_r+0x34>
   13e28:	02052783          	lw	a5,32(a0)
   13e2c:	00079a63          	bnez	a5,13e40 <_putc_r+0x34>
   13e30:	00b12623          	sw	a1,12(sp)
   13e34:	00000097          	auipc	ra,0x0
   13e38:	d74080e7          	jalr	-652(ra) # 13ba8 <__sinit>
   13e3c:	00c12583          	lw	a1,12(sp)
   13e40:	06442783          	lw	a5,100(s0)
   13e44:	0017f793          	andi	a5,a5,1
   13e48:	02079263          	bnez	a5,13e6c <_putc_r+0x60>
   13e4c:	00c45783          	lhu	a5,12(s0)
   13e50:	2007f793          	andi	a5,a5,512
   13e54:	00079c63          	bnez	a5,13e6c <_putc_r+0x60>
   13e58:	05842503          	lw	a0,88(s0)
   13e5c:	00b12623          	sw	a1,12(sp)
   13e60:	fffff097          	auipc	ra,0xfffff
   13e64:	b08080e7          	jalr	-1272(ra) # 12968 <__retarget_lock_acquire_recursive>
   13e68:	00c12583          	lw	a1,12(sp)
   13e6c:	00842783          	lw	a5,8(s0)
   13e70:	0ff5f713          	zext.b	a4,a1
   13e74:	fff78793          	addi	a5,a5,-1
   13e78:	00f42423          	sw	a5,8(s0)
   13e7c:	0007da63          	bgez	a5,13e90 <_putc_r+0x84>
   13e80:	01842683          	lw	a3,24(s0)
   13e84:	04d7ce63          	blt	a5,a3,13ee0 <_putc_r+0xd4>
   13e88:	ff670793          	addi	a5,a4,-10 # ffffdff6 <__stack_top__+0xfffcdff6>
   13e8c:	04078a63          	beqz	a5,13ee0 <_putc_r+0xd4>
   13e90:	00042783          	lw	a5,0(s0)
   13e94:	0ff5f493          	zext.b	s1,a1
   13e98:	00178693          	addi	a3,a5,1
   13e9c:	00d42023          	sw	a3,0(s0)
   13ea0:	00e78023          	sb	a4,0(a5)
   13ea4:	06442783          	lw	a5,100(s0)
   13ea8:	0017f793          	andi	a5,a5,1
   13eac:	00079e63          	bnez	a5,13ec8 <_putc_r+0xbc>
   13eb0:	00c45783          	lhu	a5,12(s0)
   13eb4:	2007f793          	andi	a5,a5,512
   13eb8:	00079863          	bnez	a5,13ec8 <_putc_r+0xbc>
   13ebc:	05842503          	lw	a0,88(s0)
   13ec0:	fffff097          	auipc	ra,0xfffff
   13ec4:	aac080e7          	jalr	-1364(ra) # 1296c <__retarget_lock_release_recursive>
   13ec8:	01c12083          	lw	ra,28(sp)
   13ecc:	01812403          	lw	s0,24(sp)
   13ed0:	00048513          	mv	a0,s1
   13ed4:	01412483          	lw	s1,20(sp)
   13ed8:	02010113          	addi	sp,sp,32
   13edc:	00008067          	ret
   13ee0:	00048513          	mv	a0,s1
   13ee4:	00040613          	mv	a2,s0
   13ee8:	fffff097          	auipc	ra,0xfffff
   13eec:	848080e7          	jalr	-1976(ra) # 12730 <__swbuf_r>
   13ef0:	00050493          	mv	s1,a0
   13ef4:	fb1ff06f          	j	13ea4 <_putc_r+0x98>

00013ef8 <__sread>:
   13ef8:	ff010113          	addi	sp,sp,-16
   13efc:	00812423          	sw	s0,8(sp)
   13f00:	00058413          	mv	s0,a1
   13f04:	00e59583          	lh	a1,14(a1)
   13f08:	00112623          	sw	ra,12(sp)
   13f0c:	00000097          	auipc	ra,0x0
   13f10:	294080e7          	jalr	660(ra) # 141a0 <_read_r>
   13f14:	02054063          	bltz	a0,13f34 <__sread+0x3c>
   13f18:	05442783          	lw	a5,84(s0)
   13f1c:	00a787b3          	add	a5,a5,a0
   13f20:	04f42a23          	sw	a5,84(s0)
   13f24:	00c12083          	lw	ra,12(sp)
   13f28:	00812403          	lw	s0,8(sp)
   13f2c:	01010113          	addi	sp,sp,16
   13f30:	00008067          	ret
   13f34:	00c45783          	lhu	a5,12(s0)
   13f38:	fffff737          	lui	a4,0xfffff
   13f3c:	fff70713          	addi	a4,a4,-1 # ffffefff <__stack_top__+0xfffcefff>
   13f40:	00e7f7b3          	and	a5,a5,a4
   13f44:	00f41623          	sh	a5,12(s0)
   13f48:	fddff06f          	j	13f24 <__sread+0x2c>

00013f4c <__swrite>:
   13f4c:	00c5d783          	lhu	a5,12(a1)
   13f50:	fe010113          	addi	sp,sp,-32
   13f54:	00812c23          	sw	s0,24(sp)
   13f58:	00912a23          	sw	s1,20(sp)
   13f5c:	01212823          	sw	s2,16(sp)
   13f60:	01312623          	sw	s3,12(sp)
   13f64:	00112e23          	sw	ra,28(sp)
   13f68:	1007f793          	andi	a5,a5,256
   13f6c:	00050493          	mv	s1,a0
   13f70:	00058413          	mv	s0,a1
   13f74:	00060913          	mv	s2,a2
   13f78:	00068993          	mv	s3,a3
   13f7c:	00078c63          	beqz	a5,13f94 <__swrite+0x48>
   13f80:	00e59583          	lh	a1,14(a1)
   13f84:	00200693          	li	a3,2
   13f88:	00000613          	li	a2,0
   13f8c:	00000097          	auipc	ra,0x0
   13f90:	1c0080e7          	jalr	448(ra) # 1414c <_lseek_r>
   13f94:	00c45783          	lhu	a5,12(s0)
   13f98:	fffff737          	lui	a4,0xfffff
   13f9c:	fff70713          	addi	a4,a4,-1 # ffffefff <__stack_top__+0xfffcefff>
   13fa0:	00e7f7b3          	and	a5,a5,a4
   13fa4:	00e41583          	lh	a1,14(s0)
   13fa8:	00f41623          	sh	a5,12(s0)
   13fac:	01812403          	lw	s0,24(sp)
   13fb0:	01c12083          	lw	ra,28(sp)
   13fb4:	00098693          	mv	a3,s3
   13fb8:	00090613          	mv	a2,s2
   13fbc:	00c12983          	lw	s3,12(sp)
   13fc0:	01012903          	lw	s2,16(sp)
   13fc4:	00048513          	mv	a0,s1
   13fc8:	01412483          	lw	s1,20(sp)
   13fcc:	02010113          	addi	sp,sp,32
   13fd0:	00000317          	auipc	t1,0x0
   13fd4:	27030067          	jr	624(t1) # 14240 <_write_r>

00013fd8 <__sseek>:
   13fd8:	ff010113          	addi	sp,sp,-16
   13fdc:	00812423          	sw	s0,8(sp)
   13fe0:	00058413          	mv	s0,a1
   13fe4:	00e59583          	lh	a1,14(a1)
   13fe8:	00112623          	sw	ra,12(sp)
   13fec:	00000097          	auipc	ra,0x0
   13ff0:	160080e7          	jalr	352(ra) # 1414c <_lseek_r>
   13ff4:	fff00713          	li	a4,-1
   13ff8:	00c41783          	lh	a5,12(s0)
   13ffc:	02e51263          	bne	a0,a4,14020 <__sseek+0x48>
   14000:	80050713          	addi	a4,a0,-2048
   14004:	80070713          	addi	a4,a4,-2048
   14008:	00e7f7b3          	and	a5,a5,a4
   1400c:	00f41623          	sh	a5,12(s0)
   14010:	00c12083          	lw	ra,12(sp)
   14014:	00812403          	lw	s0,8(sp)
   14018:	01010113          	addi	sp,sp,16
   1401c:	00008067          	ret
   14020:	00001737          	lui	a4,0x1
   14024:	00e7e7b3          	or	a5,a5,a4
   14028:	00f41623          	sh	a5,12(s0)
   1402c:	04a42a23          	sw	a0,84(s0)
   14030:	fe1ff06f          	j	14010 <__sseek+0x38>

00014034 <__sclose>:
   14034:	00e59583          	lh	a1,14(a1)
   14038:	00000317          	auipc	t1,0x0
   1403c:	02c30067          	jr	44(t1) # 14064 <_close_r>

00014040 <memchr>:
   14040:	0ff5f593          	zext.b	a1,a1
   14044:	00c50633          	add	a2,a0,a2
   14048:	00c51663          	bne	a0,a2,14054 <memchr+0x14>
   1404c:	00000513          	li	a0,0
   14050:	00008067          	ret
   14054:	00054783          	lbu	a5,0(a0)
   14058:	feb78ce3          	beq	a5,a1,14050 <memchr+0x10>
   1405c:	00150513          	addi	a0,a0,1
   14060:	fe9ff06f          	j	14048 <memchr+0x8>

00014064 <_close_r>:
   14064:	ff010113          	addi	sp,sp,-16
   14068:	00812423          	sw	s0,8(sp)
   1406c:	00050413          	mv	s0,a0
   14070:	00058513          	mv	a0,a1
   14074:	0000d797          	auipc	a5,0xd
   14078:	9a07a223          	sw	zero,-1628(a5) # 20a18 <errno>
   1407c:	00112623          	sw	ra,12(sp)
   14080:	ffffc097          	auipc	ra,0xffffc
   14084:	52c080e7          	jalr	1324(ra) # 105ac <_close>
   14088:	fff00793          	li	a5,-1
   1408c:	00f51a63          	bne	a0,a5,140a0 <_close_r+0x3c>
   14090:	0000d797          	auipc	a5,0xd
   14094:	9887a783          	lw	a5,-1656(a5) # 20a18 <errno>
   14098:	00078463          	beqz	a5,140a0 <_close_r+0x3c>
   1409c:	00f42023          	sw	a5,0(s0)
   140a0:	00c12083          	lw	ra,12(sp)
   140a4:	00812403          	lw	s0,8(sp)
   140a8:	01010113          	addi	sp,sp,16
   140ac:	00008067          	ret

000140b0 <_fstat_r>:
   140b0:	ff010113          	addi	sp,sp,-16
   140b4:	00812423          	sw	s0,8(sp)
   140b8:	00050413          	mv	s0,a0
   140bc:	00058513          	mv	a0,a1
   140c0:	00060593          	mv	a1,a2
   140c4:	0000d797          	auipc	a5,0xd
   140c8:	9407aa23          	sw	zero,-1708(a5) # 20a18 <errno>
   140cc:	00112623          	sw	ra,12(sp)
   140d0:	ffffc097          	auipc	ra,0xffffc
   140d4:	4e4080e7          	jalr	1252(ra) # 105b4 <_fstat>
   140d8:	fff00793          	li	a5,-1
   140dc:	00f51a63          	bne	a0,a5,140f0 <_fstat_r+0x40>
   140e0:	0000d797          	auipc	a5,0xd
   140e4:	9387a783          	lw	a5,-1736(a5) # 20a18 <errno>
   140e8:	00078463          	beqz	a5,140f0 <_fstat_r+0x40>
   140ec:	00f42023          	sw	a5,0(s0)
   140f0:	00c12083          	lw	ra,12(sp)
   140f4:	00812403          	lw	s0,8(sp)
   140f8:	01010113          	addi	sp,sp,16
   140fc:	00008067          	ret

00014100 <_isatty_r>:
   14100:	ff010113          	addi	sp,sp,-16
   14104:	00812423          	sw	s0,8(sp)
   14108:	00050413          	mv	s0,a0
   1410c:	00058513          	mv	a0,a1
   14110:	0000d797          	auipc	a5,0xd
   14114:	9007a423          	sw	zero,-1784(a5) # 20a18 <errno>
   14118:	00112623          	sw	ra,12(sp)
   1411c:	ffffc097          	auipc	ra,0xffffc
   14120:	4a8080e7          	jalr	1192(ra) # 105c4 <_isatty>
   14124:	fff00793          	li	a5,-1
   14128:	00f51a63          	bne	a0,a5,1413c <_isatty_r+0x3c>
   1412c:	0000d797          	auipc	a5,0xd
   14130:	8ec7a783          	lw	a5,-1812(a5) # 20a18 <errno>
   14134:	00078463          	beqz	a5,1413c <_isatty_r+0x3c>
   14138:	00f42023          	sw	a5,0(s0)
   1413c:	00c12083          	lw	ra,12(sp)
   14140:	00812403          	lw	s0,8(sp)
   14144:	01010113          	addi	sp,sp,16
   14148:	00008067          	ret

0001414c <_lseek_r>:
   1414c:	ff010113          	addi	sp,sp,-16
   14150:	00812423          	sw	s0,8(sp)
   14154:	00050413          	mv	s0,a0
   14158:	00058513          	mv	a0,a1
   1415c:	00060593          	mv	a1,a2
   14160:	00068613          	mv	a2,a3
   14164:	0000d797          	auipc	a5,0xd
   14168:	8a07aa23          	sw	zero,-1868(a5) # 20a18 <errno>
   1416c:	00112623          	sw	ra,12(sp)
   14170:	ffffc097          	auipc	ra,0xffffc
   14174:	45c080e7          	jalr	1116(ra) # 105cc <_lseek>
   14178:	fff00793          	li	a5,-1
   1417c:	00f51a63          	bne	a0,a5,14190 <_lseek_r+0x44>
   14180:	0000d797          	auipc	a5,0xd
   14184:	8987a783          	lw	a5,-1896(a5) # 20a18 <errno>
   14188:	00078463          	beqz	a5,14190 <_lseek_r+0x44>
   1418c:	00f42023          	sw	a5,0(s0)
   14190:	00c12083          	lw	ra,12(sp)
   14194:	00812403          	lw	s0,8(sp)
   14198:	01010113          	addi	sp,sp,16
   1419c:	00008067          	ret

000141a0 <_read_r>:
   141a0:	ff010113          	addi	sp,sp,-16
   141a4:	00812423          	sw	s0,8(sp)
   141a8:	00050413          	mv	s0,a0
   141ac:	00058513          	mv	a0,a1
   141b0:	00060593          	mv	a1,a2
   141b4:	00068613          	mv	a2,a3
   141b8:	0000d797          	auipc	a5,0xd
   141bc:	8607a023          	sw	zero,-1952(a5) # 20a18 <errno>
   141c0:	00112623          	sw	ra,12(sp)
   141c4:	ffffc097          	auipc	ra,0xffffc
   141c8:	410080e7          	jalr	1040(ra) # 105d4 <_read>
   141cc:	fff00793          	li	a5,-1
   141d0:	00f51a63          	bne	a0,a5,141e4 <_read_r+0x44>
   141d4:	0000d797          	auipc	a5,0xd
   141d8:	8447a783          	lw	a5,-1980(a5) # 20a18 <errno>
   141dc:	00078463          	beqz	a5,141e4 <_read_r+0x44>
   141e0:	00f42023          	sw	a5,0(s0)
   141e4:	00c12083          	lw	ra,12(sp)
   141e8:	00812403          	lw	s0,8(sp)
   141ec:	01010113          	addi	sp,sp,16
   141f0:	00008067          	ret

000141f4 <_sbrk_r>:
   141f4:	ff010113          	addi	sp,sp,-16
   141f8:	00812423          	sw	s0,8(sp)
   141fc:	00050413          	mv	s0,a0
   14200:	00058513          	mv	a0,a1
   14204:	0000d797          	auipc	a5,0xd
   14208:	8007aa23          	sw	zero,-2028(a5) # 20a18 <errno>
   1420c:	00112623          	sw	ra,12(sp)
   14210:	ffffc097          	auipc	ra,0xffffc
   14214:	3cc080e7          	jalr	972(ra) # 105dc <_sbrk>
   14218:	fff00793          	li	a5,-1
   1421c:	00f51a63          	bne	a0,a5,14230 <_sbrk_r+0x3c>
   14220:	0000c797          	auipc	a5,0xc
   14224:	7f87a783          	lw	a5,2040(a5) # 20a18 <errno>
   14228:	00078463          	beqz	a5,14230 <_sbrk_r+0x3c>
   1422c:	00f42023          	sw	a5,0(s0)
   14230:	00c12083          	lw	ra,12(sp)
   14234:	00812403          	lw	s0,8(sp)
   14238:	01010113          	addi	sp,sp,16
   1423c:	00008067          	ret

00014240 <_write_r>:
   14240:	ff010113          	addi	sp,sp,-16
   14244:	00812423          	sw	s0,8(sp)
   14248:	00050413          	mv	s0,a0
   1424c:	00058513          	mv	a0,a1
   14250:	00060593          	mv	a1,a2
   14254:	00068613          	mv	a2,a3
   14258:	0000c797          	auipc	a5,0xc
   1425c:	7c07a023          	sw	zero,1984(a5) # 20a18 <errno>
   14260:	00112623          	sw	ra,12(sp)
   14264:	ffffc097          	auipc	ra,0xffffc
   14268:	3c0080e7          	jalr	960(ra) # 10624 <_write>
   1426c:	fff00793          	li	a5,-1
   14270:	00f51a63          	bne	a0,a5,14284 <_write_r+0x44>
   14274:	0000c797          	auipc	a5,0xc
   14278:	7a47a783          	lw	a5,1956(a5) # 20a18 <errno>
   1427c:	00078463          	beqz	a5,14284 <_write_r+0x44>
   14280:	00f42023          	sw	a5,0(s0)
   14284:	00c12083          	lw	ra,12(sp)
   14288:	00812403          	lw	s0,8(sp)
   1428c:	01010113          	addi	sp,sp,16
   14290:	00008067          	ret

00014294 <__udivdi3>:
   14294:	00060813          	mv	a6,a2
   14298:	00050793          	mv	a5,a0
   1429c:	00058893          	mv	a7,a1
   142a0:	0c069c63          	bnez	a3,14378 <__udivdi3+0xe4>
   142a4:	22c5fa63          	bgeu	a1,a2,144d8 <__udivdi3+0x244>
   142a8:	00010737          	lui	a4,0x10
   142ac:	36e66863          	bltu	a2,a4,1461c <__udivdi3+0x388>
   142b0:	01000737          	lui	a4,0x1000
   142b4:	01800313          	li	t1,24
   142b8:	00e67463          	bgeu	a2,a4,142c0 <__udivdi3+0x2c>
   142bc:	01000313          	li	t1,16
   142c0:	006656b3          	srl	a3,a2,t1
   142c4:	0000c717          	auipc	a4,0xc
   142c8:	65470713          	addi	a4,a4,1620 # 20918 <__clz_tab>
   142cc:	00d70733          	add	a4,a4,a3
   142d0:	00074703          	lbu	a4,0(a4)
   142d4:	02000693          	li	a3,32
   142d8:	00670733          	add	a4,a4,t1
   142dc:	00d70e63          	beq	a4,a3,142f8 <__udivdi3+0x64>
   142e0:	40e686b3          	sub	a3,a3,a4
   142e4:	00d598b3          	sll	a7,a1,a3
   142e8:	00e55733          	srl	a4,a0,a4
   142ec:	00d61833          	sll	a6,a2,a3
   142f0:	00d517b3          	sll	a5,a0,a3
   142f4:	011768b3          	or	a7,a4,a7
   142f8:	01085613          	srli	a2,a6,0x10
   142fc:	02c8d533          	divu	a0,a7,a2
   14300:	01081693          	slli	a3,a6,0x10
   14304:	0106d693          	srli	a3,a3,0x10
   14308:	0107d713          	srli	a4,a5,0x10
   1430c:	02c8f8b3          	remu	a7,a7,a2
   14310:	02a685b3          	mul	a1,a3,a0
   14314:	01089893          	slli	a7,a7,0x10
   14318:	01176733          	or	a4,a4,a7
   1431c:	00b77c63          	bgeu	a4,a1,14334 <__udivdi3+0xa0>
   14320:	00e808b3          	add	a7,a6,a4
   14324:	00088713          	mv	a4,a7
   14328:	00b8f463          	bgeu	a7,a1,14330 <__udivdi3+0x9c>
   1432c:	3908f463          	bgeu	a7,a6,146b4 <__udivdi3+0x420>
   14330:	fff50513          	addi	a0,a0,-1
   14334:	40b70733          	sub	a4,a4,a1
   14338:	02c755b3          	divu	a1,a4,a2
   1433c:	01079793          	slli	a5,a5,0x10
   14340:	0107d793          	srli	a5,a5,0x10
   14344:	02c77733          	remu	a4,a4,a2
   14348:	02b686b3          	mul	a3,a3,a1
   1434c:	01071713          	slli	a4,a4,0x10
   14350:	00e7e7b3          	or	a5,a5,a4
   14354:	00d7fa63          	bgeu	a5,a3,14368 <__udivdi3+0xd4>
   14358:	00f807b3          	add	a5,a6,a5
   1435c:	00d7f463          	bgeu	a5,a3,14364 <__udivdi3+0xd0>
   14360:	3507f663          	bgeu	a5,a6,146ac <__udivdi3+0x418>
   14364:	fff58593          	addi	a1,a1,-1
   14368:	01051513          	slli	a0,a0,0x10
   1436c:	00b56533          	or	a0,a0,a1
   14370:	00000593          	li	a1,0
   14374:	00008067          	ret
   14378:	00d5f863          	bgeu	a1,a3,14388 <__udivdi3+0xf4>
   1437c:	00000593          	li	a1,0
   14380:	00000513          	li	a0,0
   14384:	00008067          	ret
   14388:	000107b7          	lui	a5,0x10
   1438c:	2af6e663          	bltu	a3,a5,14638 <__udivdi3+0x3a4>
   14390:	01000737          	lui	a4,0x1000
   14394:	01800793          	li	a5,24
   14398:	00e6f463          	bgeu	a3,a4,143a0 <__udivdi3+0x10c>
   1439c:	01000793          	li	a5,16
   143a0:	00f6d833          	srl	a6,a3,a5
   143a4:	0000c717          	auipc	a4,0xc
   143a8:	57470713          	addi	a4,a4,1396 # 20918 <__clz_tab>
   143ac:	01070733          	add	a4,a4,a6
   143b0:	00074703          	lbu	a4,0(a4)
   143b4:	02000813          	li	a6,32
   143b8:	00f70733          	add	a4,a4,a5
   143bc:	29070663          	beq	a4,a6,14648 <__udivdi3+0x3b4>
   143c0:	40e80833          	sub	a6,a6,a4
   143c4:	00e658b3          	srl	a7,a2,a4
   143c8:	010696b3          	sll	a3,a3,a6
   143cc:	00d8e8b3          	or	a7,a7,a3
   143d0:	00e5d333          	srl	t1,a1,a4
   143d4:	0108de93          	srli	t4,a7,0x10
   143d8:	03d357b3          	divu	a5,t1,t4
   143dc:	01089e13          	slli	t3,a7,0x10
   143e0:	010595b3          	sll	a1,a1,a6
   143e4:	010e5e13          	srli	t3,t3,0x10
   143e8:	00e55733          	srl	a4,a0,a4
   143ec:	00b76733          	or	a4,a4,a1
   143f0:	01075693          	srli	a3,a4,0x10
   143f4:	01061633          	sll	a2,a2,a6
   143f8:	03d37333          	remu	t1,t1,t4
   143fc:	02fe05b3          	mul	a1,t3,a5
   14400:	01031313          	slli	t1,t1,0x10
   14404:	0066e6b3          	or	a3,a3,t1
   14408:	00b6fc63          	bgeu	a3,a1,14420 <__udivdi3+0x18c>
   1440c:	00d88333          	add	t1,a7,a3
   14410:	00030693          	mv	a3,t1
   14414:	00b37463          	bgeu	t1,a1,1441c <__udivdi3+0x188>
   14418:	2d137c63          	bgeu	t1,a7,146f0 <__udivdi3+0x45c>
   1441c:	fff78793          	addi	a5,a5,-1 # ffff <__HEAP_SIZE+0xdfff>
   14420:	40b686b3          	sub	a3,a3,a1
   14424:	03d6d333          	divu	t1,a3,t4
   14428:	01071713          	slli	a4,a4,0x10
   1442c:	01075713          	srli	a4,a4,0x10
   14430:	03d6f6b3          	remu	a3,a3,t4
   14434:	026e05b3          	mul	a1,t3,t1
   14438:	01069693          	slli	a3,a3,0x10
   1443c:	00d76733          	or	a4,a4,a3
   14440:	00b77c63          	bgeu	a4,a1,14458 <__udivdi3+0x1c4>
   14444:	00e886b3          	add	a3,a7,a4
   14448:	00068713          	mv	a4,a3
   1444c:	00b6f463          	bgeu	a3,a1,14454 <__udivdi3+0x1c0>
   14450:	2916f463          	bgeu	a3,a7,146d8 <__udivdi3+0x444>
   14454:	fff30313          	addi	t1,t1,-1
   14458:	01079793          	slli	a5,a5,0x10
   1445c:	0067e6b3          	or	a3,a5,t1
   14460:	40b70733          	sub	a4,a4,a1
   14464:	01061793          	slli	a5,a2,0x10
   14468:	01031593          	slli	a1,t1,0x10
   1446c:	0107d793          	srli	a5,a5,0x10
   14470:	0105d593          	srli	a1,a1,0x10
   14474:	0106d313          	srli	t1,a3,0x10
   14478:	01065613          	srli	a2,a2,0x10
   1447c:	02f30e33          	mul	t3,t1,a5
   14480:	02f588b3          	mul	a7,a1,a5
   14484:	02c585b3          	mul	a1,a1,a2
   14488:	0108d793          	srli	a5,a7,0x10
   1448c:	01c585b3          	add	a1,a1,t3
   14490:	00b787b3          	add	a5,a5,a1
   14494:	02c30333          	mul	t1,t1,a2
   14498:	01c7f663          	bgeu	a5,t3,144a4 <__udivdi3+0x210>
   1449c:	00010637          	lui	a2,0x10
   144a0:	00c30333          	add	t1,t1,a2
   144a4:	0107d613          	srli	a2,a5,0x10
   144a8:	00660633          	add	a2,a2,t1
   144ac:	02c76063          	bltu	a4,a2,144cc <__udivdi3+0x238>
   144b0:	01089893          	slli	a7,a7,0x10
   144b4:	0108d893          	srli	a7,a7,0x10
   144b8:	01079793          	slli	a5,a5,0x10
   144bc:	01051533          	sll	a0,a0,a6
   144c0:	011787b3          	add	a5,a5,a7
   144c4:	1ef57e63          	bgeu	a0,a5,146c0 <__udivdi3+0x42c>
   144c8:	1ec71c63          	bne	a4,a2,146c0 <__udivdi3+0x42c>
   144cc:	fff68513          	addi	a0,a3,-1
   144d0:	00000593          	li	a1,0
   144d4:	00008067          	ret
   144d8:	14060a63          	beqz	a2,1462c <__udivdi3+0x398>
   144dc:	00010737          	lui	a4,0x10
   144e0:	18e67c63          	bgeu	a2,a4,14678 <__udivdi3+0x3e4>
   144e4:	10063893          	sltiu	a7,a2,256
   144e8:	0018b893          	seqz	a7,a7
   144ec:	00389893          	slli	a7,a7,0x3
   144f0:	011656b3          	srl	a3,a2,a7
   144f4:	0000c717          	auipc	a4,0xc
   144f8:	42470713          	addi	a4,a4,1060 # 20918 <__clz_tab>
   144fc:	00d70733          	add	a4,a4,a3
   14500:	00074703          	lbu	a4,0(a4)
   14504:	02000693          	li	a3,32
   14508:	01170733          	add	a4,a4,a7
   1450c:	14d70a63          	beq	a4,a3,14660 <__udivdi3+0x3cc>
   14510:	40e687b3          	sub	a5,a3,a4
   14514:	00f61833          	sll	a6,a2,a5
   14518:	00e5d333          	srl	t1,a1,a4
   1451c:	01085893          	srli	a7,a6,0x10
   14520:	03135e33          	divu	t3,t1,a7
   14524:	01081613          	slli	a2,a6,0x10
   14528:	00f595b3          	sll	a1,a1,a5
   1452c:	01065613          	srli	a2,a2,0x10
   14530:	00e55733          	srl	a4,a0,a4
   14534:	00b76733          	or	a4,a4,a1
   14538:	01075693          	srli	a3,a4,0x10
   1453c:	00f517b3          	sll	a5,a0,a5
   14540:	03137333          	remu	t1,t1,a7
   14544:	03c605b3          	mul	a1,a2,t3
   14548:	01031313          	slli	t1,t1,0x10
   1454c:	0066e6b3          	or	a3,a3,t1
   14550:	00b6fc63          	bgeu	a3,a1,14568 <__udivdi3+0x2d4>
   14554:	00d80533          	add	a0,a6,a3
   14558:	00050693          	mv	a3,a0
   1455c:	00b57463          	bgeu	a0,a1,14564 <__udivdi3+0x2d0>
   14560:	17057663          	bgeu	a0,a6,146cc <__udivdi3+0x438>
   14564:	fffe0e13          	addi	t3,t3,-1
   14568:	40b686b3          	sub	a3,a3,a1
   1456c:	0316d533          	divu	a0,a3,a7
   14570:	01071713          	slli	a4,a4,0x10
   14574:	01075713          	srli	a4,a4,0x10
   14578:	0316f6b3          	remu	a3,a3,a7
   1457c:	02a60333          	mul	t1,a2,a0
   14580:	01069693          	slli	a3,a3,0x10
   14584:	00d76733          	or	a4,a4,a3
   14588:	00677c63          	bgeu	a4,t1,145a0 <__udivdi3+0x30c>
   1458c:	00e806b3          	add	a3,a6,a4
   14590:	00068713          	mv	a4,a3
   14594:	0066f463          	bgeu	a3,t1,1459c <__udivdi3+0x308>
   14598:	1506f663          	bgeu	a3,a6,146e4 <__udivdi3+0x450>
   1459c:	fff50513          	addi	a0,a0,-1
   145a0:	010e1593          	slli	a1,t3,0x10
   145a4:	00a5e5b3          	or	a1,a1,a0
   145a8:	40670733          	sub	a4,a4,t1
   145ac:	03175533          	divu	a0,a4,a7
   145b0:	0107d693          	srli	a3,a5,0x10
   145b4:	03177733          	remu	a4,a4,a7
   145b8:	02c50333          	mul	t1,a0,a2
   145bc:	01071713          	slli	a4,a4,0x10
   145c0:	00e6e733          	or	a4,a3,a4
   145c4:	00677c63          	bgeu	a4,t1,145dc <__udivdi3+0x348>
   145c8:	00e806b3          	add	a3,a6,a4
   145cc:	00068713          	mv	a4,a3
   145d0:	0066f463          	bgeu	a3,t1,145d8 <__udivdi3+0x344>
   145d4:	0d06f663          	bgeu	a3,a6,146a0 <__udivdi3+0x40c>
   145d8:	fff50513          	addi	a0,a0,-1
   145dc:	40670733          	sub	a4,a4,t1
   145e0:	031756b3          	divu	a3,a4,a7
   145e4:	01079793          	slli	a5,a5,0x10
   145e8:	0107d793          	srli	a5,a5,0x10
   145ec:	03177733          	remu	a4,a4,a7
   145f0:	02c68633          	mul	a2,a3,a2
   145f4:	01071713          	slli	a4,a4,0x10
   145f8:	00e7e7b3          	or	a5,a5,a4
   145fc:	00c7fa63          	bgeu	a5,a2,14610 <__udivdi3+0x37c>
   14600:	00f807b3          	add	a5,a6,a5
   14604:	00c7f463          	bgeu	a5,a2,1460c <__udivdi3+0x378>
   14608:	0907f863          	bgeu	a5,a6,14698 <__udivdi3+0x404>
   1460c:	fff68693          	addi	a3,a3,-1
   14610:	01051513          	slli	a0,a0,0x10
   14614:	00d56533          	or	a0,a0,a3
   14618:	00008067          	ret
   1461c:	10063313          	sltiu	t1,a2,256
   14620:	00133313          	seqz	t1,t1
   14624:	00331313          	slli	t1,t1,0x3
   14628:	c99ff06f          	j	142c0 <__udivdi3+0x2c>
   1462c:	00000693          	li	a3,0
   14630:	00000893          	li	a7,0
   14634:	ec1ff06f          	j	144f4 <__udivdi3+0x260>
   14638:	1006b793          	sltiu	a5,a3,256
   1463c:	0017b793          	seqz	a5,a5
   14640:	00379793          	slli	a5,a5,0x3
   14644:	d5dff06f          	j	143a0 <__udivdi3+0x10c>
   14648:	00c53633          	sltu	a2,a0,a2
   1464c:	00b6b6b3          	sltu	a3,a3,a1
   14650:	00163613          	seqz	a2,a2
   14654:	00c6e533          	or	a0,a3,a2
   14658:	00000593          	li	a1,0
   1465c:	00008067          	ret
   14660:	40c58733          	sub	a4,a1,a2
   14664:	01065893          	srli	a7,a2,0x10
   14668:	01061613          	slli	a2,a2,0x10
   1466c:	01065613          	srli	a2,a2,0x10
   14670:	00100593          	li	a1,1
   14674:	f39ff06f          	j	145ac <__udivdi3+0x318>
   14678:	01000737          	lui	a4,0x1000
   1467c:	00e67863          	bgeu	a2,a4,1468c <__udivdi3+0x3f8>
   14680:	01065693          	srli	a3,a2,0x10
   14684:	01000893          	li	a7,16
   14688:	e6dff06f          	j	144f4 <__udivdi3+0x260>
   1468c:	01865693          	srli	a3,a2,0x18
   14690:	01800893          	li	a7,24
   14694:	e61ff06f          	j	144f4 <__udivdi3+0x260>
   14698:	ffe68693          	addi	a3,a3,-2
   1469c:	f75ff06f          	j	14610 <__udivdi3+0x37c>
   146a0:	ffe50513          	addi	a0,a0,-2
   146a4:	01068733          	add	a4,a3,a6
   146a8:	f35ff06f          	j	145dc <__udivdi3+0x348>
   146ac:	ffe58593          	addi	a1,a1,-2
   146b0:	cb9ff06f          	j	14368 <__udivdi3+0xd4>
   146b4:	ffe50513          	addi	a0,a0,-2
   146b8:	01088733          	add	a4,a7,a6
   146bc:	c79ff06f          	j	14334 <__udivdi3+0xa0>
   146c0:	00068513          	mv	a0,a3
   146c4:	00000593          	li	a1,0
   146c8:	00008067          	ret
   146cc:	ffee0e13          	addi	t3,t3,-2
   146d0:	010506b3          	add	a3,a0,a6
   146d4:	e95ff06f          	j	14568 <__udivdi3+0x2d4>
   146d8:	ffe30313          	addi	t1,t1,-2
   146dc:	01168733          	add	a4,a3,a7
   146e0:	d79ff06f          	j	14458 <__udivdi3+0x1c4>
   146e4:	ffe50513          	addi	a0,a0,-2
   146e8:	01068733          	add	a4,a3,a6
   146ec:	eb5ff06f          	j	145a0 <__udivdi3+0x30c>
   146f0:	ffe78793          	addi	a5,a5,-2
   146f4:	011306b3          	add	a3,t1,a7
   146f8:	d29ff06f          	j	14420 <__udivdi3+0x18c>
