
D:\Desktop\OpenClaw_Workspace\Working\SDK\demos\newlib\coremark\build_Os\coremark.elf:     file format elf32-littleriscv


Disassembly of section .text:

00010000 <_reset_vector>:
   10000:	1000006f          	j	10100 <_start>
	...

00010080 <__vector_table>:
   10080:	0c40006f 3380006f 3340006f 1f80006f     o.@.o..3o.@3o...
   10090:	32c0006f 3280006f 3240006f 14c0006f     o..2o..2o.@2o...
   100a0:	31c0006f 3180006f 3140006f 2740006f     o..1o..1o.@1o.@'
   100b0:	30c0006f 3080006f 3040006f 3000006f     o..0o..0o.@0o..0
   100c0:	2fc0006f 2f80006f 2f40006f 2f00006f     o../o../o.@/o../
   100d0:	2ec0006f 2e80006f 2e40006f 2e00006f     o...o...o.@.o...
   100e0:	2dc0006f 2d80006f 2d40006f 2d00006f     o..-o..-o.@-o..-
   100f0:	2cc0006f 2c80006f 2c40006f 2c00006f     o..,o..,o.@,o..,

00010100 <_start>:
   10100:	00010197          	auipc	gp,0x10
   10104:	76818193          	addi	gp,gp,1896 # 20868 <__global_pointer$>
   10108:	00020117          	auipc	sp,0x20
   1010c:	ef810113          	addi	sp,sp,-264 # 30000 <__stack_top__>
   10110:	00011517          	auipc	a0,0x11
   10114:	8a850513          	addi	a0,a0,-1880 # 209b8 <errno>
   10118:	00011597          	auipc	a1,0x11
   1011c:	1e458593          	addi	a1,a1,484 # 212fc <__bss_end>
   10120:	00b50863          	beq	a0,a1,10130 <_start+0x30>
   10124:	00052023          	sw	zero,0(a0)
   10128:	00450513          	addi	a0,a0,4
   1012c:	feb56ce3          	bltu	a0,a1,10124 <_start+0x24>
   10130:	00000097          	auipc	ra,0x0
   10134:	318080e7          	jalr	792(ra) # 10448 <_init>
   10138:	00001097          	auipc	ra,0x1
   1013c:	de8080e7          	jalr	-536(ra) # 10f20 <main>
   10140:	0000006f          	j	10140 <_start+0x40>

00010144 <exc_entry>:
   10144:	fb010113          	addi	sp,sp,-80
   10148:	00112023          	sw	ra,0(sp)
   1014c:	00412223          	sw	tp,4(sp)
   10150:	00512423          	sw	t0,8(sp)
   10154:	00612623          	sw	t1,12(sp)
   10158:	00712823          	sw	t2,16(sp)
   1015c:	00a12a23          	sw	a0,20(sp)
   10160:	00b12c23          	sw	a1,24(sp)
   10164:	00c12e23          	sw	a2,28(sp)
   10168:	02d12023          	sw	a3,32(sp)
   1016c:	02e12223          	sw	a4,36(sp)
   10170:	02f12423          	sw	a5,40(sp)
   10174:	03012623          	sw	a6,44(sp)
   10178:	03112823          	sw	a7,48(sp)
   1017c:	03c12a23          	sw	t3,52(sp)
   10180:	03d12c23          	sw	t4,56(sp)
   10184:	03e12e23          	sw	t5,60(sp)
   10188:	05f12023          	sw	t6,64(sp)
   1018c:	34202573          	csrr	a0,mcause
   10190:	341025f3          	csrr	a1,mepc
   10194:	00000097          	auipc	ra,0x0
   10198:	43c080e7          	jalr	1084(ra) # 105d0 <serr_handler>
   1019c:	00012083          	lw	ra,0(sp)
   101a0:	00412203          	lw	tp,4(sp)
   101a4:	00812283          	lw	t0,8(sp)
   101a8:	00c12303          	lw	t1,12(sp)
   101ac:	01012383          	lw	t2,16(sp)
   101b0:	01412503          	lw	a0,20(sp)
   101b4:	01812583          	lw	a1,24(sp)
   101b8:	01c12603          	lw	a2,28(sp)
   101bc:	02012683          	lw	a3,32(sp)
   101c0:	02412703          	lw	a4,36(sp)
   101c4:	02812783          	lw	a5,40(sp)
   101c8:	02c12803          	lw	a6,44(sp)
   101cc:	03012883          	lw	a7,48(sp)
   101d0:	03412e03          	lw	t3,52(sp)
   101d4:	03812e83          	lw	t4,56(sp)
   101d8:	03c12f03          	lw	t5,60(sp)
   101dc:	04012f83          	lw	t6,64(sp)
   101e0:	05010113          	addi	sp,sp,80
   101e4:	30200073          	mret

000101e8 <irq_timer_entry>:
   101e8:	fb010113          	addi	sp,sp,-80
   101ec:	00112023          	sw	ra,0(sp)
   101f0:	00412223          	sw	tp,4(sp)
   101f4:	00512423          	sw	t0,8(sp)
   101f8:	00612623          	sw	t1,12(sp)
   101fc:	00712823          	sw	t2,16(sp)
   10200:	00a12a23          	sw	a0,20(sp)
   10204:	00b12c23          	sw	a1,24(sp)
   10208:	00c12e23          	sw	a2,28(sp)
   1020c:	02d12023          	sw	a3,32(sp)
   10210:	02e12223          	sw	a4,36(sp)
   10214:	02f12423          	sw	a5,40(sp)
   10218:	03012623          	sw	a6,44(sp)
   1021c:	03112823          	sw	a7,48(sp)
   10220:	03c12a23          	sw	t3,52(sp)
   10224:	03d12c23          	sw	t4,56(sp)
   10228:	03e12e23          	sw	t5,60(sp)
   1022c:	05f12023          	sw	t6,64(sp)
   10230:	00000097          	auipc	ra,0x0
   10234:	398080e7          	jalr	920(ra) # 105c8 <tmr_irq_handler>
   10238:	00012083          	lw	ra,0(sp)
   1023c:	00412203          	lw	tp,4(sp)
   10240:	00812283          	lw	t0,8(sp)
   10244:	00c12303          	lw	t1,12(sp)
   10248:	01012383          	lw	t2,16(sp)
   1024c:	01412503          	lw	a0,20(sp)
   10250:	01812583          	lw	a1,24(sp)
   10254:	01c12603          	lw	a2,28(sp)
   10258:	02012683          	lw	a3,32(sp)
   1025c:	02412703          	lw	a4,36(sp)
   10260:	02812783          	lw	a5,40(sp)
   10264:	02c12803          	lw	a6,44(sp)
   10268:	03012883          	lw	a7,48(sp)
   1026c:	03412e03          	lw	t3,52(sp)
   10270:	03812e83          	lw	t4,56(sp)
   10274:	03c12f03          	lw	t5,60(sp)
   10278:	04012f83          	lw	t6,64(sp)
   1027c:	05010113          	addi	sp,sp,80
   10280:	30200073          	mret

00010284 <irq_software_entry>:
   10284:	fb010113          	addi	sp,sp,-80
   10288:	00112023          	sw	ra,0(sp)
   1028c:	00412223          	sw	tp,4(sp)
   10290:	00512423          	sw	t0,8(sp)
   10294:	00612623          	sw	t1,12(sp)
   10298:	00712823          	sw	t2,16(sp)
   1029c:	00a12a23          	sw	a0,20(sp)
   102a0:	00b12c23          	sw	a1,24(sp)
   102a4:	00c12e23          	sw	a2,28(sp)
   102a8:	02d12023          	sw	a3,32(sp)
   102ac:	02e12223          	sw	a4,36(sp)
   102b0:	02f12423          	sw	a5,40(sp)
   102b4:	03012623          	sw	a6,44(sp)
   102b8:	03112823          	sw	a7,48(sp)
   102bc:	03c12a23          	sw	t3,52(sp)
   102c0:	03d12c23          	sw	t4,56(sp)
   102c4:	03e12e23          	sw	t5,60(sp)
   102c8:	05f12023          	sw	t6,64(sp)
   102cc:	00000097          	auipc	ra,0x0
   102d0:	2f8080e7          	jalr	760(ra) # 105c4 <sw_irq_handler>
   102d4:	00012083          	lw	ra,0(sp)
   102d8:	00412203          	lw	tp,4(sp)
   102dc:	00812283          	lw	t0,8(sp)
   102e0:	00c12303          	lw	t1,12(sp)
   102e4:	01012383          	lw	t2,16(sp)
   102e8:	01412503          	lw	a0,20(sp)
   102ec:	01812583          	lw	a1,24(sp)
   102f0:	01c12603          	lw	a2,28(sp)
   102f4:	02012683          	lw	a3,32(sp)
   102f8:	02412703          	lw	a4,36(sp)
   102fc:	02812783          	lw	a5,40(sp)
   10300:	02c12803          	lw	a6,44(sp)
   10304:	03012883          	lw	a7,48(sp)
   10308:	03412e03          	lw	t3,52(sp)
   1030c:	03812e83          	lw	t4,56(sp)
   10310:	03c12f03          	lw	t5,60(sp)
   10314:	04012f83          	lw	t6,64(sp)
   10318:	05010113          	addi	sp,sp,80
   1031c:	30200073          	mret

00010320 <irq_external_entry>:
   10320:	fb010113          	addi	sp,sp,-80
   10324:	00112023          	sw	ra,0(sp)
   10328:	00412223          	sw	tp,4(sp)
   1032c:	00512423          	sw	t0,8(sp)
   10330:	00612623          	sw	t1,12(sp)
   10334:	00712823          	sw	t2,16(sp)
   10338:	00a12a23          	sw	a0,20(sp)
   1033c:	00b12c23          	sw	a1,24(sp)
   10340:	00c12e23          	sw	a2,28(sp)
   10344:	02d12023          	sw	a3,32(sp)
   10348:	02e12223          	sw	a4,36(sp)
   1034c:	02f12423          	sw	a5,40(sp)
   10350:	03012623          	sw	a6,44(sp)
   10354:	03112823          	sw	a7,48(sp)
   10358:	03c12a23          	sw	t3,52(sp)
   1035c:	03d12c23          	sw	t4,56(sp)
   10360:	03e12e23          	sw	t5,60(sp)
   10364:	05f12023          	sw	t6,64(sp)
   10368:	00000097          	auipc	ra,0x0
   1036c:	264080e7          	jalr	612(ra) # 105cc <ext_irq_handler>
   10370:	00012083          	lw	ra,0(sp)
   10374:	00412203          	lw	tp,4(sp)
   10378:	00812283          	lw	t0,8(sp)
   1037c:	00c12303          	lw	t1,12(sp)
   10380:	01012383          	lw	t2,16(sp)
   10384:	01412503          	lw	a0,20(sp)
   10388:	01812583          	lw	a1,24(sp)
   1038c:	01c12603          	lw	a2,28(sp)
   10390:	02012683          	lw	a3,32(sp)
   10394:	02412703          	lw	a4,36(sp)
   10398:	02812783          	lw	a5,40(sp)
   1039c:	02c12803          	lw	a6,44(sp)
   103a0:	03012883          	lw	a7,48(sp)
   103a4:	03412e03          	lw	t3,52(sp)
   103a8:	03812e83          	lw	t4,56(sp)
   103ac:	03c12f03          	lw	t5,60(sp)
   103b0:	04012f83          	lw	t6,64(sp)
   103b4:	05010113          	addi	sp,sp,80
   103b8:	30200073          	mret

000103bc <irq_unhandled>:
   103bc:	10500073          	wfi
   103c0:	ffdff06f          	j	103bc <irq_unhandled>

000103c4 <memset>:
   103c4:	00050313          	mv	t1,a0
   103c8:	00060a63          	beqz	a2,103dc <memset+0x18>
   103cc:	00b30023          	sb	a1,0(t1)
   103d0:	fff60613          	addi	a2,a2,-1
   103d4:	00130313          	addi	t1,t1,1
   103d8:	fe061ae3          	bnez	a2,103cc <memset+0x8>
   103dc:	00008067          	ret

000103e0 <measure_cpu_freq.part.0>:
   103e0:	ff010113          	addi	sp,sp,-16
   103e4:	00112623          	sw	ra,12(sp)
   103e8:	c01027f3          	rdtime	a5
   103ec:	b00026f3          	csrr	a3,mcycle
   103f0:	c0102773          	rdtime	a4
   103f4:	fee78ce3          	beq	a5,a4,103ec <measure_cpu_freq.part.0+0xc>
   103f8:	c0102673          	rdtime	a2
   103fc:	40e60633          	sub	a2,a2,a4
   10400:	b00027f3          	csrr	a5,mcycle
   10404:	fea66ae3          	bltu	a2,a0,103f8 <measure_cpu_freq.part.0+0x18>
   10408:	000f4737          	lui	a4,0xf4
   1040c:	40d787b3          	sub	a5,a5,a3
   10410:	24070713          	addi	a4,a4,576 # f4240 <__stack_top__+0xc4240>
   10414:	02e785b3          	mul	a1,a5,a4
   10418:	00165513          	srli	a0,a2,0x1
   1041c:	00000693          	li	a3,0
   10420:	02e7b7b3          	mulhu	a5,a5,a4
   10424:	00a58533          	add	a0,a1,a0
   10428:	00b535b3          	sltu	a1,a0,a1
   1042c:	00f585b3          	add	a1,a1,a5
   10430:	00004097          	auipc	ra,0x4
   10434:	bd4080e7          	jalr	-1068(ra) # 14004 <__udivdi3>
   10438:	00c12083          	lw	ra,12(sp)
   1043c:	01010113          	addi	sp,sp,16
   10440:	00008067          	ret

00010444 <board_init>:
   10444:	00008067          	ret

00010448 <_init>:
   10448:	ff010113          	addi	sp,sp,-16
   1044c:	00112623          	sw	ra,12(sp)
   10450:	3060d073          	csrwi	mcounteren,1
   10454:	00100513          	li	a0,1
   10458:	00000097          	auipc	ra,0x0
   1045c:	f88080e7          	jalr	-120(ra) # 103e0 <measure_cpu_freq.part.0>
   10460:	00002537          	lui	a0,0x2
   10464:	71050513          	addi	a0,a0,1808 # 2710 <__HEAP_SIZE+0x710>
   10468:	00000097          	auipc	ra,0x0
   1046c:	f78080e7          	jalr	-136(ra) # 103e0 <measure_cpu_freq.part.0>
   10470:	fbfa17b7          	lui	a5,0xfbfa1
   10474:	82078793          	addi	a5,a5,-2016 # fbfa0820 <__stack_top__+0xfbf70820>
   10478:	00e4e737          	lui	a4,0xe4e
   1047c:	00f507b3          	add	a5,a0,a5
   10480:	1c070713          	addi	a4,a4,448 # e4e1c0 <__stack_top__+0xe1e1c0>
   10484:	00f77663          	bgeu	a4,a5,10490 <_init+0x48>
   10488:	04787537          	lui	a0,0x4787
   1048c:	8c050513          	addi	a0,a0,-1856 # 47868c0 <__stack_top__+0x47568c0>
   10490:	000217b7          	lui	a5,0x21
   10494:	9ca7a823          	sw	a0,-1584(a5) # 209d0 <g_cpu_freq_hz>
   10498:	0001c537          	lui	a0,0x1c
   1049c:	20050513          	addi	a0,a0,512 # 1c200 <_etext+0x7d94>
   104a0:	00000097          	auipc	ra,0x0
   104a4:	054080e7          	jalr	84(ra) # 104f4 <uart_init>
   104a8:	00000517          	auipc	a0,0x0
   104ac:	bd850513          	addi	a0,a0,-1064 # 10080 <__vector_table>
   104b0:	00156513          	ori	a0,a0,1
   104b4:	30551073          	csrw	mtvec,a0
   104b8:	00000097          	auipc	ra,0x0
   104bc:	f8c080e7          	jalr	-116(ra) # 10444 <board_init>
   104c0:	3fd00513          	li	a0,1021
   104c4:	30652073          	csrs	mcounteren,a0
   104c8:	00c12083          	lw	ra,12(sp)
   104cc:	01010113          	addi	sp,sp,16
   104d0:	00008067          	ret

000104d4 <uart_putc>:
   104d4:	e0010737          	lui	a4,0xe0010
   104d8:	01470713          	addi	a4,a4,20 # e0010014 <__stack_top__+0xdffe0014>
   104dc:	00072783          	lw	a5,0(a4)
   104e0:	0207f793          	andi	a5,a5,32
   104e4:	fe078ce3          	beqz	a5,104dc <uart_putc+0x8>
   104e8:	e00107b7          	lui	a5,0xe0010
   104ec:	00a7a023          	sw	a0,0(a5) # e0010000 <__stack_top__+0xdffe0000>
   104f0:	00008067          	ret

000104f4 <uart_init>:
   104f4:	000217b7          	lui	a5,0x21
   104f8:	9d07a603          	lw	a2,-1584(a5) # 209d0 <g_cpu_freq_hz>
   104fc:	fe010113          	addi	sp,sp,-32
   10500:	00112e23          	sw	ra,28(sp)
   10504:	00812c23          	sw	s0,24(sp)
   10508:	00061663          	bnez	a2,10514 <uart_init+0x20>
   1050c:	04787637          	lui	a2,0x4787
   10510:	8c060613          	addi	a2,a2,-1856 # 47868c0 <__stack_top__+0x47568c0>
   10514:	00451413          	slli	s0,a0,0x4
   10518:	00040593          	mv	a1,s0
   1051c:	00165513          	srli	a0,a2,0x1
   10520:	00000693          	li	a3,0
   10524:	00c12623          	sw	a2,12(sp)
   10528:	00004097          	auipc	ra,0x4
   1052c:	adc080e7          	jalr	-1316(ra) # 14004 <__udivdi3>
   10530:	00c12603          	lw	a2,12(sp)
   10534:	e00107b7          	lui	a5,0xe0010
   10538:	02a7a223          	sw	a0,36(a5) # e0010024 <__stack_top__+0xdffe0024>
   1053c:	02865633          	divu	a2,a2,s0
   10540:	08000713          	li	a4,128
   10544:	00e7a623          	sw	a4,12(a5)
   10548:	01c12083          	lw	ra,28(sp)
   1054c:	01812403          	lw	s0,24(sp)
   10550:	00300713          	li	a4,3
   10554:	0ff67613          	zext.b	a2,a2
   10558:	00c7a023          	sw	a2,0(a5)
   1055c:	0007a223          	sw	zero,4(a5)
   10560:	00e7a623          	sw	a4,12(a5)
   10564:	02010113          	addi	sp,sp,32
   10568:	00008067          	ret

0001056c <uart_puts>:
   1056c:	ff010113          	addi	sp,sp,-16
   10570:	00812423          	sw	s0,8(sp)
   10574:	00912223          	sw	s1,4(sp)
   10578:	00112623          	sw	ra,12(sp)
   1057c:	00050413          	mv	s0,a0
   10580:	00a00493          	li	s1,10
   10584:	00044783          	lbu	a5,0(s0)
   10588:	00079c63          	bnez	a5,105a0 <uart_puts+0x34>
   1058c:	00c12083          	lw	ra,12(sp)
   10590:	00812403          	lw	s0,8(sp)
   10594:	00412483          	lw	s1,4(sp)
   10598:	01010113          	addi	sp,sp,16
   1059c:	00008067          	ret
   105a0:	00979863          	bne	a5,s1,105b0 <uart_puts+0x44>
   105a4:	00d00513          	li	a0,13
   105a8:	00000097          	auipc	ra,0x0
   105ac:	f2c080e7          	jalr	-212(ra) # 104d4 <uart_putc>
   105b0:	00044503          	lbu	a0,0(s0)
   105b4:	00140413          	addi	s0,s0,1
   105b8:	00000097          	auipc	ra,0x0
   105bc:	f1c080e7          	jalr	-228(ra) # 104d4 <uart_putc>
   105c0:	fc5ff06f          	j	10584 <uart_puts+0x18>

000105c4 <sw_irq_handler>:
   105c4:	00008067          	ret

000105c8 <tmr_irq_handler>:
   105c8:	00008067          	ret

000105cc <ext_irq_handler>:
   105cc:	00008067          	ret

000105d0 <serr_handler>:
   105d0:	0000006f          	j	105d0 <serr_handler>

000105d4 <_close>:
   105d4:	fff00513          	li	a0,-1
   105d8:	00008067          	ret

000105dc <_fstat>:
   105dc:	000027b7          	lui	a5,0x2
   105e0:	00f5a223          	sw	a5,4(a1)
   105e4:	00000513          	li	a0,0
   105e8:	00008067          	ret

000105ec <_isatty>:
   105ec:	00100513          	li	a0,1
   105f0:	00008067          	ret

000105f4 <_lseek>:
   105f4:	00000513          	li	a0,0
   105f8:	00008067          	ret

000105fc <_read>:
   105fc:	00000513          	li	a0,0
   10600:	00008067          	ret

00010604 <_sbrk>:
   10604:	000206b7          	lui	a3,0x20
   10608:	00050793          	mv	a5,a0
   1060c:	0006a503          	lw	a0,0(a3) # 20000 <heap_ptr>
   10610:	00021737          	lui	a4,0x21
   10614:	2fc70713          	addi	a4,a4,764 # 212fc <__bss_end>
   10618:	00f507b3          	add	a5,a0,a5
   1061c:	00e7e863          	bltu	a5,a4,1062c <_sbrk+0x28>
   10620:	00023737          	lui	a4,0x23
   10624:	2fc70713          	addi	a4,a4,764 # 232fc <__heap_end>
   10628:	00f77c63          	bgeu	a4,a5,10640 <_sbrk+0x3c>
   1062c:	000217b7          	lui	a5,0x21
   10630:	00c00713          	li	a4,12
   10634:	9ae7ac23          	sw	a4,-1608(a5) # 209b8 <errno>
   10638:	fff00513          	li	a0,-1
   1063c:	00008067          	ret
   10640:	00f6a023          	sw	a5,0(a3)
   10644:	00008067          	ret

00010648 <_write>:
   10648:	fff50513          	addi	a0,a0,-1
   1064c:	00100793          	li	a5,1
   10650:	02a7ec63          	bltu	a5,a0,10688 <_write+0x40>
   10654:	e00106b7          	lui	a3,0xe0010
   10658:	00000513          	li	a0,0
   1065c:	01468793          	addi	a5,a3,20 # e0010014 <__stack_top__+0xdffe0014>
   10660:	00c51463          	bne	a0,a2,10668 <_write+0x20>
   10664:	00008067          	ret
   10668:	00a58733          	add	a4,a1,a0
   1066c:	00074803          	lbu	a6,0(a4)
   10670:	0007a703          	lw	a4,0(a5)
   10674:	02077713          	andi	a4,a4,32
   10678:	fe070ce3          	beqz	a4,10670 <_write+0x28>
   1067c:	0106a023          	sw	a6,0(a3)
   10680:	00150513          	addi	a0,a0,1
   10684:	fddff06f          	j	10660 <_write+0x18>
   10688:	fff00513          	li	a0,-1
   1068c:	00008067          	ret

00010690 <print_fixed_scaled>:
   10690:	08b05c63          	blez	a1,10728 <print_fixed_scaled+0x98>
   10694:	ff010113          	addi	sp,sp,-16
   10698:	00812423          	sw	s0,8(sp)
   1069c:	00912223          	sw	s1,4(sp)
   106a0:	00112623          	sw	ra,12(sp)
   106a4:	01212023          	sw	s2,0(sp)
   106a8:	00050413          	mv	s0,a0
   106ac:	00058493          	mv	s1,a1
   106b0:	00055a63          	bgez	a0,106c4 <print_fixed_scaled+0x34>
   106b4:	02d00513          	li	a0,45
   106b8:	00002097          	auipc	ra,0x2
   106bc:	c58080e7          	jalr	-936(ra) # 12310 <putchar>
   106c0:	40800433          	neg	s0,s0
   106c4:	029445b3          	div	a1,s0,s1
   106c8:	00020537          	lui	a0,0x20
   106cc:	26c50513          	addi	a0,a0,620 # 2026c <_impure_ptr+0x204>
   106d0:	00002097          	auipc	ra,0x2
   106d4:	bec080e7          	jalr	-1044(ra) # 122bc <iprintf>
   106d8:	02946433          	rem	s0,s0,s1
   106dc:	02040a63          	beqz	s0,10710 <print_fixed_scaled+0x80>
   106e0:	02e00513          	li	a0,46
   106e4:	00002097          	auipc	ra,0x2
   106e8:	c2c080e7          	jalr	-980(ra) # 12310 <putchar>
   106ec:	00a00913          	li	s2,10
   106f0:	03240433          	mul	s0,s0,s2
   106f4:	02945533          	divu	a0,s0,s1
   106f8:	03257533          	remu	a0,a0,s2
   106fc:	03050513          	addi	a0,a0,48
   10700:	00002097          	auipc	ra,0x2
   10704:	c10080e7          	jalr	-1008(ra) # 12310 <putchar>
   10708:	02947433          	remu	s0,s0,s1
   1070c:	fe0412e3          	bnez	s0,106f0 <print_fixed_scaled+0x60>
   10710:	00c12083          	lw	ra,12(sp)
   10714:	00812403          	lw	s0,8(sp)
   10718:	00412483          	lw	s1,4(sp)
   1071c:	00012903          	lw	s2,0(sp)
   10720:	01010113          	addi	sp,sp,16
   10724:	00008067          	ret
   10728:	00008067          	ret

0001072c <cmp_idx>:
   1072c:	02061a63          	bnez	a2,10760 <cmp_idx+0x34>
   10730:	00051783          	lh	a5,0(a0)
   10734:	01079693          	slli	a3,a5,0x10
   10738:	f007f713          	andi	a4,a5,-256
   1073c:	0186d793          	srli	a5,a3,0x18
   10740:	00f767b3          	or	a5,a4,a5
   10744:	00f51023          	sh	a5,0(a0)
   10748:	00059783          	lh	a5,0(a1)
   1074c:	01079693          	slli	a3,a5,0x10
   10750:	f007f713          	andi	a4,a5,-256
   10754:	0186d793          	srli	a5,a3,0x18
   10758:	00f767b3          	or	a5,a4,a5
   1075c:	00f59023          	sh	a5,0(a1)
   10760:	00251503          	lh	a0,2(a0)
   10764:	00259783          	lh	a5,2(a1)
   10768:	40f50533          	sub	a0,a0,a5
   1076c:	00008067          	ret

00010770 <calc_func>:
   10770:	fe010113          	addi	sp,sp,-32
   10774:	00912a23          	sw	s1,20(sp)
   10778:	00051483          	lh	s1,0(a0)
   1077c:	00112e23          	sw	ra,28(sp)
   10780:	00812c23          	sw	s0,24(sp)
   10784:	4074d793          	srai	a5,s1,0x7
   10788:	01212823          	sw	s2,16(sp)
   1078c:	01312623          	sw	s3,12(sp)
   10790:	0017f793          	andi	a5,a5,1
   10794:	02078263          	beqz	a5,107b8 <calc_func+0x48>
   10798:	07f4f513          	andi	a0,s1,127
   1079c:	01c12083          	lw	ra,28(sp)
   107a0:	01812403          	lw	s0,24(sp)
   107a4:	01412483          	lw	s1,20(sp)
   107a8:	01012903          	lw	s2,16(sp)
   107ac:	00c12983          	lw	s3,12(sp)
   107b0:	02010113          	addi	sp,sp,32
   107b4:	00008067          	ret
   107b8:	4034d693          	srai	a3,s1,0x3
   107bc:	01100793          	li	a5,17
   107c0:	00f6f693          	andi	a3,a3,15
   107c4:	02f686b3          	mul	a3,a3,a5
   107c8:	0074f613          	andi	a2,s1,7
   107cc:	0385d783          	lhu	a5,56(a1)
   107d0:	00058413          	mv	s0,a1
   107d4:	00050993          	mv	s3,a0
   107d8:	01069713          	slli	a4,a3,0x10
   107dc:	41075713          	srai	a4,a4,0x10
   107e0:	02060e63          	beqz	a2,1081c <calc_func+0xac>
   107e4:	00100693          	li	a3,1
   107e8:	00048913          	mv	s2,s1
   107ec:	06d61463          	bne	a2,a3,10854 <calc_func+0xe4>
   107f0:	00078613          	mv	a2,a5
   107f4:	00070593          	mv	a1,a4
   107f8:	02840513          	addi	a0,s0,40
   107fc:	00001097          	auipc	ra,0x1
   10800:	32c080e7          	jalr	812(ra) # 11b28 <core_bench_matrix>
   10804:	03c45783          	lhu	a5,60(s0)
   10808:	01051913          	slli	s2,a0,0x10
   1080c:	41095913          	srai	s2,s2,0x10
   10810:	04079263          	bnez	a5,10854 <calc_func+0xe4>
   10814:	02a41e23          	sh	a0,60(s0)
   10818:	03c0006f          	j	10854 <calc_func+0xe4>
   1081c:	02100613          	li	a2,33
   10820:	00d66463          	bltu	a2,a3,10828 <calc_func+0xb8>
   10824:	02200713          	li	a4,34
   10828:	00241683          	lh	a3,2(s0)
   1082c:	00041603          	lh	a2,0(s0)
   10830:	01442583          	lw	a1,20(s0)
   10834:	01842503          	lw	a0,24(s0)
   10838:	00001097          	auipc	ra,0x1
   1083c:	6c8080e7          	jalr	1736(ra) # 11f00 <core_bench_state>
   10840:	03e45783          	lhu	a5,62(s0)
   10844:	01051913          	slli	s2,a0,0x10
   10848:	41095913          	srai	s2,s2,0x10
   1084c:	00079463          	bnez	a5,10854 <calc_func+0xe4>
   10850:	02a41f23          	sh	a0,62(s0)
   10854:	03845583          	lhu	a1,56(s0)
   10858:	01091513          	slli	a0,s2,0x10
   1085c:	01055513          	srli	a0,a0,0x10
   10860:	00002097          	auipc	ra,0x2
   10864:	9d0080e7          	jalr	-1584(ra) # 12230 <crcu16>
   10868:	02a41c23          	sh	a0,56(s0)
   1086c:	f004f493          	andi	s1,s1,-256
   10870:	07f97513          	andi	a0,s2,127
   10874:	009564b3          	or	s1,a0,s1
   10878:	0804e493          	ori	s1,s1,128
   1087c:	00999023          	sh	s1,0(s3)
   10880:	f1dff06f          	j	1079c <calc_func+0x2c>

00010884 <cmp_complex>:
   10884:	fe010113          	addi	sp,sp,-32
   10888:	00812c23          	sw	s0,24(sp)
   1088c:	00058413          	mv	s0,a1
   10890:	00060593          	mv	a1,a2
   10894:	00112e23          	sw	ra,28(sp)
   10898:	00912a23          	sw	s1,20(sp)
   1089c:	00c12623          	sw	a2,12(sp)
   108a0:	00000097          	auipc	ra,0x0
   108a4:	ed0080e7          	jalr	-304(ra) # 10770 <calc_func>
   108a8:	00c12583          	lw	a1,12(sp)
   108ac:	00050493          	mv	s1,a0
   108b0:	00040513          	mv	a0,s0
   108b4:	00000097          	auipc	ra,0x0
   108b8:	ebc080e7          	jalr	-324(ra) # 10770 <calc_func>
   108bc:	01c12083          	lw	ra,28(sp)
   108c0:	01812403          	lw	s0,24(sp)
   108c4:	40a48533          	sub	a0,s1,a0
   108c8:	01412483          	lw	s1,20(sp)
   108cc:	02010113          	addi	sp,sp,32
   108d0:	00008067          	ret

000108d4 <core_list_insert_new>:
   108d4:	00050813          	mv	a6,a0
   108d8:	00062503          	lw	a0,0(a2)
   108dc:	00850893          	addi	a7,a0,8
   108e0:	04e8f463          	bgeu	a7,a4,10928 <core_list_insert_new+0x54>
   108e4:	0006a703          	lw	a4,0(a3)
   108e8:	00470313          	addi	t1,a4,4
   108ec:	02f37e63          	bgeu	t1,a5,10928 <core_list_insert_new+0x54>
   108f0:	01162023          	sw	a7,0(a2)
   108f4:	00082783          	lw	a5,0(a6)
   108f8:	00f52023          	sw	a5,0(a0)
   108fc:	00a82023          	sw	a0,0(a6)
   10900:	00e52223          	sw	a4,4(a0)
   10904:	0006a783          	lw	a5,0(a3)
   10908:	00059703          	lh	a4,0(a1)
   1090c:	00478793          	addi	a5,a5,4
   10910:	00f6a023          	sw	a5,0(a3)
   10914:	00452783          	lw	a5,4(a0)
   10918:	00e79023          	sh	a4,0(a5)
   1091c:	00259703          	lh	a4,2(a1)
   10920:	00e79123          	sh	a4,2(a5)
   10924:	00008067          	ret
   10928:	00000513          	li	a0,0
   1092c:	00008067          	ret

00010930 <core_list_remove>:
   10930:	00052783          	lw	a5,0(a0)
   10934:	00452703          	lw	a4,4(a0)
   10938:	0047a683          	lw	a3,4(a5)
   1093c:	00d52223          	sw	a3,4(a0)
   10940:	00e7a223          	sw	a4,4(a5)
   10944:	0007a703          	lw	a4,0(a5)
   10948:	00e52023          	sw	a4,0(a0)
   1094c:	0007a023          	sw	zero,0(a5)
   10950:	00078513          	mv	a0,a5
   10954:	00008067          	ret

00010958 <core_list_find>:
   10958:	00259783          	lh	a5,2(a1)
   1095c:	0207d063          	bgez	a5,1097c <core_list_find+0x24>
   10960:	00050a63          	beqz	a0,10974 <core_list_find+0x1c>
   10964:	00452783          	lw	a5,4(a0)
   10968:	00059703          	lh	a4,0(a1)
   1096c:	0007c783          	lbu	a5,0(a5)
   10970:	02f71063          	bne	a4,a5,10990 <core_list_find+0x38>
   10974:	00008067          	ret
   10978:	00052503          	lw	a0,0(a0)
   1097c:	fe050ce3          	beqz	a0,10974 <core_list_find+0x1c>
   10980:	00452703          	lw	a4,4(a0)
   10984:	00271703          	lh	a4,2(a4)
   10988:	fef718e3          	bne	a4,a5,10978 <core_list_find+0x20>
   1098c:	00008067          	ret
   10990:	00052503          	lw	a0,0(a0)
   10994:	fcdff06f          	j	10960 <core_list_find+0x8>

00010998 <core_list_reverse>:
   10998:	00050793          	mv	a5,a0
   1099c:	00000513          	li	a0,0
   109a0:	00079463          	bnez	a5,109a8 <core_list_reverse+0x10>
   109a4:	00008067          	ret
   109a8:	0007a703          	lw	a4,0(a5)
   109ac:	00a7a023          	sw	a0,0(a5)
   109b0:	00078513          	mv	a0,a5
   109b4:	00070793          	mv	a5,a4
   109b8:	fe9ff06f          	j	109a0 <core_list_reverse+0x8>

000109bc <core_list_mergesort>:
   109bc:	fc010113          	addi	sp,sp,-64
   109c0:	03512223          	sw	s5,36(sp)
   109c4:	00100a93          	li	s5,1
   109c8:	03312623          	sw	s3,44(sp)
   109cc:	01812c23          	sw	s8,24(sp)
   109d0:	01912a23          	sw	s9,20(sp)
   109d4:	02112e23          	sw	ra,60(sp)
   109d8:	02812c23          	sw	s0,56(sp)
   109dc:	02912a23          	sw	s1,52(sp)
   109e0:	03212823          	sw	s2,48(sp)
   109e4:	03412423          	sw	s4,40(sp)
   109e8:	03612023          	sw	s6,32(sp)
   109ec:	01712e23          	sw	s7,28(sp)
   109f0:	00058c93          	mv	s9,a1
   109f4:	00050993          	mv	s3,a0
   109f8:	000a8c13          	mv	s8,s5
   109fc:	00098413          	mv	s0,s3
   10a00:	00000b93          	li	s7,0
   10a04:	00000b13          	li	s6,0
   10a08:	00000993          	li	s3,0
   10a0c:	02040c63          	beqz	s0,10a44 <core_list_mergesort+0x88>
   10a10:	001b8b93          	addi	s7,s7,1
   10a14:	00040793          	mv	a5,s0
   10a18:	00000493          	li	s1,0
   10a1c:	0154d863          	bge	s1,s5,10a2c <core_list_mergesort+0x70>
   10a20:	0007a783          	lw	a5,0(a5)
   10a24:	00148493          	addi	s1,s1,1
   10a28:	fe079ae3          	bnez	a5,10a1c <core_list_mergesort+0x60>
   10a2c:	00040913          	mv	s2,s0
   10a30:	000a8a13          	mv	s4,s5
   10a34:	00078413          	mv	s0,a5
   10a38:	02904863          	bgtz	s1,10a68 <core_list_mergesort+0xac>
   10a3c:	fd4058e3          	blez	s4,10a0c <core_list_mergesort+0x50>
   10a40:	00041a63          	bnez	s0,10a54 <core_list_mergesort+0x98>
   10a44:	000b2023          	sw	zero,0(s6)
   10a48:	077c5463          	bge	s8,s7,10ab0 <core_list_mergesort+0xf4>
   10a4c:	001a9a93          	slli	s5,s5,0x1
   10a50:	fadff06f          	j	109fc <core_list_mergesort+0x40>
   10a54:	02049c63          	bnez	s1,10a8c <core_list_mergesort+0xd0>
   10a58:	00040793          	mv	a5,s0
   10a5c:	fffa0a13          	addi	s4,s4,-1
   10a60:	00042403          	lw	s0,0(s0)
   10a64:	0180006f          	j	10a7c <core_list_mergesort+0xc0>
   10a68:	000a0463          	beqz	s4,10a70 <core_list_mergesort+0xb4>
   10a6c:	02041063          	bnez	s0,10a8c <core_list_mergesort+0xd0>
   10a70:	00090793          	mv	a5,s2
   10a74:	00092903          	lw	s2,0(s2)
   10a78:	fff48493          	addi	s1,s1,-1
   10a7c:	020b0663          	beqz	s6,10aa8 <core_list_mergesort+0xec>
   10a80:	00fb2023          	sw	a5,0(s6)
   10a84:	00078b13          	mv	s6,a5
   10a88:	fb1ff06f          	j	10a38 <core_list_mergesort+0x7c>
   10a8c:	00442583          	lw	a1,4(s0)
   10a90:	00492503          	lw	a0,4(s2)
   10a94:	00c12623          	sw	a2,12(sp)
   10a98:	000c80e7          	jalr	s9
   10a9c:	00c12603          	lw	a2,12(sp)
   10aa0:	faa04ce3          	bgtz	a0,10a58 <core_list_mergesort+0x9c>
   10aa4:	fcdff06f          	j	10a70 <core_list_mergesort+0xb4>
   10aa8:	00078993          	mv	s3,a5
   10aac:	fd9ff06f          	j	10a84 <core_list_mergesort+0xc8>
   10ab0:	03c12083          	lw	ra,60(sp)
   10ab4:	03812403          	lw	s0,56(sp)
   10ab8:	03412483          	lw	s1,52(sp)
   10abc:	03012903          	lw	s2,48(sp)
   10ac0:	02812a03          	lw	s4,40(sp)
   10ac4:	02412a83          	lw	s5,36(sp)
   10ac8:	02012b03          	lw	s6,32(sp)
   10acc:	01c12b83          	lw	s7,28(sp)
   10ad0:	01812c03          	lw	s8,24(sp)
   10ad4:	01412c83          	lw	s9,20(sp)
   10ad8:	00098513          	mv	a0,s3
   10adc:	02c12983          	lw	s3,44(sp)
   10ae0:	04010113          	addi	sp,sp,64
   10ae4:	00008067          	ret

00010ae8 <core_bench_list>:
   10ae8:	fb010113          	addi	sp,sp,-80
   10aec:	04812423          	sw	s0,72(sp)
   10af0:	03812423          	sw	s8,40(sp)
   10af4:	02452403          	lw	s0,36(a0)
   10af8:	00451c03          	lh	s8,4(a0)
   10afc:	04912223          	sw	s1,68(sp)
   10b00:	05212023          	sw	s2,64(sp)
   10b04:	03312e23          	sw	s3,60(sp)
   10b08:	03412c23          	sw	s4,56(sp)
   10b0c:	03612823          	sw	s6,48(sp)
   10b10:	03712623          	sw	s7,44(sp)
   10b14:	04112623          	sw	ra,76(sp)
   10b18:	03512a23          	sw	s5,52(sp)
   10b1c:	00050613          	mv	a2,a0
   10b20:	00058b93          	mv	s7,a1
   10b24:	00058913          	mv	s2,a1
   10b28:	00000a13          	li	s4,0
   10b2c:	00000b13          	li	s6,0
   10b30:	00000993          	li	s3,0
   10b34:	00000493          	li	s1,0
   10b38:	0f8a4063          	blt	s4,s8,10c18 <core_bench_list+0x130>
   10b3c:	00299993          	slli	s3,s3,0x2
   10b40:	416989b3          	sub	s3,s3,s6
   10b44:	013484b3          	add	s1,s1,s3
   10b48:	01049493          	slli	s1,s1,0x10
   10b4c:	0104d493          	srli	s1,s1,0x10
   10b50:	01705e63          	blez	s7,10b6c <core_bench_list+0x84>
   10b54:	000115b7          	lui	a1,0x11
   10b58:	00040513          	mv	a0,s0
   10b5c:	88458593          	addi	a1,a1,-1916 # 10884 <cmp_complex>
   10b60:	00000097          	auipc	ra,0x0
   10b64:	e5c080e7          	jalr	-420(ra) # 109bc <core_list_mergesort>
   10b68:	00050413          	mv	s0,a0
   10b6c:	00042503          	lw	a0,0(s0)
   10b70:	00000097          	auipc	ra,0x0
   10b74:	dc0080e7          	jalr	-576(ra) # 10930 <core_list_remove>
   10b78:	00050993          	mv	s3,a0
   10b7c:	01c10593          	addi	a1,sp,28
   10b80:	00040513          	mv	a0,s0
   10b84:	01211f23          	sh	s2,30(sp)
   10b88:	00000097          	auipc	ra,0x0
   10b8c:	dd0080e7          	jalr	-560(ra) # 10958 <core_list_find>
   10b90:	00050913          	mv	s2,a0
   10b94:	12051c63          	bnez	a0,10ccc <core_bench_list+0x1e4>
   10b98:	00042903          	lw	s2,0(s0)
   10b9c:	12091863          	bnez	s2,10ccc <core_bench_list+0x1e4>
   10ba0:	00042783          	lw	a5,0(s0)
   10ba4:	0049a703          	lw	a4,4(s3)
   10ba8:	000105b7          	lui	a1,0x10
   10bac:	0047a683          	lw	a3,4(a5)
   10bb0:	00040513          	mv	a0,s0
   10bb4:	00000613          	li	a2,0
   10bb8:	00d9a223          	sw	a3,4(s3)
   10bbc:	00e7a223          	sw	a4,4(a5)
   10bc0:	0007a703          	lw	a4,0(a5)
   10bc4:	72c58593          	addi	a1,a1,1836 # 1072c <cmp_idx>
   10bc8:	00e9a023          	sw	a4,0(s3)
   10bcc:	0137a023          	sw	s3,0(a5)
   10bd0:	00000097          	auipc	ra,0x0
   10bd4:	dec080e7          	jalr	-532(ra) # 109bc <core_list_mergesort>
   10bd8:	00052403          	lw	s0,0(a0)
   10bdc:	00050913          	mv	s2,a0
   10be0:	10041663          	bnez	s0,10cec <core_bench_list+0x204>
   10be4:	04c12083          	lw	ra,76(sp)
   10be8:	04812403          	lw	s0,72(sp)
   10bec:	04012903          	lw	s2,64(sp)
   10bf0:	03c12983          	lw	s3,60(sp)
   10bf4:	03812a03          	lw	s4,56(sp)
   10bf8:	03412a83          	lw	s5,52(sp)
   10bfc:	03012b03          	lw	s6,48(sp)
   10c00:	02c12b83          	lw	s7,44(sp)
   10c04:	02812c03          	lw	s8,40(sp)
   10c08:	00048513          	mv	a0,s1
   10c0c:	04412483          	lw	s1,68(sp)
   10c10:	05010113          	addi	sp,sp,80
   10c14:	00008067          	ret
   10c18:	0ffa7793          	zext.b	a5,s4
   10c1c:	01c10593          	addi	a1,sp,28
   10c20:	00040513          	mv	a0,s0
   10c24:	00c12623          	sw	a2,12(sp)
   10c28:	00f11e23          	sh	a5,28(sp)
   10c2c:	01211f23          	sh	s2,30(sp)
   10c30:	00000097          	auipc	ra,0x0
   10c34:	d28080e7          	jalr	-728(ra) # 10958 <core_list_find>
   10c38:	00050a93          	mv	s5,a0
   10c3c:	00040513          	mv	a0,s0
   10c40:	00000097          	auipc	ra,0x0
   10c44:	d58080e7          	jalr	-680(ra) # 10998 <core_list_reverse>
   10c48:	00c12603          	lw	a2,12(sp)
   10c4c:	00050413          	mv	s0,a0
   10c50:	020a9e63          	bnez	s5,10c8c <core_bench_list+0x1a4>
   10c54:	00052783          	lw	a5,0(a0)
   10c58:	001b0b13          	addi	s6,s6,1
   10c5c:	0047a783          	lw	a5,4(a5)
   10c60:	00178783          	lb	a5,1(a5)
   10c64:	0017f793          	andi	a5,a5,1
   10c68:	00f484b3          	add	s1,s1,a5
   10c6c:	00094863          	bltz	s2,10c7c <core_bench_list+0x194>
   10c70:	00190913          	addi	s2,s2,1
   10c74:	01091913          	slli	s2,s2,0x10
   10c78:	41095913          	srai	s2,s2,0x10
   10c7c:	001a0a13          	addi	s4,s4,1
   10c80:	010a1a13          	slli	s4,s4,0x10
   10c84:	410a5a13          	srai	s4,s4,0x10
   10c88:	eb1ff06f          	j	10b38 <core_bench_list+0x50>
   10c8c:	004aa783          	lw	a5,4(s5)
   10c90:	00198993          	addi	s3,s3,1
   10c94:	00079783          	lh	a5,0(a5)
   10c98:	0017f713          	andi	a4,a5,1
   10c9c:	00070863          	beqz	a4,10cac <core_bench_list+0x1c4>
   10ca0:	4097d793          	srai	a5,a5,0x9
   10ca4:	0017f793          	andi	a5,a5,1
   10ca8:	00f484b3          	add	s1,s1,a5
   10cac:	000aa783          	lw	a5,0(s5)
   10cb0:	fa078ee3          	beqz	a5,10c6c <core_bench_list+0x184>
   10cb4:	0007a703          	lw	a4,0(a5)
   10cb8:	00eaa023          	sw	a4,0(s5)
   10cbc:	00042703          	lw	a4,0(s0)
   10cc0:	00e7a023          	sw	a4,0(a5)
   10cc4:	00f42023          	sw	a5,0(s0)
   10cc8:	fa5ff06f          	j	10c6c <core_bench_list+0x184>
   10ccc:	00442783          	lw	a5,4(s0)
   10cd0:	00048593          	mv	a1,s1
   10cd4:	00079503          	lh	a0,0(a5)
   10cd8:	00001097          	auipc	ra,0x1
   10cdc:	5cc080e7          	jalr	1484(ra) # 122a4 <crc16>
   10ce0:	00050493          	mv	s1,a0
   10ce4:	00092903          	lw	s2,0(s2)
   10ce8:	eb5ff06f          	j	10b9c <core_bench_list+0xb4>
   10cec:	00492783          	lw	a5,4(s2)
   10cf0:	00048593          	mv	a1,s1
   10cf4:	00079503          	lh	a0,0(a5)
   10cf8:	00001097          	auipc	ra,0x1
   10cfc:	5ac080e7          	jalr	1452(ra) # 122a4 <crc16>
   10d00:	00050493          	mv	s1,a0
   10d04:	00042403          	lw	s0,0(s0)
   10d08:	ed9ff06f          	j	10be0 <core_bench_list+0xf8>

00010d0c <core_list_init>:
   10d0c:	01400793          	li	a5,20
   10d10:	02f55533          	divu	a0,a0,a5
   10d14:	fc010113          	addi	sp,sp,-64
   10d18:	02812c23          	sw	s0,56(sp)
   10d1c:	02912a23          	sw	s1,52(sp)
   10d20:	03212823          	sw	s2,48(sp)
   10d24:	03312623          	sw	s3,44(sp)
   10d28:	03412423          	sw	s4,40(sp)
   10d2c:	03512223          	sw	s5,36(sp)
   10d30:	03612023          	sw	s6,32(sp)
   10d34:	02112e23          	sw	ra,60(sp)
   10d38:	0005a023          	sw	zero,0(a1)
   10d3c:	00058993          	mv	s3,a1
   10d40:	00060913          	mv	s2,a2
   10d44:	01810693          	addi	a3,sp,24
   10d48:	00c10613          	addi	a2,sp,12
   10d4c:	00000a13          	li	s4,0
   10d50:	10100a93          	li	s5,257
   10d54:	ffe50413          	addi	s0,a0,-2
   10d58:	00341493          	slli	s1,s0,0x3
   10d5c:	009584b3          	add	s1,a1,s1
   10d60:	00241793          	slli	a5,s0,0x2
   10d64:	00f48b33          	add	s6,s1,a5
   10d68:	ffff87b7          	lui	a5,0xffff8
   10d6c:	0095a223          	sw	s1,4(a1)
   10d70:	08078793          	addi	a5,a5,128 # ffff8080 <__stack_top__+0xfffc8080>
   10d74:	00f49023          	sh	a5,0(s1)
   10d78:	00858793          	addi	a5,a1,8
   10d7c:	00f12623          	sw	a5,12(sp)
   10d80:	00448793          	addi	a5,s1,4
   10d84:	00f12c23          	sw	a5,24(sp)
   10d88:	800007b7          	lui	a5,0x80000
   10d8c:	fff78793          	addi	a5,a5,-1 # 7fffffff <__stack_top__+0x7ffcffff>
   10d90:	00f12e23          	sw	a5,28(sp)
   10d94:	00049123          	sh	zero,2(s1)
   10d98:	000b0793          	mv	a5,s6
   10d9c:	00048713          	mv	a4,s1
   10da0:	01c10593          	addi	a1,sp,28
   10da4:	00098513          	mv	a0,s3
   10da8:	00000097          	auipc	ra,0x0
   10dac:	b2c080e7          	jalr	-1236(ra) # 108d4 <core_list_insert_new>
   10db0:	068a6063          	bltu	s4,s0,10e10 <core_list_init+0x104>
   10db4:	0009a783          	lw	a5,0(s3)
   10db8:	00500713          	li	a4,5
   10dbc:	000046b7          	lui	a3,0x4
   10dc0:	02e45433          	divu	s0,s0,a4
   10dc4:	fff68693          	addi	a3,a3,-1 # 3fff <__HEAP_SIZE+0x1fff>
   10dc8:	00100713          	li	a4,1
   10dcc:	0007a603          	lw	a2,0(a5)
   10dd0:	08061263          	bnez	a2,10e54 <core_list_init+0x148>
   10dd4:	000105b7          	lui	a1,0x10
   10dd8:	00098513          	mv	a0,s3
   10ddc:	72c58593          	addi	a1,a1,1836 # 1072c <cmp_idx>
   10de0:	00000097          	auipc	ra,0x0
   10de4:	bdc080e7          	jalr	-1060(ra) # 109bc <core_list_mergesort>
   10de8:	03c12083          	lw	ra,60(sp)
   10dec:	03812403          	lw	s0,56(sp)
   10df0:	03412483          	lw	s1,52(sp)
   10df4:	03012903          	lw	s2,48(sp)
   10df8:	02c12983          	lw	s3,44(sp)
   10dfc:	02812a03          	lw	s4,40(sp)
   10e00:	02412a83          	lw	s5,36(sp)
   10e04:	02012b03          	lw	s6,32(sp)
   10e08:	04010113          	addi	sp,sp,64
   10e0c:	00008067          	ret
   10e10:	012a4733          	xor	a4,s4,s2
   10e14:	00371713          	slli	a4,a4,0x3
   10e18:	007a7793          	andi	a5,s4,7
   10e1c:	07877713          	andi	a4,a4,120
   10e20:	00f76733          	or	a4,a4,a5
   10e24:	03570733          	mul	a4,a4,s5
   10e28:	000b0793          	mv	a5,s6
   10e2c:	01810693          	addi	a3,sp,24
   10e30:	00c10613          	addi	a2,sp,12
   10e34:	01c10593          	addi	a1,sp,28
   10e38:	00098513          	mv	a0,s3
   10e3c:	001a0a13          	addi	s4,s4,1
   10e40:	00e11e23          	sh	a4,28(sp)
   10e44:	00048713          	mv	a4,s1
   10e48:	00000097          	auipc	ra,0x0
   10e4c:	a8c080e7          	jalr	-1396(ra) # 108d4 <core_list_insert_new>
   10e50:	f61ff06f          	j	10db0 <core_list_init+0xa4>
   10e54:	0047a583          	lw	a1,4(a5)
   10e58:	00070793          	mv	a5,a4
   10e5c:	00876e63          	bltu	a4,s0,10e78 <core_list_init+0x16c>
   10e60:	00170793          	addi	a5,a4,1
   10e64:	00879793          	slli	a5,a5,0x8
   10e68:	7007f793          	andi	a5,a5,1792
   10e6c:	01274533          	xor	a0,a4,s2
   10e70:	00a7e7b3          	or	a5,a5,a0
   10e74:	00d7f7b3          	and	a5,a5,a3
   10e78:	00f59123          	sh	a5,2(a1)
   10e7c:	00170713          	addi	a4,a4,1
   10e80:	00060793          	mv	a5,a2
   10e84:	f49ff06f          	j	10dcc <core_list_init+0xc0>

00010e88 <iterate>:
   10e88:	ff010113          	addi	sp,sp,-16
   10e8c:	01212023          	sw	s2,0(sp)
   10e90:	01c52903          	lw	s2,28(a0)
   10e94:	00812423          	sw	s0,8(sp)
   10e98:	00912223          	sw	s1,4(sp)
   10e9c:	00112623          	sw	ra,12(sp)
   10ea0:	00050413          	mv	s0,a0
   10ea4:	02052c23          	sw	zero,56(a0)
   10ea8:	02052e23          	sw	zero,60(a0)
   10eac:	00000493          	li	s1,0
   10eb0:	03249063          	bne	s1,s2,10ed0 <iterate+0x48>
   10eb4:	00c12083          	lw	ra,12(sp)
   10eb8:	00812403          	lw	s0,8(sp)
   10ebc:	00412483          	lw	s1,4(sp)
   10ec0:	00012903          	lw	s2,0(sp)
   10ec4:	00000513          	li	a0,0
   10ec8:	01010113          	addi	sp,sp,16
   10ecc:	00008067          	ret
   10ed0:	00100593          	li	a1,1
   10ed4:	00040513          	mv	a0,s0
   10ed8:	00000097          	auipc	ra,0x0
   10edc:	c10080e7          	jalr	-1008(ra) # 10ae8 <core_bench_list>
   10ee0:	03845583          	lhu	a1,56(s0)
   10ee4:	00001097          	auipc	ra,0x1
   10ee8:	34c080e7          	jalr	844(ra) # 12230 <crcu16>
   10eec:	02a41c23          	sh	a0,56(s0)
   10ef0:	fff00593          	li	a1,-1
   10ef4:	00040513          	mv	a0,s0
   10ef8:	00000097          	auipc	ra,0x0
   10efc:	bf0080e7          	jalr	-1040(ra) # 10ae8 <core_bench_list>
   10f00:	03845583          	lhu	a1,56(s0)
   10f04:	00001097          	auipc	ra,0x1
   10f08:	32c080e7          	jalr	812(ra) # 12230 <crcu16>
   10f0c:	02a41c23          	sh	a0,56(s0)
   10f10:	00049463          	bnez	s1,10f18 <iterate+0x90>
   10f14:	02a41d23          	sh	a0,58(s0)
   10f18:	00148493          	addi	s1,s1,1
   10f1c:	f95ff06f          	j	10eb0 <iterate+0x28>

00010f20 <main>:
   10f20:	f9010113          	addi	sp,sp,-112
   10f24:	00410613          	addi	a2,sp,4
   10f28:	00010593          	mv	a1,sp
   10f2c:	04c10513          	addi	a0,sp,76
   10f30:	06112623          	sw	ra,108(sp)
   10f34:	06812423          	sw	s0,104(sp)
   10f38:	06912223          	sw	s1,100(sp)
   10f3c:	07212023          	sw	s2,96(sp)
   10f40:	05312e23          	sw	s3,92(sp)
   10f44:	00012023          	sw	zero,0(sp)
   10f48:	00001097          	auipc	ra,0x1
   10f4c:	cb8080e7          	jalr	-840(ra) # 11c00 <portable_init>
   10f50:	00100513          	li	a0,1
   10f54:	00001097          	auipc	ra,0x1
   10f58:	148080e7          	jalr	328(ra) # 1209c <get_seed_32>
   10f5c:	00a11423          	sh	a0,8(sp)
   10f60:	00200513          	li	a0,2
   10f64:	00001097          	auipc	ra,0x1
   10f68:	138080e7          	jalr	312(ra) # 1209c <get_seed_32>
   10f6c:	00a11523          	sh	a0,10(sp)
   10f70:	00300513          	li	a0,3
   10f74:	00001097          	auipc	ra,0x1
   10f78:	128080e7          	jalr	296(ra) # 1209c <get_seed_32>
   10f7c:	00a11623          	sh	a0,12(sp)
   10f80:	00400513          	li	a0,4
   10f84:	00001097          	auipc	ra,0x1
   10f88:	118080e7          	jalr	280(ra) # 1209c <get_seed_32>
   10f8c:	02a12223          	sw	a0,36(sp)
   10f90:	00500513          	li	a0,5
   10f94:	00001097          	auipc	ra,0x1
   10f98:	108080e7          	jalr	264(ra) # 1209c <get_seed_32>
   10f9c:	00051463          	bnez	a0,10fa4 <main+0x84>
   10fa0:	00700513          	li	a0,7
   10fa4:	00812783          	lw	a5,8(sp)
   10fa8:	02a12423          	sw	a0,40(sp)
   10fac:	4e079463          	bnez	a5,11494 <main+0x574>
   10fb0:	00c11783          	lh	a5,12(sp)
   10fb4:	00079663          	bnez	a5,10fc0 <main+0xa0>
   10fb8:	06600793          	li	a5,102
   10fbc:	00f11623          	sh	a5,12(sp)
   10fc0:	000215b7          	lui	a1,0x21
   10fc4:	00257713          	andi	a4,a0,2
   10fc8:	00e03733          	snez	a4,a4
   10fcc:	9d458593          	addi	a1,a1,-1580 # 209d4 <static_memblk>
   10fd0:	00157793          	andi	a5,a0,1
   10fd4:	00e787b3          	add	a5,a5,a4
   10fd8:	00b12823          	sw	a1,16(sp)
   10fdc:	04011423          	sh	zero,72(sp)
   10fe0:	00457713          	andi	a4,a0,4
   10fe4:	00070863          	beqz	a4,10ff4 <main+0xd4>
   10fe8:	00178793          	addi	a5,a5,1
   10fec:	01079793          	slli	a5,a5,0x10
   10ff0:	0107d793          	srli	a5,a5,0x10
   10ff4:	7d000613          	li	a2,2000
   10ff8:	02f65633          	divu	a2,a2,a5
   10ffc:	00810693          	addi	a3,sp,8
   11000:	00000713          	li	a4,0
   11004:	00000793          	li	a5,0
   11008:	00100313          	li	t1,1
   1100c:	00300893          	li	a7,3
   11010:	02c12023          	sw	a2,32(sp)
   11014:	00e31833          	sll	a6,t1,a4
   11018:	00a87833          	and	a6,a6,a0
   1101c:	00080e63          	beqz	a6,11038 <main+0x118>
   11020:	02c78833          	mul	a6,a5,a2
   11024:	00178793          	addi	a5,a5,1
   11028:	01079793          	slli	a5,a5,0x10
   1102c:	0107d793          	srli	a5,a5,0x10
   11030:	01058833          	add	a6,a1,a6
   11034:	0106a623          	sw	a6,12(a3)
   11038:	00170713          	addi	a4,a4,1
   1103c:	00468693          	addi	a3,a3,4
   11040:	fd171ae3          	bne	a4,a7,11014 <main+0xf4>
   11044:	02812783          	lw	a5,40(sp)
   11048:	0017f793          	andi	a5,a5,1
   1104c:	00078e63          	beqz	a5,11068 <main+0x148>
   11050:	00811603          	lh	a2,8(sp)
   11054:	01412583          	lw	a1,20(sp)
   11058:	02012503          	lw	a0,32(sp)
   1105c:	00000097          	auipc	ra,0x0
   11060:	cb0080e7          	jalr	-848(ra) # 10d0c <core_list_init>
   11064:	02a12623          	sw	a0,44(sp)
   11068:	02812783          	lw	a5,40(sp)
   1106c:	0027f793          	andi	a5,a5,2
   11070:	02078463          	beqz	a5,11098 <main+0x178>
   11074:	00a11783          	lh	a5,10(sp)
   11078:	00811603          	lh	a2,8(sp)
   1107c:	01812583          	lw	a1,24(sp)
   11080:	02012503          	lw	a0,32(sp)
   11084:	01079793          	slli	a5,a5,0x10
   11088:	03010693          	addi	a3,sp,48
   1108c:	00c7e633          	or	a2,a5,a2
   11090:	00000097          	auipc	ra,0x0
   11094:	5d4080e7          	jalr	1492(ra) # 11664 <core_init_matrix>
   11098:	02812783          	lw	a5,40(sp)
   1109c:	0047f793          	andi	a5,a5,4
   110a0:	00078c63          	beqz	a5,110b8 <main+0x198>
   110a4:	01c12603          	lw	a2,28(sp)
   110a8:	00811583          	lh	a1,8(sp)
   110ac:	02012503          	lw	a0,32(sp)
   110b0:	00001097          	auipc	ra,0x1
   110b4:	b60080e7          	jalr	-1184(ra) # 11c10 <core_init_state>
   110b8:	02412783          	lw	a5,36(sp)
   110bc:	06079063          	bnez	a5,1111c <main+0x1fc>
   110c0:	00100793          	li	a5,1
   110c4:	02f12223          	sw	a5,36(sp)
   110c8:	00a00413          	li	s0,10
   110cc:	02412783          	lw	a5,36(sp)
   110d0:	028787b3          	mul	a5,a5,s0
   110d4:	02f12223          	sw	a5,36(sp)
   110d8:	00001097          	auipc	ra,0x1
   110dc:	a94080e7          	jalr	-1388(ra) # 11b6c <start_time>
   110e0:	00810513          	addi	a0,sp,8
   110e4:	00000097          	auipc	ra,0x0
   110e8:	da4080e7          	jalr	-604(ra) # 10e88 <iterate>
   110ec:	00001097          	auipc	ra,0x1
   110f0:	aa0080e7          	jalr	-1376(ra) # 11b8c <stop_time>
   110f4:	00001097          	auipc	ra,0x1
   110f8:	ab8080e7          	jalr	-1352(ra) # 11bac <get_time>
   110fc:	00001097          	auipc	ra,0x1
   11100:	adc080e7          	jalr	-1316(ra) # 11bd8 <time_in_secs>
   11104:	fc0504e3          	beqz	a0,110cc <main+0x1ac>
   11108:	02a45433          	divu	s0,s0,a0
   1110c:	02412783          	lw	a5,36(sp)
   11110:	00140413          	addi	s0,s0,1
   11114:	028787b3          	mul	a5,a5,s0
   11118:	02f12223          	sw	a5,36(sp)
   1111c:	00001097          	auipc	ra,0x1
   11120:	a50080e7          	jalr	-1456(ra) # 11b6c <start_time>
   11124:	00810513          	addi	a0,sp,8
   11128:	00000097          	auipc	ra,0x0
   1112c:	d60080e7          	jalr	-672(ra) # 10e88 <iterate>
   11130:	00001097          	auipc	ra,0x1
   11134:	a5c080e7          	jalr	-1444(ra) # 11b8c <stop_time>
   11138:	00001097          	auipc	ra,0x1
   1113c:	a74080e7          	jalr	-1420(ra) # 11bac <get_time>
   11140:	00050913          	mv	s2,a0
   11144:	00811503          	lh	a0,8(sp)
   11148:	00058993          	mv	s3,a1
   1114c:	00000593          	li	a1,0
   11150:	00001097          	auipc	ra,0x1
   11154:	154080e7          	jalr	340(ra) # 122a4 <crc16>
   11158:	00050593          	mv	a1,a0
   1115c:	00a11503          	lh	a0,10(sp)
   11160:	00001097          	auipc	ra,0x1
   11164:	144080e7          	jalr	324(ra) # 122a4 <crc16>
   11168:	00050593          	mv	a1,a0
   1116c:	00c11503          	lh	a0,12(sp)
   11170:	00001097          	auipc	ra,0x1
   11174:	134080e7          	jalr	308(ra) # 122a4 <crc16>
   11178:	00050593          	mv	a1,a0
   1117c:	02011503          	lh	a0,32(sp)
   11180:	00001097          	auipc	ra,0x1
   11184:	124080e7          	jalr	292(ra) # 122a4 <crc16>
   11188:	000087b7          	lui	a5,0x8
   1118c:	b0578793          	addi	a5,a5,-1275 # 7b05 <__HEAP_SIZE+0x5b05>
   11190:	00050493          	mv	s1,a0
   11194:	44f50463          	beq	a0,a5,115dc <main+0x6bc>
   11198:	30a7ee63          	bltu	a5,a0,114b4 <main+0x594>
   1119c:	000027b7          	lui	a5,0x2
   111a0:	8f278793          	addi	a5,a5,-1806 # 18f2 <__STACK_SIZE+0x8f2>
   111a4:	46f50463          	beq	a0,a5,1160c <main+0x6ec>
   111a8:	000057b7          	lui	a5,0x5
   111ac:	eaf78793          	addi	a5,a5,-337 # 4eaf <__HEAP_SIZE+0x2eaf>
   111b0:	44f50263          	beq	a0,a5,115f4 <main+0x6d4>
   111b4:	fff00413          	li	s0,-1
   111b8:	00001097          	auipc	ra,0x1
   111bc:	0fc080e7          	jalr	252(ra) # 122b4 <check_data_types>
   111c0:	02012583          	lw	a1,32(sp)
   111c4:	00850433          	add	s0,a0,s0
   111c8:	00020537          	lui	a0,0x20
   111cc:	3e850513          	addi	a0,a0,1000 # 203e8 <_impure_ptr+0x380>
   111d0:	00001097          	auipc	ra,0x1
   111d4:	0ec080e7          	jalr	236(ra) # 122bc <iprintf>
   111d8:	00020537          	lui	a0,0x20
   111dc:	00090593          	mv	a1,s2
   111e0:	40050513          	addi	a0,a0,1024 # 20400 <_impure_ptr+0x398>
   111e4:	00001097          	auipc	ra,0x1
   111e8:	0d8080e7          	jalr	216(ra) # 122bc <iprintf>
   111ec:	000f4537          	lui	a0,0xf4
   111f0:	24050513          	addi	a0,a0,576 # f4240 <__stack_top__+0xc4240>
   111f4:	02a985b3          	mul	a1,s3,a0
   111f8:	04787637          	lui	a2,0x4787
   111fc:	8c060613          	addi	a2,a2,-1856 # 47868c0 <__stack_top__+0x47568c0>
   11200:	00000693          	li	a3,0
   11204:	01041413          	slli	s0,s0,0x10
   11208:	41045413          	srai	s0,s0,0x10
   1120c:	02a937b3          	mulhu	a5,s2,a0
   11210:	02a90533          	mul	a0,s2,a0
   11214:	00f585b3          	add	a1,a1,a5
   11218:	00003097          	auipc	ra,0x3
   1121c:	dec080e7          	jalr	-532(ra) # 14004 <__udivdi3>
   11220:	00050993          	mv	s3,a0
   11224:	00050593          	mv	a1,a0
   11228:	00020537          	lui	a0,0x20
   1122c:	41850513          	addi	a0,a0,1048 # 20418 <_impure_ptr+0x3b0>
   11230:	00001097          	auipc	ra,0x1
   11234:	08c080e7          	jalr	140(ra) # 122bc <iprintf>
   11238:	3e098663          	beqz	s3,11624 <main+0x704>
   1123c:	02412503          	lw	a0,36(sp)
   11240:	9f7bd7b7          	lui	a5,0x9f7bd
   11244:	c0078793          	addi	a5,a5,-1024 # 9f7bcc00 <__stack_top__+0x9f78cc00>
   11248:	0ae00713          	li	a4,174
   1124c:	02e50733          	mul	a4,a0,a4
   11250:	00090613          	mv	a2,s2
   11254:	00000693          	li	a3,0
   11258:	02f535b3          	mulhu	a1,a0,a5
   1125c:	02f50533          	mul	a0,a0,a5
   11260:	00b705b3          	add	a1,a4,a1
   11264:	00003097          	auipc	ra,0x3
   11268:	da0080e7          	jalr	-608(ra) # 14004 <__udivdi3>
   1126c:	00050913          	mv	s2,a0
   11270:	00020537          	lui	a0,0x20
   11274:	43050513          	addi	a0,a0,1072 # 20430 <_impure_ptr+0x3c8>
   11278:	00058993          	mv	s3,a1
   1127c:	00001097          	auipc	ra,0x1
   11280:	040080e7          	jalr	64(ra) # 122bc <iprintf>
   11284:	000025b7          	lui	a1,0x2
   11288:	71058593          	addi	a1,a1,1808 # 2710 <__HEAP_SIZE+0x710>
   1128c:	00090513          	mv	a0,s2
   11290:	fffff097          	auipc	ra,0xfffff
   11294:	400080e7          	jalr	1024(ra) # 10690 <print_fixed_scaled>
   11298:	00a00513          	li	a0,10
   1129c:	00001097          	auipc	ra,0x1
   112a0:	074080e7          	jalr	116(ra) # 12310 <putchar>
   112a4:	00020537          	lui	a0,0x20
   112a8:	44450513          	addi	a0,a0,1092 # 20444 <_impure_ptr+0x3dc>
   112ac:	00001097          	auipc	ra,0x1
   112b0:	010080e7          	jalr	16(ra) # 122bc <iprintf>
   112b4:	04b00613          	li	a2,75
   112b8:	00000693          	li	a3,0
   112bc:	00090513          	mv	a0,s2
   112c0:	00098593          	mv	a1,s3
   112c4:	00003097          	auipc	ra,0x3
   112c8:	d40080e7          	jalr	-704(ra) # 14004 <__udivdi3>
   112cc:	000025b7          	lui	a1,0x2
   112d0:	71058593          	addi	a1,a1,1808 # 2710 <__HEAP_SIZE+0x710>
   112d4:	fffff097          	auipc	ra,0xfffff
   112d8:	3bc080e7          	jalr	956(ra) # 10690 <print_fixed_scaled>
   112dc:	00a00513          	li	a0,10
   112e0:	00001097          	auipc	ra,0x1
   112e4:	030080e7          	jalr	48(ra) # 12310 <putchar>
   112e8:	bc6029f3          	csrr	s3,0xbc6
   112ec:	bc902973          	csrr	s2,0xbc9
   112f0:	00020537          	lui	a0,0x20
   112f4:	00098593          	mv	a1,s3
   112f8:	49850513          	addi	a0,a0,1176 # 20498 <_impure_ptr+0x430>
   112fc:	00001097          	auipc	ra,0x1
   11300:	fc0080e7          	jalr	-64(ra) # 122bc <iprintf>
   11304:	00020537          	lui	a0,0x20
   11308:	00090593          	mv	a1,s2
   1130c:	4b050513          	addi	a0,a0,1200 # 204b0 <_impure_ptr+0x448>
   11310:	00001097          	auipc	ra,0x1
   11314:	fac080e7          	jalr	-84(ra) # 122bc <iprintf>
   11318:	04098a63          	beqz	s3,1136c <main+0x44c>
   1131c:	00020537          	lui	a0,0x20
   11320:	4c850513          	addi	a0,a0,1224 # 204c8 <_impure_ptr+0x460>
   11324:	00001097          	auipc	ra,0x1
   11328:	f98080e7          	jalr	-104(ra) # 122bc <iprintf>
   1132c:	00002537          	lui	a0,0x2
   11330:	41298933          	sub	s2,s3,s2
   11334:	71050513          	addi	a0,a0,1808 # 2710 <__HEAP_SIZE+0x710>
   11338:	02a935b3          	mulhu	a1,s2,a0
   1133c:	00098613          	mv	a2,s3
   11340:	00000693          	li	a3,0
   11344:	02a90533          	mul	a0,s2,a0
   11348:	00003097          	auipc	ra,0x3
   1134c:	cbc080e7          	jalr	-836(ra) # 14004 <__udivdi3>
   11350:	06400593          	li	a1,100
   11354:	fffff097          	auipc	ra,0xfffff
   11358:	33c080e7          	jalr	828(ra) # 10690 <print_fixed_scaled>
   1135c:	00020537          	lui	a0,0x20
   11360:	4dc50513          	addi	a0,a0,1244 # 204dc <_impure_ptr+0x474>
   11364:	00001097          	auipc	ra,0x1
   11368:	f58080e7          	jalr	-168(ra) # 122bc <iprintf>
   1136c:	02412583          	lw	a1,36(sp)
   11370:	00020537          	lui	a0,0x20
   11374:	4e050513          	addi	a0,a0,1248 # 204e0 <_impure_ptr+0x478>
   11378:	00001097          	auipc	ra,0x1
   1137c:	f44080e7          	jalr	-188(ra) # 122bc <iprintf>
   11380:	000205b7          	lui	a1,0x20
   11384:	00020537          	lui	a0,0x20
   11388:	4f858593          	addi	a1,a1,1272 # 204f8 <_impure_ptr+0x490>
   1138c:	50450513          	addi	a0,a0,1284 # 20504 <_impure_ptr+0x49c>
   11390:	00001097          	auipc	ra,0x1
   11394:	f2c080e7          	jalr	-212(ra) # 122bc <iprintf>
   11398:	000205b7          	lui	a1,0x20
   1139c:	00020537          	lui	a0,0x20
   113a0:	51c58593          	addi	a1,a1,1308 # 2051c <_impure_ptr+0x4b4>
   113a4:	54050513          	addi	a0,a0,1344 # 20540 <_impure_ptr+0x4d8>
   113a8:	00001097          	auipc	ra,0x1
   113ac:	f14080e7          	jalr	-236(ra) # 122bc <iprintf>
   113b0:	000205b7          	lui	a1,0x20
   113b4:	00020537          	lui	a0,0x20
   113b8:	55858593          	addi	a1,a1,1368 # 20558 <_impure_ptr+0x4f0>
   113bc:	56050513          	addi	a0,a0,1376 # 20560 <_impure_ptr+0x4f8>
   113c0:	00001097          	auipc	ra,0x1
   113c4:	efc080e7          	jalr	-260(ra) # 122bc <iprintf>
   113c8:	00020537          	lui	a0,0x20
   113cc:	00048593          	mv	a1,s1
   113d0:	57850513          	addi	a0,a0,1400 # 20578 <_impure_ptr+0x510>
   113d4:	00001097          	auipc	ra,0x1
   113d8:	ee8080e7          	jalr	-280(ra) # 122bc <iprintf>
   113dc:	02812783          	lw	a5,40(sp)
   113e0:	0017f793          	andi	a5,a5,1
   113e4:	00078e63          	beqz	a5,11400 <main+0x4e0>
   113e8:	04215603          	lhu	a2,66(sp)
   113ec:	00020537          	lui	a0,0x20
   113f0:	00000593          	li	a1,0
   113f4:	59450513          	addi	a0,a0,1428 # 20594 <_impure_ptr+0x52c>
   113f8:	00001097          	auipc	ra,0x1
   113fc:	ec4080e7          	jalr	-316(ra) # 122bc <iprintf>
   11400:	02812783          	lw	a5,40(sp)
   11404:	0027f793          	andi	a5,a5,2
   11408:	00078e63          	beqz	a5,11424 <main+0x504>
   1140c:	04415603          	lhu	a2,68(sp)
   11410:	00020537          	lui	a0,0x20
   11414:	00000593          	li	a1,0
   11418:	5b050513          	addi	a0,a0,1456 # 205b0 <_impure_ptr+0x548>
   1141c:	00001097          	auipc	ra,0x1
   11420:	ea0080e7          	jalr	-352(ra) # 122bc <iprintf>
   11424:	02812783          	lw	a5,40(sp)
   11428:	0047f793          	andi	a5,a5,4
   1142c:	00078e63          	beqz	a5,11448 <main+0x528>
   11430:	04615603          	lhu	a2,70(sp)
   11434:	00020537          	lui	a0,0x20
   11438:	00000593          	li	a1,0
   1143c:	5cc50513          	addi	a0,a0,1484 # 205cc <_impure_ptr+0x564>
   11440:	00001097          	auipc	ra,0x1
   11444:	e7c080e7          	jalr	-388(ra) # 122bc <iprintf>
   11448:	04015603          	lhu	a2,64(sp)
   1144c:	00020537          	lui	a0,0x20
   11450:	00000593          	li	a1,0
   11454:	5e850513          	addi	a0,a0,1512 # 205e8 <_impure_ptr+0x580>
   11458:	00001097          	auipc	ra,0x1
   1145c:	e64080e7          	jalr	-412(ra) # 122bc <iprintf>
   11460:	1e041463          	bnez	s0,11648 <main+0x728>
   11464:	00020537          	lui	a0,0x20
   11468:	60450513          	addi	a0,a0,1540 # 20604 <_impure_ptr+0x59c>
   1146c:	00001097          	auipc	ra,0x1
   11470:	020080e7          	jalr	32(ra) # 1248c <puts>
   11474:	06c12083          	lw	ra,108(sp)
   11478:	06812403          	lw	s0,104(sp)
   1147c:	06412483          	lw	s1,100(sp)
   11480:	06012903          	lw	s2,96(sp)
   11484:	05c12983          	lw	s3,92(sp)
   11488:	00000513          	li	a0,0
   1148c:	07010113          	addi	sp,sp,112
   11490:	00008067          	ret
   11494:	00100713          	li	a4,1
   11498:	b2e794e3          	bne	a5,a4,10fc0 <main+0xa0>
   1149c:	00c11783          	lh	a5,12(sp)
   114a0:	b20790e3          	bnez	a5,10fc0 <main+0xa0>
   114a4:	341537b7          	lui	a5,0x34153
   114a8:	41578793          	addi	a5,a5,1045 # 34153415 <__stack_top__+0x34123415>
   114ac:	00f12423          	sw	a5,8(sp)
   114b0:	b09ff06f          	j	10fb8 <main+0x98>
   114b4:	000097b7          	lui	a5,0x9
   114b8:	a0278793          	addi	a5,a5,-1534 # 8a02 <__HEAP_SIZE+0x6a02>
   114bc:	02f50463          	beq	a0,a5,114e4 <main+0x5c4>
   114c0:	0000f7b7          	lui	a5,0xf
   114c4:	9f578793          	addi	a5,a5,-1547 # e9f5 <__HEAP_SIZE+0xc9f5>
   114c8:	cef516e3          	bne	a0,a5,111b4 <main+0x294>
   114cc:	00020537          	lui	a0,0x20
   114d0:	2fc50513          	addi	a0,a0,764 # 202fc <_impure_ptr+0x294>
   114d4:	00001097          	auipc	ra,0x1
   114d8:	fb8080e7          	jalr	-72(ra) # 1248c <puts>
   114dc:	00300413          	li	s0,3
   114e0:	0180006f          	j	114f8 <main+0x5d8>
   114e4:	00020537          	lui	a0,0x20
   114e8:	27050513          	addi	a0,a0,624 # 20270 <_impure_ptr+0x208>
   114ec:	00001097          	auipc	ra,0x1
   114f0:	fa0080e7          	jalr	-96(ra) # 1248c <puts>
   114f4:	00000413          	li	s0,0
   114f8:	02812783          	lw	a5,40(sp)
   114fc:	04011423          	sh	zero,72(sp)
   11500:	0017f793          	andi	a5,a5,1
   11504:	04078063          	beqz	a5,11544 <main+0x624>
   11508:	000207b7          	lui	a5,0x20
   1150c:	00141713          	slli	a4,s0,0x1
   11510:	7dc78793          	addi	a5,a5,2012 # 207dc <list_known_crc>
   11514:	00e787b3          	add	a5,a5,a4
   11518:	04215603          	lhu	a2,66(sp)
   1151c:	0007d683          	lhu	a3,0(a5)
   11520:	02d60263          	beq	a2,a3,11544 <main+0x624>
   11524:	00020537          	lui	a0,0x20
   11528:	00000593          	li	a1,0
   1152c:	35450513          	addi	a0,a0,852 # 20354 <_impure_ptr+0x2ec>
   11530:	00001097          	auipc	ra,0x1
   11534:	d8c080e7          	jalr	-628(ra) # 122bc <iprintf>
   11538:	04815783          	lhu	a5,72(sp)
   1153c:	00178793          	addi	a5,a5,1
   11540:	04f11423          	sh	a5,72(sp)
   11544:	02812783          	lw	a5,40(sp)
   11548:	0027f793          	andi	a5,a5,2
   1154c:	04078063          	beqz	a5,1158c <main+0x66c>
   11550:	000207b7          	lui	a5,0x20
   11554:	00141713          	slli	a4,s0,0x1
   11558:	7d078793          	addi	a5,a5,2000 # 207d0 <matrix_known_crc>
   1155c:	00e787b3          	add	a5,a5,a4
   11560:	04415603          	lhu	a2,68(sp)
   11564:	0007d683          	lhu	a3,0(a5)
   11568:	02d60263          	beq	a2,a3,1158c <main+0x66c>
   1156c:	00020537          	lui	a0,0x20
   11570:	00000593          	li	a1,0
   11574:	38450513          	addi	a0,a0,900 # 20384 <_impure_ptr+0x31c>
   11578:	00001097          	auipc	ra,0x1
   1157c:	d44080e7          	jalr	-700(ra) # 122bc <iprintf>
   11580:	04815783          	lhu	a5,72(sp)
   11584:	00178793          	addi	a5,a5,1
   11588:	04f11423          	sh	a5,72(sp)
   1158c:	02812783          	lw	a5,40(sp)
   11590:	0047f793          	andi	a5,a5,4
   11594:	04078063          	beqz	a5,115d4 <main+0x6b4>
   11598:	000207b7          	lui	a5,0x20
   1159c:	00141413          	slli	s0,s0,0x1
   115a0:	7c478793          	addi	a5,a5,1988 # 207c4 <state_known_crc>
   115a4:	008787b3          	add	a5,a5,s0
   115a8:	04615603          	lhu	a2,70(sp)
   115ac:	0007d683          	lhu	a3,0(a5)
   115b0:	02d60263          	beq	a2,a3,115d4 <main+0x6b4>
   115b4:	00020537          	lui	a0,0x20
   115b8:	00000593          	li	a1,0
   115bc:	3b850513          	addi	a0,a0,952 # 203b8 <_impure_ptr+0x350>
   115c0:	00001097          	auipc	ra,0x1
   115c4:	cfc080e7          	jalr	-772(ra) # 122bc <iprintf>
   115c8:	04815783          	lhu	a5,72(sp)
   115cc:	00178793          	addi	a5,a5,1
   115d0:	04f11423          	sh	a5,72(sp)
   115d4:	04811403          	lh	s0,72(sp)
   115d8:	be1ff06f          	j	111b8 <main+0x298>
   115dc:	00020537          	lui	a0,0x20
   115e0:	29c50513          	addi	a0,a0,668 # 2029c <_impure_ptr+0x234>
   115e4:	00001097          	auipc	ra,0x1
   115e8:	ea8080e7          	jalr	-344(ra) # 1248c <puts>
   115ec:	00100413          	li	s0,1
   115f0:	f09ff06f          	j	114f8 <main+0x5d8>
   115f4:	00020537          	lui	a0,0x20
   115f8:	2cc50513          	addi	a0,a0,716 # 202cc <_impure_ptr+0x264>
   115fc:	00001097          	auipc	ra,0x1
   11600:	e90080e7          	jalr	-368(ra) # 1248c <puts>
   11604:	00200413          	li	s0,2
   11608:	ef1ff06f          	j	114f8 <main+0x5d8>
   1160c:	00020537          	lui	a0,0x20
   11610:	32850513          	addi	a0,a0,808 # 20328 <_impure_ptr+0x2c0>
   11614:	00001097          	auipc	ra,0x1
   11618:	e78080e7          	jalr	-392(ra) # 1248c <puts>
   1161c:	00400413          	li	s0,4
   11620:	ed9ff06f          	j	114f8 <main+0x5d8>
   11624:	00020537          	lui	a0,0x20
   11628:	45850513          	addi	a0,a0,1112 # 20458 <_impure_ptr+0x3f0>
   1162c:	00001097          	auipc	ra,0x1
   11630:	e60080e7          	jalr	-416(ra) # 1248c <puts>
   11634:	00020537          	lui	a0,0x20
   11638:	48050513          	addi	a0,a0,1152 # 20480 <_impure_ptr+0x418>
   1163c:	00001097          	auipc	ra,0x1
   11640:	e50080e7          	jalr	-432(ra) # 1248c <puts>
   11644:	ca5ff06f          	j	112e8 <main+0x3c8>
   11648:	00805863          	blez	s0,11658 <main+0x738>
   1164c:	00020537          	lui	a0,0x20
   11650:	64c50513          	addi	a0,a0,1612 # 2064c <_impure_ptr+0x5e4>
   11654:	e19ff06f          	j	1146c <main+0x54c>
   11658:	00020537          	lui	a0,0x20
   1165c:	65c50513          	addi	a0,a0,1628 # 2065c <_impure_ptr+0x5f4>
   11660:	e0dff06f          	j	1146c <main+0x54c>

00011664 <core_init_matrix>:
   11664:	06060663          	beqz	a2,116d0 <core_init_matrix+0x6c>
   11668:	00000713          	li	a4,0
   1166c:	00000793          	li	a5,0
   11670:	0100006f          	j	11680 <core_init_matrix+0x1c>
   11674:	00178793          	addi	a5,a5,1
   11678:	02f78733          	mul	a4,a5,a5
   1167c:	00371713          	slli	a4,a4,0x3
   11680:	fea76ae3          	bltu	a4,a0,11674 <core_init_matrix+0x10>
   11684:	fff78513          	addi	a0,a5,-1
   11688:	02a50333          	mul	t1,a0,a0
   1168c:	00358593          	addi	a1,a1,3
   11690:	ffc5f593          	andi	a1,a1,-4
   11694:	00000e93          	li	t4,0
   11698:	00000e13          	li	t3,0
   1169c:	00100793          	li	a5,1
   116a0:	00010f37          	lui	t5,0x10
   116a4:	00131313          	slli	t1,t1,0x1
   116a8:	00658733          	add	a4,a1,t1
   116ac:	02ae6663          	bltu	t3,a0,116d8 <core_init_matrix+0x74>
   116b0:	00e6a423          	sw	a4,8(a3)
   116b4:	00670733          	add	a4,a4,t1
   116b8:	00370713          	addi	a4,a4,3
   116bc:	ffc77713          	andi	a4,a4,-4
   116c0:	00b6a223          	sw	a1,4(a3)
   116c4:	00e6a623          	sw	a4,12(a3)
   116c8:	00a6a023          	sw	a0,0(a3)
   116cc:	00008067          	ret
   116d0:	00100613          	li	a2,1
   116d4:	f95ff06f          	j	11668 <core_init_matrix+0x4>
   116d8:	001e9813          	slli	a6,t4,0x1
   116dc:	00e80833          	add	a6,a6,a4
   116e0:	00a78fb3          	add	t6,a5,a0
   116e4:	02f60633          	mul	a2,a2,a5
   116e8:	406802b3          	sub	t0,a6,t1
   116ec:	00280813          	addi	a6,a6,2
   116f0:	03e66633          	rem	a2,a2,t5
   116f4:	00c788b3          	add	a7,a5,a2
   116f8:	ff181f23          	sh	a7,-2(a6)
   116fc:	00f888b3          	add	a7,a7,a5
   11700:	0ff8f893          	zext.b	a7,a7
   11704:	01129023          	sh	a7,0(t0)
   11708:	00178793          	addi	a5,a5,1
   1170c:	fdf79ce3          	bne	a5,t6,116e4 <core_init_matrix+0x80>
   11710:	001e0e13          	addi	t3,t3,1
   11714:	00ae8eb3          	add	t4,t4,a0
   11718:	f95ff06f          	j	116ac <core_init_matrix+0x48>

0001171c <matrix_sum>:
   1171c:	00050893          	mv	a7,a0
   11720:	00000e13          	li	t3,0
   11724:	00000313          	li	t1,0
   11728:	00000513          	li	a0,0
   1172c:	00000813          	li	a6,0
   11730:	00000693          	li	a3,0
   11734:	01131463          	bne	t1,a7,1173c <matrix_sum+0x20>
   11738:	00008067          	ret
   1173c:	002e1713          	slli	a4,t3,0x2
   11740:	00e58733          	add	a4,a1,a4
   11744:	00000e93          	li	t4,0
   11748:	00080793          	mv	a5,a6
   1174c:	00072803          	lw	a6,0(a4)
   11750:	010686b3          	add	a3,a3,a6
   11754:	02d65663          	bge	a2,a3,11780 <matrix_sum+0x64>
   11758:	00a50793          	addi	a5,a0,10
   1175c:	00000693          	li	a3,0
   11760:	01079513          	slli	a0,a5,0x10
   11764:	001e8e93          	addi	t4,t4,1
   11768:	41055513          	srai	a0,a0,0x10
   1176c:	00470713          	addi	a4,a4,4
   11770:	fdd89ce3          	bne	a7,t4,11748 <matrix_sum+0x2c>
   11774:	00130313          	addi	t1,t1,1
   11778:	011e0e33          	add	t3,t3,a7
   1177c:	fb9ff06f          	j	11734 <matrix_sum+0x18>
   11780:	0107a7b3          	slt	a5,a5,a6
   11784:	00f507b3          	add	a5,a0,a5
   11788:	fd9ff06f          	j	11760 <matrix_sum+0x44>

0001178c <matrix_mul_const>:
   1178c:	00000813          	li	a6,0
   11790:	00000893          	li	a7,0
   11794:	00a89463          	bne	a7,a0,1179c <matrix_mul_const+0x10>
   11798:	00008067          	ret
   1179c:	00181713          	slli	a4,a6,0x1
   117a0:	00281793          	slli	a5,a6,0x2
   117a4:	00e60733          	add	a4,a2,a4
   117a8:	00f587b3          	add	a5,a1,a5
   117ac:	00000313          	li	t1,0
   117b0:	00071e03          	lh	t3,0(a4)
   117b4:	00130313          	addi	t1,t1,1
   117b8:	00270713          	addi	a4,a4,2
   117bc:	02de0e33          	mul	t3,t3,a3
   117c0:	00478793          	addi	a5,a5,4
   117c4:	ffc7ae23          	sw	t3,-4(a5)
   117c8:	fe6514e3          	bne	a0,t1,117b0 <matrix_mul_const+0x24>
   117cc:	00188893          	addi	a7,a7,1
   117d0:	00a80833          	add	a6,a6,a0
   117d4:	fc1ff06f          	j	11794 <matrix_mul_const+0x8>

000117d8 <matrix_add_const>:
   117d8:	00000693          	li	a3,0
   117dc:	00000713          	li	a4,0
   117e0:	00a71463          	bne	a4,a0,117e8 <matrix_add_const+0x10>
   117e4:	00008067          	ret
   117e8:	00169793          	slli	a5,a3,0x1
   117ec:	00f587b3          	add	a5,a1,a5
   117f0:	00000813          	li	a6,0
   117f4:	0007d883          	lhu	a7,0(a5)
   117f8:	00180813          	addi	a6,a6,1
   117fc:	00278793          	addi	a5,a5,2
   11800:	00c888b3          	add	a7,a7,a2
   11804:	ff179f23          	sh	a7,-2(a5)
   11808:	ff0516e3          	bne	a0,a6,117f4 <matrix_add_const+0x1c>
   1180c:	00170713          	addi	a4,a4,1
   11810:	00a686b3          	add	a3,a3,a0
   11814:	fcdff06f          	j	117e0 <matrix_add_const+0x8>

00011818 <matrix_mul_vect>:
   11818:	00151e93          	slli	t4,a0,0x1
   1181c:	00000813          	li	a6,0
   11820:	00000713          	li	a4,0
   11824:	00a71463          	bne	a4,a0,1182c <matrix_mul_vect+0x14>
   11828:	00008067          	ret
   1182c:	00181e13          	slli	t3,a6,0x1
   11830:	01c60e33          	add	t3,a2,t3
   11834:	00000793          	li	a5,0
   11838:	00000893          	li	a7,0
   1183c:	00fe0333          	add	t1,t3,a5
   11840:	00f68f33          	add	t5,a3,a5
   11844:	00031303          	lh	t1,0(t1)
   11848:	000f1f03          	lh	t5,0(t5) # 10000 <_reset_vector>
   1184c:	00278793          	addi	a5,a5,2
   11850:	03e30333          	mul	t1,t1,t5
   11854:	006888b3          	add	a7,a7,t1
   11858:	fefe92e3          	bne	t4,a5,1183c <matrix_mul_vect+0x24>
   1185c:	00271793          	slli	a5,a4,0x2
   11860:	00f587b3          	add	a5,a1,a5
   11864:	0117a023          	sw	a7,0(a5)
   11868:	00170713          	addi	a4,a4,1
   1186c:	00a80833          	add	a6,a6,a0
   11870:	fb5ff06f          	j	11824 <matrix_mul_vect+0xc>

00011874 <matrix_mul_matrix>:
   11874:	00000313          	li	t1,0
   11878:	00151393          	slli	t2,a0,0x1
   1187c:	00000893          	li	a7,0
   11880:	00a31463          	bne	t1,a0,11888 <matrix_mul_matrix+0x14>
   11884:	00008067          	ret
   11888:	ff010113          	addi	sp,sp,-16
   1188c:	00812623          	sw	s0,12(sp)
   11890:	00289713          	slli	a4,a7,0x2
   11894:	00189e93          	slli	t4,a7,0x1
   11898:	00e58733          	add	a4,a1,a4
   1189c:	01d60eb3          	add	t4,a2,t4
   118a0:	00000793          	li	a5,0
   118a4:	00179813          	slli	a6,a5,0x1
   118a8:	01068833          	add	a6,a3,a6
   118ac:	000e8f93          	mv	t6,t4
   118b0:	00000e13          	li	t3,0
   118b4:	00000f13          	li	t5,0
   118b8:	000f9283          	lh	t0,0(t6)
   118bc:	00081403          	lh	s0,0(a6)
   118c0:	001f0f13          	addi	t5,t5,1
   118c4:	002f8f93          	addi	t6,t6,2
   118c8:	028282b3          	mul	t0,t0,s0
   118cc:	00780833          	add	a6,a6,t2
   118d0:	005e0e33          	add	t3,t3,t0
   118d4:	ffe512e3          	bne	a0,t5,118b8 <matrix_mul_matrix+0x44>
   118d8:	01c72023          	sw	t3,0(a4)
   118dc:	00178793          	addi	a5,a5,1
   118e0:	00470713          	addi	a4,a4,4
   118e4:	fca790e3          	bne	a5,a0,118a4 <matrix_mul_matrix+0x30>
   118e8:	00130313          	addi	t1,t1,1
   118ec:	00a888b3          	add	a7,a7,a0
   118f0:	faa310e3          	bne	t1,a0,11890 <matrix_mul_matrix+0x1c>
   118f4:	00c12403          	lw	s0,12(sp)
   118f8:	01010113          	addi	sp,sp,16
   118fc:	00008067          	ret

00011900 <matrix_mul_matrix_bitextract>:
   11900:	ff010113          	addi	sp,sp,-16
   11904:	00812623          	sw	s0,12(sp)
   11908:	00000e13          	li	t3,0
   1190c:	00151413          	slli	s0,a0,0x1
   11910:	00000e93          	li	t4,0
   11914:	00ae9863          	bne	t4,a0,11924 <matrix_mul_matrix_bitextract+0x24>
   11918:	00c12403          	lw	s0,12(sp)
   1191c:	01010113          	addi	sp,sp,16
   11920:	00008067          	ret
   11924:	002e1813          	slli	a6,t3,0x2
   11928:	001e1f93          	slli	t6,t3,0x1
   1192c:	01058833          	add	a6,a1,a6
   11930:	01f60fb3          	add	t6,a2,t6
   11934:	00000713          	li	a4,0
   11938:	00171893          	slli	a7,a4,0x1
   1193c:	011688b3          	add	a7,a3,a7
   11940:	000f8393          	mv	t2,t6
   11944:	00000f13          	li	t5,0
   11948:	00000293          	li	t0,0
   1194c:	00089303          	lh	t1,0(a7)
   11950:	00039783          	lh	a5,0(t2)
   11954:	00128293          	addi	t0,t0,1
   11958:	00238393          	addi	t2,t2,2
   1195c:	026787b3          	mul	a5,a5,t1
   11960:	008888b3          	add	a7,a7,s0
   11964:	4027d313          	srai	t1,a5,0x2
   11968:	4057d793          	srai	a5,a5,0x5
   1196c:	00f37313          	andi	t1,t1,15
   11970:	07f7f793          	andi	a5,a5,127
   11974:	02f307b3          	mul	a5,t1,a5
   11978:	00ff0f33          	add	t5,t5,a5
   1197c:	fc5518e3          	bne	a0,t0,1194c <matrix_mul_matrix_bitextract+0x4c>
   11980:	01e82023          	sw	t5,0(a6)
   11984:	00170713          	addi	a4,a4,1
   11988:	00480813          	addi	a6,a6,4
   1198c:	faa716e3          	bne	a4,a0,11938 <matrix_mul_matrix_bitextract+0x38>
   11990:	001e8e93          	addi	t4,t4,1
   11994:	00ae0e33          	add	t3,t3,a0
   11998:	f7dff06f          	j	11914 <matrix_mul_matrix_bitextract+0x14>

0001199c <matrix_test>:
   1199c:	fe010113          	addi	sp,sp,-32
   119a0:	01312623          	sw	s3,12(sp)
   119a4:	00060993          	mv	s3,a2
   119a8:	fffff7b7          	lui	a5,0xfffff
   119ac:	00070613          	mv	a2,a4
   119b0:	01212823          	sw	s2,16(sp)
   119b4:	00058913          	mv	s2,a1
   119b8:	00098593          	mv	a1,s3
   119bc:	00112e23          	sw	ra,28(sp)
   119c0:	00812c23          	sw	s0,24(sp)
   119c4:	00912a23          	sw	s1,20(sp)
   119c8:	00070413          	mv	s0,a4
   119cc:	01412423          	sw	s4,8(sp)
   119d0:	01512223          	sw	s5,4(sp)
   119d4:	00f76a33          	or	s4,a4,a5
   119d8:	01612023          	sw	s6,0(sp)
   119dc:	00050493          	mv	s1,a0
   119e0:	00068a93          	mv	s5,a3
   119e4:	00000097          	auipc	ra,0x0
   119e8:	df4080e7          	jalr	-524(ra) # 117d8 <matrix_add_const>
   119ec:	00040693          	mv	a3,s0
   119f0:	00098613          	mv	a2,s3
   119f4:	00090593          	mv	a1,s2
   119f8:	00048513          	mv	a0,s1
   119fc:	00000097          	auipc	ra,0x0
   11a00:	d90080e7          	jalr	-624(ra) # 1178c <matrix_mul_const>
   11a04:	000a0613          	mv	a2,s4
   11a08:	00090593          	mv	a1,s2
   11a0c:	00048513          	mv	a0,s1
   11a10:	00000097          	auipc	ra,0x0
   11a14:	d0c080e7          	jalr	-756(ra) # 1171c <matrix_sum>
   11a18:	00000593          	li	a1,0
   11a1c:	00001097          	auipc	ra,0x1
   11a20:	888080e7          	jalr	-1912(ra) # 122a4 <crc16>
   11a24:	000a8693          	mv	a3,s5
   11a28:	00050b13          	mv	s6,a0
   11a2c:	00098613          	mv	a2,s3
   11a30:	00090593          	mv	a1,s2
   11a34:	00048513          	mv	a0,s1
   11a38:	00000097          	auipc	ra,0x0
   11a3c:	de0080e7          	jalr	-544(ra) # 11818 <matrix_mul_vect>
   11a40:	000a0613          	mv	a2,s4
   11a44:	00090593          	mv	a1,s2
   11a48:	00048513          	mv	a0,s1
   11a4c:	00000097          	auipc	ra,0x0
   11a50:	cd0080e7          	jalr	-816(ra) # 1171c <matrix_sum>
   11a54:	000b0593          	mv	a1,s6
   11a58:	00001097          	auipc	ra,0x1
   11a5c:	84c080e7          	jalr	-1972(ra) # 122a4 <crc16>
   11a60:	000a8693          	mv	a3,s5
   11a64:	00050b13          	mv	s6,a0
   11a68:	00098613          	mv	a2,s3
   11a6c:	00090593          	mv	a1,s2
   11a70:	00048513          	mv	a0,s1
   11a74:	00000097          	auipc	ra,0x0
   11a78:	e00080e7          	jalr	-512(ra) # 11874 <matrix_mul_matrix>
   11a7c:	000a0613          	mv	a2,s4
   11a80:	00090593          	mv	a1,s2
   11a84:	00048513          	mv	a0,s1
   11a88:	00000097          	auipc	ra,0x0
   11a8c:	c94080e7          	jalr	-876(ra) # 1171c <matrix_sum>
   11a90:	000b0593          	mv	a1,s6
   11a94:	00001097          	auipc	ra,0x1
   11a98:	810080e7          	jalr	-2032(ra) # 122a4 <crc16>
   11a9c:	000a8693          	mv	a3,s5
   11aa0:	00050b13          	mv	s6,a0
   11aa4:	00098613          	mv	a2,s3
   11aa8:	00090593          	mv	a1,s2
   11aac:	00048513          	mv	a0,s1
   11ab0:	00000097          	auipc	ra,0x0
   11ab4:	e50080e7          	jalr	-432(ra) # 11900 <matrix_mul_matrix_bitextract>
   11ab8:	000a0613          	mv	a2,s4
   11abc:	00090593          	mv	a1,s2
   11ac0:	00048513          	mv	a0,s1
   11ac4:	00000097          	auipc	ra,0x0
   11ac8:	c58080e7          	jalr	-936(ra) # 1171c <matrix_sum>
   11acc:	000b0593          	mv	a1,s6
   11ad0:	00000097          	auipc	ra,0x0
   11ad4:	7d4080e7          	jalr	2004(ra) # 122a4 <crc16>
   11ad8:	40800633          	neg	a2,s0
   11adc:	01061613          	slli	a2,a2,0x10
   11ae0:	00050913          	mv	s2,a0
   11ae4:	00098593          	mv	a1,s3
   11ae8:	00048513          	mv	a0,s1
   11aec:	41065613          	srai	a2,a2,0x10
   11af0:	00000097          	auipc	ra,0x0
   11af4:	ce8080e7          	jalr	-792(ra) # 117d8 <matrix_add_const>
   11af8:	01c12083          	lw	ra,28(sp)
   11afc:	01812403          	lw	s0,24(sp)
   11b00:	01091513          	slli	a0,s2,0x10
   11b04:	01412483          	lw	s1,20(sp)
   11b08:	01012903          	lw	s2,16(sp)
   11b0c:	00c12983          	lw	s3,12(sp)
   11b10:	00812a03          	lw	s4,8(sp)
   11b14:	00412a83          	lw	s5,4(sp)
   11b18:	00012b03          	lw	s6,0(sp)
   11b1c:	41055513          	srai	a0,a0,0x10
   11b20:	02010113          	addi	sp,sp,32
   11b24:	00008067          	ret

00011b28 <core_bench_matrix>:
   11b28:	ff010113          	addi	sp,sp,-16
   11b2c:	00812423          	sw	s0,8(sp)
   11b30:	00852683          	lw	a3,8(a0)
   11b34:	00060413          	mv	s0,a2
   11b38:	00058713          	mv	a4,a1
   11b3c:	00452603          	lw	a2,4(a0)
   11b40:	00c52583          	lw	a1,12(a0)
   11b44:	00052503          	lw	a0,0(a0)
   11b48:	00112623          	sw	ra,12(sp)
   11b4c:	00000097          	auipc	ra,0x0
   11b50:	e50080e7          	jalr	-432(ra) # 1199c <matrix_test>
   11b54:	00040593          	mv	a1,s0
   11b58:	00812403          	lw	s0,8(sp)
   11b5c:	00c12083          	lw	ra,12(sp)
   11b60:	01010113          	addi	sp,sp,16
   11b64:	00000317          	auipc	t1,0x0
   11b68:	74030067          	jr	1856(t1) # 122a4 <crc16>

00011b6c <start_time>:
   11b6c:	b8002773          	csrr	a4,mcycleh
   11b70:	b00026f3          	csrr	a3,mcycle
   11b74:	b80027f3          	csrr	a5,mcycleh
   11b78:	fef71ae3          	bne	a4,a5,11b6c <start_time>
   11b7c:	000217b7          	lui	a5,0x21
   11b80:	1ad7a823          	sw	a3,432(a5) # 211b0 <t0>
   11b84:	1ae7aa23          	sw	a4,436(a5)
   11b88:	00008067          	ret

00011b8c <stop_time>:
   11b8c:	b8002773          	csrr	a4,mcycleh
   11b90:	b00026f3          	csrr	a3,mcycle
   11b94:	b80027f3          	csrr	a5,mcycleh
   11b98:	fef71ae3          	bne	a4,a5,11b8c <stop_time>
   11b9c:	000217b7          	lui	a5,0x21
   11ba0:	1ad7a423          	sw	a3,424(a5) # 211a8 <t1>
   11ba4:	1ae7a623          	sw	a4,428(a5)
   11ba8:	00008067          	ret

00011bac <get_time>:
   11bac:	000216b7          	lui	a3,0x21
   11bb0:	00021737          	lui	a4,0x21
   11bb4:	1a86a783          	lw	a5,424(a3) # 211a8 <t1>
   11bb8:	1b072503          	lw	a0,432(a4) # 211b0 <t0>
   11bbc:	1ac6a583          	lw	a1,428(a3)
   11bc0:	1b472703          	lw	a4,436(a4)
   11bc4:	40a78533          	sub	a0,a5,a0
   11bc8:	00a7b7b3          	sltu	a5,a5,a0
   11bcc:	40e585b3          	sub	a1,a1,a4
   11bd0:	40f585b3          	sub	a1,a1,a5
   11bd4:	00008067          	ret

00011bd8 <time_in_secs>:
   11bd8:	04787637          	lui	a2,0x4787
   11bdc:	ff010113          	addi	sp,sp,-16
   11be0:	8c060613          	addi	a2,a2,-1856 # 47868c0 <__stack_top__+0x47568c0>
   11be4:	00000693          	li	a3,0
   11be8:	00112623          	sw	ra,12(sp)
   11bec:	00002097          	auipc	ra,0x2
   11bf0:	418080e7          	jalr	1048(ra) # 14004 <__udivdi3>
   11bf4:	00c12083          	lw	ra,12(sp)
   11bf8:	01010113          	addi	sp,sp,16
   11bfc:	00008067          	ret

00011c00 <portable_init>:
   11c00:	00020537          	lui	a0,0x20
   11c04:	6c050513          	addi	a0,a0,1728 # 206c0 <_impure_ptr+0x658>
   11c08:	fffff317          	auipc	t1,0xfffff
   11c0c:	96430067          	jr	-1692(t1) # 1056c <uart_puts>

00011c10 <core_init_state>:
   11c10:	00158713          	addi	a4,a1,1
   11c14:	fe010113          	addi	sp,sp,-32
   11c18:	01071713          	slli	a4,a4,0x10
   11c1c:	00021337          	lui	t1,0x21
   11c20:	00021e37          	lui	t3,0x21
   11c24:	00021eb7          	lui	t4,0x21
   11c28:	00021f37          	lui	t5,0x21
   11c2c:	00812e23          	sw	s0,28(sp)
   11c30:	00912c23          	sw	s1,24(sp)
   11c34:	01212a23          	sw	s2,20(sp)
   11c38:	01312823          	sw	s3,16(sp)
   11c3c:	01412623          	sw	s4,12(sp)
   11c40:	fff50f93          	addi	t6,a0,-1
   11c44:	01075713          	srli	a4,a4,0x10
   11c48:	00000593          	li	a1,0
   11c4c:	00000793          	li	a5,0
   11c50:	00000693          	li	a3,0
   11c54:	02c00293          	li	t0,44
   11c58:	00700393          	li	t2,7
   11c5c:	80830313          	addi	t1,t1,-2040 # 20808 <errpat>
   11c60:	00400413          	li	s0,4
   11c64:	818e0e13          	addi	t3,t3,-2024 # 20818 <scipat>
   11c68:	00100493          	li	s1,1
   11c6c:	828e8e93          	addi	t4,t4,-2008 # 20828 <floatpat>
   11c70:	838f0f13          	addi	t5,t5,-1992 # 20838 <intpat>
   11c74:	00f688b3          	add	a7,a3,a5
   11c78:	00188993          	addi	s3,a7,1
   11c7c:	03f9e263          	bltu	s3,t6,11ca0 <core_init_state+0x90>
   11c80:	0aa6ea63          	bltu	a3,a0,11d34 <core_init_state+0x124>
   11c84:	01c12403          	lw	s0,28(sp)
   11c88:	01812483          	lw	s1,24(sp)
   11c8c:	01412903          	lw	s2,20(sp)
   11c90:	01012983          	lw	s3,16(sp)
   11c94:	00c12a03          	lw	s4,12(sp)
   11c98:	02010113          	addi	sp,sp,32
   11c9c:	00008067          	ret
   11ca0:	02078863          	beqz	a5,11cd0 <core_init_state+0xc0>
   11ca4:	00000813          	li	a6,0
   11ca8:	01058933          	add	s2,a1,a6
   11cac:	00094a03          	lbu	s4,0(s2)
   11cb0:	01068933          	add	s2,a3,a6
   11cb4:	01260933          	add	s2,a2,s2
   11cb8:	01490023          	sb	s4,0(s2)
   11cbc:	00180813          	addi	a6,a6,1
   11cc0:	ff0794e3          	bne	a5,a6,11ca8 <core_init_state+0x98>
   11cc4:	011608b3          	add	a7,a2,a7
   11cc8:	00588023          	sb	t0,0(a7)
   11ccc:	00098693          	mv	a3,s3
   11cd0:	01b71813          	slli	a6,a4,0x1b
   11cd4:	01e85793          	srli	a5,a6,0x1e
   11cd8:	00777593          	andi	a1,a4,7
   11cdc:	00279793          	slli	a5,a5,0x2
   11ce0:	04758663          	beq	a1,t2,11d2c <core_init_state+0x11c>
   11ce4:	04b46063          	bltu	s0,a1,11d24 <core_init_state+0x114>
   11ce8:	ffd58593          	addi	a1,a1,-3
   11cec:	01059593          	slli	a1,a1,0x10
   11cf0:	0105d593          	srli	a1,a1,0x10
   11cf4:	02b4f063          	bgeu	s1,a1,11d14 <core_init_state+0x104>
   11cf8:	00ff07b3          	add	a5,t5,a5
   11cfc:	0007a583          	lw	a1,0(a5)
   11d00:	00400793          	li	a5,4
   11d04:	00170713          	addi	a4,a4,1
   11d08:	01071713          	slli	a4,a4,0x10
   11d0c:	01075713          	srli	a4,a4,0x10
   11d10:	f65ff06f          	j	11c74 <core_init_state+0x64>
   11d14:	00fe87b3          	add	a5,t4,a5
   11d18:	0007a583          	lw	a1,0(a5)
   11d1c:	00800793          	li	a5,8
   11d20:	fe5ff06f          	j	11d04 <core_init_state+0xf4>
   11d24:	00fe07b3          	add	a5,t3,a5
   11d28:	ff1ff06f          	j	11d18 <core_init_state+0x108>
   11d2c:	00f307b3          	add	a5,t1,a5
   11d30:	fe9ff06f          	j	11d18 <core_init_state+0x108>
   11d34:	00d607b3          	add	a5,a2,a3
   11d38:	00078023          	sb	zero,0(a5)
   11d3c:	00168693          	addi	a3,a3,1
   11d40:	f41ff06f          	j	11c80 <core_init_state+0x70>

00011d44 <core_state_transition>:
   11d44:	00052683          	lw	a3,0(a0)
   11d48:	00020637          	lui	a2,0x20
   11d4c:	00000713          	li	a4,0
   11d50:	00100313          	li	t1,1
   11d54:	02c00e13          	li	t3,44
   11d58:	00700e93          	li	t4,7
   11d5c:	7e860613          	addi	a2,a2,2024 # 207e8 <list_known_crc+0xc>
   11d60:	00900813          	li	a6,9
   11d64:	04500f13          	li	t5,69
   11d68:	02e00893          	li	a7,46
   11d6c:	0006c783          	lbu	a5,0(a3)
   11d70:	00078463          	beqz	a5,11d78 <core_state_transition+0x34>
   11d74:	00671863          	bne	a4,t1,11d84 <core_state_transition+0x40>
   11d78:	00d52023          	sw	a3,0(a0)
   11d7c:	00070513          	mv	a0,a4
   11d80:	00008067          	ret
   11d84:	00168693          	addi	a3,a3,1
   11d88:	ffc788e3          	beq	a5,t3,11d78 <core_state_transition+0x34>
   11d8c:	feeee0e3          	bltu	t4,a4,11d6c <core_state_transition+0x28>
   11d90:	00271f93          	slli	t6,a4,0x2
   11d94:	00cf8fb3          	add	t6,t6,a2
   11d98:	000faf83          	lw	t6,0(t6)
   11d9c:	000f8067          	jr	t6
   11da0:	00500713          	li	a4,5
   11da4:	01178c63          	beq	a5,a7,11dbc <core_state_transition+0x78>
   11da8:	02f8e263          	bltu	a7,a5,11dcc <core_state_transition+0x88>
   11dac:	fd578793          	addi	a5,a5,-43
   11db0:	0fd7f793          	andi	a5,a5,253
   11db4:	00200713          	li	a4,2
   11db8:	02079463          	bnez	a5,11de0 <core_state_transition+0x9c>
   11dbc:	0005a783          	lw	a5,0(a1)
   11dc0:	00178793          	addi	a5,a5,1
   11dc4:	00f5a023          	sw	a5,0(a1)
   11dc8:	fa5ff06f          	j	11d6c <core_state_transition+0x28>
   11dcc:	fd078793          	addi	a5,a5,-48
   11dd0:	0ff7f793          	zext.b	a5,a5
   11dd4:	00900f93          	li	t6,9
   11dd8:	00400713          	li	a4,4
   11ddc:	fefff0e3          	bgeu	t6,a5,11dbc <core_state_transition+0x78>
   11de0:	0045a783          	lw	a5,4(a1)
   11de4:	00100713          	li	a4,1
   11de8:	00178793          	addi	a5,a5,1
   11dec:	00f5a223          	sw	a5,4(a1)
   11df0:	fcdff06f          	j	11dbc <core_state_transition+0x78>
   11df4:	0085a703          	lw	a4,8(a1)
   11df8:	fd078f93          	addi	t6,a5,-48
   11dfc:	0fffff93          	zext.b	t6,t6
   11e00:	00170713          	addi	a4,a4,1
   11e04:	01f87c63          	bgeu	a6,t6,11e1c <core_state_transition+0xd8>
   11e08:	02e00f93          	li	t6,46
   11e0c:	01f79e63          	bne	a5,t6,11e28 <core_state_transition+0xe4>
   11e10:	00e5a423          	sw	a4,8(a1)
   11e14:	00500713          	li	a4,5
   11e18:	f55ff06f          	j	11d6c <core_state_transition+0x28>
   11e1c:	00e5a423          	sw	a4,8(a1)
   11e20:	00400713          	li	a4,4
   11e24:	f49ff06f          	j	11d6c <core_state_transition+0x28>
   11e28:	00e5a423          	sw	a4,8(a1)
   11e2c:	00100713          	li	a4,1
   11e30:	f3dff06f          	j	11d6c <core_state_transition+0x28>
   11e34:	01179a63          	bne	a5,a7,11e48 <core_state_transition+0x104>
   11e38:	0105a783          	lw	a5,16(a1)
   11e3c:	00178793          	addi	a5,a5,1
   11e40:	00f5a823          	sw	a5,16(a1)
   11e44:	fd1ff06f          	j	11e14 <core_state_transition+0xd0>
   11e48:	fd078793          	addi	a5,a5,-48
   11e4c:	0ff7f793          	zext.b	a5,a5
   11e50:	00900713          	li	a4,9
   11e54:	fcf776e3          	bgeu	a4,a5,11e20 <core_state_transition+0xdc>
   11e58:	0105a783          	lw	a5,16(a1)
   11e5c:	00178793          	addi	a5,a5,1
   11e60:	00f5a823          	sw	a5,16(a1)
   11e64:	fc9ff06f          	j	11e2c <core_state_transition+0xe8>
   11e68:	0df7f713          	andi	a4,a5,223
   11e6c:	01e71c63          	bne	a4,t5,11e84 <core_state_transition+0x140>
   11e70:	0145a783          	lw	a5,20(a1)
   11e74:	00300713          	li	a4,3
   11e78:	00178793          	addi	a5,a5,1
   11e7c:	00f5aa23          	sw	a5,20(a1)
   11e80:	eedff06f          	j	11d6c <core_state_transition+0x28>
   11e84:	fd078793          	addi	a5,a5,-48
   11e88:	0ff7f793          	zext.b	a5,a5
   11e8c:	00900713          	li	a4,9
   11e90:	f8f772e3          	bgeu	a4,a5,11e14 <core_state_transition+0xd0>
   11e94:	0145a783          	lw	a5,20(a1)
   11e98:	00178793          	addi	a5,a5,1
   11e9c:	00f5aa23          	sw	a5,20(a1)
   11ea0:	f8dff06f          	j	11e2c <core_state_transition+0xe8>
   11ea4:	00c5a703          	lw	a4,12(a1)
   11ea8:	fd578793          	addi	a5,a5,-43
   11eac:	0fd7f793          	andi	a5,a5,253
   11eb0:	00170713          	addi	a4,a4,1
   11eb4:	00e5a623          	sw	a4,12(a1)
   11eb8:	00600713          	li	a4,6
   11ebc:	ea0788e3          	beqz	a5,11d6c <core_state_transition+0x28>
   11ec0:	f6dff06f          	j	11e2c <core_state_transition+0xe8>
   11ec4:	0185a703          	lw	a4,24(a1)
   11ec8:	fd078793          	addi	a5,a5,-48
   11ecc:	0ff7f793          	zext.b	a5,a5
   11ed0:	00170713          	addi	a4,a4,1
   11ed4:	00e5ac23          	sw	a4,24(a1)
   11ed8:	f4f86ae3          	bltu	a6,a5,11e2c <core_state_transition+0xe8>
   11edc:	00700713          	li	a4,7
   11ee0:	e8dff06f          	j	11d6c <core_state_transition+0x28>
   11ee4:	fd078793          	addi	a5,a5,-48
   11ee8:	0ff7f793          	zext.b	a5,a5
   11eec:	fef878e3          	bgeu	a6,a5,11edc <core_state_transition+0x198>
   11ef0:	0045a783          	lw	a5,4(a1)
   11ef4:	00178793          	addi	a5,a5,1
   11ef8:	00f5a223          	sw	a5,4(a1)
   11efc:	f31ff06f          	j	11e2c <core_state_transition+0xe8>

00011f00 <core_bench_state>:
   11f00:	f8010113          	addi	sp,sp,-128
   11f04:	07212823          	sw	s2,112(sp)
   11f08:	03010913          	addi	s2,sp,48
   11f0c:	07512223          	sw	s5,100(sp)
   11f10:	07612023          	sw	s6,96(sp)
   11f14:	05712e23          	sw	s7,92(sp)
   11f18:	00b12623          	sw	a1,12(sp)
   11f1c:	00050b13          	mv	s6,a0
   11f20:	00058a93          	mv	s5,a1
   11f24:	00060b93          	mv	s7,a2
   11f28:	00000593          	li	a1,0
   11f2c:	02000613          	li	a2,32
   11f30:	00090513          	mv	a0,s2
   11f34:	06812c23          	sw	s0,120(sp)
   11f38:	07312623          	sw	s3,108(sp)
   11f3c:	07412423          	sw	s4,104(sp)
   11f40:	05812c23          	sw	s8,88(sp)
   11f44:	06112e23          	sw	ra,124(sp)
   11f48:	06912a23          	sw	s1,116(sp)
   11f4c:	00068c13          	mv	s8,a3
   11f50:	00070a13          	mv	s4,a4
   11f54:	00078413          	mv	s0,a5
   11f58:	01010993          	addi	s3,sp,16
   11f5c:	ffffe097          	auipc	ra,0xffffe
   11f60:	468080e7          	jalr	1128(ra) # 103c4 <memset>
   11f64:	02000613          	li	a2,32
   11f68:	00000593          	li	a1,0
   11f6c:	00098513          	mv	a0,s3
   11f70:	ffffe097          	auipc	ra,0xffffe
   11f74:	454080e7          	jalr	1108(ra) # 103c4 <memset>
   11f78:	00c12783          	lw	a5,12(sp)
   11f7c:	0007c783          	lbu	a5,0(a5)
   11f80:	08079e63          	bnez	a5,1201c <core_bench_state+0x11c>
   11f84:	000a8493          	mv	s1,s5
   11f88:	000a8793          	mv	a5,s5
   11f8c:	016a8b33          	add	s6,s5,s6
   11f90:	02c00693          	li	a3,44
   11f94:	0b67e863          	bltu	a5,s6,12044 <core_bench_state+0x144>
   11f98:	01512623          	sw	s5,12(sp)
   11f9c:	00c12783          	lw	a5,12(sp)
   11fa0:	0007c783          	lbu	a5,0(a5)
   11fa4:	0a079c63          	bnez	a5,1205c <core_bench_state+0x15c>
   11fa8:	02c00713          	li	a4,44
   11fac:	0d64ec63          	bltu	s1,s6,12084 <core_bench_state+0x184>
   11fb0:	00000493          	li	s1,0
   11fb4:	02000a13          	li	s4,32
   11fb8:	009987b3          	add	a5,s3,s1
   11fbc:	0007a503          	lw	a0,0(a5)
   11fc0:	00040593          	mv	a1,s0
   11fc4:	00000097          	auipc	ra,0x0
   11fc8:	2a4080e7          	jalr	676(ra) # 12268 <crcu32>
   11fcc:	009907b3          	add	a5,s2,s1
   11fd0:	00050593          	mv	a1,a0
   11fd4:	0007a503          	lw	a0,0(a5)
   11fd8:	00448493          	addi	s1,s1,4
   11fdc:	00000097          	auipc	ra,0x0
   11fe0:	28c080e7          	jalr	652(ra) # 12268 <crcu32>
   11fe4:	00050413          	mv	s0,a0
   11fe8:	fd4498e3          	bne	s1,s4,11fb8 <core_bench_state+0xb8>
   11fec:	07c12083          	lw	ra,124(sp)
   11ff0:	07812403          	lw	s0,120(sp)
   11ff4:	07412483          	lw	s1,116(sp)
   11ff8:	07012903          	lw	s2,112(sp)
   11ffc:	06c12983          	lw	s3,108(sp)
   12000:	06812a03          	lw	s4,104(sp)
   12004:	06412a83          	lw	s5,100(sp)
   12008:	06012b03          	lw	s6,96(sp)
   1200c:	05c12b83          	lw	s7,92(sp)
   12010:	05812c03          	lw	s8,88(sp)
   12014:	08010113          	addi	sp,sp,128
   12018:	00008067          	ret
   1201c:	00090593          	mv	a1,s2
   12020:	00c10513          	addi	a0,sp,12
   12024:	00000097          	auipc	ra,0x0
   12028:	d20080e7          	jalr	-736(ra) # 11d44 <core_state_transition>
   1202c:	00251793          	slli	a5,a0,0x2
   12030:	00f987b3          	add	a5,s3,a5
   12034:	0007a703          	lw	a4,0(a5)
   12038:	00170713          	addi	a4,a4,1
   1203c:	00e7a023          	sw	a4,0(a5)
   12040:	f39ff06f          	j	11f78 <core_bench_state+0x78>
   12044:	0007c703          	lbu	a4,0(a5)
   12048:	00d70663          	beq	a4,a3,12054 <core_bench_state+0x154>
   1204c:	01774733          	xor	a4,a4,s7
   12050:	00e78023          	sb	a4,0(a5)
   12054:	014787b3          	add	a5,a5,s4
   12058:	f3dff06f          	j	11f94 <core_bench_state+0x94>
   1205c:	00090593          	mv	a1,s2
   12060:	00c10513          	addi	a0,sp,12
   12064:	00000097          	auipc	ra,0x0
   12068:	ce0080e7          	jalr	-800(ra) # 11d44 <core_state_transition>
   1206c:	00251793          	slli	a5,a0,0x2
   12070:	00f987b3          	add	a5,s3,a5
   12074:	0007a703          	lw	a4,0(a5)
   12078:	00170713          	addi	a4,a4,1
   1207c:	00e7a023          	sw	a4,0(a5)
   12080:	f1dff06f          	j	11f9c <core_bench_state+0x9c>
   12084:	0004c783          	lbu	a5,0(s1)
   12088:	00e78663          	beq	a5,a4,12094 <core_bench_state+0x194>
   1208c:	0187c7b3          	xor	a5,a5,s8
   12090:	00f48023          	sb	a5,0(s1)
   12094:	014484b3          	add	s1,s1,s4
   12098:	f15ff06f          	j	11fac <core_bench_state+0xac>

0001209c <get_seed_32>:
   1209c:	fff50513          	addi	a0,a0,-1
   120a0:	00400793          	li	a5,4
   120a4:	04a7ec63          	bltu	a5,a0,120fc <get_seed_32+0x60>
   120a8:	000217b7          	lui	a5,0x21
   120ac:	84878793          	addi	a5,a5,-1976 # 20848 <intpat+0x10>
   120b0:	00251513          	slli	a0,a0,0x2
   120b4:	00f50533          	add	a0,a0,a5
   120b8:	00052783          	lw	a5,0(a0)
   120bc:	00078067          	jr	a5
   120c0:	000217b7          	lui	a5,0x21
   120c4:	1c07a503          	lw	a0,448(a5) # 211c0 <seed1_volatile>
   120c8:	00008067          	ret
   120cc:	000217b7          	lui	a5,0x21
   120d0:	1bc7a503          	lw	a0,444(a5) # 211bc <seed2_volatile>
   120d4:	00008067          	ret
   120d8:	000207b7          	lui	a5,0x20
   120dc:	0087a503          	lw	a0,8(a5) # 20008 <seed3_volatile>
   120e0:	00008067          	ret
   120e4:	000207b7          	lui	a5,0x20
   120e8:	0047a503          	lw	a0,4(a5) # 20004 <seed4_volatile>
   120ec:	00008067          	ret
   120f0:	000217b7          	lui	a5,0x21
   120f4:	1b87a503          	lw	a0,440(a5) # 211b8 <seed5_volatile>
   120f8:	00008067          	ret
   120fc:	00000513          	li	a0,0
   12100:	00008067          	ret

00012104 <crcu8>:
   12104:	0ff5f793          	zext.b	a5,a1
   12108:	00879793          	slli	a5,a5,0x8
   1210c:	0085d593          	srli	a1,a1,0x8
   12110:	000016b7          	lui	a3,0x1
   12114:	fffff337          	lui	t1,0xfffff
   12118:	0f030313          	addi	t1,t1,240 # fffff0f0 <__stack_top__+0xfffcf0f0>
   1211c:	00b7e7b3          	or	a5,a5,a1
   12120:	f0f68693          	addi	a3,a3,-241 # f0f <__STACK_SIZE-0xf1>
   12124:	00d7f5b3          	and	a1,a5,a3
   12128:	0067f7b3          	and	a5,a5,t1
   1212c:	0047d793          	srli	a5,a5,0x4
   12130:	00459593          	slli	a1,a1,0x4
   12134:	00003737          	lui	a4,0x3
   12138:	ffffd8b7          	lui	a7,0xffffd
   1213c:	00f5e5b3          	or	a1,a1,a5
   12140:	33370713          	addi	a4,a4,819 # 3333 <__HEAP_SIZE+0x1333>
   12144:	ccc88893          	addi	a7,a7,-820 # ffffcccc <__stack_top__+0xfffccccc>
   12148:	00f57e13          	andi	t3,a0,15
   1214c:	00e5f633          	and	a2,a1,a4
   12150:	00455513          	srli	a0,a0,0x4
   12154:	0115f5b3          	and	a1,a1,a7
   12158:	004e1e13          	slli	t3,t3,0x4
   1215c:	0025d593          	srli	a1,a1,0x2
   12160:	00ae6e33          	or	t3,t3,a0
   12164:	00261613          	slli	a2,a2,0x2
   12168:	00b66633          	or	a2,a2,a1
   1216c:	033e7513          	andi	a0,t3,51
   12170:	000055b7          	lui	a1,0x5
   12174:	ffffb837          	lui	a6,0xffffb
   12178:	0cce7e13          	andi	t3,t3,204
   1217c:	55558593          	addi	a1,a1,1365 # 5555 <__HEAP_SIZE+0x3555>
   12180:	aaa80813          	addi	a6,a6,-1366 # ffffaaaa <__stack_top__+0xfffcaaaa>
   12184:	002e5e13          	srli	t3,t3,0x2
   12188:	00251513          	slli	a0,a0,0x2
   1218c:	00b677b3          	and	a5,a2,a1
   12190:	01c56533          	or	a0,a0,t3
   12194:	01067633          	and	a2,a2,a6
   12198:	00179793          	slli	a5,a5,0x1
   1219c:	00165613          	srli	a2,a2,0x1
   121a0:	05557e13          	andi	t3,a0,85
   121a4:	0aa57513          	andi	a0,a0,170
   121a8:	00c7eeb3          	or	t4,a5,a2
   121ac:	001e1e13          	slli	t3,t3,0x1
   121b0:	00155513          	srli	a0,a0,0x1
   121b4:	00ae6633          	or	a2,t3,a0
   121b8:	008ed793          	srli	a5,t4,0x8
   121bc:	00c7c7b3          	xor	a5,a5,a2
   121c0:	00020637          	lui	a2,0x20
   121c4:	06c60613          	addi	a2,a2,108 # 2006c <_impure_ptr+0x4>
   121c8:	00179793          	slli	a5,a5,0x1
   121cc:	00c787b3          	add	a5,a5,a2
   121d0:	0007d783          	lhu	a5,0(a5)
   121d4:	008e9e93          	slli	t4,t4,0x8
   121d8:	01d7ceb3          	xor	t4,a5,t4
   121dc:	010e9613          	slli	a2,t4,0x10
   121e0:	0ff7f793          	zext.b	a5,a5
   121e4:	01865e93          	srli	t4,a2,0x18
   121e8:	00879793          	slli	a5,a5,0x8
   121ec:	01d7e7b3          	or	a5,a5,t4
   121f0:	00d7f6b3          	and	a3,a5,a3
   121f4:	0067f7b3          	and	a5,a5,t1
   121f8:	0047d793          	srli	a5,a5,0x4
   121fc:	00469693          	slli	a3,a3,0x4
   12200:	00f6e6b3          	or	a3,a3,a5
   12204:	00e6f7b3          	and	a5,a3,a4
   12208:	0116f6b3          	and	a3,a3,a7
   1220c:	0026d693          	srli	a3,a3,0x2
   12210:	00279793          	slli	a5,a5,0x2
   12214:	00d7e7b3          	or	a5,a5,a3
   12218:	00b7f533          	and	a0,a5,a1
   1221c:	0107f7b3          	and	a5,a5,a6
   12220:	0017d793          	srli	a5,a5,0x1
   12224:	00151513          	slli	a0,a0,0x1
   12228:	00f56533          	or	a0,a0,a5
   1222c:	00008067          	ret

00012230 <crcu16>:
   12230:	ff010113          	addi	sp,sp,-16
   12234:	00812423          	sw	s0,8(sp)
   12238:	00050413          	mv	s0,a0
   1223c:	0ff57513          	zext.b	a0,a0
   12240:	00112623          	sw	ra,12(sp)
   12244:	00000097          	auipc	ra,0x0
   12248:	ec0080e7          	jalr	-320(ra) # 12104 <crcu8>
   1224c:	00050593          	mv	a1,a0
   12250:	00845513          	srli	a0,s0,0x8
   12254:	00812403          	lw	s0,8(sp)
   12258:	00c12083          	lw	ra,12(sp)
   1225c:	01010113          	addi	sp,sp,16
   12260:	00000317          	auipc	t1,0x0
   12264:	ea430067          	jr	-348(t1) # 12104 <crcu8>

00012268 <crcu32>:
   12268:	ff010113          	addi	sp,sp,-16
   1226c:	00812423          	sw	s0,8(sp)
   12270:	00050413          	mv	s0,a0
   12274:	01051513          	slli	a0,a0,0x10
   12278:	01055513          	srli	a0,a0,0x10
   1227c:	00112623          	sw	ra,12(sp)
   12280:	00000097          	auipc	ra,0x0
   12284:	fb0080e7          	jalr	-80(ra) # 12230 <crcu16>
   12288:	00050593          	mv	a1,a0
   1228c:	01045513          	srli	a0,s0,0x10
   12290:	00812403          	lw	s0,8(sp)
   12294:	00c12083          	lw	ra,12(sp)
   12298:	01010113          	addi	sp,sp,16
   1229c:	00000317          	auipc	t1,0x0
   122a0:	f9430067          	jr	-108(t1) # 12230 <crcu16>

000122a4 <crc16>:
   122a4:	01051513          	slli	a0,a0,0x10
   122a8:	01055513          	srli	a0,a0,0x10
   122ac:	00000317          	auipc	t1,0x0
   122b0:	f8430067          	jr	-124(t1) # 12230 <crcu16>

000122b4 <check_data_types>:
   122b4:	00000513          	li	a0,0
   122b8:	00008067          	ret

000122bc <iprintf>:
   122bc:	fc010113          	addi	sp,sp,-64
   122c0:	02f12a23          	sw	a5,52(sp)
   122c4:	0000e797          	auipc	a5,0xe
   122c8:	da47a783          	lw	a5,-604(a5) # 20068 <_impure_ptr>
   122cc:	02c12423          	sw	a2,40(sp)
   122d0:	02d12623          	sw	a3,44(sp)
   122d4:	02b12223          	sw	a1,36(sp)
   122d8:	02e12823          	sw	a4,48(sp)
   122dc:	03012c23          	sw	a6,56(sp)
   122e0:	03112e23          	sw	a7,60(sp)
   122e4:	0087a583          	lw	a1,8(a5)
   122e8:	02410693          	addi	a3,sp,36
   122ec:	00050613          	mv	a2,a0
   122f0:	00078513          	mv	a0,a5
   122f4:	00112e23          	sw	ra,28(sp)
   122f8:	00d12623          	sw	a3,12(sp)
   122fc:	00001097          	auipc	ra,0x1
   12300:	83c080e7          	jalr	-1988(ra) # 12b38 <_vfiprintf_r>
   12304:	01c12083          	lw	ra,28(sp)
   12308:	04010113          	addi	sp,sp,64
   1230c:	00008067          	ret

00012310 <putchar>:
   12310:	00050593          	mv	a1,a0
   12314:	0000e517          	auipc	a0,0xe
   12318:	d5452503          	lw	a0,-684(a0) # 20068 <_impure_ptr>
   1231c:	00852603          	lw	a2,8(a0)
   12320:	00002317          	auipc	t1,0x2
   12324:	85c30067          	jr	-1956(t1) # 13b7c <_putc_r>

00012328 <_puts_r>:
   12328:	02052783          	lw	a5,32(a0)
   1232c:	fe010113          	addi	sp,sp,-32
   12330:	00812c23          	sw	s0,24(sp)
   12334:	00912a23          	sw	s1,20(sp)
   12338:	01212823          	sw	s2,16(sp)
   1233c:	00112e23          	sw	ra,28(sp)
   12340:	01312623          	sw	s3,12(sp)
   12344:	00852403          	lw	s0,8(a0)
   12348:	00050493          	mv	s1,a0
   1234c:	00058913          	mv	s2,a1
   12350:	00079663          	bnez	a5,1235c <_puts_r+0x34>
   12354:	00001097          	auipc	ra,0x1
   12358:	5c4080e7          	jalr	1476(ra) # 13918 <__sinit>
   1235c:	06442783          	lw	a5,100(s0)
   12360:	0017f793          	andi	a5,a5,1
   12364:	00079e63          	bnez	a5,12380 <_puts_r+0x58>
   12368:	00c45783          	lhu	a5,12(s0)
   1236c:	2007f793          	andi	a5,a5,512
   12370:	00079863          	bnez	a5,12380 <_puts_r+0x58>
   12374:	05842503          	lw	a0,88(s0)
   12378:	00000097          	auipc	ra,0x0
   1237c:	360080e7          	jalr	864(ra) # 126d8 <__retarget_lock_acquire_recursive>
   12380:	00c45783          	lhu	a5,12(s0)
   12384:	0087f793          	andi	a5,a5,8
   12388:	00078663          	beqz	a5,12394 <_puts_r+0x6c>
   1238c:	01042783          	lw	a5,16(s0)
   12390:	0c079e63          	bnez	a5,1246c <_puts_r+0x144>
   12394:	00040593          	mv	a1,s0
   12398:	00048513          	mv	a0,s1
   1239c:	00000097          	auipc	ra,0x0
   123a0:	210080e7          	jalr	528(ra) # 125ac <__swsetup_r>
   123a4:	0c050463          	beqz	a0,1246c <_puts_r+0x144>
   123a8:	fff00493          	li	s1,-1
   123ac:	06442783          	lw	a5,100(s0)
   123b0:	0017f793          	andi	a5,a5,1
   123b4:	00079e63          	bnez	a5,123d0 <_puts_r+0xa8>
   123b8:	00c45783          	lhu	a5,12(s0)
   123bc:	2007f793          	andi	a5,a5,512
   123c0:	00079863          	bnez	a5,123d0 <_puts_r+0xa8>
   123c4:	05842503          	lw	a0,88(s0)
   123c8:	00000097          	auipc	ra,0x0
   123cc:	314080e7          	jalr	788(ra) # 126dc <__retarget_lock_release_recursive>
   123d0:	01c12083          	lw	ra,28(sp)
   123d4:	01812403          	lw	s0,24(sp)
   123d8:	01012903          	lw	s2,16(sp)
   123dc:	00c12983          	lw	s3,12(sp)
   123e0:	00048513          	mv	a0,s1
   123e4:	01412483          	lw	s1,20(sp)
   123e8:	02010113          	addi	sp,sp,32
   123ec:	00008067          	ret
   123f0:	0007da63          	bgez	a5,12404 <_puts_r+0xdc>
   123f4:	01842703          	lw	a4,24(s0)
   123f8:	04e7ce63          	blt	a5,a4,12454 <_puts_r+0x12c>
   123fc:	ff658793          	addi	a5,a1,-10
   12400:	04078a63          	beqz	a5,12454 <_puts_r+0x12c>
   12404:	00042783          	lw	a5,0(s0)
   12408:	00178713          	addi	a4,a5,1
   1240c:	00e42023          	sw	a4,0(s0)
   12410:	00b78023          	sb	a1,0(a5)
   12414:	00190913          	addi	s2,s2,1
   12418:	00842783          	lw	a5,8(s0)
   1241c:	00094583          	lbu	a1,0(s2)
   12420:	fff78793          	addi	a5,a5,-1
   12424:	00f42423          	sw	a5,8(s0)
   12428:	fc0594e3          	bnez	a1,123f0 <_puts_r+0xc8>
   1242c:	0407d463          	bgez	a5,12474 <_puts_r+0x14c>
   12430:	00040613          	mv	a2,s0
   12434:	00a00593          	li	a1,10
   12438:	00048513          	mv	a0,s1
   1243c:	00000097          	auipc	ra,0x0
   12440:	064080e7          	jalr	100(ra) # 124a0 <__swbuf_r>
   12444:	fff00793          	li	a5,-1
   12448:	f6f500e3          	beq	a0,a5,123a8 <_puts_r+0x80>
   1244c:	00a00493          	li	s1,10
   12450:	f5dff06f          	j	123ac <_puts_r+0x84>
   12454:	00040613          	mv	a2,s0
   12458:	00048513          	mv	a0,s1
   1245c:	00000097          	auipc	ra,0x0
   12460:	044080e7          	jalr	68(ra) # 124a0 <__swbuf_r>
   12464:	fb3518e3          	bne	a0,s3,12414 <_puts_r+0xec>
   12468:	f41ff06f          	j	123a8 <_puts_r+0x80>
   1246c:	fff00993          	li	s3,-1
   12470:	fa9ff06f          	j	12418 <_puts_r+0xf0>
   12474:	00042783          	lw	a5,0(s0)
   12478:	00178713          	addi	a4,a5,1
   1247c:	00e42023          	sw	a4,0(s0)
   12480:	00a00713          	li	a4,10
   12484:	00e78023          	sb	a4,0(a5)
   12488:	fc5ff06f          	j	1244c <_puts_r+0x124>

0001248c <puts>:
   1248c:	00050593          	mv	a1,a0
   12490:	0000e517          	auipc	a0,0xe
   12494:	bd852503          	lw	a0,-1064(a0) # 20068 <_impure_ptr>
   12498:	00000317          	auipc	t1,0x0
   1249c:	e9030067          	jr	-368(t1) # 12328 <_puts_r>

000124a0 <__swbuf_r>:
   124a0:	fe010113          	addi	sp,sp,-32
   124a4:	00812c23          	sw	s0,24(sp)
   124a8:	00912a23          	sw	s1,20(sp)
   124ac:	01312623          	sw	s3,12(sp)
   124b0:	00112e23          	sw	ra,28(sp)
   124b4:	01212823          	sw	s2,16(sp)
   124b8:	00050493          	mv	s1,a0
   124bc:	00058993          	mv	s3,a1
   124c0:	00060413          	mv	s0,a2
   124c4:	00050a63          	beqz	a0,124d8 <__swbuf_r+0x38>
   124c8:	02052783          	lw	a5,32(a0)
   124cc:	00079663          	bnez	a5,124d8 <__swbuf_r+0x38>
   124d0:	00001097          	auipc	ra,0x1
   124d4:	448080e7          	jalr	1096(ra) # 13918 <__sinit>
   124d8:	01842783          	lw	a5,24(s0)
   124dc:	00f42423          	sw	a5,8(s0)
   124e0:	00c45783          	lhu	a5,12(s0)
   124e4:	0087f793          	andi	a5,a5,8
   124e8:	00078663          	beqz	a5,124f4 <__swbuf_r+0x54>
   124ec:	01042783          	lw	a5,16(s0)
   124f0:	02079e63          	bnez	a5,1252c <__swbuf_r+0x8c>
   124f4:	00040593          	mv	a1,s0
   124f8:	00048513          	mv	a0,s1
   124fc:	00000097          	auipc	ra,0x0
   12500:	0b0080e7          	jalr	176(ra) # 125ac <__swsetup_r>
   12504:	02050463          	beqz	a0,1252c <__swbuf_r+0x8c>
   12508:	fff00913          	li	s2,-1
   1250c:	01c12083          	lw	ra,28(sp)
   12510:	01812403          	lw	s0,24(sp)
   12514:	01412483          	lw	s1,20(sp)
   12518:	00c12983          	lw	s3,12(sp)
   1251c:	00090513          	mv	a0,s2
   12520:	01012903          	lw	s2,16(sp)
   12524:	02010113          	addi	sp,sp,32
   12528:	00008067          	ret
   1252c:	01042783          	lw	a5,16(s0)
   12530:	00042503          	lw	a0,0(s0)
   12534:	40f50533          	sub	a0,a0,a5
   12538:	01442783          	lw	a5,20(s0)
   1253c:	00f54c63          	blt	a0,a5,12554 <__swbuf_r+0xb4>
   12540:	00040593          	mv	a1,s0
   12544:	00048513          	mv	a0,s1
   12548:	00001097          	auipc	ra,0x1
   1254c:	120080e7          	jalr	288(ra) # 13668 <_fflush_r>
   12550:	fa051ce3          	bnez	a0,12508 <__swbuf_r+0x68>
   12554:	00842783          	lw	a5,8(s0)
   12558:	00150513          	addi	a0,a0,1
   1255c:	0ff9f913          	zext.b	s2,s3
   12560:	fff78793          	addi	a5,a5,-1
   12564:	00f42423          	sw	a5,8(s0)
   12568:	00042783          	lw	a5,0(s0)
   1256c:	00178713          	addi	a4,a5,1
   12570:	00e42023          	sw	a4,0(s0)
   12574:	01378023          	sb	s3,0(a5)
   12578:	01442783          	lw	a5,20(s0)
   1257c:	00a78c63          	beq	a5,a0,12594 <__swbuf_r+0xf4>
   12580:	00c45783          	lhu	a5,12(s0)
   12584:	0017f793          	andi	a5,a5,1
   12588:	f80782e3          	beqz	a5,1250c <__swbuf_r+0x6c>
   1258c:	ff690793          	addi	a5,s2,-10
   12590:	f6079ee3          	bnez	a5,1250c <__swbuf_r+0x6c>
   12594:	00040593          	mv	a1,s0
   12598:	00048513          	mv	a0,s1
   1259c:	00001097          	auipc	ra,0x1
   125a0:	0cc080e7          	jalr	204(ra) # 13668 <_fflush_r>
   125a4:	f60504e3          	beqz	a0,1250c <__swbuf_r+0x6c>
   125a8:	f61ff06f          	j	12508 <__swbuf_r+0x68>

000125ac <__swsetup_r>:
   125ac:	ff010113          	addi	sp,sp,-16
   125b0:	00912223          	sw	s1,4(sp)
   125b4:	00050493          	mv	s1,a0
   125b8:	0000e517          	auipc	a0,0xe
   125bc:	ab052503          	lw	a0,-1360(a0) # 20068 <_impure_ptr>
   125c0:	00812423          	sw	s0,8(sp)
   125c4:	00112623          	sw	ra,12(sp)
   125c8:	00058413          	mv	s0,a1
   125cc:	00050a63          	beqz	a0,125e0 <__swsetup_r+0x34>
   125d0:	02052783          	lw	a5,32(a0)
   125d4:	00079663          	bnez	a5,125e0 <__swsetup_r+0x34>
   125d8:	00001097          	auipc	ra,0x1
   125dc:	340080e7          	jalr	832(ra) # 13918 <__sinit>
   125e0:	00c41783          	lh	a5,12(s0)
   125e4:	0087f713          	andi	a4,a5,8
   125e8:	06071463          	bnez	a4,12650 <__swsetup_r+0xa4>
   125ec:	0107f713          	andi	a4,a5,16
   125f0:	00071e63          	bnez	a4,1260c <__swsetup_r+0x60>
   125f4:	00900713          	li	a4,9
   125f8:	00e4a023          	sw	a4,0(s1)
   125fc:	0407e793          	ori	a5,a5,64
   12600:	00f41623          	sh	a5,12(s0)
   12604:	fff00513          	li	a0,-1
   12608:	0a00006f          	j	126a8 <__swsetup_r+0xfc>
   1260c:	0047f713          	andi	a4,a5,4
   12610:	02070c63          	beqz	a4,12648 <__swsetup_r+0x9c>
   12614:	03442583          	lw	a1,52(s0)
   12618:	00058e63          	beqz	a1,12634 <__swsetup_r+0x88>
   1261c:	04440793          	addi	a5,s0,68
   12620:	00f58863          	beq	a1,a5,12630 <__swsetup_r+0x84>
   12624:	00048513          	mv	a0,s1
   12628:	00000097          	auipc	ra,0x0
   1262c:	0b8080e7          	jalr	184(ra) # 126e0 <_free_r>
   12630:	02042a23          	sw	zero,52(s0)
   12634:	00c45783          	lhu	a5,12(s0)
   12638:	01042703          	lw	a4,16(s0)
   1263c:	00042223          	sw	zero,4(s0)
   12640:	fdb7f793          	andi	a5,a5,-37
   12644:	00e42023          	sw	a4,0(s0)
   12648:	0087e793          	ori	a5,a5,8
   1264c:	00f41623          	sh	a5,12(s0)
   12650:	01042783          	lw	a5,16(s0)
   12654:	02079263          	bnez	a5,12678 <__swsetup_r+0xcc>
   12658:	00c42783          	lw	a5,12(s0)
   1265c:	20000713          	li	a4,512
   12660:	2807f793          	andi	a5,a5,640
   12664:	00e78a63          	beq	a5,a4,12678 <__swsetup_r+0xcc>
   12668:	00040593          	mv	a1,s0
   1266c:	00048513          	mv	a0,s1
   12670:	00001097          	auipc	ra,0x1
   12674:	434080e7          	jalr	1076(ra) # 13aa4 <__smakebuf_r>
   12678:	00c41783          	lh	a5,12(s0)
   1267c:	0017f713          	andi	a4,a5,1
   12680:	02070e63          	beqz	a4,126bc <__swsetup_r+0x110>
   12684:	01442703          	lw	a4,20(s0)
   12688:	00042423          	sw	zero,8(s0)
   1268c:	40e00733          	neg	a4,a4
   12690:	00e42c23          	sw	a4,24(s0)
   12694:	01042703          	lw	a4,16(s0)
   12698:	00000513          	li	a0,0
   1269c:	00071663          	bnez	a4,126a8 <__swsetup_r+0xfc>
   126a0:	0807f713          	andi	a4,a5,128
   126a4:	f4071ce3          	bnez	a4,125fc <__swsetup_r+0x50>
   126a8:	00c12083          	lw	ra,12(sp)
   126ac:	00812403          	lw	s0,8(sp)
   126b0:	00412483          	lw	s1,4(sp)
   126b4:	01010113          	addi	sp,sp,16
   126b8:	00008067          	ret
   126bc:	0027f713          	andi	a4,a5,2
   126c0:	00000693          	li	a3,0
   126c4:	00071463          	bnez	a4,126cc <__swsetup_r+0x120>
   126c8:	01442683          	lw	a3,20(s0)
   126cc:	00d42423          	sw	a3,8(s0)
   126d0:	fc5ff06f          	j	12694 <__swsetup_r+0xe8>

000126d4 <__retarget_lock_init_recursive>:
   126d4:	00008067          	ret

000126d8 <__retarget_lock_acquire_recursive>:
   126d8:	00008067          	ret

000126dc <__retarget_lock_release_recursive>:
   126dc:	00008067          	ret

000126e0 <_free_r>:
   126e0:	10058263          	beqz	a1,127e4 <_free_r+0x104>
   126e4:	ffc5a783          	lw	a5,-4(a1)
   126e8:	fe010113          	addi	sp,sp,-32
   126ec:	00812c23          	sw	s0,24(sp)
   126f0:	00112e23          	sw	ra,28(sp)
   126f4:	ffc58413          	addi	s0,a1,-4
   126f8:	0007d463          	bgez	a5,12700 <_free_r+0x20>
   126fc:	00f40433          	add	s0,s0,a5
   12700:	00a12623          	sw	a0,12(sp)
   12704:	00000097          	auipc	ra,0x0
   12708:	35c080e7          	jalr	860(ra) # 12a60 <__malloc_lock>
   1270c:	0000e797          	auipc	a5,0xe
   12710:	2bc7a783          	lw	a5,700(a5) # 209c8 <__malloc_free_list>
   12714:	00c12503          	lw	a0,12(sp)
   12718:	02079263          	bnez	a5,1273c <_free_r+0x5c>
   1271c:	00042223          	sw	zero,4(s0)
   12720:	0000e797          	auipc	a5,0xe
   12724:	2a87a423          	sw	s0,680(a5) # 209c8 <__malloc_free_list>
   12728:	01812403          	lw	s0,24(sp)
   1272c:	01c12083          	lw	ra,28(sp)
   12730:	02010113          	addi	sp,sp,32
   12734:	00000317          	auipc	t1,0x0
   12738:	33c30067          	jr	828(t1) # 12a70 <__malloc_unlock>
   1273c:	02f47463          	bgeu	s0,a5,12764 <_free_r+0x84>
   12740:	00042683          	lw	a3,0(s0)
   12744:	00d40733          	add	a4,s0,a3
   12748:	00e79a63          	bne	a5,a4,1275c <_free_r+0x7c>
   1274c:	0007a703          	lw	a4,0(a5)
   12750:	0047a783          	lw	a5,4(a5)
   12754:	00d70733          	add	a4,a4,a3
   12758:	00e42023          	sw	a4,0(s0)
   1275c:	00f42223          	sw	a5,4(s0)
   12760:	fc1ff06f          	j	12720 <_free_r+0x40>
   12764:	00078713          	mv	a4,a5
   12768:	0047a783          	lw	a5,4(a5)
   1276c:	00078463          	beqz	a5,12774 <_free_r+0x94>
   12770:	fef47ae3          	bgeu	s0,a5,12764 <_free_r+0x84>
   12774:	00072683          	lw	a3,0(a4)
   12778:	00d70633          	add	a2,a4,a3
   1277c:	02861863          	bne	a2,s0,127ac <_free_r+0xcc>
   12780:	00042603          	lw	a2,0(s0)
   12784:	00c686b3          	add	a3,a3,a2
   12788:	00d72023          	sw	a3,0(a4)
   1278c:	00d70633          	add	a2,a4,a3
   12790:	f8c79ce3          	bne	a5,a2,12728 <_free_r+0x48>
   12794:	0007a603          	lw	a2,0(a5)
   12798:	0047a783          	lw	a5,4(a5)
   1279c:	00d606b3          	add	a3,a2,a3
   127a0:	00d72023          	sw	a3,0(a4)
   127a4:	00f72223          	sw	a5,4(a4)
   127a8:	f81ff06f          	j	12728 <_free_r+0x48>
   127ac:	00c47863          	bgeu	s0,a2,127bc <_free_r+0xdc>
   127b0:	00c00793          	li	a5,12
   127b4:	00f52023          	sw	a5,0(a0)
   127b8:	f71ff06f          	j	12728 <_free_r+0x48>
   127bc:	00042603          	lw	a2,0(s0)
   127c0:	00c406b3          	add	a3,s0,a2
   127c4:	00d79a63          	bne	a5,a3,127d8 <_free_r+0xf8>
   127c8:	0007a683          	lw	a3,0(a5)
   127cc:	0047a783          	lw	a5,4(a5)
   127d0:	00c686b3          	add	a3,a3,a2
   127d4:	00d42023          	sw	a3,0(s0)
   127d8:	00f42223          	sw	a5,4(s0)
   127dc:	00872223          	sw	s0,4(a4)
   127e0:	f49ff06f          	j	12728 <_free_r+0x48>
   127e4:	00008067          	ret

000127e8 <sbrk_aligned>:
   127e8:	0000e797          	auipc	a5,0xe
   127ec:	1dc7a783          	lw	a5,476(a5) # 209c4 <__malloc_sbrk_start>
   127f0:	ff010113          	addi	sp,sp,-16
   127f4:	00812423          	sw	s0,8(sp)
   127f8:	01212023          	sw	s2,0(sp)
   127fc:	00112623          	sw	ra,12(sp)
   12800:	00912223          	sw	s1,4(sp)
   12804:	00050913          	mv	s2,a0
   12808:	00058413          	mv	s0,a1
   1280c:	00079c63          	bnez	a5,12824 <sbrk_aligned+0x3c>
   12810:	00000593          	li	a1,0
   12814:	00001097          	auipc	ra,0x1
   12818:	750080e7          	jalr	1872(ra) # 13f64 <_sbrk_r>
   1281c:	0000e797          	auipc	a5,0xe
   12820:	1aa7a423          	sw	a0,424(a5) # 209c4 <__malloc_sbrk_start>
   12824:	00040593          	mv	a1,s0
   12828:	00090513          	mv	a0,s2
   1282c:	00001097          	auipc	ra,0x1
   12830:	738080e7          	jalr	1848(ra) # 13f64 <_sbrk_r>
   12834:	fff00493          	li	s1,-1
   12838:	02951263          	bne	a0,s1,1285c <sbrk_aligned+0x74>
   1283c:	fff00413          	li	s0,-1
   12840:	00c12083          	lw	ra,12(sp)
   12844:	00040513          	mv	a0,s0
   12848:	00812403          	lw	s0,8(sp)
   1284c:	00412483          	lw	s1,4(sp)
   12850:	00012903          	lw	s2,0(sp)
   12854:	01010113          	addi	sp,sp,16
   12858:	00008067          	ret
   1285c:	00350413          	addi	s0,a0,3
   12860:	ffc47413          	andi	s0,s0,-4
   12864:	fc850ee3          	beq	a0,s0,12840 <sbrk_aligned+0x58>
   12868:	40a405b3          	sub	a1,s0,a0
   1286c:	00090513          	mv	a0,s2
   12870:	00001097          	auipc	ra,0x1
   12874:	6f4080e7          	jalr	1780(ra) # 13f64 <_sbrk_r>
   12878:	fc9514e3          	bne	a0,s1,12840 <sbrk_aligned+0x58>
   1287c:	fc1ff06f          	j	1283c <sbrk_aligned+0x54>

00012880 <_malloc_r>:
   12880:	fe010113          	addi	sp,sp,-32
   12884:	00912a23          	sw	s1,20(sp)
   12888:	00358493          	addi	s1,a1,3
   1288c:	ffc4f493          	andi	s1,s1,-4
   12890:	00112e23          	sw	ra,28(sp)
   12894:	00812c23          	sw	s0,24(sp)
   12898:	01212823          	sw	s2,16(sp)
   1289c:	01312623          	sw	s3,12(sp)
   128a0:	01412423          	sw	s4,8(sp)
   128a4:	00848493          	addi	s1,s1,8
   128a8:	00c00793          	li	a5,12
   128ac:	00f4f463          	bgeu	s1,a5,128b4 <_malloc_r+0x34>
   128b0:	00078493          	mv	s1,a5
   128b4:	0004c463          	bltz	s1,128bc <_malloc_r+0x3c>
   128b8:	02b4f863          	bgeu	s1,a1,128e8 <_malloc_r+0x68>
   128bc:	00c00793          	li	a5,12
   128c0:	00f52023          	sw	a5,0(a0)
   128c4:	00000513          	li	a0,0
   128c8:	01c12083          	lw	ra,28(sp)
   128cc:	01812403          	lw	s0,24(sp)
   128d0:	01412483          	lw	s1,20(sp)
   128d4:	01012903          	lw	s2,16(sp)
   128d8:	00c12983          	lw	s3,12(sp)
   128dc:	00812a03          	lw	s4,8(sp)
   128e0:	02010113          	addi	sp,sp,32
   128e4:	00008067          	ret
   128e8:	00050913          	mv	s2,a0
   128ec:	0000e997          	auipc	s3,0xe
   128f0:	0dc98993          	addi	s3,s3,220 # 209c8 <__malloc_free_list>
   128f4:	00000097          	auipc	ra,0x0
   128f8:	16c080e7          	jalr	364(ra) # 12a60 <__malloc_lock>
   128fc:	0009a783          	lw	a5,0(s3)
   12900:	00078413          	mv	s0,a5
   12904:	08041863          	bnez	s0,12994 <_malloc_r+0x114>
   12908:	00048593          	mv	a1,s1
   1290c:	00090513          	mv	a0,s2
   12910:	00000097          	auipc	ra,0x0
   12914:	ed8080e7          	jalr	-296(ra) # 127e8 <sbrk_aligned>
   12918:	fff00793          	li	a5,-1
   1291c:	00050413          	mv	s0,a0
   12920:	12f51c63          	bne	a0,a5,12a58 <_malloc_r+0x1d8>
   12924:	0009a403          	lw	s0,0(s3)
   12928:	00040793          	mv	a5,s0
   1292c:	0e079a63          	bnez	a5,12a20 <_malloc_r+0x1a0>
   12930:	10040863          	beqz	s0,12a40 <_malloc_r+0x1c0>
   12934:	00042a03          	lw	s4,0(s0)
   12938:	00000593          	li	a1,0
   1293c:	00090513          	mv	a0,s2
   12940:	01440a33          	add	s4,s0,s4
   12944:	00001097          	auipc	ra,0x1
   12948:	620080e7          	jalr	1568(ra) # 13f64 <_sbrk_r>
   1294c:	0eaa1a63          	bne	s4,a0,12a40 <_malloc_r+0x1c0>
   12950:	00042783          	lw	a5,0(s0)
   12954:	00090513          	mv	a0,s2
   12958:	40f484b3          	sub	s1,s1,a5
   1295c:	00048593          	mv	a1,s1
   12960:	00000097          	auipc	ra,0x0
   12964:	e88080e7          	jalr	-376(ra) # 127e8 <sbrk_aligned>
   12968:	fff00793          	li	a5,-1
   1296c:	0cf50a63          	beq	a0,a5,12a40 <_malloc_r+0x1c0>
   12970:	00042783          	lw	a5,0(s0)
   12974:	009787b3          	add	a5,a5,s1
   12978:	00f42023          	sw	a5,0(s0)
   1297c:	0009a783          	lw	a5,0(s3)
   12980:	0047a703          	lw	a4,4(a5)
   12984:	0a071463          	bnez	a4,12a2c <_malloc_r+0x1ac>
   12988:	0000e797          	auipc	a5,0xe
   1298c:	0407a023          	sw	zero,64(a5) # 209c8 <__malloc_free_list>
   12990:	0340006f          	j	129c4 <_malloc_r+0x144>
   12994:	00042683          	lw	a3,0(s0)
   12998:	409686b3          	sub	a3,a3,s1
   1299c:	0606cc63          	bltz	a3,12a14 <_malloc_r+0x194>
   129a0:	00b00713          	li	a4,11
   129a4:	04d77c63          	bgeu	a4,a3,129fc <_malloc_r+0x17c>
   129a8:	00942023          	sw	s1,0(s0)
   129ac:	00940733          	add	a4,s0,s1
   129b0:	04879263          	bne	a5,s0,129f4 <_malloc_r+0x174>
   129b4:	00e9a023          	sw	a4,0(s3)
   129b8:	00442783          	lw	a5,4(s0)
   129bc:	00d72023          	sw	a3,0(a4)
   129c0:	00f72223          	sw	a5,4(a4)
   129c4:	00090513          	mv	a0,s2
   129c8:	00000097          	auipc	ra,0x0
   129cc:	0a8080e7          	jalr	168(ra) # 12a70 <__malloc_unlock>
   129d0:	00b40513          	addi	a0,s0,11
   129d4:	00440793          	addi	a5,s0,4
   129d8:	ff857513          	andi	a0,a0,-8
   129dc:	40f50733          	sub	a4,a0,a5
   129e0:	eef504e3          	beq	a0,a5,128c8 <_malloc_r+0x48>
   129e4:	00e40433          	add	s0,s0,a4
   129e8:	40a787b3          	sub	a5,a5,a0
   129ec:	00f42023          	sw	a5,0(s0)
   129f0:	ed9ff06f          	j	128c8 <_malloc_r+0x48>
   129f4:	00e7a223          	sw	a4,4(a5)
   129f8:	fc1ff06f          	j	129b8 <_malloc_r+0x138>
   129fc:	00442703          	lw	a4,4(s0)
   12a00:	00879663          	bne	a5,s0,12a0c <_malloc_r+0x18c>
   12a04:	00e9a023          	sw	a4,0(s3)
   12a08:	fbdff06f          	j	129c4 <_malloc_r+0x144>
   12a0c:	00e7a223          	sw	a4,4(a5)
   12a10:	fb5ff06f          	j	129c4 <_malloc_r+0x144>
   12a14:	00040793          	mv	a5,s0
   12a18:	00442403          	lw	s0,4(s0)
   12a1c:	ee9ff06f          	j	12904 <_malloc_r+0x84>
   12a20:	00078413          	mv	s0,a5
   12a24:	0047a783          	lw	a5,4(a5)
   12a28:	f05ff06f          	j	1292c <_malloc_r+0xac>
   12a2c:	00078713          	mv	a4,a5
   12a30:	0047a783          	lw	a5,4(a5)
   12a34:	fe879ce3          	bne	a5,s0,12a2c <_malloc_r+0x1ac>
   12a38:	00072223          	sw	zero,4(a4)
   12a3c:	f89ff06f          	j	129c4 <_malloc_r+0x144>
   12a40:	00c00793          	li	a5,12
   12a44:	00f92023          	sw	a5,0(s2)
   12a48:	00090513          	mv	a0,s2
   12a4c:	00000097          	auipc	ra,0x0
   12a50:	024080e7          	jalr	36(ra) # 12a70 <__malloc_unlock>
   12a54:	e71ff06f          	j	128c4 <_malloc_r+0x44>
   12a58:	00952023          	sw	s1,0(a0)
   12a5c:	f69ff06f          	j	129c4 <_malloc_r+0x144>

00012a60 <__malloc_lock>:
   12a60:	0000e517          	auipc	a0,0xe
   12a64:	f5c50513          	addi	a0,a0,-164 # 209bc <__lock___malloc_recursive_mutex>
   12a68:	00000317          	auipc	t1,0x0
   12a6c:	c7030067          	jr	-912(t1) # 126d8 <__retarget_lock_acquire_recursive>

00012a70 <__malloc_unlock>:
   12a70:	0000e517          	auipc	a0,0xe
   12a74:	f4c50513          	addi	a0,a0,-180 # 209bc <__lock___malloc_recursive_mutex>
   12a78:	00000317          	auipc	t1,0x0
   12a7c:	c6430067          	jr	-924(t1) # 126dc <__retarget_lock_release_recursive>

00012a80 <__sfputc_r>:
   12a80:	00862783          	lw	a5,8(a2)
   12a84:	fff78793          	addi	a5,a5,-1
   12a88:	00f62423          	sw	a5,8(a2)
   12a8c:	0007de63          	bgez	a5,12aa8 <__sfputc_r+0x28>
   12a90:	01862703          	lw	a4,24(a2)
   12a94:	00e7c663          	blt	a5,a4,12aa0 <__sfputc_r+0x20>
   12a98:	ff658793          	addi	a5,a1,-10
   12a9c:	00079663          	bnez	a5,12aa8 <__sfputc_r+0x28>
   12aa0:	00000317          	auipc	t1,0x0
   12aa4:	a0030067          	jr	-1536(t1) # 124a0 <__swbuf_r>
   12aa8:	00062783          	lw	a5,0(a2)
   12aac:	00058513          	mv	a0,a1
   12ab0:	00178713          	addi	a4,a5,1
   12ab4:	00e62023          	sw	a4,0(a2)
   12ab8:	00b78023          	sb	a1,0(a5)
   12abc:	00008067          	ret

00012ac0 <__sfputs_r>:
   12ac0:	fe010113          	addi	sp,sp,-32
   12ac4:	00812c23          	sw	s0,24(sp)
   12ac8:	00912a23          	sw	s1,20(sp)
   12acc:	01212823          	sw	s2,16(sp)
   12ad0:	01312623          	sw	s3,12(sp)
   12ad4:	01412423          	sw	s4,8(sp)
   12ad8:	00112e23          	sw	ra,28(sp)
   12adc:	00050993          	mv	s3,a0
   12ae0:	00058a13          	mv	s4,a1
   12ae4:	00060413          	mv	s0,a2
   12ae8:	00d604b3          	add	s1,a2,a3
   12aec:	fff00913          	li	s2,-1
   12af0:	00941663          	bne	s0,s1,12afc <__sfputs_r+0x3c>
   12af4:	00000513          	li	a0,0
   12af8:	0200006f          	j	12b18 <__sfputs_r+0x58>
   12afc:	00044583          	lbu	a1,0(s0)
   12b00:	000a0613          	mv	a2,s4
   12b04:	00098513          	mv	a0,s3
   12b08:	00000097          	auipc	ra,0x0
   12b0c:	f78080e7          	jalr	-136(ra) # 12a80 <__sfputc_r>
   12b10:	00140413          	addi	s0,s0,1
   12b14:	fd251ee3          	bne	a0,s2,12af0 <__sfputs_r+0x30>
   12b18:	01c12083          	lw	ra,28(sp)
   12b1c:	01812403          	lw	s0,24(sp)
   12b20:	01412483          	lw	s1,20(sp)
   12b24:	01012903          	lw	s2,16(sp)
   12b28:	00c12983          	lw	s3,12(sp)
   12b2c:	00812a03          	lw	s4,8(sp)
   12b30:	02010113          	addi	sp,sp,32
   12b34:	00008067          	ret

00012b38 <_vfiprintf_r>:
   12b38:	f5010113          	addi	sp,sp,-176
   12b3c:	0a812423          	sw	s0,168(sp)
   12b40:	0a912223          	sw	s1,164(sp)
   12b44:	09312e23          	sw	s3,156(sp)
   12b48:	09412c23          	sw	s4,152(sp)
   12b4c:	0a112623          	sw	ra,172(sp)
   12b50:	0b212023          	sw	s2,160(sp)
   12b54:	09512a23          	sw	s5,148(sp)
   12b58:	09612823          	sw	s6,144(sp)
   12b5c:	09712623          	sw	s7,140(sp)
   12b60:	09812423          	sw	s8,136(sp)
   12b64:	09912223          	sw	s9,132(sp)
   12b68:	00050993          	mv	s3,a0
   12b6c:	00058493          	mv	s1,a1
   12b70:	00060413          	mv	s0,a2
   12b74:	00068a13          	mv	s4,a3
   12b78:	00050a63          	beqz	a0,12b8c <_vfiprintf_r+0x54>
   12b7c:	02052783          	lw	a5,32(a0)
   12b80:	00079663          	bnez	a5,12b8c <_vfiprintf_r+0x54>
   12b84:	00001097          	auipc	ra,0x1
   12b88:	d94080e7          	jalr	-620(ra) # 13918 <__sinit>
   12b8c:	0644a783          	lw	a5,100(s1)
   12b90:	0017f793          	andi	a5,a5,1
   12b94:	00079e63          	bnez	a5,12bb0 <_vfiprintf_r+0x78>
   12b98:	00c4d783          	lhu	a5,12(s1)
   12b9c:	2007f793          	andi	a5,a5,512
   12ba0:	00079863          	bnez	a5,12bb0 <_vfiprintf_r+0x78>
   12ba4:	0584a503          	lw	a0,88(s1)
   12ba8:	00000097          	auipc	ra,0x0
   12bac:	b30080e7          	jalr	-1232(ra) # 126d8 <__retarget_lock_acquire_recursive>
   12bb0:	00c4d783          	lhu	a5,12(s1)
   12bb4:	0087f793          	andi	a5,a5,8
   12bb8:	00078663          	beqz	a5,12bc4 <_vfiprintf_r+0x8c>
   12bbc:	0104a783          	lw	a5,16(s1)
   12bc0:	06079c63          	bnez	a5,12c38 <_vfiprintf_r+0x100>
   12bc4:	00048593          	mv	a1,s1
   12bc8:	00098513          	mv	a0,s3
   12bcc:	00000097          	auipc	ra,0x0
   12bd0:	9e0080e7          	jalr	-1568(ra) # 125ac <__swsetup_r>
   12bd4:	06050263          	beqz	a0,12c38 <_vfiprintf_r+0x100>
   12bd8:	0644a783          	lw	a5,100(s1)
   12bdc:	0017f793          	andi	a5,a5,1
   12be0:	02078e63          	beqz	a5,12c1c <_vfiprintf_r+0xe4>
   12be4:	fff00513          	li	a0,-1
   12be8:	0ac12083          	lw	ra,172(sp)
   12bec:	0a812403          	lw	s0,168(sp)
   12bf0:	0a412483          	lw	s1,164(sp)
   12bf4:	0a012903          	lw	s2,160(sp)
   12bf8:	09c12983          	lw	s3,156(sp)
   12bfc:	09812a03          	lw	s4,152(sp)
   12c00:	09412a83          	lw	s5,148(sp)
   12c04:	09012b03          	lw	s6,144(sp)
   12c08:	08c12b83          	lw	s7,140(sp)
   12c0c:	08812c03          	lw	s8,136(sp)
   12c10:	08412c83          	lw	s9,132(sp)
   12c14:	0b010113          	addi	sp,sp,176
   12c18:	00008067          	ret
   12c1c:	00c4d783          	lhu	a5,12(s1)
   12c20:	2007f793          	andi	a5,a5,512
   12c24:	fc0790e3          	bnez	a5,12be4 <_vfiprintf_r+0xac>
   12c28:	0584a503          	lw	a0,88(s1)
   12c2c:	00000097          	auipc	ra,0x0
   12c30:	ab0080e7          	jalr	-1360(ra) # 126dc <__retarget_lock_release_recursive>
   12c34:	fb1ff06f          	j	12be4 <_vfiprintf_r+0xac>
   12c38:	02000793          	li	a5,32
   12c3c:	02f10ca3          	sb	a5,57(sp)
   12c40:	03000793          	li	a5,48
   12c44:	01412e23          	sw	s4,28(sp)
   12c48:	02012a23          	sw	zero,52(sp)
   12c4c:	02f10d23          	sb	a5,58(sp)
   12c50:	fff00a13          	li	s4,-1
   12c54:	0000eb17          	auipc	s6,0xe
   12c58:	b34b0b13          	addi	s6,s6,-1228 # 20788 <_impure_ptr+0x720>
   12c5c:	00100b93          	li	s7,1
   12c60:	00a00a93          	li	s5,10
   12c64:	00040c13          	mv	s8,s0
   12c68:	000c4783          	lbu	a5,0(s8)
   12c6c:	00f03cb3          	snez	s9,a5
   12c70:	fdb78793          	addi	a5,a5,-37
   12c74:	00f037b3          	snez	a5,a5
   12c78:	00fcfcb3          	and	s9,s9,a5
   12c7c:	0c0c9863          	bnez	s9,12d4c <_vfiprintf_r+0x214>
   12c80:	408c06b3          	sub	a3,s8,s0
   12c84:	028c0863          	beq	s8,s0,12cb4 <_vfiprintf_r+0x17c>
   12c88:	00040613          	mv	a2,s0
   12c8c:	00048593          	mv	a1,s1
   12c90:	00098513          	mv	a0,s3
   12c94:	00d12623          	sw	a3,12(sp)
   12c98:	00000097          	auipc	ra,0x0
   12c9c:	e28080e7          	jalr	-472(ra) # 12ac0 <__sfputs_r>
   12ca0:	25450863          	beq	a0,s4,12ef0 <_vfiprintf_r+0x3b8>
   12ca4:	03412783          	lw	a5,52(sp)
   12ca8:	00c12683          	lw	a3,12(sp)
   12cac:	00d787b3          	add	a5,a5,a3
   12cb0:	02f12a23          	sw	a5,52(sp)
   12cb4:	000c4783          	lbu	a5,0(s8)
   12cb8:	22078c63          	beqz	a5,12ef0 <_vfiprintf_r+0x3b8>
   12cbc:	001c0413          	addi	s0,s8,1
   12cc0:	02012023          	sw	zero,32(sp)
   12cc4:	02012623          	sw	zero,44(sp)
   12cc8:	03412223          	sw	s4,36(sp)
   12ccc:	02012423          	sw	zero,40(sp)
   12cd0:	060101a3          	sb	zero,99(sp)
   12cd4:	06012c23          	sw	zero,120(sp)
   12cd8:	00044583          	lbu	a1,0(s0)
   12cdc:	00500613          	li	a2,5
   12ce0:	0000e517          	auipc	a0,0xe
   12ce4:	aa850513          	addi	a0,a0,-1368 # 20788 <_impure_ptr+0x720>
   12ce8:	00001097          	auipc	ra,0x1
   12cec:	0c8080e7          	jalr	200(ra) # 13db0 <memchr>
   12cf0:	02012783          	lw	a5,32(sp)
   12cf4:	00140693          	addi	a3,s0,1
   12cf8:	04051e63          	bnez	a0,12d54 <_vfiprintf_r+0x21c>
   12cfc:	0107f713          	andi	a4,a5,16
   12d00:	00070663          	beqz	a4,12d0c <_vfiprintf_r+0x1d4>
   12d04:	02000713          	li	a4,32
   12d08:	06e101a3          	sb	a4,99(sp)
   12d0c:	0087f713          	andi	a4,a5,8
   12d10:	00070663          	beqz	a4,12d1c <_vfiprintf_r+0x1e4>
   12d14:	02b00713          	li	a4,43
   12d18:	06e101a3          	sb	a4,99(sp)
   12d1c:	00044603          	lbu	a2,0(s0)
   12d20:	02a00713          	li	a4,42
   12d24:	04e60463          	beq	a2,a4,12d6c <_vfiprintf_r+0x234>
   12d28:	02c12783          	lw	a5,44(sp)
   12d2c:	00000693          	li	a3,0
   12d30:	00900613          	li	a2,9
   12d34:	00044703          	lbu	a4,0(s0)
   12d38:	fd070713          	addi	a4,a4,-48
   12d3c:	08e67e63          	bgeu	a2,a4,12dd8 <_vfiprintf_r+0x2a0>
   12d40:	04068463          	beqz	a3,12d88 <_vfiprintf_r+0x250>
   12d44:	02f12623          	sw	a5,44(sp)
   12d48:	0400006f          	j	12d88 <_vfiprintf_r+0x250>
   12d4c:	001c0c13          	addi	s8,s8,1
   12d50:	f19ff06f          	j	12c68 <_vfiprintf_r+0x130>
   12d54:	41650533          	sub	a0,a0,s6
   12d58:	00ab9533          	sll	a0,s7,a0
   12d5c:	00f56533          	or	a0,a0,a5
   12d60:	02a12023          	sw	a0,32(sp)
   12d64:	00068413          	mv	s0,a3
   12d68:	f71ff06f          	j	12cd8 <_vfiprintf_r+0x1a0>
   12d6c:	01c12703          	lw	a4,28(sp)
   12d70:	00470613          	addi	a2,a4,4
   12d74:	00072703          	lw	a4,0(a4)
   12d78:	00c12e23          	sw	a2,28(sp)
   12d7c:	04074463          	bltz	a4,12dc4 <_vfiprintf_r+0x28c>
   12d80:	02e12623          	sw	a4,44(sp)
   12d84:	00068413          	mv	s0,a3
   12d88:	00044703          	lbu	a4,0(s0)
   12d8c:	02e00793          	li	a5,46
   12d90:	06f71e63          	bne	a4,a5,12e0c <_vfiprintf_r+0x2d4>
   12d94:	00144703          	lbu	a4,1(s0)
   12d98:	02a00793          	li	a5,42
   12d9c:	04f71863          	bne	a4,a5,12dec <_vfiprintf_r+0x2b4>
   12da0:	01c12783          	lw	a5,28(sp)
   12da4:	00240413          	addi	s0,s0,2
   12da8:	00478713          	addi	a4,a5,4
   12dac:	0007a783          	lw	a5,0(a5)
   12db0:	00e12e23          	sw	a4,28(sp)
   12db4:	0007d463          	bgez	a5,12dbc <_vfiprintf_r+0x284>
   12db8:	fff00793          	li	a5,-1
   12dbc:	02f12223          	sw	a5,36(sp)
   12dc0:	04c0006f          	j	12e0c <_vfiprintf_r+0x2d4>
   12dc4:	40e00733          	neg	a4,a4
   12dc8:	0027e793          	ori	a5,a5,2
   12dcc:	02e12623          	sw	a4,44(sp)
   12dd0:	02f12023          	sw	a5,32(sp)
   12dd4:	fb1ff06f          	j	12d84 <_vfiprintf_r+0x24c>
   12dd8:	035787b3          	mul	a5,a5,s5
   12ddc:	00140413          	addi	s0,s0,1
   12de0:	00100693          	li	a3,1
   12de4:	00e787b3          	add	a5,a5,a4
   12de8:	f4dff06f          	j	12d34 <_vfiprintf_r+0x1fc>
   12dec:	00140413          	addi	s0,s0,1
   12df0:	02012223          	sw	zero,36(sp)
   12df4:	00000793          	li	a5,0
   12df8:	00900693          	li	a3,9
   12dfc:	00044703          	lbu	a4,0(s0)
   12e00:	fd070713          	addi	a4,a4,-48
   12e04:	0ae6f063          	bgeu	a3,a4,12ea4 <_vfiprintf_r+0x36c>
   12e08:	fa0c9ae3          	bnez	s9,12dbc <_vfiprintf_r+0x284>
   12e0c:	00044583          	lbu	a1,0(s0)
   12e10:	00300613          	li	a2,3
   12e14:	0000e517          	auipc	a0,0xe
   12e18:	97c50513          	addi	a0,a0,-1668 # 20790 <_impure_ptr+0x728>
   12e1c:	00001097          	auipc	ra,0x1
   12e20:	f94080e7          	jalr	-108(ra) # 13db0 <memchr>
   12e24:	02050463          	beqz	a0,12e4c <_vfiprintf_r+0x314>
   12e28:	0000e797          	auipc	a5,0xe
   12e2c:	96878793          	addi	a5,a5,-1688 # 20790 <_impure_ptr+0x728>
   12e30:	40f50533          	sub	a0,a0,a5
   12e34:	02012783          	lw	a5,32(sp)
   12e38:	04000713          	li	a4,64
   12e3c:	00a71733          	sll	a4,a4,a0
   12e40:	00e7e7b3          	or	a5,a5,a4
   12e44:	00140413          	addi	s0,s0,1
   12e48:	02f12023          	sw	a5,32(sp)
   12e4c:	00044583          	lbu	a1,0(s0)
   12e50:	00600613          	li	a2,6
   12e54:	0000e517          	auipc	a0,0xe
   12e58:	94050513          	addi	a0,a0,-1728 # 20794 <_impure_ptr+0x72c>
   12e5c:	02b10c23          	sb	a1,56(sp)
   12e60:	00001097          	auipc	ra,0x1
   12e64:	f50080e7          	jalr	-176(ra) # 13db0 <memchr>
   12e68:	0c050063          	beqz	a0,12f28 <_vfiprintf_r+0x3f0>
   12e6c:	fffed797          	auipc	a5,0xfffed
   12e70:	19478793          	addi	a5,a5,404 # 0 <__STACK_SIZE-0x1000>
   12e74:	04079a63          	bnez	a5,12ec8 <_vfiprintf_r+0x390>
   12e78:	02012703          	lw	a4,32(sp)
   12e7c:	01c12783          	lw	a5,28(sp)
   12e80:	10077713          	andi	a4,a4,256
   12e84:	02070a63          	beqz	a4,12eb8 <_vfiprintf_r+0x380>
   12e88:	00478793          	addi	a5,a5,4
   12e8c:	00f12e23          	sw	a5,28(sp)
   12e90:	03412783          	lw	a5,52(sp)
   12e94:	00140413          	addi	s0,s0,1
   12e98:	012787b3          	add	a5,a5,s2
   12e9c:	02f12a23          	sw	a5,52(sp)
   12ea0:	dc5ff06f          	j	12c64 <_vfiprintf_r+0x12c>
   12ea4:	035787b3          	mul	a5,a5,s5
   12ea8:	00140413          	addi	s0,s0,1
   12eac:	00100c93          	li	s9,1
   12eb0:	00e787b3          	add	a5,a5,a4
   12eb4:	f49ff06f          	j	12dfc <_vfiprintf_r+0x2c4>
   12eb8:	00778793          	addi	a5,a5,7
   12ebc:	ff87f793          	andi	a5,a5,-8
   12ec0:	00878793          	addi	a5,a5,8
   12ec4:	fc9ff06f          	j	12e8c <_vfiprintf_r+0x354>
   12ec8:	01c10713          	addi	a4,sp,28
   12ecc:	00000697          	auipc	a3,0x0
   12ed0:	bf468693          	addi	a3,a3,-1036 # 12ac0 <__sfputs_r>
   12ed4:	00048613          	mv	a2,s1
   12ed8:	02010593          	addi	a1,sp,32
   12edc:	00098513          	mv	a0,s3
   12ee0:	00000097          	auipc	ra,0x0
   12ee4:	000000e7          	jalr	zero # 0 <__STACK_SIZE-0x1000>
   12ee8:	00050913          	mv	s2,a0
   12eec:	fb4512e3          	bne	a0,s4,12e90 <_vfiprintf_r+0x358>
   12ef0:	0644a783          	lw	a5,100(s1)
   12ef4:	0017f793          	andi	a5,a5,1
   12ef8:	00079e63          	bnez	a5,12f14 <_vfiprintf_r+0x3dc>
   12efc:	00c4d783          	lhu	a5,12(s1)
   12f00:	2007f793          	andi	a5,a5,512
   12f04:	00079863          	bnez	a5,12f14 <_vfiprintf_r+0x3dc>
   12f08:	0584a503          	lw	a0,88(s1)
   12f0c:	fffff097          	auipc	ra,0xfffff
   12f10:	7d0080e7          	jalr	2000(ra) # 126dc <__retarget_lock_release_recursive>
   12f14:	00c4d783          	lhu	a5,12(s1)
   12f18:	0407f793          	andi	a5,a5,64
   12f1c:	cc0794e3          	bnez	a5,12be4 <_vfiprintf_r+0xac>
   12f20:	03412503          	lw	a0,52(sp)
   12f24:	cc5ff06f          	j	12be8 <_vfiprintf_r+0xb0>
   12f28:	01c10713          	addi	a4,sp,28
   12f2c:	00000697          	auipc	a3,0x0
   12f30:	b9468693          	addi	a3,a3,-1132 # 12ac0 <__sfputs_r>
   12f34:	00048613          	mv	a2,s1
   12f38:	02010593          	addi	a1,sp,32
   12f3c:	00098513          	mv	a0,s3
   12f40:	00000097          	auipc	ra,0x0
   12f44:	1c0080e7          	jalr	448(ra) # 13100 <_printf_i>
   12f48:	fa1ff06f          	j	12ee8 <_vfiprintf_r+0x3b0>

00012f4c <_printf_common>:
   12f4c:	fd010113          	addi	sp,sp,-48
   12f50:	01312e23          	sw	s3,28(sp)
   12f54:	0105a783          	lw	a5,16(a1)
   12f58:	00070993          	mv	s3,a4
   12f5c:	0085a703          	lw	a4,8(a1)
   12f60:	02812423          	sw	s0,40(sp)
   12f64:	03212023          	sw	s2,32(sp)
   12f68:	01612823          	sw	s6,16(sp)
   12f6c:	01712623          	sw	s7,12(sp)
   12f70:	02112623          	sw	ra,44(sp)
   12f74:	02912223          	sw	s1,36(sp)
   12f78:	01412c23          	sw	s4,24(sp)
   12f7c:	01512a23          	sw	s5,20(sp)
   12f80:	00050b13          	mv	s6,a0
   12f84:	00058413          	mv	s0,a1
   12f88:	00060913          	mv	s2,a2
   12f8c:	00068b93          	mv	s7,a3
   12f90:	00e7d463          	bge	a5,a4,12f98 <_printf_common+0x4c>
   12f94:	00070793          	mv	a5,a4
   12f98:	00f92023          	sw	a5,0(s2)
   12f9c:	04344703          	lbu	a4,67(s0)
   12fa0:	00070663          	beqz	a4,12fac <_printf_common+0x60>
   12fa4:	00178793          	addi	a5,a5,1
   12fa8:	00f92023          	sw	a5,0(s2)
   12fac:	00042783          	lw	a5,0(s0)
   12fb0:	0207f793          	andi	a5,a5,32
   12fb4:	00078863          	beqz	a5,12fc4 <_printf_common+0x78>
   12fb8:	00092783          	lw	a5,0(s2)
   12fbc:	00278793          	addi	a5,a5,2
   12fc0:	00f92023          	sw	a5,0(s2)
   12fc4:	00042483          	lw	s1,0(s0)
   12fc8:	0064f493          	andi	s1,s1,6
   12fcc:	00049e63          	bnez	s1,12fe8 <_printf_common+0x9c>
   12fd0:	01940a13          	addi	s4,s0,25
   12fd4:	fff00a93          	li	s5,-1
   12fd8:	00c42783          	lw	a5,12(s0)
   12fdc:	00092703          	lw	a4,0(s2)
   12fe0:	40e787b3          	sub	a5,a5,a4
   12fe4:	08f4c463          	blt	s1,a5,1306c <_printf_common+0x120>
   12fe8:	00042783          	lw	a5,0(s0)
   12fec:	04344683          	lbu	a3,67(s0)
   12ff0:	0207f793          	andi	a5,a5,32
   12ff4:	00d036b3          	snez	a3,a3
   12ff8:	0c079263          	bnez	a5,130bc <_printf_common+0x170>
   12ffc:	04340613          	addi	a2,s0,67
   13000:	000b8593          	mv	a1,s7
   13004:	000b0513          	mv	a0,s6
   13008:	000980e7          	jalr	s3
   1300c:	fff00793          	li	a5,-1
   13010:	06f50a63          	beq	a0,a5,13084 <_printf_common+0x138>
   13014:	00042783          	lw	a5,0(s0)
   13018:	00400713          	li	a4,4
   1301c:	00000493          	li	s1,0
   13020:	0067f793          	andi	a5,a5,6
   13024:	00e79e63          	bne	a5,a4,13040 <_printf_common+0xf4>
   13028:	00092783          	lw	a5,0(s2)
   1302c:	00c42483          	lw	s1,12(s0)
   13030:	40f484b3          	sub	s1,s1,a5
   13034:	fff4c793          	not	a5,s1
   13038:	41f7d793          	srai	a5,a5,0x1f
   1303c:	00f4f4b3          	and	s1,s1,a5
   13040:	00842783          	lw	a5,8(s0)
   13044:	01042703          	lw	a4,16(s0)
   13048:	00f75663          	bge	a4,a5,13054 <_printf_common+0x108>
   1304c:	40e787b3          	sub	a5,a5,a4
   13050:	00f484b3          	add	s1,s1,a5
   13054:	00000913          	li	s2,0
   13058:	01a40413          	addi	s0,s0,26
   1305c:	fff00a13          	li	s4,-1
   13060:	09249063          	bne	s1,s2,130e0 <_printf_common+0x194>
   13064:	00000513          	li	a0,0
   13068:	0200006f          	j	13088 <_printf_common+0x13c>
   1306c:	00100693          	li	a3,1
   13070:	000a0613          	mv	a2,s4
   13074:	000b8593          	mv	a1,s7
   13078:	000b0513          	mv	a0,s6
   1307c:	000980e7          	jalr	s3
   13080:	03551a63          	bne	a0,s5,130b4 <_printf_common+0x168>
   13084:	fff00513          	li	a0,-1
   13088:	02c12083          	lw	ra,44(sp)
   1308c:	02812403          	lw	s0,40(sp)
   13090:	02412483          	lw	s1,36(sp)
   13094:	02012903          	lw	s2,32(sp)
   13098:	01c12983          	lw	s3,28(sp)
   1309c:	01812a03          	lw	s4,24(sp)
   130a0:	01412a83          	lw	s5,20(sp)
   130a4:	01012b03          	lw	s6,16(sp)
   130a8:	00c12b83          	lw	s7,12(sp)
   130ac:	03010113          	addi	sp,sp,48
   130b0:	00008067          	ret
   130b4:	00148493          	addi	s1,s1,1
   130b8:	f21ff06f          	j	12fd8 <_printf_common+0x8c>
   130bc:	00d40733          	add	a4,s0,a3
   130c0:	03000613          	li	a2,48
   130c4:	04c701a3          	sb	a2,67(a4)
   130c8:	04544703          	lbu	a4,69(s0)
   130cc:	00168793          	addi	a5,a3,1
   130d0:	00f407b3          	add	a5,s0,a5
   130d4:	00268693          	addi	a3,a3,2
   130d8:	04e781a3          	sb	a4,67(a5)
   130dc:	f21ff06f          	j	12ffc <_printf_common+0xb0>
   130e0:	00100693          	li	a3,1
   130e4:	00040613          	mv	a2,s0
   130e8:	000b8593          	mv	a1,s7
   130ec:	000b0513          	mv	a0,s6
   130f0:	000980e7          	jalr	s3
   130f4:	f94508e3          	beq	a0,s4,13084 <_printf_common+0x138>
   130f8:	00190913          	addi	s2,s2,1
   130fc:	f65ff06f          	j	13060 <_printf_common+0x114>

00013100 <_printf_i>:
   13100:	fc010113          	addi	sp,sp,-64
   13104:	02812c23          	sw	s0,56(sp)
   13108:	02912a23          	sw	s1,52(sp)
   1310c:	03412423          	sw	s4,40(sp)
   13110:	03512223          	sw	s5,36(sp)
   13114:	02112e23          	sw	ra,60(sp)
   13118:	03212823          	sw	s2,48(sp)
   1311c:	03312623          	sw	s3,44(sp)
   13120:	0185c783          	lbu	a5,24(a1)
   13124:	00068493          	mv	s1,a3
   13128:	07800693          	li	a3,120
   1312c:	00050a13          	mv	s4,a0
   13130:	00058413          	mv	s0,a1
   13134:	00060a93          	mv	s5,a2
   13138:	02f6e263          	bltu	a3,a5,1315c <_printf_i+0x5c>
   1313c:	06200693          	li	a3,98
   13140:	04358613          	addi	a2,a1,67
   13144:	02f6e063          	bltu	a3,a5,13164 <_printf_i+0x64>
   13148:	28078863          	beqz	a5,133d8 <_printf_i+0x2d8>
   1314c:	05800593          	li	a1,88
   13150:	0000d697          	auipc	a3,0xd
   13154:	64c68693          	addi	a3,a3,1612 # 2079c <_impure_ptr+0x734>
   13158:	1cb78c63          	beq	a5,a1,13330 <_printf_i+0x230>
   1315c:	04240913          	addi	s2,s0,66
   13160:	0440006f          	j	131a4 <_printf_i+0xa4>
   13164:	f9d78693          	addi	a3,a5,-99
   13168:	0ff6f693          	zext.b	a3,a3
   1316c:	01500593          	li	a1,21
   13170:	fed5e6e3          	bltu	a1,a3,1315c <_printf_i+0x5c>
   13174:	0000d597          	auipc	a1,0xd
   13178:	6e858593          	addi	a1,a1,1768 # 2085c <intpat+0x24>
   1317c:	00269693          	slli	a3,a3,0x2
   13180:	00b686b3          	add	a3,a3,a1
   13184:	0006a683          	lw	a3,0(a3)
   13188:	00b686b3          	add	a3,a3,a1
   1318c:	00068067          	jr	a3
   13190:	00072783          	lw	a5,0(a4)
   13194:	04240913          	addi	s2,s0,66
   13198:	00478693          	addi	a3,a5,4
   1319c:	0007a783          	lw	a5,0(a5)
   131a0:	00d72023          	sw	a3,0(a4)
   131a4:	04f40123          	sb	a5,66(s0)
   131a8:	00100793          	li	a5,1
   131ac:	26c0006f          	j	13418 <_printf_i+0x318>
   131b0:	00042783          	lw	a5,0(s0)
   131b4:	00072503          	lw	a0,0(a4)
   131b8:	0807f693          	andi	a3,a5,128
   131bc:	00450593          	addi	a1,a0,4
   131c0:	02068663          	beqz	a3,131ec <_printf_i+0xec>
   131c4:	00052783          	lw	a5,0(a0)
   131c8:	00b72023          	sw	a1,0(a4)
   131cc:	0007d863          	bgez	a5,131dc <_printf_i+0xdc>
   131d0:	02d00713          	li	a4,45
   131d4:	40f007b3          	neg	a5,a5
   131d8:	04e401a3          	sb	a4,67(s0)
   131dc:	0000d697          	auipc	a3,0xd
   131e0:	5c068693          	addi	a3,a3,1472 # 2079c <_impure_ptr+0x734>
   131e4:	00a00713          	li	a4,10
   131e8:	0680006f          	j	13250 <_printf_i+0x150>
   131ec:	0407f693          	andi	a3,a5,64
   131f0:	00052783          	lw	a5,0(a0)
   131f4:	00b72023          	sw	a1,0(a4)
   131f8:	fc068ae3          	beqz	a3,131cc <_printf_i+0xcc>
   131fc:	01079793          	slli	a5,a5,0x10
   13200:	4107d793          	srai	a5,a5,0x10
   13204:	fc9ff06f          	j	131cc <_printf_i+0xcc>
   13208:	00042583          	lw	a1,0(s0)
   1320c:	00072683          	lw	a3,0(a4)
   13210:	0805f513          	andi	a0,a1,128
   13214:	0006a783          	lw	a5,0(a3)
   13218:	00468693          	addi	a3,a3,4
   1321c:	00051a63          	bnez	a0,13230 <_printf_i+0x130>
   13220:	0405f593          	andi	a1,a1,64
   13224:	00058663          	beqz	a1,13230 <_printf_i+0x130>
   13228:	01079793          	slli	a5,a5,0x10
   1322c:	0107d793          	srli	a5,a5,0x10
   13230:	00d72023          	sw	a3,0(a4)
   13234:	01844683          	lbu	a3,24(s0)
   13238:	06f00713          	li	a4,111
   1323c:	14e69863          	bne	a3,a4,1338c <_printf_i+0x28c>
   13240:	0000d697          	auipc	a3,0xd
   13244:	55c68693          	addi	a3,a3,1372 # 2079c <_impure_ptr+0x734>
   13248:	00800713          	li	a4,8
   1324c:	040401a3          	sb	zero,67(s0)
   13250:	00442583          	lw	a1,4(s0)
   13254:	00b42423          	sw	a1,8(s0)
   13258:	0005ce63          	bltz	a1,13274 <_printf_i+0x174>
   1325c:	00042503          	lw	a0,0(s0)
   13260:	00b7e5b3          	or	a1,a5,a1
   13264:	00060913          	mv	s2,a2
   13268:	ffb57513          	andi	a0,a0,-5
   1326c:	00a42023          	sw	a0,0(s0)
   13270:	02058463          	beqz	a1,13298 <_printf_i+0x198>
   13274:	00060913          	mv	s2,a2
   13278:	02e7f5b3          	remu	a1,a5,a4
   1327c:	fff90913          	addi	s2,s2,-1
   13280:	00b685b3          	add	a1,a3,a1
   13284:	0005c583          	lbu	a1,0(a1)
   13288:	00b90023          	sb	a1,0(s2)
   1328c:	00078593          	mv	a1,a5
   13290:	02e7d7b3          	divu	a5,a5,a4
   13294:	fee5f2e3          	bgeu	a1,a4,13278 <_printf_i+0x178>
   13298:	00800793          	li	a5,8
   1329c:	02f71463          	bne	a4,a5,132c4 <_printf_i+0x1c4>
   132a0:	00042783          	lw	a5,0(s0)
   132a4:	0017f793          	andi	a5,a5,1
   132a8:	00078e63          	beqz	a5,132c4 <_printf_i+0x1c4>
   132ac:	00442703          	lw	a4,4(s0)
   132b0:	01042783          	lw	a5,16(s0)
   132b4:	00e7c863          	blt	a5,a4,132c4 <_printf_i+0x1c4>
   132b8:	03000793          	li	a5,48
   132bc:	fef90fa3          	sb	a5,-1(s2)
   132c0:	fff90913          	addi	s2,s2,-1
   132c4:	41260633          	sub	a2,a2,s2
   132c8:	00c42823          	sw	a2,16(s0)
   132cc:	00048713          	mv	a4,s1
   132d0:	000a8693          	mv	a3,s5
   132d4:	01c10613          	addi	a2,sp,28
   132d8:	00040593          	mv	a1,s0
   132dc:	000a0513          	mv	a0,s4
   132e0:	00000097          	auipc	ra,0x0
   132e4:	c6c080e7          	jalr	-916(ra) # 12f4c <_printf_common>
   132e8:	fff00993          	li	s3,-1
   132ec:	13351c63          	bne	a0,s3,13424 <_printf_i+0x324>
   132f0:	fff00513          	li	a0,-1
   132f4:	03c12083          	lw	ra,60(sp)
   132f8:	03812403          	lw	s0,56(sp)
   132fc:	03412483          	lw	s1,52(sp)
   13300:	03012903          	lw	s2,48(sp)
   13304:	02c12983          	lw	s3,44(sp)
   13308:	02812a03          	lw	s4,40(sp)
   1330c:	02412a83          	lw	s5,36(sp)
   13310:	04010113          	addi	sp,sp,64
   13314:	00008067          	ret
   13318:	00042783          	lw	a5,0(s0)
   1331c:	0207e793          	ori	a5,a5,32
   13320:	00f42023          	sw	a5,0(s0)
   13324:	07800793          	li	a5,120
   13328:	0000d697          	auipc	a3,0xd
   1332c:	48868693          	addi	a3,a3,1160 # 207b0 <_impure_ptr+0x748>
   13330:	04f402a3          	sb	a5,69(s0)
   13334:	00042583          	lw	a1,0(s0)
   13338:	00072503          	lw	a0,0(a4)
   1333c:	0805f813          	andi	a6,a1,128
   13340:	00052783          	lw	a5,0(a0)
   13344:	00450513          	addi	a0,a0,4
   13348:	00081a63          	bnez	a6,1335c <_printf_i+0x25c>
   1334c:	0405f813          	andi	a6,a1,64
   13350:	00080663          	beqz	a6,1335c <_printf_i+0x25c>
   13354:	01079793          	slli	a5,a5,0x10
   13358:	0107d793          	srli	a5,a5,0x10
   1335c:	00a72023          	sw	a0,0(a4)
   13360:	0015f713          	andi	a4,a1,1
   13364:	00070663          	beqz	a4,13370 <_printf_i+0x270>
   13368:	0205e593          	ori	a1,a1,32
   1336c:	00b42023          	sw	a1,0(s0)
   13370:	00078663          	beqz	a5,1337c <_printf_i+0x27c>
   13374:	01000713          	li	a4,16
   13378:	ed5ff06f          	j	1324c <_printf_i+0x14c>
   1337c:	00042703          	lw	a4,0(s0)
   13380:	fdf77713          	andi	a4,a4,-33
   13384:	00e42023          	sw	a4,0(s0)
   13388:	fedff06f          	j	13374 <_printf_i+0x274>
   1338c:	0000d697          	auipc	a3,0xd
   13390:	41068693          	addi	a3,a3,1040 # 2079c <_impure_ptr+0x734>
   13394:	00a00713          	li	a4,10
   13398:	eb5ff06f          	j	1324c <_printf_i+0x14c>
   1339c:	00042683          	lw	a3,0(s0)
   133a0:	00072783          	lw	a5,0(a4)
   133a4:	01442583          	lw	a1,20(s0)
   133a8:	0806f813          	andi	a6,a3,128
   133ac:	00478513          	addi	a0,a5,4
   133b0:	00080a63          	beqz	a6,133c4 <_printf_i+0x2c4>
   133b4:	00a72023          	sw	a0,0(a4)
   133b8:	0007a783          	lw	a5,0(a5)
   133bc:	00b7a023          	sw	a1,0(a5)
   133c0:	0180006f          	j	133d8 <_printf_i+0x2d8>
   133c4:	00a72023          	sw	a0,0(a4)
   133c8:	0406f693          	andi	a3,a3,64
   133cc:	0007a783          	lw	a5,0(a5)
   133d0:	fe0686e3          	beqz	a3,133bc <_printf_i+0x2bc>
   133d4:	00b79023          	sh	a1,0(a5)
   133d8:	00042823          	sw	zero,16(s0)
   133dc:	00060913          	mv	s2,a2
   133e0:	eedff06f          	j	132cc <_printf_i+0x1cc>
   133e4:	00072783          	lw	a5,0(a4)
   133e8:	00442603          	lw	a2,4(s0)
   133ec:	00000593          	li	a1,0
   133f0:	00478693          	addi	a3,a5,4
   133f4:	00d72023          	sw	a3,0(a4)
   133f8:	0007a903          	lw	s2,0(a5)
   133fc:	00090513          	mv	a0,s2
   13400:	00001097          	auipc	ra,0x1
   13404:	9b0080e7          	jalr	-1616(ra) # 13db0 <memchr>
   13408:	00050663          	beqz	a0,13414 <_printf_i+0x314>
   1340c:	41250533          	sub	a0,a0,s2
   13410:	00a42223          	sw	a0,4(s0)
   13414:	00442783          	lw	a5,4(s0)
   13418:	00f42823          	sw	a5,16(s0)
   1341c:	040401a3          	sb	zero,67(s0)
   13420:	eadff06f          	j	132cc <_printf_i+0x1cc>
   13424:	01042683          	lw	a3,16(s0)
   13428:	00090613          	mv	a2,s2
   1342c:	000a8593          	mv	a1,s5
   13430:	000a0513          	mv	a0,s4
   13434:	000480e7          	jalr	s1
   13438:	eb350ce3          	beq	a0,s3,132f0 <_printf_i+0x1f0>
   1343c:	00042783          	lw	a5,0(s0)
   13440:	0027f793          	andi	a5,a5,2
   13444:	04079663          	bnez	a5,13490 <_printf_i+0x390>
   13448:	01c12783          	lw	a5,28(sp)
   1344c:	00c42503          	lw	a0,12(s0)
   13450:	eaf552e3          	bge	a0,a5,132f4 <_printf_i+0x1f4>
   13454:	00078513          	mv	a0,a5
   13458:	e9dff06f          	j	132f4 <_printf_i+0x1f4>
   1345c:	00100693          	li	a3,1
   13460:	000a8593          	mv	a1,s5
   13464:	000a0513          	mv	a0,s4
   13468:	00c12623          	sw	a2,12(sp)
   1346c:	000480e7          	jalr	s1
   13470:	e93500e3          	beq	a0,s3,132f0 <_printf_i+0x1f0>
   13474:	00c12603          	lw	a2,12(sp)
   13478:	00190913          	addi	s2,s2,1
   1347c:	00c42783          	lw	a5,12(s0)
   13480:	01c12703          	lw	a4,28(sp)
   13484:	40e787b3          	sub	a5,a5,a4
   13488:	fcf94ae3          	blt	s2,a5,1345c <_printf_i+0x35c>
   1348c:	fbdff06f          	j	13448 <_printf_i+0x348>
   13490:	00000913          	li	s2,0
   13494:	01940613          	addi	a2,s0,25
   13498:	fe5ff06f          	j	1347c <_printf_i+0x37c>

0001349c <__sflush_r>:
   1349c:	00c59783          	lh	a5,12(a1)
   134a0:	fe010113          	addi	sp,sp,-32
   134a4:	00812c23          	sw	s0,24(sp)
   134a8:	00912a23          	sw	s1,20(sp)
   134ac:	00112e23          	sw	ra,28(sp)
   134b0:	01212823          	sw	s2,16(sp)
   134b4:	0087f713          	andi	a4,a5,8
   134b8:	00050493          	mv	s1,a0
   134bc:	00058413          	mv	s0,a1
   134c0:	12071463          	bnez	a4,135e8 <__sflush_r+0x14c>
   134c4:	0045a703          	lw	a4,4(a1)
   134c8:	00e04663          	bgtz	a4,134d4 <__sflush_r+0x38>
   134cc:	0405a703          	lw	a4,64(a1)
   134d0:	10e05863          	blez	a4,135e0 <__sflush_r+0x144>
   134d4:	02c42703          	lw	a4,44(s0)
   134d8:	10070463          	beqz	a4,135e0 <__sflush_r+0x144>
   134dc:	0004a903          	lw	s2,0(s1)
   134e0:	01379693          	slli	a3,a5,0x13
   134e4:	0004a023          	sw	zero,0(s1)
   134e8:	0a06de63          	bgez	a3,135a4 <__sflush_r+0x108>
   134ec:	05442603          	lw	a2,84(s0)
   134f0:	00c45783          	lhu	a5,12(s0)
   134f4:	0047f793          	andi	a5,a5,4
   134f8:	00078e63          	beqz	a5,13514 <__sflush_r+0x78>
   134fc:	00442783          	lw	a5,4(s0)
   13500:	40f60633          	sub	a2,a2,a5
   13504:	03442783          	lw	a5,52(s0)
   13508:	00078663          	beqz	a5,13514 <__sflush_r+0x78>
   1350c:	04042783          	lw	a5,64(s0)
   13510:	40f60633          	sub	a2,a2,a5
   13514:	02c42783          	lw	a5,44(s0)
   13518:	02042583          	lw	a1,32(s0)
   1351c:	00000693          	li	a3,0
   13520:	00048513          	mv	a0,s1
   13524:	000780e7          	jalr	a5
   13528:	fff00713          	li	a4,-1
   1352c:	00c41783          	lh	a5,12(s0)
   13530:	02e51263          	bne	a0,a4,13554 <__sflush_r+0xb8>
   13534:	0004a683          	lw	a3,0(s1)
   13538:	01d00713          	li	a4,29
   1353c:	0ed76e63          	bltu	a4,a3,13638 <__sflush_r+0x19c>
   13540:	20400737          	lui	a4,0x20400
   13544:	00170713          	addi	a4,a4,1 # 20400001 <__stack_top__+0x203d0001>
   13548:	00d75733          	srl	a4,a4,a3
   1354c:	00177713          	andi	a4,a4,1
   13550:	0e070463          	beqz	a4,13638 <__sflush_r+0x19c>
   13554:	01042703          	lw	a4,16(s0)
   13558:	00042223          	sw	zero,4(s0)
   1355c:	00e42023          	sw	a4,0(s0)
   13560:	01379713          	slli	a4,a5,0x13
   13564:	00075c63          	bgez	a4,1357c <__sflush_r+0xe0>
   13568:	fff00793          	li	a5,-1
   1356c:	00f51663          	bne	a0,a5,13578 <__sflush_r+0xdc>
   13570:	0004a783          	lw	a5,0(s1)
   13574:	00079463          	bnez	a5,1357c <__sflush_r+0xe0>
   13578:	04a42a23          	sw	a0,84(s0)
   1357c:	03442583          	lw	a1,52(s0)
   13580:	0124a023          	sw	s2,0(s1)
   13584:	04058e63          	beqz	a1,135e0 <__sflush_r+0x144>
   13588:	04440793          	addi	a5,s0,68
   1358c:	00f58863          	beq	a1,a5,1359c <__sflush_r+0x100>
   13590:	00048513          	mv	a0,s1
   13594:	fffff097          	auipc	ra,0xfffff
   13598:	14c080e7          	jalr	332(ra) # 126e0 <_free_r>
   1359c:	02042a23          	sw	zero,52(s0)
   135a0:	0400006f          	j	135e0 <__sflush_r+0x144>
   135a4:	02042583          	lw	a1,32(s0)
   135a8:	00000613          	li	a2,0
   135ac:	00100693          	li	a3,1
   135b0:	00048513          	mv	a0,s1
   135b4:	000700e7          	jalr	a4
   135b8:	fff00793          	li	a5,-1
   135bc:	00050613          	mv	a2,a0
   135c0:	f2f518e3          	bne	a0,a5,134f0 <__sflush_r+0x54>
   135c4:	0004a783          	lw	a5,0(s1)
   135c8:	f20784e3          	beqz	a5,134f0 <__sflush_r+0x54>
   135cc:	fe378713          	addi	a4,a5,-29
   135d0:	00070663          	beqz	a4,135dc <__sflush_r+0x140>
   135d4:	fea78793          	addi	a5,a5,-22
   135d8:	04079e63          	bnez	a5,13634 <__sflush_r+0x198>
   135dc:	0124a023          	sw	s2,0(s1)
   135e0:	00000513          	li	a0,0
   135e4:	0600006f          	j	13644 <__sflush_r+0x1a8>
   135e8:	0105a603          	lw	a2,16(a1)
   135ec:	fe060ae3          	beqz	a2,135e0 <__sflush_r+0x144>
   135f0:	0005a683          	lw	a3,0(a1)
   135f4:	0037f793          	andi	a5,a5,3
   135f8:	00c5a023          	sw	a2,0(a1)
   135fc:	40c68933          	sub	s2,a3,a2
   13600:	00000713          	li	a4,0
   13604:	00079463          	bnez	a5,1360c <__sflush_r+0x170>
   13608:	0145a703          	lw	a4,20(a1)
   1360c:	00e42423          	sw	a4,8(s0)
   13610:	fd2058e3          	blez	s2,135e0 <__sflush_r+0x144>
   13614:	02842783          	lw	a5,40(s0)
   13618:	02042583          	lw	a1,32(s0)
   1361c:	00090693          	mv	a3,s2
   13620:	00048513          	mv	a0,s1
   13624:	00c12623          	sw	a2,12(sp)
   13628:	000780e7          	jalr	a5
   1362c:	00c12603          	lw	a2,12(sp)
   13630:	02a04663          	bgtz	a0,1365c <__sflush_r+0x1c0>
   13634:	00c45783          	lhu	a5,12(s0)
   13638:	0407e793          	ori	a5,a5,64
   1363c:	00f41623          	sh	a5,12(s0)
   13640:	fff00513          	li	a0,-1
   13644:	01c12083          	lw	ra,28(sp)
   13648:	01812403          	lw	s0,24(sp)
   1364c:	01412483          	lw	s1,20(sp)
   13650:	01012903          	lw	s2,16(sp)
   13654:	02010113          	addi	sp,sp,32
   13658:	00008067          	ret
   1365c:	00a60633          	add	a2,a2,a0
   13660:	40a90933          	sub	s2,s2,a0
   13664:	fadff06f          	j	13610 <__sflush_r+0x174>

00013668 <_fflush_r>:
   13668:	0105a783          	lw	a5,16(a1)
   1366c:	ff010113          	addi	sp,sp,-16
   13670:	00112623          	sw	ra,12(sp)
   13674:	00812423          	sw	s0,8(sp)
   13678:	00912223          	sw	s1,4(sp)
   1367c:	02079063          	bnez	a5,1369c <_fflush_r+0x34>
   13680:	00000493          	li	s1,0
   13684:	00c12083          	lw	ra,12(sp)
   13688:	00812403          	lw	s0,8(sp)
   1368c:	00048513          	mv	a0,s1
   13690:	00412483          	lw	s1,4(sp)
   13694:	01010113          	addi	sp,sp,16
   13698:	00008067          	ret
   1369c:	00050493          	mv	s1,a0
   136a0:	00058413          	mv	s0,a1
   136a4:	00050a63          	beqz	a0,136b8 <_fflush_r+0x50>
   136a8:	02052783          	lw	a5,32(a0)
   136ac:	00079663          	bnez	a5,136b8 <_fflush_r+0x50>
   136b0:	00000097          	auipc	ra,0x0
   136b4:	268080e7          	jalr	616(ra) # 13918 <__sinit>
   136b8:	00c41783          	lh	a5,12(s0)
   136bc:	fc0782e3          	beqz	a5,13680 <_fflush_r+0x18>
   136c0:	06442703          	lw	a4,100(s0)
   136c4:	00177713          	andi	a4,a4,1
   136c8:	00071c63          	bnez	a4,136e0 <_fflush_r+0x78>
   136cc:	2007f793          	andi	a5,a5,512
   136d0:	00079863          	bnez	a5,136e0 <_fflush_r+0x78>
   136d4:	05842503          	lw	a0,88(s0)
   136d8:	fffff097          	auipc	ra,0xfffff
   136dc:	000080e7          	jalr	ra # 126d8 <__retarget_lock_acquire_recursive>
   136e0:	00048513          	mv	a0,s1
   136e4:	00040593          	mv	a1,s0
   136e8:	00000097          	auipc	ra,0x0
   136ec:	db4080e7          	jalr	-588(ra) # 1349c <__sflush_r>
   136f0:	06442783          	lw	a5,100(s0)
   136f4:	00050493          	mv	s1,a0
   136f8:	0017f793          	andi	a5,a5,1
   136fc:	f80794e3          	bnez	a5,13684 <_fflush_r+0x1c>
   13700:	00c45783          	lhu	a5,12(s0)
   13704:	2007f793          	andi	a5,a5,512
   13708:	f6079ee3          	bnez	a5,13684 <_fflush_r+0x1c>
   1370c:	05842503          	lw	a0,88(s0)
   13710:	fffff097          	auipc	ra,0xfffff
   13714:	fcc080e7          	jalr	-52(ra) # 126dc <__retarget_lock_release_recursive>
   13718:	f6dff06f          	j	13684 <_fflush_r+0x1c>

0001371c <std>:
   1371c:	ff010113          	addi	sp,sp,-16
   13720:	00812423          	sw	s0,8(sp)
   13724:	00112623          	sw	ra,12(sp)
   13728:	00050413          	mv	s0,a0
   1372c:	00b51623          	sh	a1,12(a0)
   13730:	00c51723          	sh	a2,14(a0)
   13734:	00052023          	sw	zero,0(a0)
   13738:	00052223          	sw	zero,4(a0)
   1373c:	00052423          	sw	zero,8(a0)
   13740:	06052223          	sw	zero,100(a0)
   13744:	00052823          	sw	zero,16(a0)
   13748:	00052a23          	sw	zero,20(a0)
   1374c:	00052c23          	sw	zero,24(a0)
   13750:	00800613          	li	a2,8
   13754:	00000593          	li	a1,0
   13758:	05c50513          	addi	a0,a0,92
   1375c:	ffffd097          	auipc	ra,0xffffd
   13760:	c68080e7          	jalr	-920(ra) # 103c4 <memset>
   13764:	00000797          	auipc	a5,0x0
   13768:	50478793          	addi	a5,a5,1284 # 13c68 <__sread>
   1376c:	02f42223          	sw	a5,36(s0)
   13770:	00000797          	auipc	a5,0x0
   13774:	54c78793          	addi	a5,a5,1356 # 13cbc <__swrite>
   13778:	02f42423          	sw	a5,40(s0)
   1377c:	00000797          	auipc	a5,0x0
   13780:	5cc78793          	addi	a5,a5,1484 # 13d48 <__sseek>
   13784:	02f42623          	sw	a5,44(s0)
   13788:	00000797          	auipc	a5,0x0
   1378c:	61c78793          	addi	a5,a5,1564 # 13da4 <__sclose>
   13790:	02f42823          	sw	a5,48(s0)
   13794:	0000e717          	auipc	a4,0xe
   13798:	a3070713          	addi	a4,a4,-1488 # 211c4 <__sf>
   1379c:	0000e797          	auipc	a5,0xe
   137a0:	a9078793          	addi	a5,a5,-1392 # 2122c <__sf+0x68>
   137a4:	40f407b3          	sub	a5,s0,a5
   137a8:	40e40733          	sub	a4,s0,a4
   137ac:	0017b793          	seqz	a5,a5
   137b0:	00173713          	seqz	a4,a4
   137b4:	02842023          	sw	s0,32(s0)
   137b8:	00e7e7b3          	or	a5,a5,a4
   137bc:	00079863          	bnez	a5,137cc <std+0xb0>
   137c0:	0000e797          	auipc	a5,0xe
   137c4:	ad478793          	addi	a5,a5,-1324 # 21294 <__sf+0xd0>
   137c8:	00f41e63          	bne	s0,a5,137e4 <std+0xc8>
   137cc:	05840513          	addi	a0,s0,88
   137d0:	00812403          	lw	s0,8(sp)
   137d4:	00c12083          	lw	ra,12(sp)
   137d8:	01010113          	addi	sp,sp,16
   137dc:	fffff317          	auipc	t1,0xfffff
   137e0:	ef830067          	jr	-264(t1) # 126d4 <__retarget_lock_init_recursive>
   137e4:	00c12083          	lw	ra,12(sp)
   137e8:	00812403          	lw	s0,8(sp)
   137ec:	01010113          	addi	sp,sp,16
   137f0:	00008067          	ret

000137f4 <stdio_exit_handler>:
   137f4:	0000d617          	auipc	a2,0xd
   137f8:	86460613          	addi	a2,a2,-1948 # 20058 <__sglue>
   137fc:	00000597          	auipc	a1,0x0
   13800:	e6c58593          	addi	a1,a1,-404 # 13668 <_fflush_r>
   13804:	0000d517          	auipc	a0,0xd
   13808:	80850513          	addi	a0,a0,-2040 # 2000c <_impure_data>
   1380c:	00000317          	auipc	t1,0x0
   13810:	16030067          	jr	352(t1) # 1396c <_fwalk_sglue>

00013814 <cleanup_stdio>:
   13814:	00452583          	lw	a1,4(a0)
   13818:	ff010113          	addi	sp,sp,-16
   1381c:	00812423          	sw	s0,8(sp)
   13820:	00112623          	sw	ra,12(sp)
   13824:	0000e797          	auipc	a5,0xe
   13828:	9a078793          	addi	a5,a5,-1632 # 211c4 <__sf>
   1382c:	00050413          	mv	s0,a0
   13830:	00f58663          	beq	a1,a5,1383c <cleanup_stdio+0x28>
   13834:	00000097          	auipc	ra,0x0
   13838:	e34080e7          	jalr	-460(ra) # 13668 <_fflush_r>
   1383c:	00842583          	lw	a1,8(s0)
   13840:	0000e797          	auipc	a5,0xe
   13844:	9ec78793          	addi	a5,a5,-1556 # 2122c <__sf+0x68>
   13848:	00f58863          	beq	a1,a5,13858 <cleanup_stdio+0x44>
   1384c:	00040513          	mv	a0,s0
   13850:	00000097          	auipc	ra,0x0
   13854:	e18080e7          	jalr	-488(ra) # 13668 <_fflush_r>
   13858:	00c42583          	lw	a1,12(s0)
   1385c:	0000e797          	auipc	a5,0xe
   13860:	a3878793          	addi	a5,a5,-1480 # 21294 <__sf+0xd0>
   13864:	00f58e63          	beq	a1,a5,13880 <cleanup_stdio+0x6c>
   13868:	00040513          	mv	a0,s0
   1386c:	00812403          	lw	s0,8(sp)
   13870:	00c12083          	lw	ra,12(sp)
   13874:	01010113          	addi	sp,sp,16
   13878:	00000317          	auipc	t1,0x0
   1387c:	df030067          	jr	-528(t1) # 13668 <_fflush_r>
   13880:	00c12083          	lw	ra,12(sp)
   13884:	00812403          	lw	s0,8(sp)
   13888:	01010113          	addi	sp,sp,16
   1388c:	00008067          	ret

00013890 <global_stdio_init.part.0>:
   13890:	ff010113          	addi	sp,sp,-16
   13894:	00000797          	auipc	a5,0x0
   13898:	f6078793          	addi	a5,a5,-160 # 137f4 <stdio_exit_handler>
   1389c:	00000613          	li	a2,0
   138a0:	00400593          	li	a1,4
   138a4:	0000e517          	auipc	a0,0xe
   138a8:	92050513          	addi	a0,a0,-1760 # 211c4 <__sf>
   138ac:	00112623          	sw	ra,12(sp)
   138b0:	0000d717          	auipc	a4,0xd
   138b4:	10f72e23          	sw	a5,284(a4) # 209cc <__stdio_exit_handler>
   138b8:	00000097          	auipc	ra,0x0
   138bc:	e64080e7          	jalr	-412(ra) # 1371c <std>
   138c0:	00100613          	li	a2,1
   138c4:	00900593          	li	a1,9
   138c8:	0000e517          	auipc	a0,0xe
   138cc:	96450513          	addi	a0,a0,-1692 # 2122c <__sf+0x68>
   138d0:	00000097          	auipc	ra,0x0
   138d4:	e4c080e7          	jalr	-436(ra) # 1371c <std>
   138d8:	00c12083          	lw	ra,12(sp)
   138dc:	00200613          	li	a2,2
   138e0:	01200593          	li	a1,18
   138e4:	0000e517          	auipc	a0,0xe
   138e8:	9b050513          	addi	a0,a0,-1616 # 21294 <__sf+0xd0>
   138ec:	01010113          	addi	sp,sp,16
   138f0:	00000317          	auipc	t1,0x0
   138f4:	e2c30067          	jr	-468(t1) # 1371c <std>

000138f8 <__sfp_lock_acquire>:
   138f8:	0000d517          	auipc	a0,0xd
   138fc:	0c850513          	addi	a0,a0,200 # 209c0 <__lock___sfp_recursive_mutex>
   13900:	fffff317          	auipc	t1,0xfffff
   13904:	dd830067          	jr	-552(t1) # 126d8 <__retarget_lock_acquire_recursive>

00013908 <__sfp_lock_release>:
   13908:	0000d517          	auipc	a0,0xd
   1390c:	0b850513          	addi	a0,a0,184 # 209c0 <__lock___sfp_recursive_mutex>
   13910:	fffff317          	auipc	t1,0xfffff
   13914:	dcc30067          	jr	-564(t1) # 126dc <__retarget_lock_release_recursive>

00013918 <__sinit>:
   13918:	fe010113          	addi	sp,sp,-32
   1391c:	00a12623          	sw	a0,12(sp)
   13920:	00112e23          	sw	ra,28(sp)
   13924:	00000097          	auipc	ra,0x0
   13928:	fd4080e7          	jalr	-44(ra) # 138f8 <__sfp_lock_acquire>
   1392c:	00c12503          	lw	a0,12(sp)
   13930:	02052783          	lw	a5,32(a0)
   13934:	00078a63          	beqz	a5,13948 <__sinit+0x30>
   13938:	01c12083          	lw	ra,28(sp)
   1393c:	02010113          	addi	sp,sp,32
   13940:	00000317          	auipc	t1,0x0
   13944:	fc830067          	jr	-56(t1) # 13908 <__sfp_lock_release>
   13948:	00000797          	auipc	a5,0x0
   1394c:	ecc78793          	addi	a5,a5,-308 # 13814 <cleanup_stdio>
   13950:	02f52023          	sw	a5,32(a0)
   13954:	0000d797          	auipc	a5,0xd
   13958:	0787a783          	lw	a5,120(a5) # 209cc <__stdio_exit_handler>
   1395c:	fc079ee3          	bnez	a5,13938 <__sinit+0x20>
   13960:	00000097          	auipc	ra,0x0
   13964:	f30080e7          	jalr	-208(ra) # 13890 <global_stdio_init.part.0>
   13968:	fd1ff06f          	j	13938 <__sinit+0x20>

0001396c <_fwalk_sglue>:
   1396c:	fd010113          	addi	sp,sp,-48
   13970:	02812423          	sw	s0,40(sp)
   13974:	03212023          	sw	s2,32(sp)
   13978:	01312e23          	sw	s3,28(sp)
   1397c:	01412c23          	sw	s4,24(sp)
   13980:	01512a23          	sw	s5,20(sp)
   13984:	02112623          	sw	ra,44(sp)
   13988:	02912223          	sw	s1,36(sp)
   1398c:	00050a13          	mv	s4,a0
   13990:	00058a93          	mv	s5,a1
   13994:	00000413          	li	s0,0
   13998:	00100913          	li	s2,1
   1399c:	fff00993          	li	s3,-1
   139a0:	00862583          	lw	a1,8(a2)
   139a4:	00462483          	lw	s1,4(a2)
   139a8:	fff48493          	addi	s1,s1,-1
   139ac:	0204da63          	bgez	s1,139e0 <_fwalk_sglue+0x74>
   139b0:	00062603          	lw	a2,0(a2)
   139b4:	fe0616e3          	bnez	a2,139a0 <_fwalk_sglue+0x34>
   139b8:	02c12083          	lw	ra,44(sp)
   139bc:	00040513          	mv	a0,s0
   139c0:	02812403          	lw	s0,40(sp)
   139c4:	02412483          	lw	s1,36(sp)
   139c8:	02012903          	lw	s2,32(sp)
   139cc:	01c12983          	lw	s3,28(sp)
   139d0:	01812a03          	lw	s4,24(sp)
   139d4:	01412a83          	lw	s5,20(sp)
   139d8:	03010113          	addi	sp,sp,48
   139dc:	00008067          	ret
   139e0:	00c5d783          	lhu	a5,12(a1)
   139e4:	02f97463          	bgeu	s2,a5,13a0c <_fwalk_sglue+0xa0>
   139e8:	00e59783          	lh	a5,14(a1)
   139ec:	03378063          	beq	a5,s3,13a0c <_fwalk_sglue+0xa0>
   139f0:	000a0513          	mv	a0,s4
   139f4:	00c12623          	sw	a2,12(sp)
   139f8:	00b12423          	sw	a1,8(sp)
   139fc:	000a80e7          	jalr	s5
   13a00:	00c12603          	lw	a2,12(sp)
   13a04:	00812583          	lw	a1,8(sp)
   13a08:	00a46433          	or	s0,s0,a0
   13a0c:	06858593          	addi	a1,a1,104
   13a10:	f99ff06f          	j	139a8 <_fwalk_sglue+0x3c>

00013a14 <__swhatbuf_r>:
   13a14:	f8010113          	addi	sp,sp,-128
   13a18:	06812c23          	sw	s0,120(sp)
   13a1c:	00058413          	mv	s0,a1
   13a20:	00e59583          	lh	a1,14(a1)
   13a24:	06912a23          	sw	s1,116(sp)
   13a28:	06112e23          	sw	ra,124(sp)
   13a2c:	00060493          	mv	s1,a2
   13a30:	0205da63          	bgez	a1,13a64 <__swhatbuf_r+0x50>
   13a34:	00c45783          	lhu	a5,12(s0)
   13a38:	0807f793          	andi	a5,a5,128
   13a3c:	04079e63          	bnez	a5,13a98 <__swhatbuf_r+0x84>
   13a40:	40000713          	li	a4,1024
   13a44:	07c12083          	lw	ra,124(sp)
   13a48:	07812403          	lw	s0,120(sp)
   13a4c:	00f6a023          	sw	a5,0(a3)
   13a50:	00e4a023          	sw	a4,0(s1)
   13a54:	00000513          	li	a0,0
   13a58:	07412483          	lw	s1,116(sp)
   13a5c:	08010113          	addi	sp,sp,128
   13a60:	00008067          	ret
   13a64:	01810613          	addi	a2,sp,24
   13a68:	00d12623          	sw	a3,12(sp)
   13a6c:	00000097          	auipc	ra,0x0
   13a70:	3b4080e7          	jalr	948(ra) # 13e20 <_fstat_r>
   13a74:	00c12683          	lw	a3,12(sp)
   13a78:	fa054ee3          	bltz	a0,13a34 <__swhatbuf_r+0x20>
   13a7c:	01c12783          	lw	a5,28(sp)
   13a80:	0000f737          	lui	a4,0xf
   13a84:	00e7f7b3          	and	a5,a5,a4
   13a88:	ffffe737          	lui	a4,0xffffe
   13a8c:	00e787b3          	add	a5,a5,a4
   13a90:	0017b793          	seqz	a5,a5
   13a94:	fadff06f          	j	13a40 <__swhatbuf_r+0x2c>
   13a98:	00000793          	li	a5,0
   13a9c:	04000713          	li	a4,64
   13aa0:	fa5ff06f          	j	13a44 <__swhatbuf_r+0x30>

00013aa4 <__smakebuf_r>:
   13aa4:	00c5d703          	lhu	a4,12(a1)
   13aa8:	fd010113          	addi	sp,sp,-48
   13aac:	02812423          	sw	s0,40(sp)
   13ab0:	02112623          	sw	ra,44(sp)
   13ab4:	02912223          	sw	s1,36(sp)
   13ab8:	00277713          	andi	a4,a4,2
   13abc:	00058413          	mv	s0,a1
   13ac0:	02070663          	beqz	a4,13aec <__smakebuf_r+0x48>
   13ac4:	04740793          	addi	a5,s0,71
   13ac8:	00f42023          	sw	a5,0(s0)
   13acc:	00f42823          	sw	a5,16(s0)
   13ad0:	00100793          	li	a5,1
   13ad4:	00f42a23          	sw	a5,20(s0)
   13ad8:	02c12083          	lw	ra,44(sp)
   13adc:	02812403          	lw	s0,40(sp)
   13ae0:	02412483          	lw	s1,36(sp)
   13ae4:	03010113          	addi	sp,sp,48
   13ae8:	00008067          	ret
   13aec:	01c10693          	addi	a3,sp,28
   13af0:	01810613          	addi	a2,sp,24
   13af4:	00050493          	mv	s1,a0
   13af8:	00000097          	auipc	ra,0x0
   13afc:	f1c080e7          	jalr	-228(ra) # 13a14 <__swhatbuf_r>
   13b00:	01812583          	lw	a1,24(sp)
   13b04:	00048513          	mv	a0,s1
   13b08:	00b12623          	sw	a1,12(sp)
   13b0c:	fffff097          	auipc	ra,0xfffff
   13b10:	d74080e7          	jalr	-652(ra) # 12880 <_malloc_r>
   13b14:	00c41783          	lh	a5,12(s0)
   13b18:	00c12583          	lw	a1,12(sp)
   13b1c:	00051e63          	bnez	a0,13b38 <__smakebuf_r+0x94>
   13b20:	2007f713          	andi	a4,a5,512
   13b24:	fa071ae3          	bnez	a4,13ad8 <__smakebuf_r+0x34>
   13b28:	ffc7f793          	andi	a5,a5,-4
   13b2c:	0027e793          	ori	a5,a5,2
   13b30:	00f41623          	sh	a5,12(s0)
   13b34:	f91ff06f          	j	13ac4 <__smakebuf_r+0x20>
   13b38:	0807e793          	ori	a5,a5,128
   13b3c:	00f41623          	sh	a5,12(s0)
   13b40:	01c12783          	lw	a5,28(sp)
   13b44:	00a42023          	sw	a0,0(s0)
   13b48:	00a42823          	sw	a0,16(s0)
   13b4c:	00b42a23          	sw	a1,20(s0)
   13b50:	f80784e3          	beqz	a5,13ad8 <__smakebuf_r+0x34>
   13b54:	00e41583          	lh	a1,14(s0)
   13b58:	00048513          	mv	a0,s1
   13b5c:	00000097          	auipc	ra,0x0
   13b60:	314080e7          	jalr	788(ra) # 13e70 <_isatty_r>
   13b64:	f6050ae3          	beqz	a0,13ad8 <__smakebuf_r+0x34>
   13b68:	00c45783          	lhu	a5,12(s0)
   13b6c:	ffc7f793          	andi	a5,a5,-4
   13b70:	0017e793          	ori	a5,a5,1
   13b74:	00f41623          	sh	a5,12(s0)
   13b78:	f61ff06f          	j	13ad8 <__smakebuf_r+0x34>

00013b7c <_putc_r>:
   13b7c:	fe010113          	addi	sp,sp,-32
   13b80:	00812c23          	sw	s0,24(sp)
   13b84:	00912a23          	sw	s1,20(sp)
   13b88:	00112e23          	sw	ra,28(sp)
   13b8c:	00050493          	mv	s1,a0
   13b90:	00060413          	mv	s0,a2
   13b94:	00050e63          	beqz	a0,13bb0 <_putc_r+0x34>
   13b98:	02052783          	lw	a5,32(a0)
   13b9c:	00079a63          	bnez	a5,13bb0 <_putc_r+0x34>
   13ba0:	00b12623          	sw	a1,12(sp)
   13ba4:	00000097          	auipc	ra,0x0
   13ba8:	d74080e7          	jalr	-652(ra) # 13918 <__sinit>
   13bac:	00c12583          	lw	a1,12(sp)
   13bb0:	06442783          	lw	a5,100(s0)
   13bb4:	0017f793          	andi	a5,a5,1
   13bb8:	02079263          	bnez	a5,13bdc <_putc_r+0x60>
   13bbc:	00c45783          	lhu	a5,12(s0)
   13bc0:	2007f793          	andi	a5,a5,512
   13bc4:	00079c63          	bnez	a5,13bdc <_putc_r+0x60>
   13bc8:	05842503          	lw	a0,88(s0)
   13bcc:	00b12623          	sw	a1,12(sp)
   13bd0:	fffff097          	auipc	ra,0xfffff
   13bd4:	b08080e7          	jalr	-1272(ra) # 126d8 <__retarget_lock_acquire_recursive>
   13bd8:	00c12583          	lw	a1,12(sp)
   13bdc:	00842783          	lw	a5,8(s0)
   13be0:	0ff5f713          	zext.b	a4,a1
   13be4:	fff78793          	addi	a5,a5,-1
   13be8:	00f42423          	sw	a5,8(s0)
   13bec:	0007da63          	bgez	a5,13c00 <_putc_r+0x84>
   13bf0:	01842683          	lw	a3,24(s0)
   13bf4:	04d7ce63          	blt	a5,a3,13c50 <_putc_r+0xd4>
   13bf8:	ff670793          	addi	a5,a4,-10 # ffffdff6 <__stack_top__+0xfffcdff6>
   13bfc:	04078a63          	beqz	a5,13c50 <_putc_r+0xd4>
   13c00:	00042783          	lw	a5,0(s0)
   13c04:	0ff5f493          	zext.b	s1,a1
   13c08:	00178693          	addi	a3,a5,1
   13c0c:	00d42023          	sw	a3,0(s0)
   13c10:	00e78023          	sb	a4,0(a5)
   13c14:	06442783          	lw	a5,100(s0)
   13c18:	0017f793          	andi	a5,a5,1
   13c1c:	00079e63          	bnez	a5,13c38 <_putc_r+0xbc>
   13c20:	00c45783          	lhu	a5,12(s0)
   13c24:	2007f793          	andi	a5,a5,512
   13c28:	00079863          	bnez	a5,13c38 <_putc_r+0xbc>
   13c2c:	05842503          	lw	a0,88(s0)
   13c30:	fffff097          	auipc	ra,0xfffff
   13c34:	aac080e7          	jalr	-1364(ra) # 126dc <__retarget_lock_release_recursive>
   13c38:	01c12083          	lw	ra,28(sp)
   13c3c:	01812403          	lw	s0,24(sp)
   13c40:	00048513          	mv	a0,s1
   13c44:	01412483          	lw	s1,20(sp)
   13c48:	02010113          	addi	sp,sp,32
   13c4c:	00008067          	ret
   13c50:	00048513          	mv	a0,s1
   13c54:	00040613          	mv	a2,s0
   13c58:	fffff097          	auipc	ra,0xfffff
   13c5c:	848080e7          	jalr	-1976(ra) # 124a0 <__swbuf_r>
   13c60:	00050493          	mv	s1,a0
   13c64:	fb1ff06f          	j	13c14 <_putc_r+0x98>

00013c68 <__sread>:
   13c68:	ff010113          	addi	sp,sp,-16
   13c6c:	00812423          	sw	s0,8(sp)
   13c70:	00058413          	mv	s0,a1
   13c74:	00e59583          	lh	a1,14(a1)
   13c78:	00112623          	sw	ra,12(sp)
   13c7c:	00000097          	auipc	ra,0x0
   13c80:	294080e7          	jalr	660(ra) # 13f10 <_read_r>
   13c84:	02054063          	bltz	a0,13ca4 <__sread+0x3c>
   13c88:	05442783          	lw	a5,84(s0)
   13c8c:	00a787b3          	add	a5,a5,a0
   13c90:	04f42a23          	sw	a5,84(s0)
   13c94:	00c12083          	lw	ra,12(sp)
   13c98:	00812403          	lw	s0,8(sp)
   13c9c:	01010113          	addi	sp,sp,16
   13ca0:	00008067          	ret
   13ca4:	00c45783          	lhu	a5,12(s0)
   13ca8:	fffff737          	lui	a4,0xfffff
   13cac:	fff70713          	addi	a4,a4,-1 # ffffefff <__stack_top__+0xfffcefff>
   13cb0:	00e7f7b3          	and	a5,a5,a4
   13cb4:	00f41623          	sh	a5,12(s0)
   13cb8:	fddff06f          	j	13c94 <__sread+0x2c>

00013cbc <__swrite>:
   13cbc:	00c5d783          	lhu	a5,12(a1)
   13cc0:	fe010113          	addi	sp,sp,-32
   13cc4:	00812c23          	sw	s0,24(sp)
   13cc8:	00912a23          	sw	s1,20(sp)
   13ccc:	01212823          	sw	s2,16(sp)
   13cd0:	01312623          	sw	s3,12(sp)
   13cd4:	00112e23          	sw	ra,28(sp)
   13cd8:	1007f793          	andi	a5,a5,256
   13cdc:	00050493          	mv	s1,a0
   13ce0:	00058413          	mv	s0,a1
   13ce4:	00060913          	mv	s2,a2
   13ce8:	00068993          	mv	s3,a3
   13cec:	00078c63          	beqz	a5,13d04 <__swrite+0x48>
   13cf0:	00e59583          	lh	a1,14(a1)
   13cf4:	00200693          	li	a3,2
   13cf8:	00000613          	li	a2,0
   13cfc:	00000097          	auipc	ra,0x0
   13d00:	1c0080e7          	jalr	448(ra) # 13ebc <_lseek_r>
   13d04:	00c45783          	lhu	a5,12(s0)
   13d08:	fffff737          	lui	a4,0xfffff
   13d0c:	fff70713          	addi	a4,a4,-1 # ffffefff <__stack_top__+0xfffcefff>
   13d10:	00e7f7b3          	and	a5,a5,a4
   13d14:	00e41583          	lh	a1,14(s0)
   13d18:	00f41623          	sh	a5,12(s0)
   13d1c:	01812403          	lw	s0,24(sp)
   13d20:	01c12083          	lw	ra,28(sp)
   13d24:	00098693          	mv	a3,s3
   13d28:	00090613          	mv	a2,s2
   13d2c:	00c12983          	lw	s3,12(sp)
   13d30:	01012903          	lw	s2,16(sp)
   13d34:	00048513          	mv	a0,s1
   13d38:	01412483          	lw	s1,20(sp)
   13d3c:	02010113          	addi	sp,sp,32
   13d40:	00000317          	auipc	t1,0x0
   13d44:	27030067          	jr	624(t1) # 13fb0 <_write_r>

00013d48 <__sseek>:
   13d48:	ff010113          	addi	sp,sp,-16
   13d4c:	00812423          	sw	s0,8(sp)
   13d50:	00058413          	mv	s0,a1
   13d54:	00e59583          	lh	a1,14(a1)
   13d58:	00112623          	sw	ra,12(sp)
   13d5c:	00000097          	auipc	ra,0x0
   13d60:	160080e7          	jalr	352(ra) # 13ebc <_lseek_r>
   13d64:	fff00713          	li	a4,-1
   13d68:	00c41783          	lh	a5,12(s0)
   13d6c:	02e51263          	bne	a0,a4,13d90 <__sseek+0x48>
   13d70:	80050713          	addi	a4,a0,-2048
   13d74:	80070713          	addi	a4,a4,-2048
   13d78:	00e7f7b3          	and	a5,a5,a4
   13d7c:	00f41623          	sh	a5,12(s0)
   13d80:	00c12083          	lw	ra,12(sp)
   13d84:	00812403          	lw	s0,8(sp)
   13d88:	01010113          	addi	sp,sp,16
   13d8c:	00008067          	ret
   13d90:	00001737          	lui	a4,0x1
   13d94:	00e7e7b3          	or	a5,a5,a4
   13d98:	00f41623          	sh	a5,12(s0)
   13d9c:	04a42a23          	sw	a0,84(s0)
   13da0:	fe1ff06f          	j	13d80 <__sseek+0x38>

00013da4 <__sclose>:
   13da4:	00e59583          	lh	a1,14(a1)
   13da8:	00000317          	auipc	t1,0x0
   13dac:	02c30067          	jr	44(t1) # 13dd4 <_close_r>

00013db0 <memchr>:
   13db0:	0ff5f593          	zext.b	a1,a1
   13db4:	00c50633          	add	a2,a0,a2
   13db8:	00c51663          	bne	a0,a2,13dc4 <memchr+0x14>
   13dbc:	00000513          	li	a0,0
   13dc0:	00008067          	ret
   13dc4:	00054783          	lbu	a5,0(a0)
   13dc8:	feb78ce3          	beq	a5,a1,13dc0 <memchr+0x10>
   13dcc:	00150513          	addi	a0,a0,1
   13dd0:	fe9ff06f          	j	13db8 <memchr+0x8>

00013dd4 <_close_r>:
   13dd4:	ff010113          	addi	sp,sp,-16
   13dd8:	00812423          	sw	s0,8(sp)
   13ddc:	00050413          	mv	s0,a0
   13de0:	00058513          	mv	a0,a1
   13de4:	0000d797          	auipc	a5,0xd
   13de8:	bc07aa23          	sw	zero,-1068(a5) # 209b8 <errno>
   13dec:	00112623          	sw	ra,12(sp)
   13df0:	ffffc097          	auipc	ra,0xffffc
   13df4:	7e4080e7          	jalr	2020(ra) # 105d4 <_close>
   13df8:	fff00793          	li	a5,-1
   13dfc:	00f51a63          	bne	a0,a5,13e10 <_close_r+0x3c>
   13e00:	0000d797          	auipc	a5,0xd
   13e04:	bb87a783          	lw	a5,-1096(a5) # 209b8 <errno>
   13e08:	00078463          	beqz	a5,13e10 <_close_r+0x3c>
   13e0c:	00f42023          	sw	a5,0(s0)
   13e10:	00c12083          	lw	ra,12(sp)
   13e14:	00812403          	lw	s0,8(sp)
   13e18:	01010113          	addi	sp,sp,16
   13e1c:	00008067          	ret

00013e20 <_fstat_r>:
   13e20:	ff010113          	addi	sp,sp,-16
   13e24:	00812423          	sw	s0,8(sp)
   13e28:	00050413          	mv	s0,a0
   13e2c:	00058513          	mv	a0,a1
   13e30:	00060593          	mv	a1,a2
   13e34:	0000d797          	auipc	a5,0xd
   13e38:	b807a223          	sw	zero,-1148(a5) # 209b8 <errno>
   13e3c:	00112623          	sw	ra,12(sp)
   13e40:	ffffc097          	auipc	ra,0xffffc
   13e44:	79c080e7          	jalr	1948(ra) # 105dc <_fstat>
   13e48:	fff00793          	li	a5,-1
   13e4c:	00f51a63          	bne	a0,a5,13e60 <_fstat_r+0x40>
   13e50:	0000d797          	auipc	a5,0xd
   13e54:	b687a783          	lw	a5,-1176(a5) # 209b8 <errno>
   13e58:	00078463          	beqz	a5,13e60 <_fstat_r+0x40>
   13e5c:	00f42023          	sw	a5,0(s0)
   13e60:	00c12083          	lw	ra,12(sp)
   13e64:	00812403          	lw	s0,8(sp)
   13e68:	01010113          	addi	sp,sp,16
   13e6c:	00008067          	ret

00013e70 <_isatty_r>:
   13e70:	ff010113          	addi	sp,sp,-16
   13e74:	00812423          	sw	s0,8(sp)
   13e78:	00050413          	mv	s0,a0
   13e7c:	00058513          	mv	a0,a1
   13e80:	0000d797          	auipc	a5,0xd
   13e84:	b207ac23          	sw	zero,-1224(a5) # 209b8 <errno>
   13e88:	00112623          	sw	ra,12(sp)
   13e8c:	ffffc097          	auipc	ra,0xffffc
   13e90:	760080e7          	jalr	1888(ra) # 105ec <_isatty>
   13e94:	fff00793          	li	a5,-1
   13e98:	00f51a63          	bne	a0,a5,13eac <_isatty_r+0x3c>
   13e9c:	0000d797          	auipc	a5,0xd
   13ea0:	b1c7a783          	lw	a5,-1252(a5) # 209b8 <errno>
   13ea4:	00078463          	beqz	a5,13eac <_isatty_r+0x3c>
   13ea8:	00f42023          	sw	a5,0(s0)
   13eac:	00c12083          	lw	ra,12(sp)
   13eb0:	00812403          	lw	s0,8(sp)
   13eb4:	01010113          	addi	sp,sp,16
   13eb8:	00008067          	ret

00013ebc <_lseek_r>:
   13ebc:	ff010113          	addi	sp,sp,-16
   13ec0:	00812423          	sw	s0,8(sp)
   13ec4:	00050413          	mv	s0,a0
   13ec8:	00058513          	mv	a0,a1
   13ecc:	00060593          	mv	a1,a2
   13ed0:	00068613          	mv	a2,a3
   13ed4:	0000d797          	auipc	a5,0xd
   13ed8:	ae07a223          	sw	zero,-1308(a5) # 209b8 <errno>
   13edc:	00112623          	sw	ra,12(sp)
   13ee0:	ffffc097          	auipc	ra,0xffffc
   13ee4:	714080e7          	jalr	1812(ra) # 105f4 <_lseek>
   13ee8:	fff00793          	li	a5,-1
   13eec:	00f51a63          	bne	a0,a5,13f00 <_lseek_r+0x44>
   13ef0:	0000d797          	auipc	a5,0xd
   13ef4:	ac87a783          	lw	a5,-1336(a5) # 209b8 <errno>
   13ef8:	00078463          	beqz	a5,13f00 <_lseek_r+0x44>
   13efc:	00f42023          	sw	a5,0(s0)
   13f00:	00c12083          	lw	ra,12(sp)
   13f04:	00812403          	lw	s0,8(sp)
   13f08:	01010113          	addi	sp,sp,16
   13f0c:	00008067          	ret

00013f10 <_read_r>:
   13f10:	ff010113          	addi	sp,sp,-16
   13f14:	00812423          	sw	s0,8(sp)
   13f18:	00050413          	mv	s0,a0
   13f1c:	00058513          	mv	a0,a1
   13f20:	00060593          	mv	a1,a2
   13f24:	00068613          	mv	a2,a3
   13f28:	0000d797          	auipc	a5,0xd
   13f2c:	a807a823          	sw	zero,-1392(a5) # 209b8 <errno>
   13f30:	00112623          	sw	ra,12(sp)
   13f34:	ffffc097          	auipc	ra,0xffffc
   13f38:	6c8080e7          	jalr	1736(ra) # 105fc <_read>
   13f3c:	fff00793          	li	a5,-1
   13f40:	00f51a63          	bne	a0,a5,13f54 <_read_r+0x44>
   13f44:	0000d797          	auipc	a5,0xd
   13f48:	a747a783          	lw	a5,-1420(a5) # 209b8 <errno>
   13f4c:	00078463          	beqz	a5,13f54 <_read_r+0x44>
   13f50:	00f42023          	sw	a5,0(s0)
   13f54:	00c12083          	lw	ra,12(sp)
   13f58:	00812403          	lw	s0,8(sp)
   13f5c:	01010113          	addi	sp,sp,16
   13f60:	00008067          	ret

00013f64 <_sbrk_r>:
   13f64:	ff010113          	addi	sp,sp,-16
   13f68:	00812423          	sw	s0,8(sp)
   13f6c:	00050413          	mv	s0,a0
   13f70:	00058513          	mv	a0,a1
   13f74:	0000d797          	auipc	a5,0xd
   13f78:	a407a223          	sw	zero,-1468(a5) # 209b8 <errno>
   13f7c:	00112623          	sw	ra,12(sp)
   13f80:	ffffc097          	auipc	ra,0xffffc
   13f84:	684080e7          	jalr	1668(ra) # 10604 <_sbrk>
   13f88:	fff00793          	li	a5,-1
   13f8c:	00f51a63          	bne	a0,a5,13fa0 <_sbrk_r+0x3c>
   13f90:	0000d797          	auipc	a5,0xd
   13f94:	a287a783          	lw	a5,-1496(a5) # 209b8 <errno>
   13f98:	00078463          	beqz	a5,13fa0 <_sbrk_r+0x3c>
   13f9c:	00f42023          	sw	a5,0(s0)
   13fa0:	00c12083          	lw	ra,12(sp)
   13fa4:	00812403          	lw	s0,8(sp)
   13fa8:	01010113          	addi	sp,sp,16
   13fac:	00008067          	ret

00013fb0 <_write_r>:
   13fb0:	ff010113          	addi	sp,sp,-16
   13fb4:	00812423          	sw	s0,8(sp)
   13fb8:	00050413          	mv	s0,a0
   13fbc:	00058513          	mv	a0,a1
   13fc0:	00060593          	mv	a1,a2
   13fc4:	00068613          	mv	a2,a3
   13fc8:	0000d797          	auipc	a5,0xd
   13fcc:	9e07a823          	sw	zero,-1552(a5) # 209b8 <errno>
   13fd0:	00112623          	sw	ra,12(sp)
   13fd4:	ffffc097          	auipc	ra,0xffffc
   13fd8:	674080e7          	jalr	1652(ra) # 10648 <_write>
   13fdc:	fff00793          	li	a5,-1
   13fe0:	00f51a63          	bne	a0,a5,13ff4 <_write_r+0x44>
   13fe4:	0000d797          	auipc	a5,0xd
   13fe8:	9d47a783          	lw	a5,-1580(a5) # 209b8 <errno>
   13fec:	00078463          	beqz	a5,13ff4 <_write_r+0x44>
   13ff0:	00f42023          	sw	a5,0(s0)
   13ff4:	00c12083          	lw	ra,12(sp)
   13ff8:	00812403          	lw	s0,8(sp)
   13ffc:	01010113          	addi	sp,sp,16
   14000:	00008067          	ret

00014004 <__udivdi3>:
   14004:	00060813          	mv	a6,a2
   14008:	00050793          	mv	a5,a0
   1400c:	00058893          	mv	a7,a1
   14010:	0c069c63          	bnez	a3,140e8 <__udivdi3+0xe4>
   14014:	22c5fa63          	bgeu	a1,a2,14248 <__udivdi3+0x244>
   14018:	00010737          	lui	a4,0x10
   1401c:	36e66863          	bltu	a2,a4,1438c <__udivdi3+0x388>
   14020:	01000737          	lui	a4,0x1000
   14024:	01800313          	li	t1,24
   14028:	00e67463          	bgeu	a2,a4,14030 <__udivdi3+0x2c>
   1402c:	01000313          	li	t1,16
   14030:	006656b3          	srl	a3,a2,t1
   14034:	0000d717          	auipc	a4,0xd
   14038:	88070713          	addi	a4,a4,-1920 # 208b4 <__clz_tab>
   1403c:	00d70733          	add	a4,a4,a3
   14040:	00074703          	lbu	a4,0(a4)
   14044:	02000693          	li	a3,32
   14048:	00670733          	add	a4,a4,t1
   1404c:	00d70e63          	beq	a4,a3,14068 <__udivdi3+0x64>
   14050:	40e686b3          	sub	a3,a3,a4
   14054:	00d598b3          	sll	a7,a1,a3
   14058:	00e55733          	srl	a4,a0,a4
   1405c:	00d61833          	sll	a6,a2,a3
   14060:	00d517b3          	sll	a5,a0,a3
   14064:	011768b3          	or	a7,a4,a7
   14068:	01085613          	srli	a2,a6,0x10
   1406c:	02c8d533          	divu	a0,a7,a2
   14070:	01081693          	slli	a3,a6,0x10
   14074:	0106d693          	srli	a3,a3,0x10
   14078:	0107d713          	srli	a4,a5,0x10
   1407c:	02c8f8b3          	remu	a7,a7,a2
   14080:	02a685b3          	mul	a1,a3,a0
   14084:	01089893          	slli	a7,a7,0x10
   14088:	01176733          	or	a4,a4,a7
   1408c:	00b77c63          	bgeu	a4,a1,140a4 <__udivdi3+0xa0>
   14090:	00e808b3          	add	a7,a6,a4
   14094:	00088713          	mv	a4,a7
   14098:	00b8f463          	bgeu	a7,a1,140a0 <__udivdi3+0x9c>
   1409c:	3908f463          	bgeu	a7,a6,14424 <__udivdi3+0x420>
   140a0:	fff50513          	addi	a0,a0,-1
   140a4:	40b70733          	sub	a4,a4,a1
   140a8:	02c755b3          	divu	a1,a4,a2
   140ac:	01079793          	slli	a5,a5,0x10
   140b0:	0107d793          	srli	a5,a5,0x10
   140b4:	02c77733          	remu	a4,a4,a2
   140b8:	02b686b3          	mul	a3,a3,a1
   140bc:	01071713          	slli	a4,a4,0x10
   140c0:	00e7e7b3          	or	a5,a5,a4
   140c4:	00d7fa63          	bgeu	a5,a3,140d8 <__udivdi3+0xd4>
   140c8:	00f807b3          	add	a5,a6,a5
   140cc:	00d7f463          	bgeu	a5,a3,140d4 <__udivdi3+0xd0>
   140d0:	3507f663          	bgeu	a5,a6,1441c <__udivdi3+0x418>
   140d4:	fff58593          	addi	a1,a1,-1
   140d8:	01051513          	slli	a0,a0,0x10
   140dc:	00b56533          	or	a0,a0,a1
   140e0:	00000593          	li	a1,0
   140e4:	00008067          	ret
   140e8:	00d5f863          	bgeu	a1,a3,140f8 <__udivdi3+0xf4>
   140ec:	00000593          	li	a1,0
   140f0:	00000513          	li	a0,0
   140f4:	00008067          	ret
   140f8:	000107b7          	lui	a5,0x10
   140fc:	2af6e663          	bltu	a3,a5,143a8 <__udivdi3+0x3a4>
   14100:	01000737          	lui	a4,0x1000
   14104:	01800793          	li	a5,24
   14108:	00e6f463          	bgeu	a3,a4,14110 <__udivdi3+0x10c>
   1410c:	01000793          	li	a5,16
   14110:	00f6d833          	srl	a6,a3,a5
   14114:	0000c717          	auipc	a4,0xc
   14118:	7a070713          	addi	a4,a4,1952 # 208b4 <__clz_tab>
   1411c:	01070733          	add	a4,a4,a6
   14120:	00074703          	lbu	a4,0(a4)
   14124:	02000813          	li	a6,32
   14128:	00f70733          	add	a4,a4,a5
   1412c:	29070663          	beq	a4,a6,143b8 <__udivdi3+0x3b4>
   14130:	40e80833          	sub	a6,a6,a4
   14134:	00e658b3          	srl	a7,a2,a4
   14138:	010696b3          	sll	a3,a3,a6
   1413c:	00d8e8b3          	or	a7,a7,a3
   14140:	00e5d333          	srl	t1,a1,a4
   14144:	0108de93          	srli	t4,a7,0x10
   14148:	03d357b3          	divu	a5,t1,t4
   1414c:	01089e13          	slli	t3,a7,0x10
   14150:	010595b3          	sll	a1,a1,a6
   14154:	010e5e13          	srli	t3,t3,0x10
   14158:	00e55733          	srl	a4,a0,a4
   1415c:	00b76733          	or	a4,a4,a1
   14160:	01075693          	srli	a3,a4,0x10
   14164:	01061633          	sll	a2,a2,a6
   14168:	03d37333          	remu	t1,t1,t4
   1416c:	02fe05b3          	mul	a1,t3,a5
   14170:	01031313          	slli	t1,t1,0x10
   14174:	0066e6b3          	or	a3,a3,t1
   14178:	00b6fc63          	bgeu	a3,a1,14190 <__udivdi3+0x18c>
   1417c:	00d88333          	add	t1,a7,a3
   14180:	00030693          	mv	a3,t1
   14184:	00b37463          	bgeu	t1,a1,1418c <__udivdi3+0x188>
   14188:	2d137c63          	bgeu	t1,a7,14460 <__udivdi3+0x45c>
   1418c:	fff78793          	addi	a5,a5,-1 # ffff <__HEAP_SIZE+0xdfff>
   14190:	40b686b3          	sub	a3,a3,a1
   14194:	03d6d333          	divu	t1,a3,t4
   14198:	01071713          	slli	a4,a4,0x10
   1419c:	01075713          	srli	a4,a4,0x10
   141a0:	03d6f6b3          	remu	a3,a3,t4
   141a4:	026e05b3          	mul	a1,t3,t1
   141a8:	01069693          	slli	a3,a3,0x10
   141ac:	00d76733          	or	a4,a4,a3
   141b0:	00b77c63          	bgeu	a4,a1,141c8 <__udivdi3+0x1c4>
   141b4:	00e886b3          	add	a3,a7,a4
   141b8:	00068713          	mv	a4,a3
   141bc:	00b6f463          	bgeu	a3,a1,141c4 <__udivdi3+0x1c0>
   141c0:	2916f463          	bgeu	a3,a7,14448 <__udivdi3+0x444>
   141c4:	fff30313          	addi	t1,t1,-1
   141c8:	01079793          	slli	a5,a5,0x10
   141cc:	0067e6b3          	or	a3,a5,t1
   141d0:	40b70733          	sub	a4,a4,a1
   141d4:	01061793          	slli	a5,a2,0x10
   141d8:	01031593          	slli	a1,t1,0x10
   141dc:	0107d793          	srli	a5,a5,0x10
   141e0:	0105d593          	srli	a1,a1,0x10
   141e4:	0106d313          	srli	t1,a3,0x10
   141e8:	01065613          	srli	a2,a2,0x10
   141ec:	02f30e33          	mul	t3,t1,a5
   141f0:	02f588b3          	mul	a7,a1,a5
   141f4:	02c585b3          	mul	a1,a1,a2
   141f8:	0108d793          	srli	a5,a7,0x10
   141fc:	01c585b3          	add	a1,a1,t3
   14200:	00b787b3          	add	a5,a5,a1
   14204:	02c30333          	mul	t1,t1,a2
   14208:	01c7f663          	bgeu	a5,t3,14214 <__udivdi3+0x210>
   1420c:	00010637          	lui	a2,0x10
   14210:	00c30333          	add	t1,t1,a2
   14214:	0107d613          	srli	a2,a5,0x10
   14218:	00660633          	add	a2,a2,t1
   1421c:	02c76063          	bltu	a4,a2,1423c <__udivdi3+0x238>
   14220:	01089893          	slli	a7,a7,0x10
   14224:	0108d893          	srli	a7,a7,0x10
   14228:	01079793          	slli	a5,a5,0x10
   1422c:	01051533          	sll	a0,a0,a6
   14230:	011787b3          	add	a5,a5,a7
   14234:	1ef57e63          	bgeu	a0,a5,14430 <__udivdi3+0x42c>
   14238:	1ec71c63          	bne	a4,a2,14430 <__udivdi3+0x42c>
   1423c:	fff68513          	addi	a0,a3,-1
   14240:	00000593          	li	a1,0
   14244:	00008067          	ret
   14248:	14060a63          	beqz	a2,1439c <__udivdi3+0x398>
   1424c:	00010737          	lui	a4,0x10
   14250:	18e67c63          	bgeu	a2,a4,143e8 <__udivdi3+0x3e4>
   14254:	10063893          	sltiu	a7,a2,256
   14258:	0018b893          	seqz	a7,a7
   1425c:	00389893          	slli	a7,a7,0x3
   14260:	011656b3          	srl	a3,a2,a7
   14264:	0000c717          	auipc	a4,0xc
   14268:	65070713          	addi	a4,a4,1616 # 208b4 <__clz_tab>
   1426c:	00d70733          	add	a4,a4,a3
   14270:	00074703          	lbu	a4,0(a4)
   14274:	02000693          	li	a3,32
   14278:	01170733          	add	a4,a4,a7
   1427c:	14d70a63          	beq	a4,a3,143d0 <__udivdi3+0x3cc>
   14280:	40e687b3          	sub	a5,a3,a4
   14284:	00f61833          	sll	a6,a2,a5
   14288:	00e5d333          	srl	t1,a1,a4
   1428c:	01085893          	srli	a7,a6,0x10
   14290:	03135e33          	divu	t3,t1,a7
   14294:	01081613          	slli	a2,a6,0x10
   14298:	00f595b3          	sll	a1,a1,a5
   1429c:	01065613          	srli	a2,a2,0x10
   142a0:	00e55733          	srl	a4,a0,a4
   142a4:	00b76733          	or	a4,a4,a1
   142a8:	01075693          	srli	a3,a4,0x10
   142ac:	00f517b3          	sll	a5,a0,a5
   142b0:	03137333          	remu	t1,t1,a7
   142b4:	03c605b3          	mul	a1,a2,t3
   142b8:	01031313          	slli	t1,t1,0x10
   142bc:	0066e6b3          	or	a3,a3,t1
   142c0:	00b6fc63          	bgeu	a3,a1,142d8 <__udivdi3+0x2d4>
   142c4:	00d80533          	add	a0,a6,a3
   142c8:	00050693          	mv	a3,a0
   142cc:	00b57463          	bgeu	a0,a1,142d4 <__udivdi3+0x2d0>
   142d0:	17057663          	bgeu	a0,a6,1443c <__udivdi3+0x438>
   142d4:	fffe0e13          	addi	t3,t3,-1
   142d8:	40b686b3          	sub	a3,a3,a1
   142dc:	0316d533          	divu	a0,a3,a7
   142e0:	01071713          	slli	a4,a4,0x10
   142e4:	01075713          	srli	a4,a4,0x10
   142e8:	0316f6b3          	remu	a3,a3,a7
   142ec:	02a60333          	mul	t1,a2,a0
   142f0:	01069693          	slli	a3,a3,0x10
   142f4:	00d76733          	or	a4,a4,a3
   142f8:	00677c63          	bgeu	a4,t1,14310 <__udivdi3+0x30c>
   142fc:	00e806b3          	add	a3,a6,a4
   14300:	00068713          	mv	a4,a3
   14304:	0066f463          	bgeu	a3,t1,1430c <__udivdi3+0x308>
   14308:	1506f663          	bgeu	a3,a6,14454 <__udivdi3+0x450>
   1430c:	fff50513          	addi	a0,a0,-1
   14310:	010e1593          	slli	a1,t3,0x10
   14314:	00a5e5b3          	or	a1,a1,a0
   14318:	40670733          	sub	a4,a4,t1
   1431c:	03175533          	divu	a0,a4,a7
   14320:	0107d693          	srli	a3,a5,0x10
   14324:	03177733          	remu	a4,a4,a7
   14328:	02c50333          	mul	t1,a0,a2
   1432c:	01071713          	slli	a4,a4,0x10
   14330:	00e6e733          	or	a4,a3,a4
   14334:	00677c63          	bgeu	a4,t1,1434c <__udivdi3+0x348>
   14338:	00e806b3          	add	a3,a6,a4
   1433c:	00068713          	mv	a4,a3
   14340:	0066f463          	bgeu	a3,t1,14348 <__udivdi3+0x344>
   14344:	0d06f663          	bgeu	a3,a6,14410 <__udivdi3+0x40c>
   14348:	fff50513          	addi	a0,a0,-1
   1434c:	40670733          	sub	a4,a4,t1
   14350:	031756b3          	divu	a3,a4,a7
   14354:	01079793          	slli	a5,a5,0x10
   14358:	0107d793          	srli	a5,a5,0x10
   1435c:	03177733          	remu	a4,a4,a7
   14360:	02c68633          	mul	a2,a3,a2
   14364:	01071713          	slli	a4,a4,0x10
   14368:	00e7e7b3          	or	a5,a5,a4
   1436c:	00c7fa63          	bgeu	a5,a2,14380 <__udivdi3+0x37c>
   14370:	00f807b3          	add	a5,a6,a5
   14374:	00c7f463          	bgeu	a5,a2,1437c <__udivdi3+0x378>
   14378:	0907f863          	bgeu	a5,a6,14408 <__udivdi3+0x404>
   1437c:	fff68693          	addi	a3,a3,-1
   14380:	01051513          	slli	a0,a0,0x10
   14384:	00d56533          	or	a0,a0,a3
   14388:	00008067          	ret
   1438c:	10063313          	sltiu	t1,a2,256
   14390:	00133313          	seqz	t1,t1
   14394:	00331313          	slli	t1,t1,0x3
   14398:	c99ff06f          	j	14030 <__udivdi3+0x2c>
   1439c:	00000693          	li	a3,0
   143a0:	00000893          	li	a7,0
   143a4:	ec1ff06f          	j	14264 <__udivdi3+0x260>
   143a8:	1006b793          	sltiu	a5,a3,256
   143ac:	0017b793          	seqz	a5,a5
   143b0:	00379793          	slli	a5,a5,0x3
   143b4:	d5dff06f          	j	14110 <__udivdi3+0x10c>
   143b8:	00c53633          	sltu	a2,a0,a2
   143bc:	00b6b6b3          	sltu	a3,a3,a1
   143c0:	00163613          	seqz	a2,a2
   143c4:	00c6e533          	or	a0,a3,a2
   143c8:	00000593          	li	a1,0
   143cc:	00008067          	ret
   143d0:	40c58733          	sub	a4,a1,a2
   143d4:	01065893          	srli	a7,a2,0x10
   143d8:	01061613          	slli	a2,a2,0x10
   143dc:	01065613          	srli	a2,a2,0x10
   143e0:	00100593          	li	a1,1
   143e4:	f39ff06f          	j	1431c <__udivdi3+0x318>
   143e8:	01000737          	lui	a4,0x1000
   143ec:	00e67863          	bgeu	a2,a4,143fc <__udivdi3+0x3f8>
   143f0:	01065693          	srli	a3,a2,0x10
   143f4:	01000893          	li	a7,16
   143f8:	e6dff06f          	j	14264 <__udivdi3+0x260>
   143fc:	01865693          	srli	a3,a2,0x18
   14400:	01800893          	li	a7,24
   14404:	e61ff06f          	j	14264 <__udivdi3+0x260>
   14408:	ffe68693          	addi	a3,a3,-2
   1440c:	f75ff06f          	j	14380 <__udivdi3+0x37c>
   14410:	ffe50513          	addi	a0,a0,-2
   14414:	01068733          	add	a4,a3,a6
   14418:	f35ff06f          	j	1434c <__udivdi3+0x348>
   1441c:	ffe58593          	addi	a1,a1,-2
   14420:	cb9ff06f          	j	140d8 <__udivdi3+0xd4>
   14424:	ffe50513          	addi	a0,a0,-2
   14428:	01088733          	add	a4,a7,a6
   1442c:	c79ff06f          	j	140a4 <__udivdi3+0xa0>
   14430:	00068513          	mv	a0,a3
   14434:	00000593          	li	a1,0
   14438:	00008067          	ret
   1443c:	ffee0e13          	addi	t3,t3,-2
   14440:	010506b3          	add	a3,a0,a6
   14444:	e95ff06f          	j	142d8 <__udivdi3+0x2d4>
   14448:	ffe30313          	addi	t1,t1,-2
   1444c:	01168733          	add	a4,a3,a7
   14450:	d79ff06f          	j	141c8 <__udivdi3+0x1c4>
   14454:	ffe50513          	addi	a0,a0,-2
   14458:	01068733          	add	a4,a3,a6
   1445c:	eb5ff06f          	j	14310 <__udivdi3+0x30c>
   14460:	ffe78793          	addi	a5,a5,-2
   14464:	011306b3          	add	a3,t1,a7
   14468:	d29ff06f          	j	14190 <__udivdi3+0x18c>
