
D:\Desktop\OpenClaw_Workspace\Working\SDK\demos\newlib\coremark\build_clang_Oz\coremark.elf:     file format elf32-littleriscv


Disassembly of section .text:

00010000 <_reset_vector>:
   10000:	1000006f          	j	10100 <_start>
	...

00010080 <__vector_table>:
   10080:	0c40006f 3380006f 3340006f 1f80006f     o.@.o..3o.@3o...
   10090:	32c0006f 3280006f 3240006f 14c0006f     o..2o..2o.@2o...
   100a0:	31c0006f 3180006f 3140006f 2740006f     o..1o..1o.@1o.@'
   100b0:	30c0006f 3080006f 3040006f 3000006f     o..0o..0o.@0o..0
   100c0:	2fc0006f 2f80006f 2f40006f 2f00006f     o../o../o.@/o../
   100d0:	2ec0006f 2e80006f 2e40006f 2e00006f     o...o...o.@.o...
   100e0:	2dc0006f 2d80006f 2d40006f 2d00006f     o..-o..-o.@-o..-
   100f0:	2cc0006f 2c80006f 2c40006f 2c00006f     o..,o..,o.@,o..,

00010100 <_start>:
   10100:	00010197          	auipc	gp,0x10
   10104:	76818193          	addi	gp,gp,1896 # 20868 <__global_pointer$>
   10108:	00020117          	auipc	sp,0x20
   1010c:	ef810113          	addi	sp,sp,-264 # 30000 <__stack_top__>
   10110:	00010517          	auipc	a0,0x10
   10114:	70050513          	addi	a0,a0,1792 # 20810 <errno>
   10118:	00011597          	auipc	a1,0x11
   1011c:	03858593          	addi	a1,a1,56 # 21150 <__bss_end>
   10120:	00b50863          	beq	a0,a1,10130 <_start+0x30>
   10124:	00052023          	sw	zero,0(a0)
   10128:	00450513          	addi	a0,a0,4
   1012c:	feb56ce3          	bltu	a0,a1,10124 <_start+0x24>
   10130:	00000097          	auipc	ra,0x0
   10134:	2b4080e7          	jalr	692(ra) # 103e4 <_init>
   10138:	00001097          	auipc	ra,0x1
   1013c:	db8080e7          	jalr	-584(ra) # 10ef0 <main>
   10140:	0000006f          	j	10140 <_start+0x40>

00010144 <exc_entry>:
   10144:	fb010113          	addi	sp,sp,-80
   10148:	00112023          	sw	ra,0(sp)
   1014c:	00412223          	sw	tp,4(sp)
   10150:	00512423          	sw	t0,8(sp)
   10154:	00612623          	sw	t1,12(sp)
   10158:	00712823          	sw	t2,16(sp)
   1015c:	00a12a23          	sw	a0,20(sp)
   10160:	00b12c23          	sw	a1,24(sp)
   10164:	00c12e23          	sw	a2,28(sp)
   10168:	02d12023          	sw	a3,32(sp)
   1016c:	02e12223          	sw	a4,36(sp)
   10170:	02f12423          	sw	a5,40(sp)
   10174:	03012623          	sw	a6,44(sp)
   10178:	03112823          	sw	a7,48(sp)
   1017c:	03c12a23          	sw	t3,52(sp)
   10180:	03d12c23          	sw	t4,56(sp)
   10184:	03e12e23          	sw	t5,60(sp)
   10188:	05f12023          	sw	t6,64(sp)
   1018c:	34202573          	csrr	a0,mcause
   10190:	341025f3          	csrr	a1,mepc
   10194:	00000097          	auipc	ra,0x0
   10198:	444080e7          	jalr	1092(ra) # 105d8 <serr_handler>
   1019c:	00012083          	lw	ra,0(sp)
   101a0:	00412203          	lw	tp,4(sp)
   101a4:	00812283          	lw	t0,8(sp)
   101a8:	00c12303          	lw	t1,12(sp)
   101ac:	01012383          	lw	t2,16(sp)
   101b0:	01412503          	lw	a0,20(sp)
   101b4:	01812583          	lw	a1,24(sp)
   101b8:	01c12603          	lw	a2,28(sp)
   101bc:	02012683          	lw	a3,32(sp)
   101c0:	02412703          	lw	a4,36(sp)
   101c4:	02812783          	lw	a5,40(sp)
   101c8:	02c12803          	lw	a6,44(sp)
   101cc:	03012883          	lw	a7,48(sp)
   101d0:	03412e03          	lw	t3,52(sp)
   101d4:	03812e83          	lw	t4,56(sp)
   101d8:	03c12f03          	lw	t5,60(sp)
   101dc:	04012f83          	lw	t6,64(sp)
   101e0:	05010113          	addi	sp,sp,80
   101e4:	30200073          	mret

000101e8 <irq_timer_entry>:
   101e8:	fb010113          	addi	sp,sp,-80
   101ec:	00112023          	sw	ra,0(sp)
   101f0:	00412223          	sw	tp,4(sp)
   101f4:	00512423          	sw	t0,8(sp)
   101f8:	00612623          	sw	t1,12(sp)
   101fc:	00712823          	sw	t2,16(sp)
   10200:	00a12a23          	sw	a0,20(sp)
   10204:	00b12c23          	sw	a1,24(sp)
   10208:	00c12e23          	sw	a2,28(sp)
   1020c:	02d12023          	sw	a3,32(sp)
   10210:	02e12223          	sw	a4,36(sp)
   10214:	02f12423          	sw	a5,40(sp)
   10218:	03012623          	sw	a6,44(sp)
   1021c:	03112823          	sw	a7,48(sp)
   10220:	03c12a23          	sw	t3,52(sp)
   10224:	03d12c23          	sw	t4,56(sp)
   10228:	03e12e23          	sw	t5,60(sp)
   1022c:	05f12023          	sw	t6,64(sp)
   10230:	00000097          	auipc	ra,0x0
   10234:	3a0080e7          	jalr	928(ra) # 105d0 <tmr_irq_handler>
   10238:	00012083          	lw	ra,0(sp)
   1023c:	00412203          	lw	tp,4(sp)
   10240:	00812283          	lw	t0,8(sp)
   10244:	00c12303          	lw	t1,12(sp)
   10248:	01012383          	lw	t2,16(sp)
   1024c:	01412503          	lw	a0,20(sp)
   10250:	01812583          	lw	a1,24(sp)
   10254:	01c12603          	lw	a2,28(sp)
   10258:	02012683          	lw	a3,32(sp)
   1025c:	02412703          	lw	a4,36(sp)
   10260:	02812783          	lw	a5,40(sp)
   10264:	02c12803          	lw	a6,44(sp)
   10268:	03012883          	lw	a7,48(sp)
   1026c:	03412e03          	lw	t3,52(sp)
   10270:	03812e83          	lw	t4,56(sp)
   10274:	03c12f03          	lw	t5,60(sp)
   10278:	04012f83          	lw	t6,64(sp)
   1027c:	05010113          	addi	sp,sp,80
   10280:	30200073          	mret

00010284 <irq_software_entry>:
   10284:	fb010113          	addi	sp,sp,-80
   10288:	00112023          	sw	ra,0(sp)
   1028c:	00412223          	sw	tp,4(sp)
   10290:	00512423          	sw	t0,8(sp)
   10294:	00612623          	sw	t1,12(sp)
   10298:	00712823          	sw	t2,16(sp)
   1029c:	00a12a23          	sw	a0,20(sp)
   102a0:	00b12c23          	sw	a1,24(sp)
   102a4:	00c12e23          	sw	a2,28(sp)
   102a8:	02d12023          	sw	a3,32(sp)
   102ac:	02e12223          	sw	a4,36(sp)
   102b0:	02f12423          	sw	a5,40(sp)
   102b4:	03012623          	sw	a6,44(sp)
   102b8:	03112823          	sw	a7,48(sp)
   102bc:	03c12a23          	sw	t3,52(sp)
   102c0:	03d12c23          	sw	t4,56(sp)
   102c4:	03e12e23          	sw	t5,60(sp)
   102c8:	05f12023          	sw	t6,64(sp)
   102cc:	00000097          	auipc	ra,0x0
   102d0:	300080e7          	jalr	768(ra) # 105cc <sw_irq_handler>
   102d4:	00012083          	lw	ra,0(sp)
   102d8:	00412203          	lw	tp,4(sp)
   102dc:	00812283          	lw	t0,8(sp)
   102e0:	00c12303          	lw	t1,12(sp)
   102e4:	01012383          	lw	t2,16(sp)
   102e8:	01412503          	lw	a0,20(sp)
   102ec:	01812583          	lw	a1,24(sp)
   102f0:	01c12603          	lw	a2,28(sp)
   102f4:	02012683          	lw	a3,32(sp)
   102f8:	02412703          	lw	a4,36(sp)
   102fc:	02812783          	lw	a5,40(sp)
   10300:	02c12803          	lw	a6,44(sp)
   10304:	03012883          	lw	a7,48(sp)
   10308:	03412e03          	lw	t3,52(sp)
   1030c:	03812e83          	lw	t4,56(sp)
   10310:	03c12f03          	lw	t5,60(sp)
   10314:	04012f83          	lw	t6,64(sp)
   10318:	05010113          	addi	sp,sp,80
   1031c:	30200073          	mret

00010320 <irq_external_entry>:
   10320:	fb010113          	addi	sp,sp,-80
   10324:	00112023          	sw	ra,0(sp)
   10328:	00412223          	sw	tp,4(sp)
   1032c:	00512423          	sw	t0,8(sp)
   10330:	00612623          	sw	t1,12(sp)
   10334:	00712823          	sw	t2,16(sp)
   10338:	00a12a23          	sw	a0,20(sp)
   1033c:	00b12c23          	sw	a1,24(sp)
   10340:	00c12e23          	sw	a2,28(sp)
   10344:	02d12023          	sw	a3,32(sp)
   10348:	02e12223          	sw	a4,36(sp)
   1034c:	02f12423          	sw	a5,40(sp)
   10350:	03012623          	sw	a6,44(sp)
   10354:	03112823          	sw	a7,48(sp)
   10358:	03c12a23          	sw	t3,52(sp)
   1035c:	03d12c23          	sw	t4,56(sp)
   10360:	03e12e23          	sw	t5,60(sp)
   10364:	05f12023          	sw	t6,64(sp)
   10368:	00000097          	auipc	ra,0x0
   1036c:	26c080e7          	jalr	620(ra) # 105d4 <ext_irq_handler>
   10370:	00012083          	lw	ra,0(sp)
   10374:	00412203          	lw	tp,4(sp)
   10378:	00812283          	lw	t0,8(sp)
   1037c:	00c12303          	lw	t1,12(sp)
   10380:	01012383          	lw	t2,16(sp)
   10384:	01412503          	lw	a0,20(sp)
   10388:	01812583          	lw	a1,24(sp)
   1038c:	01c12603          	lw	a2,28(sp)
   10390:	02012683          	lw	a3,32(sp)
   10394:	02412703          	lw	a4,36(sp)
   10398:	02812783          	lw	a5,40(sp)
   1039c:	02c12803          	lw	a6,44(sp)
   103a0:	03012883          	lw	a7,48(sp)
   103a4:	03412e03          	lw	t3,52(sp)
   103a8:	03812e83          	lw	t4,56(sp)
   103ac:	03c12f03          	lw	t5,60(sp)
   103b0:	04012f83          	lw	t6,64(sp)
   103b4:	05010113          	addi	sp,sp,80
   103b8:	30200073          	mret

000103bc <irq_unhandled>:
   103bc:	10500073          	wfi
   103c0:	ffdff06f          	j	103bc <irq_unhandled>

000103c4 <memset>:
   103c4:	00050313          	mv	t1,a0
   103c8:	00060a63          	beqz	a2,103dc <memset+0x18>
   103cc:	00b30023          	sb	a1,0(t1)
   103d0:	fff60613          	addi	a2,a2,-1
   103d4:	00130313          	addi	t1,t1,1
   103d8:	fe061ae3          	bnez	a2,103cc <memset+0x8>
   103dc:	00008067          	ret

000103e0 <board_init>:
   103e0:	00008067          	ret

000103e4 <_init>:
   103e4:	ff010113          	addi	sp,sp,-16
   103e8:	00112623          	sw	ra,12(sp)
   103ec:	3060d073          	csrwi	mcounteren,1
   103f0:	00100513          	li	a0,1
   103f4:	00000097          	auipc	ra,0x0
   103f8:	07c080e7          	jalr	124(ra) # 10470 <measure_cpu_freq>
   103fc:	00002537          	lui	a0,0x2
   10400:	71050513          	addi	a0,a0,1808 # 2710 <__HEAP_SIZE+0x710>
   10404:	00000097          	auipc	ra,0x0
   10408:	06c080e7          	jalr	108(ra) # 10470 <measure_cpu_freq>
   1040c:	fbfa15b7          	lui	a1,0xfbfa1
   10410:	00e4e637          	lui	a2,0xe4e
   10414:	82058593          	addi	a1,a1,-2016 # fbfa0820 <__stack_top__+0xfbf70820>
   10418:	00b505b3          	add	a1,a0,a1
   1041c:	1c160613          	addi	a2,a2,449 # e4e1c1 <__stack_top__+0xe1e1c1>
   10420:	00c5e663          	bltu	a1,a2,1042c <_init+0x48>
   10424:	04787537          	lui	a0,0x4787
   10428:	8c050513          	addi	a0,a0,-1856 # 47868c0 <__stack_top__+0x47568c0>
   1042c:	000215b7          	lui	a1,0x21
   10430:	82a5a423          	sw	a0,-2008(a1) # 20828 <g_cpu_freq_hz>
   10434:	0001c537          	lui	a0,0x1c
   10438:	20050513          	addi	a0,a0,512 # 1c200 <_etext+0x7e28>
   1043c:	00000097          	auipc	ra,0x0
   10440:	098080e7          	jalr	152(ra) # 104d4 <uart_init>
   10444:	00000517          	auipc	a0,0x0
   10448:	c3c50513          	addi	a0,a0,-964 # 10080 <__vector_table>
   1044c:	00156513          	ori	a0,a0,1
   10450:	30551073          	csrw	mtvec,a0
   10454:	00000097          	auipc	ra,0x0
   10458:	f8c080e7          	jalr	-116(ra) # 103e0 <board_init>
   1045c:	3fd00513          	li	a0,1021
   10460:	30652073          	csrs	mcounteren,a0
   10464:	00c12083          	lw	ra,12(sp)
   10468:	01010113          	addi	sp,sp,16
   1046c:	00008067          	ret

00010470 <measure_cpu_freq>:
   10470:	c0102673          	rdtime	a2
   10474:	b00025f3          	csrr	a1,mcycle
   10478:	c01026f3          	rdtime	a3
   1047c:	fec68ce3          	beq	a3,a2,10474 <measure_cpu_freq+0x4>
   10480:	c0102673          	rdtime	a2
   10484:	40d60633          	sub	a2,a2,a3
   10488:	b0002773          	csrr	a4,mcycle
   1048c:	fea66ae3          	bltu	a2,a0,10480 <measure_cpu_freq+0x10>
   10490:	ff010113          	addi	sp,sp,-16
   10494:	00112623          	sw	ra,12(sp)
   10498:	40b70733          	sub	a4,a4,a1
   1049c:	000f4537          	lui	a0,0xf4
   104a0:	24050513          	addi	a0,a0,576 # f4240 <__stack_top__+0xc4240>
   104a4:	02a735b3          	mulhu	a1,a4,a0
   104a8:	02a706b3          	mul	a3,a4,a0
   104ac:	00165513          	srli	a0,a2,0x1
   104b0:	00a68533          	add	a0,a3,a0
   104b4:	00d536b3          	sltu	a3,a0,a3
   104b8:	00d585b3          	add	a1,a1,a3
   104bc:	00000693          	li	a3,0
   104c0:	00004097          	auipc	ra,0x4
   104c4:	ab0080e7          	jalr	-1360(ra) # 13f70 <__udivdi3>
   104c8:	00c12083          	lw	ra,12(sp)
   104cc:	01010113          	addi	sp,sp,16
   104d0:	00008067          	ret

000104d4 <uart_init>:
   104d4:	00000297          	auipc	t0,0x0
   104d8:	0d0282e7          	jalr	t0,208(t0) # 105a4 <OUTLINED_FUNCTION_0>
   104dc:	000215b7          	lui	a1,0x21
   104e0:	8285a403          	lw	s0,-2008(a1) # 20828 <g_cpu_freq_hz>
   104e4:	00041663          	bnez	s0,104f0 <uart_init+0x1c>
   104e8:	04787437          	lui	s0,0x4787
   104ec:	8c040413          	addi	s0,s0,-1856 # 47868c0 <__stack_top__+0x47568c0>
   104f0:	00145593          	srli	a1,s0,0x1
   104f4:	00451493          	slli	s1,a0,0x4
   104f8:	00058513          	mv	a0,a1
   104fc:	00048593          	mv	a1,s1
   10500:	00040613          	mv	a2,s0
   10504:	00000693          	li	a3,0
   10508:	00004097          	auipc	ra,0x4
   1050c:	a68080e7          	jalr	-1432(ra) # 13f70 <__udivdi3>
   10510:	029455b3          	divu	a1,s0,s1
   10514:	e0010637          	lui	a2,0xe0010
   10518:	08000693          	li	a3,128
   1051c:	02a62223          	sw	a0,36(a2) # e0010024 <__stack_top__+0xdffe0024>
   10520:	00300513          	li	a0,3
   10524:	00d62623          	sw	a3,12(a2)
   10528:	0ff5f593          	zext.b	a1,a1
   1052c:	00b62023          	sw	a1,0(a2)
   10530:	00062223          	sw	zero,4(a2)
   10534:	00a62623          	sw	a0,12(a2)
   10538:	00000317          	auipc	t1,0x0
   1053c:	08030067          	jr	128(t1) # 105b8 <OUTLINED_FUNCTION_1>

00010540 <uart_puts>:
   10540:	00000297          	auipc	t0,0x0
   10544:	064282e7          	jalr	t0,100(t0) # 105a4 <OUTLINED_FUNCTION_0>
   10548:	00050413          	mv	s0,a0
   1054c:	00a00493          	li	s1,10
   10550:	00044503          	lbu	a0,0(s0)
   10554:	00950663          	beq	a0,s1,10560 <uart_puts+0x20>
   10558:	02050463          	beqz	a0,10580 <uart_puts+0x40>
   1055c:	0140006f          	j	10570 <uart_puts+0x30>
   10560:	00d00513          	li	a0,13
   10564:	00000097          	auipc	ra,0x0
   10568:	024080e7          	jalr	36(ra) # 10588 <uart_putc>
   1056c:	00044503          	lbu	a0,0(s0)
   10570:	00140413          	addi	s0,s0,1
   10574:	00000097          	auipc	ra,0x0
   10578:	014080e7          	jalr	20(ra) # 10588 <uart_putc>
   1057c:	fd5ff06f          	j	10550 <uart_puts+0x10>
   10580:	00000317          	auipc	t1,0x0
   10584:	03830067          	jr	56(t1) # 105b8 <OUTLINED_FUNCTION_1>

00010588 <uart_putc>:
   10588:	e00105b7          	lui	a1,0xe0010
   1058c:	0145a603          	lw	a2,20(a1) # e0010014 <__stack_top__+0xdffe0014>
   10590:	02067613          	andi	a2,a2,32
   10594:	fe060ce3          	beqz	a2,1058c <uart_putc+0x4>
   10598:	e00105b7          	lui	a1,0xe0010
   1059c:	00a5a023          	sw	a0,0(a1) # e0010000 <__stack_top__+0xdffe0000>
   105a0:	00008067          	ret

000105a4 <OUTLINED_FUNCTION_0>:
   105a4:	ff010113          	addi	sp,sp,-16
   105a8:	00112623          	sw	ra,12(sp)
   105ac:	00812423          	sw	s0,8(sp)
   105b0:	00912223          	sw	s1,4(sp)
   105b4:	00028067          	jr	t0

000105b8 <OUTLINED_FUNCTION_1>:
   105b8:	00c12083          	lw	ra,12(sp)
   105bc:	00812403          	lw	s0,8(sp)
   105c0:	00412483          	lw	s1,4(sp)
   105c4:	01010113          	addi	sp,sp,16
   105c8:	00008067          	ret

000105cc <sw_irq_handler>:
   105cc:	00008067          	ret

000105d0 <tmr_irq_handler>:
   105d0:	00008067          	ret

000105d4 <ext_irq_handler>:
   105d4:	00008067          	ret

000105d8 <serr_handler>:
   105d8:	0000006f          	j	105d8 <serr_handler>

000105dc <_close>:
   105dc:	fff00513          	li	a0,-1
   105e0:	00008067          	ret

000105e4 <_fstat>:
   105e4:	00002537          	lui	a0,0x2
   105e8:	00a5a223          	sw	a0,4(a1)
   105ec:	00000513          	li	a0,0
   105f0:	00008067          	ret

000105f4 <_isatty>:
   105f4:	00100513          	li	a0,1
   105f8:	00008067          	ret

000105fc <_lseek>:
   105fc:	00000513          	li	a0,0
   10600:	00008067          	ret

00010604 <_read>:
   10604:	00000513          	li	a0,0
   10608:	00008067          	ret

0001060c <_sbrk>:
   1060c:	00050593          	mv	a1,a0
   10610:	00020537          	lui	a0,0x20
   10614:	00052503          	lw	a0,0(a0) # 20000 <heap_ptr>
   10618:	00b505b3          	add	a1,a0,a1
   1061c:	00023637          	lui	a2,0x23
   10620:	15060613          	addi	a2,a2,336 # 23150 <__heap_end>
   10624:	00b66e63          	bltu	a2,a1,10640 <_sbrk+0x34>
   10628:	00021637          	lui	a2,0x21
   1062c:	15060613          	addi	a2,a2,336 # 21150 <__bss_end>
   10630:	00c5e863          	bltu	a1,a2,10640 <_sbrk+0x34>
   10634:	00020637          	lui	a2,0x20
   10638:	00b62023          	sw	a1,0(a2) # 20000 <heap_ptr>
   1063c:	00008067          	ret
   10640:	00021537          	lui	a0,0x21
   10644:	00c00593          	li	a1,12
   10648:	80b52823          	sw	a1,-2032(a0) # 20810 <errno>
   1064c:	fff00513          	li	a0,-1
   10650:	00008067          	ret

00010654 <_write>:
   10654:	ffd50513          	addi	a0,a0,-3
   10658:	ffe00693          	li	a3,-2
   1065c:	00d57863          	bgeu	a0,a3,1066c <_write+0x18>
   10660:	fff00613          	li	a2,-1
   10664:	00060513          	mv	a0,a2
   10668:	00008067          	ret
   1066c:	00000513          	li	a0,0
   10670:	e00106b7          	lui	a3,0xe0010
   10674:	fe0608e3          	beqz	a2,10664 <_write+0x10>
   10678:	00a58733          	add	a4,a1,a0
   1067c:	00074703          	lbu	a4,0(a4)
   10680:	0146a783          	lw	a5,20(a3) # e0010014 <__stack_top__+0xdffe0014>
   10684:	0207f793          	andi	a5,a5,32
   10688:	fe078ce3          	beqz	a5,10680 <_write+0x2c>
   1068c:	00e6a023          	sw	a4,0(a3)
   10690:	00150513          	addi	a0,a0,1
   10694:	fcc508e3          	beq	a0,a2,10664 <_write+0x10>
   10698:	fe1ff06f          	j	10678 <_write+0x24>

0001069c <print_fixed_scaled>:
   1069c:	08b05663          	blez	a1,10728 <print_fixed_scaled+0x8c>
   106a0:	00000297          	auipc	t0,0x0
   106a4:	0a8282e7          	jalr	t0,168(t0) # 10748 <OUTLINED_FUNCTION_1>
   106a8:	00058413          	mv	s0,a1
   106ac:	00050493          	mv	s1,a0
   106b0:	00055a63          	bgez	a0,106c4 <print_fixed_scaled+0x28>
   106b4:	02d00513          	li	a0,45
   106b8:	00002097          	auipc	ra,0x2
   106bc:	bc4080e7          	jalr	-1084(ra) # 1227c <putchar>
   106c0:	409004b3          	neg	s1,s1
   106c4:	0284d933          	divu	s2,s1,s0
   106c8:	00020537          	lui	a0,0x20
   106cc:	06c50513          	addi	a0,a0,108 # 2006c <_impure_ptr+0x4>
   106d0:	00090593          	mv	a1,s2
   106d4:	00002097          	auipc	ra,0x2
   106d8:	b54080e7          	jalr	-1196(ra) # 12228 <iprintf>
   106dc:	02890533          	mul	a0,s2,s0
   106e0:	40a48933          	sub	s2,s1,a0
   106e4:	02090e63          	beqz	s2,10720 <print_fixed_scaled+0x84>
   106e8:	02e00513          	li	a0,46
   106ec:	00002097          	auipc	ra,0x2
   106f0:	b90080e7          	jalr	-1136(ra) # 1227c <putchar>
   106f4:	00a00493          	li	s1,10
   106f8:	02090463          	beqz	s2,10720 <print_fixed_scaled+0x84>
   106fc:	02990933          	mul	s2,s2,s1
   10700:	028959b3          	divu	s3,s2,s0
   10704:	0299f533          	remu	a0,s3,s1
   10708:	03050513          	addi	a0,a0,48
   1070c:	00002097          	auipc	ra,0x2
   10710:	b70080e7          	jalr	-1168(ra) # 1227c <putchar>
   10714:	02898533          	mul	a0,s3,s0
   10718:	40a90933          	sub	s2,s2,a0
   1071c:	fe0910e3          	bnez	s2,106fc <print_fixed_scaled+0x60>
   10720:	00000297          	auipc	t0,0x0
   10724:	00c282e7          	jalr	t0,12(t0) # 1072c <OUTLINED_FUNCTION_0>
   10728:	00008067          	ret

0001072c <OUTLINED_FUNCTION_0>:
   1072c:	01c12083          	lw	ra,28(sp)
   10730:	01812403          	lw	s0,24(sp)
   10734:	01412483          	lw	s1,20(sp)
   10738:	01012903          	lw	s2,16(sp)
   1073c:	00c12983          	lw	s3,12(sp)
   10740:	02010113          	addi	sp,sp,32
   10744:	00028067          	jr	t0

00010748 <OUTLINED_FUNCTION_1>:
   10748:	fe010113          	addi	sp,sp,-32
   1074c:	00112e23          	sw	ra,28(sp)
   10750:	00812c23          	sw	s0,24(sp)
   10754:	00912a23          	sw	s1,20(sp)
   10758:	01212823          	sw	s2,16(sp)
   1075c:	01312623          	sw	s3,12(sp)
   10760:	00028067          	jr	t0

00010764 <calc_func>:
   10764:	fe010113          	addi	sp,sp,-32
   10768:	00112e23          	sw	ra,28(sp)
   1076c:	00812c23          	sw	s0,24(sp)
   10770:	00912a23          	sw	s1,20(sp)
   10774:	01212823          	sw	s2,16(sp)
   10778:	01312623          	sw	s3,12(sp)
   1077c:	00050413          	mv	s0,a0
   10780:	00055983          	lhu	s3,0(a0)
   10784:	0809f513          	andi	a0,s3,128
   10788:	06051463          	bnez	a0,107f0 <calc_func+0x8c>
   1078c:	00058493          	mv	s1,a1
   10790:	0079f513          	andi	a0,s3,7
   10794:	01999593          	slli	a1,s3,0x19
   10798:	01c5d593          	srli	a1,a1,0x1c
   1079c:	00459713          	slli	a4,a1,0x4
   107a0:	00100613          	li	a2,1
   107a4:	00b76733          	or	a4,a4,a1
   107a8:	04c50863          	beq	a0,a2,107f8 <calc_func+0x94>
   107ac:	00098913          	mv	s2,s3
   107b0:	06051663          	bnez	a0,1081c <calc_func+0xb8>
   107b4:	02200513          	li	a0,34
   107b8:	00e56463          	bltu	a0,a4,107c0 <calc_func+0x5c>
   107bc:	02200713          	li	a4,34
   107c0:	00049603          	lh	a2,0(s1)
   107c4:	00249683          	lh	a3,2(s1)
   107c8:	0144a583          	lw	a1,20(s1)
   107cc:	0184a503          	lw	a0,24(s1)
   107d0:	0384d783          	lhu	a5,56(s1)
   107d4:	00001097          	auipc	ra,0x1
   107d8:	510080e7          	jalr	1296(ra) # 11ce4 <core_bench_state>
   107dc:	03e4d583          	lhu	a1,62(s1)
   107e0:	00050913          	mv	s2,a0
   107e4:	02059c63          	bnez	a1,1081c <calc_func+0xb8>
   107e8:	03249f23          	sh	s2,62(s1)
   107ec:	0300006f          	j	1081c <calc_func+0xb8>
   107f0:	07f9f513          	andi	a0,s3,127
   107f4:	0500006f          	j	10844 <calc_func+0xe0>
   107f8:	0384d603          	lhu	a2,56(s1)
   107fc:	02848513          	addi	a0,s1,40
   10800:	00070593          	mv	a1,a4
   10804:	00001097          	auipc	ra,0x1
   10808:	eac080e7          	jalr	-340(ra) # 116b0 <core_bench_matrix>
   1080c:	03c4d583          	lhu	a1,60(s1)
   10810:	00050913          	mv	s2,a0
   10814:	00059463          	bnez	a1,1081c <calc_func+0xb8>
   10818:	03249e23          	sh	s2,60(s1)
   1081c:	0384d583          	lhu	a1,56(s1)
   10820:	00090513          	mv	a0,s2
   10824:	00002097          	auipc	ra,0x2
   10828:	970080e7          	jalr	-1680(ra) # 12194 <crcu16>
   1082c:	02a49c23          	sh	a0,56(s1)
   10830:	07f97513          	andi	a0,s2,127
   10834:	f009f593          	andi	a1,s3,-256
   10838:	00a5e5b3          	or	a1,a1,a0
   1083c:	08058593          	addi	a1,a1,128
   10840:	00b41023          	sh	a1,0(s0)
   10844:	01c12083          	lw	ra,28(sp)
   10848:	01812403          	lw	s0,24(sp)
   1084c:	01412483          	lw	s1,20(sp)
   10850:	01012903          	lw	s2,16(sp)
   10854:	00c12983          	lw	s3,12(sp)
   10858:	02010113          	addi	sp,sp,32
   1085c:	00008067          	ret

00010860 <cmp_complex>:
   10860:	ff010113          	addi	sp,sp,-16
   10864:	00112623          	sw	ra,12(sp)
   10868:	00812423          	sw	s0,8(sp)
   1086c:	00912223          	sw	s1,4(sp)
   10870:	01212023          	sw	s2,0(sp)
   10874:	00060413          	mv	s0,a2
   10878:	00058493          	mv	s1,a1
   1087c:	00060593          	mv	a1,a2
   10880:	00000097          	auipc	ra,0x0
   10884:	ee4080e7          	jalr	-284(ra) # 10764 <calc_func>
   10888:	00050913          	mv	s2,a0
   1088c:	00048513          	mv	a0,s1
   10890:	00040593          	mv	a1,s0
   10894:	00000097          	auipc	ra,0x0
   10898:	ed0080e7          	jalr	-304(ra) # 10764 <calc_func>
   1089c:	40a90533          	sub	a0,s2,a0
   108a0:	00c12083          	lw	ra,12(sp)
   108a4:	00812403          	lw	s0,8(sp)
   108a8:	00412483          	lw	s1,4(sp)
   108ac:	00012903          	lw	s2,0(sp)
   108b0:	01010113          	addi	sp,sp,16
   108b4:	00008067          	ret

000108b8 <cmp_idx>:
   108b8:	00061a63          	bnez	a2,108cc <cmp_idx+0x14>
   108bc:	00154603          	lbu	a2,1(a0)
   108c0:	00c50023          	sb	a2,0(a0)
   108c4:	0015c603          	lbu	a2,1(a1)
   108c8:	00c58023          	sb	a2,0(a1)
   108cc:	00251503          	lh	a0,2(a0)
   108d0:	00259583          	lh	a1,2(a1)
   108d4:	40b50533          	sub	a0,a0,a1
   108d8:	00008067          	ret

000108dc <core_bench_list>:
   108dc:	fd010113          	addi	sp,sp,-48
   108e0:	02112623          	sw	ra,44(sp)
   108e4:	02812423          	sw	s0,40(sp)
   108e8:	02912223          	sw	s1,36(sp)
   108ec:	03212023          	sw	s2,32(sp)
   108f0:	01312e23          	sw	s3,28(sp)
   108f4:	01412c23          	sw	s4,24(sp)
   108f8:	01512a23          	sw	s5,20(sp)
   108fc:	01612823          	sw	s6,16(sp)
   10900:	01712623          	sw	s7,12(sp)
   10904:	01812423          	sw	s8,8(sp)
   10908:	01912223          	sw	s9,4(sp)
   1090c:	00058913          	mv	s2,a1
   10910:	00050493          	mv	s1,a0
   10914:	00000a13          	li	s4,0
   10918:	00000a93          	li	s5,0
   1091c:	00000b13          	li	s6,0
   10920:	00000b93          	li	s7,0
   10924:	00451c03          	lh	s8,4(a0)
   10928:	02452403          	lw	s0,36(a0)
   1092c:	00b11123          	sh	a1,2(sp)
   10930:	00058c93          	mv	s9,a1
   10934:	010b9513          	slli	a0,s7,0x10
   10938:	41055513          	srai	a0,a0,0x10
   1093c:	09855e63          	bge	a0,s8,109d8 <core_bench_list+0xfc>
   10940:	0ffbf513          	zext.b	a0,s7
   10944:	00a11023          	sh	a0,0(sp)
   10948:	00010593          	mv	a1,sp
   1094c:	00040513          	mv	a0,s0
   10950:	00000097          	auipc	ra,0x0
   10954:	1a8080e7          	jalr	424(ra) # 10af8 <core_list_find>
   10958:	00050993          	mv	s3,a0
   1095c:	00040513          	mv	a0,s0
   10960:	00000097          	auipc	ra,0x0
   10964:	1e0080e7          	jalr	480(ra) # 10b40 <core_list_reverse>
   10968:	00050413          	mv	s0,a0
   1096c:	02098e63          	beqz	s3,109a8 <core_bench_list+0xcc>
   10970:	0049a503          	lw	a0,4(s3)
   10974:	00051503          	lh	a0,0(a0)
   10978:	0009a583          	lw	a1,0(s3)
   1097c:	00955613          	srli	a2,a0,0x9
   10980:	00c57533          	and	a0,a0,a2
   10984:	001a8a93          	addi	s5,s5,1
   10988:	00157513          	andi	a0,a0,1
   1098c:	02058863          	beqz	a1,109bc <core_bench_list+0xe0>
   10990:	0005a603          	lw	a2,0(a1)
   10994:	00c9a023          	sw	a2,0(s3)
   10998:	00042603          	lw	a2,0(s0)
   1099c:	00c5a023          	sw	a2,0(a1)
   109a0:	00b42023          	sw	a1,0(s0)
   109a4:	0180006f          	j	109bc <core_bench_list+0xe0>
   109a8:	00042503          	lw	a0,0(s0)
   109ac:	00452503          	lw	a0,4(a0)
   109b0:	00154503          	lbu	a0,1(a0)
   109b4:	001a0a13          	addi	s4,s4,1
   109b8:	00157513          	andi	a0,a0,1
   109bc:	010c9593          	slli	a1,s9,0x10
   109c0:	0005c663          	bltz	a1,109cc <core_bench_list+0xf0>
   109c4:	001c8c93          	addi	s9,s9,1
   109c8:	01911123          	sh	s9,2(sp)
   109cc:	01650b33          	add	s6,a0,s6
   109d0:	001b8b93          	addi	s7,s7,1
   109d4:	f61ff06f          	j	10934 <core_bench_list+0x58>
   109d8:	03205063          	blez	s2,109f8 <core_bench_list+0x11c>
   109dc:	000115b7          	lui	a1,0x11
   109e0:	86058593          	addi	a1,a1,-1952 # 10860 <cmp_complex>
   109e4:	00040513          	mv	a0,s0
   109e8:	00048613          	mv	a2,s1
   109ec:	00000097          	auipc	ra,0x0
   109f0:	178080e7          	jalr	376(ra) # 10b64 <core_list_mergesort>
   109f4:	00050413          	mv	s0,a0
   109f8:	00042503          	lw	a0,0(s0)
   109fc:	416a0933          	sub	s2,s4,s6
   10a00:	002a9a93          	slli	s5,s5,0x2
   10a04:	00000097          	auipc	ra,0x0
   10a08:	2e8080e7          	jalr	744(ra) # 10cec <core_list_remove>
   10a0c:	00050493          	mv	s1,a0
   10a10:	00010593          	mv	a1,sp
   10a14:	00040513          	mv	a0,s0
   10a18:	00000097          	auipc	ra,0x0
   10a1c:	0e0080e7          	jalr	224(ra) # 10af8 <core_list_find>
   10a20:	00050993          	mv	s3,a0
   10a24:	00051463          	bnez	a0,10a2c <core_bench_list+0x150>
   10a28:	00042983          	lw	s3,0(s0)
   10a2c:	412a8933          	sub	s2,s5,s2
   10a30:	02098463          	beqz	s3,10a58 <core_bench_list+0x17c>
   10a34:	00442503          	lw	a0,4(s0)
   10a38:	00051503          	lh	a0,0(a0)
   10a3c:	01091593          	slli	a1,s2,0x10
   10a40:	0105d593          	srli	a1,a1,0x10
   10a44:	00001097          	auipc	ra,0x1
   10a48:	7cc080e7          	jalr	1996(ra) # 12210 <crc16>
   10a4c:	0009a983          	lw	s3,0(s3)
   10a50:	00050913          	mv	s2,a0
   10a54:	fe0990e3          	bnez	s3,10a34 <core_bench_list+0x158>
   10a58:	00042503          	lw	a0,0(s0)
   10a5c:	00052583          	lw	a1,0(a0)
   10a60:	00452603          	lw	a2,4(a0)
   10a64:	0044a683          	lw	a3,4(s1)
   10a68:	00b4a023          	sw	a1,0(s1)
   10a6c:	00c4a223          	sw	a2,4(s1)
   10a70:	00952023          	sw	s1,0(a0)
   10a74:	00d52223          	sw	a3,4(a0)
   10a78:	000115b7          	lui	a1,0x11
   10a7c:	8b858593          	addi	a1,a1,-1864 # 108b8 <cmp_idx>
   10a80:	00040513          	mv	a0,s0
   10a84:	00000613          	li	a2,0
   10a88:	00000097          	auipc	ra,0x0
   10a8c:	0dc080e7          	jalr	220(ra) # 10b64 <core_list_mergesort>
   10a90:	00050413          	mv	s0,a0
   10a94:	00050493          	mv	s1,a0
   10a98:	0004a483          	lw	s1,0(s1)
   10a9c:	01091593          	slli	a1,s2,0x10
   10aa0:	02048063          	beqz	s1,10ac0 <core_bench_list+0x1e4>
   10aa4:	00442503          	lw	a0,4(s0)
   10aa8:	00051503          	lh	a0,0(a0)
   10aac:	0105d593          	srli	a1,a1,0x10
   10ab0:	00001097          	auipc	ra,0x1
   10ab4:	760080e7          	jalr	1888(ra) # 12210 <crc16>
   10ab8:	00050913          	mv	s2,a0
   10abc:	fddff06f          	j	10a98 <core_bench_list+0x1bc>
   10ac0:	0105d513          	srli	a0,a1,0x10
   10ac4:	02c12083          	lw	ra,44(sp)
   10ac8:	02812403          	lw	s0,40(sp)
   10acc:	02412483          	lw	s1,36(sp)
   10ad0:	02012903          	lw	s2,32(sp)
   10ad4:	01c12983          	lw	s3,28(sp)
   10ad8:	01812a03          	lw	s4,24(sp)
   10adc:	01412a83          	lw	s5,20(sp)
   10ae0:	01012b03          	lw	s6,16(sp)
   10ae4:	00c12b83          	lw	s7,12(sp)
   10ae8:	00812c03          	lw	s8,8(sp)
   10aec:	00412c83          	lw	s9,4(sp)
   10af0:	03010113          	addi	sp,sp,48
   10af4:	00008067          	ret

00010af8 <core_list_find>:
   10af8:	00259603          	lh	a2,2(a1)
   10afc:	02064e63          	bltz	a2,10b38 <core_list_find+0x40>
   10b00:	01061593          	slli	a1,a2,0x10
   10b04:	0105d593          	srli	a1,a1,0x10
   10b08:	02050a63          	beqz	a0,10b3c <core_list_find+0x44>
   10b0c:	00452603          	lw	a2,4(a0)
   10b10:	00265603          	lhu	a2,2(a2)
   10b14:	02b60463          	beq	a2,a1,10b3c <core_list_find+0x44>
   10b18:	00052503          	lw	a0,0(a0)
   10b1c:	02050063          	beqz	a0,10b3c <core_list_find+0x44>
   10b20:	fedff06f          	j	10b0c <core_list_find+0x14>
   10b24:	00452603          	lw	a2,4(a0)
   10b28:	00064603          	lbu	a2,0(a2)
   10b2c:	0005d683          	lhu	a3,0(a1)
   10b30:	00d60663          	beq	a2,a3,10b3c <core_list_find+0x44>
   10b34:	00052503          	lw	a0,0(a0)
   10b38:	fe0516e3          	bnez	a0,10b24 <core_list_find+0x2c>
   10b3c:	00008067          	ret

00010b40 <core_list_reverse>:
   10b40:	00000593          	li	a1,0
   10b44:	00050c63          	beqz	a0,10b5c <core_list_reverse+0x1c>
   10b48:	00052603          	lw	a2,0(a0)
   10b4c:	00b52023          	sw	a1,0(a0)
   10b50:	00050593          	mv	a1,a0
   10b54:	00060513          	mv	a0,a2
   10b58:	fe0618e3          	bnez	a2,10b48 <core_list_reverse+0x8>
   10b5c:	00058513          	mv	a0,a1
   10b60:	00008067          	ret

00010b64 <core_list_mergesort>:
   10b64:	fc010113          	addi	sp,sp,-64
   10b68:	02112e23          	sw	ra,60(sp)
   10b6c:	02812c23          	sw	s0,56(sp)
   10b70:	02912a23          	sw	s1,52(sp)
   10b74:	03212823          	sw	s2,48(sp)
   10b78:	03312623          	sw	s3,44(sp)
   10b7c:	03412423          	sw	s4,40(sp)
   10b80:	03512223          	sw	s5,36(sp)
   10b84:	03612023          	sw	s6,32(sp)
   10b88:	01712e23          	sw	s7,28(sp)
   10b8c:	01812c23          	sw	s8,24(sp)
   10b90:	01912a23          	sw	s9,20(sp)
   10b94:	01a12823          	sw	s10,16(sp)
   10b98:	01b12623          	sw	s11,12(sp)
   10b9c:	00060413          	mv	s0,a2
   10ba0:	00058493          	mv	s1,a1
   10ba4:	00050913          	mv	s2,a0
   10ba8:	00100c93          	li	s9,1
   10bac:	00000593          	li	a1,0
   10bb0:	00000693          	li	a3,0
   10bb4:	00090513          	mv	a0,s2
   10bb8:	01902633          	sgtz	a2,s9
   10bbc:	40c00633          	neg	a2,a2
   10bc0:	019679b3          	and	s3,a2,s9
   10bc4:	00000913          	li	s2,0
   10bc8:	0c050a63          	beqz	a0,10c9c <core_list_mergesort+0x138>
   10bcc:	00000b13          	li	s6,0
   10bd0:	00168693          	addi	a3,a3,1
   10bd4:	00050613          	mv	a2,a0
   10bd8:	00d12423          	sw	a3,8(sp)
   10bdc:	01698a63          	beq	s3,s6,10bf0 <core_list_mergesort+0x8c>
   10be0:	00062603          	lw	a2,0(a2)
   10be4:	001b0b13          	addi	s6,s6,1
   10be8:	fe061ae3          	bnez	a2,10bdc <core_list_mergesort+0x78>
   10bec:	0080006f          	j	10bf4 <core_list_mergesort+0x90>
   10bf0:	00098b13          	mv	s6,s3
   10bf4:	000c8a93          	mv	s5,s9
   10bf8:	00050d93          	mv	s11,a0
   10bfc:	00060d13          	mv	s10,a2
   10c00:	00058c13          	mv	s8,a1
   10c04:	000b0b93          	mv	s7,s6
   10c08:	fffc8a13          	addi	s4,s9,-1
   10c0c:	01604863          	bgtz	s6,10c1c <core_list_mergesort+0xb8>
   10c10:	07905c63          	blez	s9,10c88 <core_list_mergesort+0x124>
   10c14:	060d0a63          	beqz	s10,10c88 <core_list_mergesort+0x124>
   10c18:	040b8863          	beqz	s7,10c68 <core_list_mergesort+0x104>
   10c1c:	fffb8b13          	addi	s6,s7,-1
   10c20:	020c8863          	beqz	s9,10c50 <core_list_mergesort+0xec>
   10c24:	020d0663          	beqz	s10,10c50 <core_list_mergesort+0xec>
   10c28:	004da503          	lw	a0,4(s11)
   10c2c:	004d2583          	lw	a1,4(s10)
   10c30:	00040613          	mv	a2,s0
   10c34:	000480e7          	jalr	s1
   10c38:	00a05c63          	blez	a0,10c50 <core_list_mergesort+0xec>
   10c3c:	000d2603          	lw	a2,0(s10)
   10c40:	000d8513          	mv	a0,s11
   10c44:	000d0593          	mv	a1,s10
   10c48:	000b8b13          	mv	s6,s7
   10c4c:	02c0006f          	j	10c78 <core_list_mergesort+0x114>
   10c50:	000da503          	lw	a0,0(s11)
   10c54:	000d0613          	mv	a2,s10
   10c58:	000d8593          	mv	a1,s11
   10c5c:	020c0263          	beqz	s8,10c80 <core_list_mergesort+0x11c>
   10c60:	00bc2023          	sw	a1,0(s8)
   10c64:	f95ff06f          	j	10bf8 <core_list_mergesort+0x94>
   10c68:	00000b13          	li	s6,0
   10c6c:	000d2603          	lw	a2,0(s10)
   10c70:	000d8513          	mv	a0,s11
   10c74:	000d0593          	mv	a1,s10
   10c78:	000a0c93          	mv	s9,s4
   10c7c:	fe0c12e3          	bnez	s8,10c60 <core_list_mergesort+0xfc>
   10c80:	00058913          	mv	s2,a1
   10c84:	f75ff06f          	j	10bf8 <core_list_mergesort+0x94>
   10c88:	000d0513          	mv	a0,s10
   10c8c:	000c0593          	mv	a1,s8
   10c90:	000a8c93          	mv	s9,s5
   10c94:	00812683          	lw	a3,8(sp)
   10c98:	f20d1ae3          	bnez	s10,10bcc <core_list_mergesort+0x68>
   10c9c:	0005a023          	sw	zero,0(a1)
   10ca0:	001c9c93          	slli	s9,s9,0x1
   10ca4:	00100513          	li	a0,1
   10ca8:	f0d562e3          	bltu	a0,a3,10bac <core_list_mergesort+0x48>
   10cac:	00090513          	mv	a0,s2
   10cb0:	03c12083          	lw	ra,60(sp)
   10cb4:	03812403          	lw	s0,56(sp)
   10cb8:	03412483          	lw	s1,52(sp)
   10cbc:	03012903          	lw	s2,48(sp)
   10cc0:	02c12983          	lw	s3,44(sp)
   10cc4:	02812a03          	lw	s4,40(sp)
   10cc8:	02412a83          	lw	s5,36(sp)
   10ccc:	02012b03          	lw	s6,32(sp)
   10cd0:	01c12b83          	lw	s7,28(sp)
   10cd4:	01812c03          	lw	s8,24(sp)
   10cd8:	01412c83          	lw	s9,20(sp)
   10cdc:	01012d03          	lw	s10,16(sp)
   10ce0:	00c12d83          	lw	s11,12(sp)
   10ce4:	04010113          	addi	sp,sp,64
   10ce8:	00008067          	ret

00010cec <core_list_remove>:
   10cec:	00052583          	lw	a1,0(a0)
   10cf0:	00452603          	lw	a2,4(a0)
   10cf4:	0005a683          	lw	a3,0(a1)
   10cf8:	0045a703          	lw	a4,4(a1)
   10cfc:	00d52023          	sw	a3,0(a0)
   10d00:	00e52223          	sw	a4,4(a0)
   10d04:	0005a023          	sw	zero,0(a1)
   10d08:	00c5a223          	sw	a2,4(a1)
   10d0c:	00058513          	mv	a0,a1
   10d10:	00008067          	ret

00010d14 <core_list_init>:
   10d14:	00058693          	mv	a3,a1
   10d18:	01400713          	li	a4,20
   10d1c:	02e55533          	divu	a0,a0,a4
   10d20:	00008737          	lui	a4,0x8
   10d24:	00858813          	addi	a6,a1,8
   10d28:	00300293          	li	t0,3
   10d2c:	fff70713          	addi	a4,a4,-1 # 7fff <__HEAP_SIZE+0x5fff>
   10d30:	08170893          	addi	a7,a4,129
   10d34:	ffe50513          	addi	a0,a0,-2
   10d38:	00351793          	slli	a5,a0,0x3
   10d3c:	00251313          	slli	t1,a0,0x2
   10d40:	00f587b3          	add	a5,a1,a5
   10d44:	01179023          	sh	a7,0(a5)
   10d48:	00079123          	sh	zero,2(a5)
   10d4c:	0005a023          	sw	zero,0(a1)
   10d50:	00f5a223          	sw	a5,4(a1)
   10d54:	00478893          	addi	a7,a5,4
   10d58:	02556863          	bltu	a0,t0,10d88 <core_list_init+0x74>
   10d5c:	0116a623          	sw	a7,12(a3)
   10d60:	00878893          	addi	a7,a5,8
   10d64:	fff00293          	li	t0,-1
   10d68:	00080593          	mv	a1,a6
   10d6c:	01068393          	addi	t2,a3,16
   10d70:	0106a023          	sw	a6,0(a3)
   10d74:	00579223          	sh	t0,4(a5)
   10d78:	00e79323          	sh	a4,6(a5)
   10d7c:	0006a423          	sw	zero,8(a3)
   10d80:	00038813          	mv	a6,t2
   10d84:	0080006f          	j	10d8c <core_list_init+0x78>
   10d88:	00000593          	li	a1,0
   10d8c:	00000293          	li	t0,0
   10d90:	00678333          	add	t1,a5,t1
   10d94:	06050263          	beqz	a0,10df8 <core_list_init+0xe4>
   10d98:	00880393          	addi	t2,a6,8
   10d9c:	04f3f263          	bgeu	t2,a5,10de0 <core_list_init+0xcc>
   10da0:	00488e13          	addi	t3,a7,4
   10da4:	026e7e63          	bgeu	t3,t1,10de0 <core_list_init+0xcc>
   10da8:	00564eb3          	xor	t4,a2,t0
   10dac:	0072ff13          	andi	t5,t0,7
   10db0:	00b82023          	sw	a1,0(a6)
   10db4:	0106a023          	sw	a6,0(a3)
   10db8:	01182223          	sw	a7,4(a6)
   10dbc:	01ce9e93          	slli	t4,t4,0x1c
   10dc0:	019ed593          	srli	a1,t4,0x19
   10dc4:	01e5e5b3          	or	a1,a1,t5
   10dc8:	00859e93          	slli	t4,a1,0x8
   10dcc:	00bee5b3          	or	a1,t4,a1
   10dd0:	00b89023          	sh	a1,0(a7)
   10dd4:	00e89123          	sh	a4,2(a7)
   10dd8:	00080593          	mv	a1,a6
   10ddc:	00c0006f          	j	10de8 <core_list_init+0xd4>
   10de0:	00088e13          	mv	t3,a7
   10de4:	00080393          	mv	t2,a6
   10de8:	00128293          	addi	t0,t0,1
   10dec:	000e0893          	mv	a7,t3
   10df0:	00038813          	mv	a6,t2
   10df4:	fa5512e3          	bne	a0,t0,10d98 <core_list_init+0x84>
   10df8:	00500713          	li	a4,5
   10dfc:	02e55533          	divu	a0,a0,a4
   10e00:	00200713          	li	a4,2
   10e04:	0005a783          	lw	a5,0(a1)
   10e08:	02078c63          	beqz	a5,10e40 <core_list_init+0x12c>
   10e0c:	fff70813          	addi	a6,a4,-1
   10e10:	00a86e63          	bltu	a6,a0,10e2c <core_list_init+0x118>
   10e14:	01064833          	xor	a6,a2,a6
   10e18:	01d71893          	slli	a7,a4,0x1d
   10e1c:	01281813          	slli	a6,a6,0x12
   10e20:	01285813          	srli	a6,a6,0x12
   10e24:	0158d893          	srli	a7,a7,0x15
   10e28:	0108e833          	or	a6,a7,a6
   10e2c:	0045a583          	lw	a1,4(a1)
   10e30:	01059123          	sh	a6,2(a1)
   10e34:	00170713          	addi	a4,a4,1
   10e38:	00078593          	mv	a1,a5
   10e3c:	fc9ff06f          	j	10e04 <core_list_init+0xf0>
   10e40:	000115b7          	lui	a1,0x11
   10e44:	8b858593          	addi	a1,a1,-1864 # 108b8 <cmp_idx>
   10e48:	00068513          	mv	a0,a3
   10e4c:	00000613          	li	a2,0
   10e50:	00000317          	auipc	t1,0x0
   10e54:	d1430067          	jr	-748(t1) # 10b64 <core_list_mergesort>

00010e58 <iterate>:
   10e58:	ff010113          	addi	sp,sp,-16
   10e5c:	00112623          	sw	ra,12(sp)
   10e60:	00812423          	sw	s0,8(sp)
   10e64:	00912223          	sw	s1,4(sp)
   10e68:	01212023          	sw	s2,0(sp)
   10e6c:	00050413          	mv	s0,a0
   10e70:	00000493          	li	s1,0
   10e74:	01c52903          	lw	s2,28(a0)
   10e78:	02052c23          	sw	zero,56(a0)
   10e7c:	02052e23          	sw	zero,60(a0)
   10e80:	04090a63          	beqz	s2,10ed4 <iterate+0x7c>
   10e84:	00100593          	li	a1,1
   10e88:	00040513          	mv	a0,s0
   10e8c:	00000097          	auipc	ra,0x0
   10e90:	a50080e7          	jalr	-1456(ra) # 108dc <core_bench_list>
   10e94:	03845583          	lhu	a1,56(s0)
   10e98:	00001097          	auipc	ra,0x1
   10e9c:	2fc080e7          	jalr	764(ra) # 12194 <crcu16>
   10ea0:	02a41c23          	sh	a0,56(s0)
   10ea4:	fff00593          	li	a1,-1
   10ea8:	00040513          	mv	a0,s0
   10eac:	00000097          	auipc	ra,0x0
   10eb0:	a30080e7          	jalr	-1488(ra) # 108dc <core_bench_list>
   10eb4:	03845583          	lhu	a1,56(s0)
   10eb8:	00001097          	auipc	ra,0x1
   10ebc:	2dc080e7          	jalr	732(ra) # 12194 <crcu16>
   10ec0:	02a41c23          	sh	a0,56(s0)
   10ec4:	00049463          	bnez	s1,10ecc <iterate+0x74>
   10ec8:	02a41d23          	sh	a0,58(s0)
   10ecc:	00148493          	addi	s1,s1,1
   10ed0:	fa991ae3          	bne	s2,s1,10e84 <iterate+0x2c>
   10ed4:	00000513          	li	a0,0
   10ed8:	00c12083          	lw	ra,12(sp)
   10edc:	00812403          	lw	s0,8(sp)
   10ee0:	00412483          	lw	s1,4(sp)
   10ee4:	00012903          	lw	s2,0(sp)
   10ee8:	01010113          	addi	sp,sp,16
   10eec:	00008067          	ret

00010ef0 <main>:
   10ef0:	f8010113          	addi	sp,sp,-128
   10ef4:	06112e23          	sw	ra,124(sp)
   10ef8:	06812c23          	sw	s0,120(sp)
   10efc:	06912a23          	sw	s1,116(sp)
   10f00:	07212823          	sw	s2,112(sp)
   10f04:	07312623          	sw	s3,108(sp)
   10f08:	07412423          	sw	s4,104(sp)
   10f0c:	07512223          	sw	s5,100(sp)
   10f10:	07612023          	sw	s6,96(sp)
   10f14:	05712e23          	sw	s7,92(sp)
   10f18:	05812c23          	sw	s8,88(sp)
   10f1c:	05912a23          	sw	s9,84(sp)
   10f20:	04012823          	sw	zero,80(sp)
   10f24:	04810513          	addi	a0,sp,72
   10f28:	05010593          	addi	a1,sp,80
   10f2c:	04c10613          	addi	a2,sp,76
   10f30:	00001097          	auipc	ra,0x1
   10f34:	da4080e7          	jalr	-604(ra) # 11cd4 <portable_init>
   10f38:	00100513          	li	a0,1
   10f3c:	00001097          	auipc	ra,0x1
   10f40:	1e4080e7          	jalr	484(ra) # 12120 <get_seed_32>
   10f44:	00a11223          	sh	a0,4(sp)
   10f48:	00200513          	li	a0,2
   10f4c:	00001097          	auipc	ra,0x1
   10f50:	1d4080e7          	jalr	468(ra) # 12120 <get_seed_32>
   10f54:	00a11323          	sh	a0,6(sp)
   10f58:	00300513          	li	a0,3
   10f5c:	00001097          	auipc	ra,0x1
   10f60:	1c4080e7          	jalr	452(ra) # 12120 <get_seed_32>
   10f64:	00a11423          	sh	a0,8(sp)
   10f68:	00400513          	li	a0,4
   10f6c:	00001097          	auipc	ra,0x1
   10f70:	1b4080e7          	jalr	436(ra) # 12120 <get_seed_32>
   10f74:	02a12023          	sw	a0,32(sp)
   10f78:	00500513          	li	a0,5
   10f7c:	00001097          	auipc	ra,0x1
   10f80:	1a4080e7          	jalr	420(ra) # 12120 <get_seed_32>
   10f84:	00051463          	bnez	a0,10f8c <main+0x9c>
   10f88:	00700513          	li	a0,7
   10f8c:	00415683          	lhu	a3,4(sp)
   10f90:	00615603          	lhu	a2,6(sp)
   10f94:	00815583          	lhu	a1,8(sp)
   10f98:	02a12223          	sw	a0,36(sp)
   10f9c:	00069e63          	bnez	a3,10fb8 <main+0xc8>
   10fa0:	00061c63          	bnez	a2,10fb8 <main+0xc8>
   10fa4:	00059a63          	bnez	a1,10fb8 <main+0xc8>
   10fa8:	00000613          	li	a2,0
   10fac:	06600593          	li	a1,102
   10fb0:	00012223          	sw	zero,4(sp)
   10fb4:	00b11423          	sh	a1,8(sp)
   10fb8:	00100713          	li	a4,1
   10fbc:	02e69063          	bne	a3,a4,10fdc <main+0xec>
   10fc0:	00061e63          	bnez	a2,10fdc <main+0xec>
   10fc4:	00059c63          	bnez	a1,10fdc <main+0xec>
   10fc8:	341535b7          	lui	a1,0x34153
   10fcc:	06600613          	li	a2,102
   10fd0:	41558593          	addi	a1,a1,1045 # 34153415 <__stack_top__+0x34123415>
   10fd4:	00b12223          	sw	a1,4(sp)
   10fd8:	00c11423          	sh	a2,8(sp)
   10fdc:	00000613          	li	a2,0
   10fe0:	00000713          	li	a4,0
   10fe4:	000215b7          	lui	a1,0x21
   10fe8:	82c58593          	addi	a1,a1,-2004 # 2082c <static_memblk>
   10fec:	00b12623          	sw	a1,12(sp)
   10ff0:	04011223          	sh	zero,68(sp)
   10ff4:	00300693          	li	a3,3
   10ff8:	00068c63          	beqz	a3,11010 <main+0x120>
   10ffc:	00c557b3          	srl	a5,a0,a2
   11000:	0017f793          	andi	a5,a5,1
   11004:	00e78733          	add	a4,a5,a4
   11008:	00160613          	addi	a2,a2,1
   1100c:	fed618e3          	bne	a2,a3,10ffc <main+0x10c>
   11010:	00000613          	li	a2,0
   11014:	00000693          	li	a3,0
   11018:	01071713          	slli	a4,a4,0x10
   1101c:	7d000793          	li	a5,2000
   11020:	01075713          	srli	a4,a4,0x10
   11024:	02e7d7b3          	divu	a5,a5,a4
   11028:	01010713          	addi	a4,sp,16
   1102c:	00f12e23          	sw	a5,28(sp)
   11030:	00300793          	li	a5,3
   11034:	02078c63          	beqz	a5,1106c <main+0x17c>
   11038:	00c55833          	srl	a6,a0,a2
   1103c:	00187813          	andi	a6,a6,1
   11040:	02080063          	beqz	a6,11060 <main+0x170>
   11044:	01c12803          	lw	a6,28(sp)
   11048:	01069893          	slli	a7,a3,0x10
   1104c:	0108d893          	srli	a7,a7,0x10
   11050:	03180833          	mul	a6,a6,a7
   11054:	01058833          	add	a6,a1,a6
   11058:	01072023          	sw	a6,0(a4)
   1105c:	00168693          	addi	a3,a3,1
   11060:	00160613          	addi	a2,a2,1
   11064:	00470713          	addi	a4,a4,4
   11068:	fcf618e3          	bne	a2,a5,11038 <main+0x148>
   1106c:	02412583          	lw	a1,36(sp)
   11070:	0015f513          	andi	a0,a1,1
   11074:	02050063          	beqz	a0,11094 <main+0x1a4>
   11078:	00411603          	lh	a2,4(sp)
   1107c:	01012583          	lw	a1,16(sp)
   11080:	01c12503          	lw	a0,28(sp)
   11084:	00000097          	auipc	ra,0x0
   11088:	c90080e7          	jalr	-880(ra) # 10d14 <core_list_init>
   1108c:	02412583          	lw	a1,36(sp)
   11090:	02a12423          	sw	a0,40(sp)
   11094:	0025f513          	andi	a0,a1,2
   11098:	02050663          	beqz	a0,110c4 <main+0x1d4>
   1109c:	00411603          	lh	a2,4(sp)
   110a0:	00611703          	lh	a4,6(sp)
   110a4:	01412583          	lw	a1,20(sp)
   110a8:	01c12503          	lw	a0,28(sp)
   110ac:	02c10693          	addi	a3,sp,44
   110b0:	01071713          	slli	a4,a4,0x10
   110b4:	00c76633          	or	a2,a4,a2
   110b8:	00001097          	auipc	ra,0x1
   110bc:	a48080e7          	jalr	-1464(ra) # 11b00 <core_init_matrix>
   110c0:	02412583          	lw	a1,36(sp)
   110c4:	0045f593          	andi	a1,a1,4
   110c8:	00058c63          	beqz	a1,110e0 <main+0x1f0>
   110cc:	00411583          	lh	a1,4(sp)
   110d0:	01812603          	lw	a2,24(sp)
   110d4:	01c12503          	lw	a0,28(sp)
   110d8:	00001097          	auipc	ra,0x1
   110dc:	f84080e7          	jalr	-124(ra) # 1205c <core_init_state>
   110e0:	02012503          	lw	a0,32(sp)
   110e4:	06051463          	bnez	a0,1114c <main+0x25c>
   110e8:	00100593          	li	a1,1
   110ec:	02b12023          	sw	a1,32(sp)
   110f0:	00a00413          	li	s0,10
   110f4:	04051063          	bnez	a0,11134 <main+0x244>
   110f8:	02012503          	lw	a0,32(sp)
   110fc:	02850533          	mul	a0,a0,s0
   11100:	02a12023          	sw	a0,32(sp)
   11104:	00001097          	auipc	ra,0x1
   11108:	b14080e7          	jalr	-1260(ra) # 11c18 <start_time>
   1110c:	00410513          	addi	a0,sp,4
   11110:	00000097          	auipc	ra,0x0
   11114:	d48080e7          	jalr	-696(ra) # 10e58 <iterate>
   11118:	00001097          	auipc	ra,0x1
   1111c:	b3c080e7          	jalr	-1220(ra) # 11c54 <stop_time>
   11120:	00001097          	auipc	ra,0x1
   11124:	b60080e7          	jalr	-1184(ra) # 11c80 <get_time>
   11128:	00001097          	auipc	ra,0x1
   1112c:	b84080e7          	jalr	-1148(ra) # 11cac <time_in_secs>
   11130:	fc0504e3          	beqz	a0,110f8 <main+0x208>
   11134:	00a00593          	li	a1,10
   11138:	02a5d533          	divu	a0,a1,a0
   1113c:	02012583          	lw	a1,32(sp)
   11140:	00150513          	addi	a0,a0,1
   11144:	02a58533          	mul	a0,a1,a0
   11148:	02a12023          	sw	a0,32(sp)
   1114c:	00001097          	auipc	ra,0x1
   11150:	acc080e7          	jalr	-1332(ra) # 11c18 <start_time>
   11154:	00410513          	addi	a0,sp,4
   11158:	00000097          	auipc	ra,0x0
   1115c:	d00080e7          	jalr	-768(ra) # 10e58 <iterate>
   11160:	00001097          	auipc	ra,0x1
   11164:	af4080e7          	jalr	-1292(ra) # 11c54 <stop_time>
   11168:	00001097          	auipc	ra,0x1
   1116c:	b18080e7          	jalr	-1256(ra) # 11c80 <get_time>
   11170:	00050493          	mv	s1,a0
   11174:	00411503          	lh	a0,4(sp)
   11178:	00058993          	mv	s3,a1
   1117c:	00000593          	li	a1,0
   11180:	00001097          	auipc	ra,0x1
   11184:	090080e7          	jalr	144(ra) # 12210 <crc16>
   11188:	00611583          	lh	a1,6(sp)
   1118c:	00050613          	mv	a2,a0
   11190:	00058513          	mv	a0,a1
   11194:	00060593          	mv	a1,a2
   11198:	00001097          	auipc	ra,0x1
   1119c:	078080e7          	jalr	120(ra) # 12210 <crc16>
   111a0:	00811583          	lh	a1,8(sp)
   111a4:	00050613          	mv	a2,a0
   111a8:	00058513          	mv	a0,a1
   111ac:	00060593          	mv	a1,a2
   111b0:	00001097          	auipc	ra,0x1
   111b4:	060080e7          	jalr	96(ra) # 12210 <crc16>
   111b8:	01c11583          	lh	a1,28(sp)
   111bc:	00050613          	mv	a2,a0
   111c0:	00058513          	mv	a0,a1
   111c4:	00060593          	mv	a1,a2
   111c8:	00001097          	auipc	ra,0x1
   111cc:	048080e7          	jalr	72(ra) # 12210 <crc16>
   111d0:	000025b7          	lui	a1,0x2
   111d4:	8f258593          	addi	a1,a1,-1806 # 18f2 <__STACK_SIZE+0x8f2>
   111d8:	00050413          	mv	s0,a0
   111dc:	3ab50e63          	beq	a0,a1,11598 <main+0x6a8>
   111e0:	00005537          	lui	a0,0x5
   111e4:	eaf50513          	addi	a0,a0,-337 # 4eaf <__HEAP_SIZE+0x2eaf>
   111e8:	02a40c63          	beq	s0,a0,11220 <main+0x330>
   111ec:	0000f537          	lui	a0,0xf
   111f0:	9f550513          	addi	a0,a0,-1547 # e9f5 <__HEAP_SIZE+0xc9f5>
   111f4:	04a40663          	beq	s0,a0,11240 <main+0x350>
   111f8:	00009537          	lui	a0,0x9
   111fc:	a0250513          	addi	a0,a0,-1534 # 8a02 <__HEAP_SIZE+0x6a02>
   11200:	02a40863          	beq	s0,a0,11230 <main+0x340>
   11204:	00008537          	lui	a0,0x8
   11208:	b0550513          	addi	a0,a0,-1275 # 7b05 <__HEAP_SIZE+0x5b05>
   1120c:	04a41263          	bne	s0,a0,11250 <main+0x360>
   11210:	00100913          	li	s2,1
   11214:	00020537          	lui	a0,0x20
   11218:	3bd50513          	addi	a0,a0,957 # 203bd <_impure_ptr+0x355>
   1121c:	3880006f          	j	115a4 <main+0x6b4>
   11220:	00200913          	li	s2,2
   11224:	00020537          	lui	a0,0x20
   11228:	38d50513          	addi	a0,a0,909 # 2038d <_impure_ptr+0x325>
   1122c:	3780006f          	j	115a4 <main+0x6b4>
   11230:	00000913          	li	s2,0
   11234:	00020537          	lui	a0,0x20
   11238:	3e850513          	addi	a0,a0,1000 # 203e8 <_impure_ptr+0x380>
   1123c:	3680006f          	j	115a4 <main+0x6b4>
   11240:	00300913          	li	s2,3
   11244:	00020537          	lui	a0,0x20
   11248:	36150513          	addi	a0,a0,865 # 20361 <_impure_ptr+0x2f9>
   1124c:	3580006f          	j	115a4 <main+0x6b4>
   11250:	00010b37          	lui	s6,0x10
   11254:	fffb0b13          	addi	s6,s6,-1 # ffff <__HEAP_SIZE+0xdfff>
   11258:	00001097          	auipc	ra,0x1
   1125c:	fc8080e7          	jalr	-56(ra) # 12220 <check_data_types>
   11260:	01c12583          	lw	a1,28(sp)
   11264:	00050913          	mv	s2,a0
   11268:	00020537          	lui	a0,0x20
   1126c:	11150513          	addi	a0,a0,273 # 20111 <_impure_ptr+0xa9>
   11270:	00001097          	auipc	ra,0x1
   11274:	fb8080e7          	jalr	-72(ra) # 12228 <iprintf>
   11278:	00020537          	lui	a0,0x20
   1127c:	12950513          	addi	a0,a0,297 # 20129 <_impure_ptr+0xc1>
   11280:	00048593          	mv	a1,s1
   11284:	00001097          	auipc	ra,0x1
   11288:	fa4080e7          	jalr	-92(ra) # 12228 <iprintf>
   1128c:	000f4537          	lui	a0,0xf4
   11290:	24050513          	addi	a0,a0,576 # f4240 <__stack_top__+0xc4240>
   11294:	02a985b3          	mul	a1,s3,a0
   11298:	02a4b633          	mulhu	a2,s1,a0
   1129c:	00b605b3          	add	a1,a2,a1
   112a0:	02a48533          	mul	a0,s1,a0
   112a4:	04787637          	lui	a2,0x4787
   112a8:	8c060613          	addi	a2,a2,-1856 # 47868c0 <__stack_top__+0x47568c0>
   112ac:	00000693          	li	a3,0
   112b0:	00003097          	auipc	ra,0x3
   112b4:	cc0080e7          	jalr	-832(ra) # 13f70 <__udivdi3>
   112b8:	00050993          	mv	s3,a0
   112bc:	00020537          	lui	a0,0x20
   112c0:	14150513          	addi	a0,a0,321 # 20141 <_impure_ptr+0xd9>
   112c4:	00098593          	mv	a1,s3
   112c8:	00001097          	auipc	ra,0x1
   112cc:	f60080e7          	jalr	-160(ra) # 12228 <iprintf>
   112d0:	0a098e63          	beqz	s3,1138c <main+0x49c>
   112d4:	02012503          	lw	a0,32(sp)
   112d8:	0ae00593          	li	a1,174
   112dc:	9f7bd637          	lui	a2,0x9f7bd
   112e0:	c0060613          	addi	a2,a2,-1024 # 9f7bcc00 <__stack_top__+0x9f78cc00>
   112e4:	02b505b3          	mul	a1,a0,a1
   112e8:	02c536b3          	mulhu	a3,a0,a2
   112ec:	00b685b3          	add	a1,a3,a1
   112f0:	02c50533          	mul	a0,a0,a2
   112f4:	00048613          	mv	a2,s1
   112f8:	00000693          	li	a3,0
   112fc:	00003097          	auipc	ra,0x3
   11300:	c74080e7          	jalr	-908(ra) # 13f70 <__udivdi3>
   11304:	00050493          	mv	s1,a0
   11308:	00058993          	mv	s3,a1
   1130c:	00020537          	lui	a0,0x20
   11310:	15850513          	addi	a0,a0,344 # 20158 <_impure_ptr+0xf0>
   11314:	00001097          	auipc	ra,0x1
   11318:	f14080e7          	jalr	-236(ra) # 12228 <iprintf>
   1131c:	00002a37          	lui	s4,0x2
   11320:	710a0a13          	addi	s4,s4,1808 # 2710 <__HEAP_SIZE+0x710>
   11324:	00048513          	mv	a0,s1
   11328:	000a0593          	mv	a1,s4
   1132c:	fffff097          	auipc	ra,0xfffff
   11330:	370080e7          	jalr	880(ra) # 1069c <print_fixed_scaled>
   11334:	00a00513          	li	a0,10
   11338:	00001097          	auipc	ra,0x1
   1133c:	f44080e7          	jalr	-188(ra) # 1227c <putchar>
   11340:	04b00613          	li	a2,75
   11344:	00048513          	mv	a0,s1
   11348:	00098593          	mv	a1,s3
   1134c:	00000693          	li	a3,0
   11350:	00003097          	auipc	ra,0x3
   11354:	c20080e7          	jalr	-992(ra) # 13f70 <__udivdi3>
   11358:	00050493          	mv	s1,a0
   1135c:	00020537          	lui	a0,0x20
   11360:	16c50513          	addi	a0,a0,364 # 2016c <_impure_ptr+0x104>
   11364:	00001097          	auipc	ra,0x1
   11368:	ec4080e7          	jalr	-316(ra) # 12228 <iprintf>
   1136c:	00048513          	mv	a0,s1
   11370:	000a0593          	mv	a1,s4
   11374:	fffff097          	auipc	ra,0xfffff
   11378:	328080e7          	jalr	808(ra) # 1069c <print_fixed_scaled>
   1137c:	00a00513          	li	a0,10
   11380:	00001097          	auipc	ra,0x1
   11384:	efc080e7          	jalr	-260(ra) # 1227c <putchar>
   11388:	0240006f          	j	113ac <main+0x4bc>
   1138c:	00020537          	lui	a0,0x20
   11390:	41450513          	addi	a0,a0,1044 # 20414 <_impure_ptr+0x3ac>
   11394:	00001097          	auipc	ra,0x1
   11398:	064080e7          	jalr	100(ra) # 123f8 <puts>
   1139c:	00020537          	lui	a0,0x20
   113a0:	43c50513          	addi	a0,a0,1084 # 2043c <_impure_ptr+0x3d4>
   113a4:	00001097          	auipc	ra,0x1
   113a8:	054080e7          	jalr	84(ra) # 123f8 <puts>
   113ac:	bc6024f3          	csrr	s1,0xbc6
   113b0:	bc9029f3          	csrr	s3,0xbc9
   113b4:	00020537          	lui	a0,0x20
   113b8:	18050513          	addi	a0,a0,384 # 20180 <_impure_ptr+0x118>
   113bc:	00048593          	mv	a1,s1
   113c0:	00001097          	auipc	ra,0x1
   113c4:	e68080e7          	jalr	-408(ra) # 12228 <iprintf>
   113c8:	00020537          	lui	a0,0x20
   113cc:	19650513          	addi	a0,a0,406 # 20196 <_impure_ptr+0x12e>
   113d0:	00098593          	mv	a1,s3
   113d4:	00001097          	auipc	ra,0x1
   113d8:	e54080e7          	jalr	-428(ra) # 12228 <iprintf>
   113dc:	04048a63          	beqz	s1,11430 <main+0x540>
   113e0:	413489b3          	sub	s3,s1,s3
   113e4:	00020537          	lui	a0,0x20
   113e8:	1ac50513          	addi	a0,a0,428 # 201ac <_impure_ptr+0x144>
   113ec:	00001097          	auipc	ra,0x1
   113f0:	e3c080e7          	jalr	-452(ra) # 12228 <iprintf>
   113f4:	00002537          	lui	a0,0x2
   113f8:	71050593          	addi	a1,a0,1808 # 2710 <__HEAP_SIZE+0x710>
   113fc:	02b98533          	mul	a0,s3,a1
   11400:	02b9b5b3          	mulhu	a1,s3,a1
   11404:	00048613          	mv	a2,s1
   11408:	00000693          	li	a3,0
   1140c:	00003097          	auipc	ra,0x3
   11410:	b64080e7          	jalr	-1180(ra) # 13f70 <__udivdi3>
   11414:	06400593          	li	a1,100
   11418:	fffff097          	auipc	ra,0xfffff
   1141c:	284080e7          	jalr	644(ra) # 1069c <print_fixed_scaled>
   11420:	00020537          	lui	a0,0x20
   11424:	1bf50513          	addi	a0,a0,447 # 201bf <_impure_ptr+0x157>
   11428:	00001097          	auipc	ra,0x1
   1142c:	e00080e7          	jalr	-512(ra) # 12228 <iprintf>
   11430:	02012583          	lw	a1,32(sp)
   11434:	00020537          	lui	a0,0x20
   11438:	1c350513          	addi	a0,a0,451 # 201c3 <_impure_ptr+0x15b>
   1143c:	00001097          	auipc	ra,0x1
   11440:	dec080e7          	jalr	-532(ra) # 12228 <iprintf>
   11444:	00020537          	lui	a0,0x20
   11448:	1db50513          	addi	a0,a0,475 # 201db <_impure_ptr+0x173>
   1144c:	000205b7          	lui	a1,0x20
   11450:	1f258593          	addi	a1,a1,498 # 201f2 <_impure_ptr+0x18a>
   11454:	00001097          	auipc	ra,0x1
   11458:	dd4080e7          	jalr	-556(ra) # 12228 <iprintf>
   1145c:	00020537          	lui	a0,0x20
   11460:	25250513          	addi	a0,a0,594 # 20252 <_impure_ptr+0x1ea>
   11464:	000205b7          	lui	a1,0x20
   11468:	26958593          	addi	a1,a1,617 # 20269 <_impure_ptr+0x201>
   1146c:	00001097          	auipc	ra,0x1
   11470:	dbc080e7          	jalr	-580(ra) # 12228 <iprintf>
   11474:	00020537          	lui	a0,0x20
   11478:	28d50513          	addi	a0,a0,653 # 2028d <_impure_ptr+0x225>
   1147c:	000205b7          	lui	a1,0x20
   11480:	2a458593          	addi	a1,a1,676 # 202a4 <_impure_ptr+0x23c>
   11484:	00001097          	auipc	ra,0x1
   11488:	da4080e7          	jalr	-604(ra) # 12228 <iprintf>
   1148c:	00020537          	lui	a0,0x20
   11490:	2ab50513          	addi	a0,a0,683 # 202ab <_impure_ptr+0x243>
   11494:	00040593          	mv	a1,s0
   11498:	00001097          	auipc	ra,0x1
   1149c:	d90080e7          	jalr	-624(ra) # 12228 <iprintf>
   114a0:	02412503          	lw	a0,36(sp)
   114a4:	00157593          	andi	a1,a0,1
   114a8:	02058063          	beqz	a1,114c8 <main+0x5d8>
   114ac:	03e15603          	lhu	a2,62(sp)
   114b0:	00020537          	lui	a0,0x20
   114b4:	2c650513          	addi	a0,a0,710 # 202c6 <_impure_ptr+0x25e>
   114b8:	00000593          	li	a1,0
   114bc:	00001097          	auipc	ra,0x1
   114c0:	d6c080e7          	jalr	-660(ra) # 12228 <iprintf>
   114c4:	02412503          	lw	a0,36(sp)
   114c8:	00257593          	andi	a1,a0,2
   114cc:	02058063          	beqz	a1,114ec <main+0x5fc>
   114d0:	04015603          	lhu	a2,64(sp)
   114d4:	00020537          	lui	a0,0x20
   114d8:	2e250513          	addi	a0,a0,738 # 202e2 <_impure_ptr+0x27a>
   114dc:	00000593          	li	a1,0
   114e0:	00001097          	auipc	ra,0x1
   114e4:	d48080e7          	jalr	-696(ra) # 12228 <iprintf>
   114e8:	02412503          	lw	a0,36(sp)
   114ec:	00457513          	andi	a0,a0,4
   114f0:	00050e63          	beqz	a0,1150c <main+0x61c>
   114f4:	04215603          	lhu	a2,66(sp)
   114f8:	00020537          	lui	a0,0x20
   114fc:	2fe50513          	addi	a0,a0,766 # 202fe <_impure_ptr+0x296>
   11500:	00000593          	li	a1,0
   11504:	00001097          	auipc	ra,0x1
   11508:	d24080e7          	jalr	-732(ra) # 12228 <iprintf>
   1150c:	03c15603          	lhu	a2,60(sp)
   11510:	00020537          	lui	a0,0x20
   11514:	31a50513          	addi	a0,a0,794 # 2031a <_impure_ptr+0x2b2>
   11518:	00000593          	li	a1,0
   1151c:	00001097          	auipc	ra,0x1
   11520:	d0c080e7          	jalr	-756(ra) # 12228 <iprintf>
   11524:	012b05b3          	add	a1,s6,s2
   11528:	01059593          	slli	a1,a1,0x10
   1152c:	4105d513          	srai	a0,a1,0x10
   11530:	00a04a63          	bgtz	a0,11544 <main+0x654>
   11534:	00020537          	lui	a0,0x20
   11538:	4ab50513          	addi	a0,a0,1195 # 204ab <_impure_ptr+0x443>
   1153c:	00058a63          	beqz	a1,11550 <main+0x660>
   11540:	0180006f          	j	11558 <main+0x668>
   11544:	00020537          	lui	a0,0x20
   11548:	49b50513          	addi	a0,a0,1179 # 2049b <_impure_ptr+0x433>
   1154c:	00059663          	bnez	a1,11558 <main+0x668>
   11550:	00020537          	lui	a0,0x20
   11554:	45350513          	addi	a0,a0,1107 # 20453 <_impure_ptr+0x3eb>
   11558:	00001097          	auipc	ra,0x1
   1155c:	ea0080e7          	jalr	-352(ra) # 123f8 <puts>
   11560:	00000513          	li	a0,0
   11564:	07c12083          	lw	ra,124(sp)
   11568:	07812403          	lw	s0,120(sp)
   1156c:	07412483          	lw	s1,116(sp)
   11570:	07012903          	lw	s2,112(sp)
   11574:	06c12983          	lw	s3,108(sp)
   11578:	06812a03          	lw	s4,104(sp)
   1157c:	06412a83          	lw	s5,100(sp)
   11580:	06012b03          	lw	s6,96(sp)
   11584:	05c12b83          	lw	s7,92(sp)
   11588:	05812c03          	lw	s8,88(sp)
   1158c:	05412c83          	lw	s9,84(sp)
   11590:	08010113          	addi	sp,sp,128
   11594:	00008067          	ret
   11598:	00400913          	li	s2,4
   1159c:	00020537          	lui	a0,0x20
   115a0:	33650513          	addi	a0,a0,822 # 20336 <_impure_ptr+0x2ce>
   115a4:	00001097          	auipc	ra,0x1
   115a8:	e54080e7          	jalr	-428(ra) # 123f8 <puts>
   115ac:	00000b13          	li	s6,0
   115b0:	00191c93          	slli	s9,s2,0x1
   115b4:	00020bb7          	lui	s7,0x20
   115b8:	5a4b8b93          	addi	s7,s7,1444 # 205a4 <list_known_crc>
   115bc:	00020c37          	lui	s8,0x20
   115c0:	5aec0c13          	addi	s8,s8,1454 # 205ae <matrix_known_crc>
   115c4:	00020537          	lui	a0,0x20
   115c8:	5b850513          	addi	a0,a0,1464 # 205b8 <state_known_crc>
   115cc:	00100593          	li	a1,1
   115d0:	00020937          	lui	s2,0x20
   115d4:	0e190913          	addi	s2,s2,225 # 200e1 <_impure_ptr+0x79>
   115d8:	00020a37          	lui	s4,0x20
   115dc:	0b0a0a13          	addi	s4,s4,176 # 200b0 <_impure_ptr+0x48>
   115e0:	019b8bb3          	add	s7,s7,s9
   115e4:	019c0c33          	add	s8,s8,s9
   115e8:	01950cb3          	add	s9,a0,s9
   115ec:	00020ab7          	lui	s5,0x20
   115f0:	081a8a93          	addi	s5,s5,129 # 20081 <_impure_ptr+0x19>
   115f4:	0015f593          	andi	a1,a1,1
   115f8:	c60580e3          	beqz	a1,11258 <main+0x368>
   115fc:	02412583          	lw	a1,36(sp)
   11600:	0015f513          	andi	a0,a1,1
   11604:	04011223          	sh	zero,68(sp)
   11608:	02050c63          	beqz	a0,11640 <main+0x750>
   1160c:	03e15603          	lhu	a2,62(sp)
   11610:	000bd683          	lhu	a3,0(s7)
   11614:	00d61663          	bne	a2,a3,11620 <main+0x730>
   11618:	00000513          	li	a0,0
   1161c:	0240006f          	j	11640 <main+0x750>
   11620:	000a8513          	mv	a0,s5
   11624:	00000593          	li	a1,0
   11628:	00001097          	auipc	ra,0x1
   1162c:	c00080e7          	jalr	-1024(ra) # 12228 <iprintf>
   11630:	04411503          	lh	a0,68(sp)
   11634:	02412583          	lw	a1,36(sp)
   11638:	00150513          	addi	a0,a0,1
   1163c:	04a11223          	sh	a0,68(sp)
   11640:	0025f613          	andi	a2,a1,2
   11644:	02060863          	beqz	a2,11674 <main+0x784>
   11648:	04015603          	lhu	a2,64(sp)
   1164c:	000c5683          	lhu	a3,0(s8)
   11650:	02d60263          	beq	a2,a3,11674 <main+0x784>
   11654:	000a0513          	mv	a0,s4
   11658:	00000593          	li	a1,0
   1165c:	00001097          	auipc	ra,0x1
   11660:	bcc080e7          	jalr	-1076(ra) # 12228 <iprintf>
   11664:	04411503          	lh	a0,68(sp)
   11668:	02412583          	lw	a1,36(sp)
   1166c:	00150513          	addi	a0,a0,1
   11670:	04a11223          	sh	a0,68(sp)
   11674:	0045f593          	andi	a1,a1,4
   11678:	02058663          	beqz	a1,116a4 <main+0x7b4>
   1167c:	04215603          	lhu	a2,66(sp)
   11680:	000cd683          	lhu	a3,0(s9)
   11684:	02d60063          	beq	a2,a3,116a4 <main+0x7b4>
   11688:	00090513          	mv	a0,s2
   1168c:	00000593          	li	a1,0
   11690:	00001097          	auipc	ra,0x1
   11694:	b98080e7          	jalr	-1128(ra) # 12228 <iprintf>
   11698:	04411503          	lh	a0,68(sp)
   1169c:	00150513          	addi	a0,a0,1
   116a0:	04a11223          	sh	a0,68(sp)
   116a4:	00000593          	li	a1,0
   116a8:	01650b33          	add	s6,a0,s6
   116ac:	f49ff06f          	j	115f4 <main+0x704>

000116b0 <core_bench_matrix>:
   116b0:	ff010113          	addi	sp,sp,-16
   116b4:	00112623          	sw	ra,12(sp)
   116b8:	00812423          	sw	s0,8(sp)
   116bc:	00060413          	mv	s0,a2
   116c0:	00052703          	lw	a4,0(a0)
   116c4:	00452603          	lw	a2,4(a0)
   116c8:	00852683          	lw	a3,8(a0)
   116cc:	00c52783          	lw	a5,12(a0)
   116d0:	00058813          	mv	a6,a1
   116d4:	00070513          	mv	a0,a4
   116d8:	00078593          	mv	a1,a5
   116dc:	00080713          	mv	a4,a6
   116e0:	00000097          	auipc	ra,0x0
   116e4:	020080e7          	jalr	32(ra) # 11700 <matrix_test>
   116e8:	00040593          	mv	a1,s0
   116ec:	00c12083          	lw	ra,12(sp)
   116f0:	00812403          	lw	s0,8(sp)
   116f4:	01010113          	addi	sp,sp,16
   116f8:	00001317          	auipc	t1,0x1
   116fc:	b1830067          	jr	-1256(t1) # 12210 <crc16>

00011700 <matrix_test>:
   11700:	fe010113          	addi	sp,sp,-32
   11704:	00112e23          	sw	ra,28(sp)
   11708:	00812c23          	sw	s0,24(sp)
   1170c:	00912a23          	sw	s1,20(sp)
   11710:	01212823          	sw	s2,16(sp)
   11714:	01312623          	sw	s3,12(sp)
   11718:	01412423          	sw	s4,8(sp)
   1171c:	01512223          	sw	s5,4(sp)
   11720:	01612023          	sw	s6,0(sp)
   11724:	00070913          	mv	s2,a4
   11728:	00068a93          	mv	s5,a3
   1172c:	00060413          	mv	s0,a2
   11730:	00058993          	mv	s3,a1
   11734:	00050493          	mv	s1,a0
   11738:	fffff537          	lui	a0,0xfffff
   1173c:	00a76a33          	or	s4,a4,a0
   11740:	00048513          	mv	a0,s1
   11744:	00060593          	mv	a1,a2
   11748:	00070613          	mv	a2,a4
   1174c:	00000097          	auipc	ra,0x0
   11750:	120080e7          	jalr	288(ra) # 1186c <matrix_add_const>
   11754:	00048513          	mv	a0,s1
   11758:	00098593          	mv	a1,s3
   1175c:	00040613          	mv	a2,s0
   11760:	00090693          	mv	a3,s2
   11764:	00000097          	auipc	ra,0x0
   11768:	148080e7          	jalr	328(ra) # 118ac <matrix_mul_const>
   1176c:	00048513          	mv	a0,s1
   11770:	00098593          	mv	a1,s3
   11774:	000a0613          	mv	a2,s4
   11778:	00000097          	auipc	ra,0x0
   1177c:	184080e7          	jalr	388(ra) # 118fc <matrix_sum>
   11780:	00000593          	li	a1,0
   11784:	00001097          	auipc	ra,0x1
   11788:	a8c080e7          	jalr	-1396(ra) # 12210 <crc16>
   1178c:	00000297          	auipc	t0,0x0
   11790:	474282e7          	jalr	t0,1140(t0) # 11c00 <OUTLINED_FUNCTION_0>
   11794:	00000097          	auipc	ra,0x0
   11798:	1dc080e7          	jalr	476(ra) # 11970 <matrix_mul_vect>
   1179c:	00048513          	mv	a0,s1
   117a0:	00098593          	mv	a1,s3
   117a4:	000a0613          	mv	a2,s4
   117a8:	00000097          	auipc	ra,0x0
   117ac:	154080e7          	jalr	340(ra) # 118fc <matrix_sum>
   117b0:	000b0593          	mv	a1,s6
   117b4:	00001097          	auipc	ra,0x1
   117b8:	a5c080e7          	jalr	-1444(ra) # 12210 <crc16>
   117bc:	00000297          	auipc	t0,0x0
   117c0:	444282e7          	jalr	t0,1092(t0) # 11c00 <OUTLINED_FUNCTION_0>
   117c4:	00000097          	auipc	ra,0x0
   117c8:	208080e7          	jalr	520(ra) # 119cc <matrix_mul_matrix>
   117cc:	00048513          	mv	a0,s1
   117d0:	00098593          	mv	a1,s3
   117d4:	000a0613          	mv	a2,s4
   117d8:	00000097          	auipc	ra,0x0
   117dc:	124080e7          	jalr	292(ra) # 118fc <matrix_sum>
   117e0:	000b0593          	mv	a1,s6
   117e4:	00001097          	auipc	ra,0x1
   117e8:	a2c080e7          	jalr	-1492(ra) # 12210 <crc16>
   117ec:	00000297          	auipc	t0,0x0
   117f0:	414282e7          	jalr	t0,1044(t0) # 11c00 <OUTLINED_FUNCTION_0>
   117f4:	00000097          	auipc	ra,0x0
   117f8:	268080e7          	jalr	616(ra) # 11a5c <matrix_mul_matrix_bitextract>
   117fc:	00048513          	mv	a0,s1
   11800:	00098593          	mv	a1,s3
   11804:	000a0613          	mv	a2,s4
   11808:	00000097          	auipc	ra,0x0
   1180c:	0f4080e7          	jalr	244(ra) # 118fc <matrix_sum>
   11810:	000b0593          	mv	a1,s6
   11814:	00001097          	auipc	ra,0x1
   11818:	9fc080e7          	jalr	-1540(ra) # 12210 <crc16>
   1181c:	00050993          	mv	s3,a0
   11820:	41200533          	neg	a0,s2
   11824:	01051513          	slli	a0,a0,0x10
   11828:	41055613          	srai	a2,a0,0x10
   1182c:	00048513          	mv	a0,s1
   11830:	00040593          	mv	a1,s0
   11834:	00000097          	auipc	ra,0x0
   11838:	038080e7          	jalr	56(ra) # 1186c <matrix_add_const>
   1183c:	01099513          	slli	a0,s3,0x10
   11840:	41055513          	srai	a0,a0,0x10
   11844:	01c12083          	lw	ra,28(sp)
   11848:	01812403          	lw	s0,24(sp)
   1184c:	01412483          	lw	s1,20(sp)
   11850:	01012903          	lw	s2,16(sp)
   11854:	00c12983          	lw	s3,12(sp)
   11858:	00812a03          	lw	s4,8(sp)
   1185c:	00412a83          	lw	s5,4(sp)
   11860:	00012b03          	lw	s6,0(sp)
   11864:	02010113          	addi	sp,sp,32
   11868:	00008067          	ret

0001186c <matrix_add_const>:
   1186c:	00000693          	li	a3,0
   11870:	00151713          	slli	a4,a0,0x1
   11874:	02050a63          	beqz	a0,118a8 <matrix_add_const+0x3c>
   11878:	00050793          	mv	a5,a0
   1187c:	00058813          	mv	a6,a1
   11880:	00050e63          	beqz	a0,1189c <matrix_add_const+0x30>
   11884:	00081883          	lh	a7,0(a6)
   11888:	00c888b3          	add	a7,a7,a2
   1188c:	01181023          	sh	a7,0(a6)
   11890:	00280813          	addi	a6,a6,2
   11894:	fff78793          	addi	a5,a5,-1
   11898:	fe0796e3          	bnez	a5,11884 <matrix_add_const+0x18>
   1189c:	00168693          	addi	a3,a3,1
   118a0:	00e585b3          	add	a1,a1,a4
   118a4:	fca69ae3          	bne	a3,a0,11878 <matrix_add_const+0xc>
   118a8:	00008067          	ret

000118ac <matrix_mul_const>:
   118ac:	00000713          	li	a4,0
   118b0:	00251793          	slli	a5,a0,0x2
   118b4:	00151813          	slli	a6,a0,0x1
   118b8:	04050063          	beqz	a0,118f8 <matrix_mul_const+0x4c>
   118bc:	00050893          	mv	a7,a0
   118c0:	00060293          	mv	t0,a2
   118c4:	00058313          	mv	t1,a1
   118c8:	02050063          	beqz	a0,118e8 <matrix_mul_const+0x3c>
   118cc:	00029383          	lh	t2,0(t0)
   118d0:	00228293          	addi	t0,t0,2
   118d4:	02d383b3          	mul	t2,t2,a3
   118d8:	00732023          	sw	t2,0(t1)
   118dc:	00430313          	addi	t1,t1,4
   118e0:	fff88893          	addi	a7,a7,-1
   118e4:	fe0894e3          	bnez	a7,118cc <matrix_mul_const+0x20>
   118e8:	00170713          	addi	a4,a4,1
   118ec:	00f585b3          	add	a1,a1,a5
   118f0:	01060633          	add	a2,a2,a6
   118f4:	fca714e3          	bne	a4,a0,118bc <matrix_mul_const+0x10>
   118f8:	00008067          	ret

000118fc <matrix_sum>:
   118fc:	00000813          	li	a6,0
   11900:	00000893          	li	a7,0
   11904:	00000693          	li	a3,0
   11908:	00000713          	li	a4,0
   1190c:	00251793          	slli	a5,a0,0x2
   11910:	04050a63          	beqz	a0,11964 <matrix_sum+0x68>
   11914:	00050293          	mv	t0,a0
   11918:	00058313          	mv	t1,a1
   1191c:	02050e63          	beqz	a0,11958 <matrix_sum+0x5c>
   11920:	00032383          	lw	t2,0(t1)
   11924:	01038833          	add	a6,t2,a6
   11928:	01065663          	bge	a2,a6,11934 <matrix_sum+0x38>
   1192c:	00a00893          	li	a7,10
   11930:	0080006f          	j	11938 <matrix_sum+0x3c>
   11934:	0078a8b3          	slt	a7,a7,t2
   11938:	01062e33          	slt	t3,a2,a6
   1193c:	00d886b3          	add	a3,a7,a3
   11940:	00430313          	addi	t1,t1,4
   11944:	fffe0e13          	addi	t3,t3,-1
   11948:	010e7833          	and	a6,t3,a6
   1194c:	fff28293          	addi	t0,t0,-1
   11950:	00038893          	mv	a7,t2
   11954:	fc0296e3          	bnez	t0,11920 <matrix_sum+0x24>
   11958:	00170713          	addi	a4,a4,1
   1195c:	00f585b3          	add	a1,a1,a5
   11960:	faa71ae3          	bne	a4,a0,11914 <matrix_sum+0x18>
   11964:	01069513          	slli	a0,a3,0x10
   11968:	41055513          	srai	a0,a0,0x10
   1196c:	00008067          	ret

00011970 <matrix_mul_vect>:
   11970:	00000713          	li	a4,0
   11974:	00151793          	slli	a5,a0,0x1
   11978:	04050863          	beqz	a0,119c8 <matrix_mul_vect+0x58>
   1197c:	00000813          	li	a6,0
   11980:	00271893          	slli	a7,a4,0x2
   11984:	011588b3          	add	a7,a1,a7
   11988:	00050293          	mv	t0,a0
   1198c:	00068313          	mv	t1,a3
   11990:	00060393          	mv	t2,a2
   11994:	02050263          	beqz	a0,119b8 <matrix_mul_vect+0x48>
   11998:	00039e03          	lh	t3,0(t2)
   1199c:	00031e83          	lh	t4,0(t1)
   119a0:	00238393          	addi	t2,t2,2
   119a4:	00230313          	addi	t1,t1,2
   119a8:	03ce8e33          	mul	t3,t4,t3
   119ac:	010e0833          	add	a6,t3,a6
   119b0:	fff28293          	addi	t0,t0,-1
   119b4:	fe0292e3          	bnez	t0,11998 <matrix_mul_vect+0x28>
   119b8:	0108a023          	sw	a6,0(a7)
   119bc:	00170713          	addi	a4,a4,1
   119c0:	00f60633          	add	a2,a2,a5
   119c4:	faa71ce3          	bne	a4,a0,1197c <matrix_mul_vect+0xc>
   119c8:	00008067          	ret

000119cc <matrix_mul_matrix>:
   119cc:	ff010113          	addi	sp,sp,-16
   119d0:	00812623          	sw	s0,12(sp)
   119d4:	00000713          	li	a4,0
   119d8:	00151793          	slli	a5,a0,0x1
   119dc:	06050a63          	beqz	a0,11a50 <matrix_mul_matrix+0x84>
   119e0:	00000813          	li	a6,0
   119e4:	02a708b3          	mul	a7,a4,a0
   119e8:	00289893          	slli	a7,a7,0x2
   119ec:	011588b3          	add	a7,a1,a7
   119f0:	00068293          	mv	t0,a3
   119f4:	04050863          	beqz	a0,11a44 <matrix_mul_matrix+0x78>
   119f8:	00000313          	li	t1,0
   119fc:	00281393          	slli	t2,a6,0x2
   11a00:	007883b3          	add	t2,a7,t2
   11a04:	00050e13          	mv	t3,a0
   11a08:	00028e93          	mv	t4,t0
   11a0c:	00060f13          	mv	t5,a2
   11a10:	02050263          	beqz	a0,11a34 <matrix_mul_matrix+0x68>
   11a14:	000f1f83          	lh	t6,0(t5)
   11a18:	000e9403          	lh	s0,0(t4)
   11a1c:	002f0f13          	addi	t5,t5,2
   11a20:	00fe8eb3          	add	t4,t4,a5
   11a24:	03f40fb3          	mul	t6,s0,t6
   11a28:	006f8333          	add	t1,t6,t1
   11a2c:	fffe0e13          	addi	t3,t3,-1
   11a30:	fe0e12e3          	bnez	t3,11a14 <matrix_mul_matrix+0x48>
   11a34:	0063a023          	sw	t1,0(t2)
   11a38:	00180813          	addi	a6,a6,1
   11a3c:	00228293          	addi	t0,t0,2
   11a40:	faa81ce3          	bne	a6,a0,119f8 <matrix_mul_matrix+0x2c>
   11a44:	00170713          	addi	a4,a4,1
   11a48:	00f60633          	add	a2,a2,a5
   11a4c:	f8a71ae3          	bne	a4,a0,119e0 <matrix_mul_matrix+0x14>
   11a50:	00c12403          	lw	s0,12(sp)
   11a54:	01010113          	addi	sp,sp,16
   11a58:	00008067          	ret

00011a5c <matrix_mul_matrix_bitextract>:
   11a5c:	ff010113          	addi	sp,sp,-16
   11a60:	00812623          	sw	s0,12(sp)
   11a64:	00000713          	li	a4,0
   11a68:	00151793          	slli	a5,a0,0x1
   11a6c:	08050463          	beqz	a0,11af4 <matrix_mul_matrix_bitextract+0x98>
   11a70:	00000813          	li	a6,0
   11a74:	02a708b3          	mul	a7,a4,a0
   11a78:	00289893          	slli	a7,a7,0x2
   11a7c:	011588b3          	add	a7,a1,a7
   11a80:	00068293          	mv	t0,a3
   11a84:	06050263          	beqz	a0,11ae8 <matrix_mul_matrix_bitextract+0x8c>
   11a88:	00000313          	li	t1,0
   11a8c:	00281393          	slli	t2,a6,0x2
   11a90:	007883b3          	add	t2,a7,t2
   11a94:	00050e13          	mv	t3,a0
   11a98:	00028e93          	mv	t4,t0
   11a9c:	00060f13          	mv	t5,a2
   11aa0:	02050c63          	beqz	a0,11ad8 <matrix_mul_matrix_bitextract+0x7c>
   11aa4:	000f5f83          	lhu	t6,0(t5)
   11aa8:	000ed403          	lhu	s0,0(t4)
   11aac:	002f0f13          	addi	t5,t5,2
   11ab0:	00fe8eb3          	add	t4,t4,a5
   11ab4:	03f40fb3          	mul	t6,s0,t6
   11ab8:	01af9413          	slli	s0,t6,0x1a
   11abc:	014f9f93          	slli	t6,t6,0x14
   11ac0:	01c45413          	srli	s0,s0,0x1c
   11ac4:	019fdf93          	srli	t6,t6,0x19
   11ac8:	03f40fb3          	mul	t6,s0,t6
   11acc:	006f8333          	add	t1,t6,t1
   11ad0:	fffe0e13          	addi	t3,t3,-1
   11ad4:	fc0e18e3          	bnez	t3,11aa4 <matrix_mul_matrix_bitextract+0x48>
   11ad8:	0063a023          	sw	t1,0(t2)
   11adc:	00180813          	addi	a6,a6,1
   11ae0:	00228293          	addi	t0,t0,2
   11ae4:	faa812e3          	bne	a6,a0,11a88 <matrix_mul_matrix_bitextract+0x2c>
   11ae8:	00170713          	addi	a4,a4,1
   11aec:	00f60633          	add	a2,a2,a5
   11af0:	f8a710e3          	bne	a4,a0,11a70 <matrix_mul_matrix_bitextract+0x14>
   11af4:	00c12403          	lw	s0,12(sp)
   11af8:	01010113          	addi	sp,sp,16
   11afc:	00008067          	ret

00011b00 <core_init_matrix>:
   11b00:	00050713          	mv	a4,a0
   11b04:	fff00513          	li	a0,-1
   11b08:	ffe00893          	li	a7,-2
   11b0c:	00200393          	li	t2,2
   11b10:	00800813          	li	a6,8
   11b14:	ffe00793          	li	a5,-2
   11b18:	02070263          	beqz	a4,11b3c <core_init_matrix+0x3c>
   11b1c:	00250293          	addi	t0,a0,2 # fffff002 <__stack_top__+0xfffcf002>
   11b20:	00150513          	addi	a0,a0,1
   11b24:	00278793          	addi	a5,a5,2
   11b28:	011383b3          	add	t2,t2,a7
   11b2c:	00488893          	addi	a7,a7,4
   11b30:	025802b3          	mul	t0,a6,t0
   11b34:	00880813          	addi	a6,a6,8
   11b38:	fee2e2e3          	bltu	t0,a4,11b1c <core_init_matrix+0x1c>
   11b3c:	ff010113          	addi	sp,sp,-16
   11b40:	00812623          	sw	s0,12(sp)
   11b44:	00912423          	sw	s1,8(sp)
   11b48:	00000713          	li	a4,0
   11b4c:	00163313          	seqz	t1,a2
   11b50:	00358593          	addi	a1,a1,3
   11b54:	02a50833          	mul	a6,a0,a0
   11b58:	00100893          	li	a7,1
   11b5c:	00660333          	add	t1,a2,t1
   11b60:	ffc5f293          	andi	t0,a1,-4
   11b64:	00181813          	slli	a6,a6,0x1
   11b68:	00028593          	mv	a1,t0
   11b6c:	01028633          	add	a2,t0,a6
   11b70:	007283b3          	add	t2,t0,t2
   11b74:	00010e37          	lui	t3,0x10
   11b78:	04050e63          	beqz	a0,11bd4 <core_init_matrix+0xd4>
   11b7c:	00189e93          	slli	t4,a7,0x1
   11b80:	00050f13          	mv	t5,a0
   11b84:	00038f93          	mv	t6,t2
   11b88:	00028413          	mv	s0,t0
   11b8c:	02050c63          	beqz	a0,11bc4 <core_init_matrix+0xc4>
   11b90:	03130333          	mul	t1,t1,a7
   11b94:	03c36333          	rem	t1,t1,t3
   11b98:	006884b3          	add	s1,a7,t1
   11b9c:	009f9023          	sh	s1,0(t6)
   11ba0:	006e84b3          	add	s1,t4,t1
   11ba4:	00188893          	addi	a7,a7,1
   11ba8:	002e8e93          	addi	t4,t4,2
   11bac:	0ff4f493          	zext.b	s1,s1
   11bb0:	002f8f93          	addi	t6,t6,2
   11bb4:	00941023          	sh	s1,0(s0)
   11bb8:	00240413          	addi	s0,s0,2
   11bbc:	ffff0f13          	addi	t5,t5,-1
   11bc0:	fc0f18e3          	bnez	t5,11b90 <core_init_matrix+0x90>
   11bc4:	00170713          	addi	a4,a4,1
   11bc8:	00f282b3          	add	t0,t0,a5
   11bcc:	00f383b3          	add	t2,t2,a5
   11bd0:	fae516e3          	bne	a0,a4,11b7c <core_init_matrix+0x7c>
   11bd4:	01060833          	add	a6,a2,a6
   11bd8:	00380813          	addi	a6,a6,3
   11bdc:	ffc87713          	andi	a4,a6,-4
   11be0:	00a6a023          	sw	a0,0(a3)
   11be4:	00b6a223          	sw	a1,4(a3)
   11be8:	00c6a423          	sw	a2,8(a3)
   11bec:	00e6a623          	sw	a4,12(a3)
   11bf0:	00c12403          	lw	s0,12(sp)
   11bf4:	00812483          	lw	s1,8(sp)
   11bf8:	01010113          	addi	sp,sp,16
   11bfc:	00008067          	ret

00011c00 <OUTLINED_FUNCTION_0>:
   11c00:	00050b13          	mv	s6,a0
   11c04:	00048513          	mv	a0,s1
   11c08:	00098593          	mv	a1,s3
   11c0c:	00040613          	mv	a2,s0
   11c10:	000a8693          	mv	a3,s5
   11c14:	00028067          	jr	t0

00011c18 <start_time>:
   11c18:	ff010113          	addi	sp,sp,-16
   11c1c:	00112623          	sw	ra,12(sp)
   11c20:	00000097          	auipc	ra,0x0
   11c24:	020080e7          	jalr	32(ra) # 11c40 <read_cycles>
   11c28:	00021637          	lui	a2,0x21
   11c2c:	00b62623          	sw	a1,12(a2) # 2100c <t0+0x4>
   11c30:	00a62423          	sw	a0,8(a2)
   11c34:	00c12083          	lw	ra,12(sp)
   11c38:	01010113          	addi	sp,sp,16
   11c3c:	00008067          	ret

00011c40 <read_cycles>:
   11c40:	b80025f3          	csrr	a1,mcycleh
   11c44:	b0002573          	csrr	a0,mcycle
   11c48:	b8002673          	csrr	a2,mcycleh
   11c4c:	fec59ae3          	bne	a1,a2,11c40 <read_cycles>
   11c50:	00008067          	ret

00011c54 <stop_time>:
   11c54:	ff010113          	addi	sp,sp,-16
   11c58:	00112623          	sw	ra,12(sp)
   11c5c:	00000097          	auipc	ra,0x0
   11c60:	fe4080e7          	jalr	-28(ra) # 11c40 <read_cycles>
   11c64:	00021637          	lui	a2,0x21
   11c68:	00860613          	addi	a2,a2,8 # 21008 <t0>
   11c6c:	00a62423          	sw	a0,8(a2)
   11c70:	00b62623          	sw	a1,12(a2)
   11c74:	00c12083          	lw	ra,12(sp)
   11c78:	01010113          	addi	sp,sp,16
   11c7c:	00008067          	ret

00011c80 <get_time>:
   11c80:	00021537          	lui	a0,0x21
   11c84:	00850513          	addi	a0,a0,8 # 21008 <t0>
   11c88:	00052603          	lw	a2,0(a0)
   11c8c:	00452583          	lw	a1,4(a0)
   11c90:	00852683          	lw	a3,8(a0)
   11c94:	00c52503          	lw	a0,12(a0)
   11c98:	00c6b733          	sltu	a4,a3,a2
   11c9c:	40b50533          	sub	a0,a0,a1
   11ca0:	40e505b3          	sub	a1,a0,a4
   11ca4:	40c68533          	sub	a0,a3,a2
   11ca8:	00008067          	ret

00011cac <time_in_secs>:
   11cac:	ff010113          	addi	sp,sp,-16
   11cb0:	00112623          	sw	ra,12(sp)
   11cb4:	04787637          	lui	a2,0x4787
   11cb8:	8c060613          	addi	a2,a2,-1856 # 47868c0 <__stack_top__+0x47568c0>
   11cbc:	00000693          	li	a3,0
   11cc0:	00002097          	auipc	ra,0x2
   11cc4:	2b0080e7          	jalr	688(ra) # 13f70 <__udivdi3>
   11cc8:	00c12083          	lw	ra,12(sp)
   11ccc:	01010113          	addi	sp,sp,16
   11cd0:	00008067          	ret

00011cd4 <portable_init>:
   11cd4:	00020537          	lui	a0,0x20
   11cd8:	50d50513          	addi	a0,a0,1293 # 2050d <_impure_ptr+0x4a5>
   11cdc:	fffff317          	auipc	t1,0xfffff
   11ce0:	86430067          	jr	-1948(t1) # 10540 <uart_puts>

00011ce4 <core_bench_state>:
   11ce4:	f9010113          	addi	sp,sp,-112
   11ce8:	06112623          	sw	ra,108(sp)
   11cec:	06812423          	sw	s0,104(sp)
   11cf0:	06912223          	sw	s1,100(sp)
   11cf4:	07212023          	sw	s2,96(sp)
   11cf8:	05312e23          	sw	s3,92(sp)
   11cfc:	05412c23          	sw	s4,88(sp)
   11d00:	05512a23          	sw	s5,84(sp)
   11d04:	05612823          	sw	s6,80(sp)
   11d08:	00078413          	mv	s0,a5
   11d0c:	00070493          	mv	s1,a4
   11d10:	00068993          	mv	s3,a3
   11d14:	00060a13          	mv	s4,a2
   11d18:	00058913          	mv	s2,a1
   11d1c:	00050a93          	mv	s5,a0
   11d20:	00b12623          	sw	a1,12(sp)
   11d24:	01010513          	addi	a0,sp,16
   11d28:	03010593          	addi	a1,sp,48
   11d2c:	00800613          	li	a2,8
   11d30:	00060e63          	beqz	a2,11d4c <core_bench_state+0x68>
   11d34:	00052023          	sw	zero,0(a0)
   11d38:	0005a023          	sw	zero,0(a1)
   11d3c:	00450513          	addi	a0,a0,4
   11d40:	00458593          	addi	a1,a1,4
   11d44:	fff60613          	addi	a2,a2,-1
   11d48:	fe0616e3          	bnez	a2,11d34 <core_bench_state+0x50>
   11d4c:	03010b13          	addi	s6,sp,48
   11d50:	00090513          	mv	a0,s2
   11d54:	00054503          	lbu	a0,0(a0)
   11d58:	02050863          	beqz	a0,11d88 <core_bench_state+0xa4>
   11d5c:	00c10513          	addi	a0,sp,12
   11d60:	01010593          	addi	a1,sp,16
   11d64:	00000097          	auipc	ra,0x0
   11d68:	130080e7          	jalr	304(ra) # 11e94 <core_state_transition>
   11d6c:	00251513          	slli	a0,a0,0x2
   11d70:	00ab05b3          	add	a1,s6,a0
   11d74:	0005a603          	lw	a2,0(a1)
   11d78:	00c12503          	lw	a0,12(sp)
   11d7c:	00160613          	addi	a2,a2,1
   11d80:	00c5a023          	sw	a2,0(a1)
   11d84:	fd1ff06f          	j	11d54 <core_bench_state+0x70>
   11d88:	01590ab3          	add	s5,s2,s5
   11d8c:	0ffa7513          	zext.b	a0,s4
   11d90:	02c00593          	li	a1,44
   11d94:	00090613          	mv	a2,s2
   11d98:	01597e63          	bgeu	s2,s5,11db4 <core_bench_state+0xd0>
   11d9c:	00064683          	lbu	a3,0(a2)
   11da0:	00b68663          	beq	a3,a1,11dac <core_bench_state+0xc8>
   11da4:	00a6c6b3          	xor	a3,a3,a0
   11da8:	00d60023          	sb	a3,0(a2)
   11dac:	00960633          	add	a2,a2,s1
   11db0:	ff5666e3          	bltu	a2,s5,11d9c <core_bench_state+0xb8>
   11db4:	01212623          	sw	s2,12(sp)
   11db8:	03010a13          	addi	s4,sp,48
   11dbc:	00090513          	mv	a0,s2
   11dc0:	00054503          	lbu	a0,0(a0)
   11dc4:	02050863          	beqz	a0,11df4 <core_bench_state+0x110>
   11dc8:	00c10513          	addi	a0,sp,12
   11dcc:	01010593          	addi	a1,sp,16
   11dd0:	00000097          	auipc	ra,0x0
   11dd4:	0c4080e7          	jalr	196(ra) # 11e94 <core_state_transition>
   11dd8:	00251513          	slli	a0,a0,0x2
   11ddc:	00aa05b3          	add	a1,s4,a0
   11de0:	0005a603          	lw	a2,0(a1)
   11de4:	00c12503          	lw	a0,12(sp)
   11de8:	00160613          	addi	a2,a2,1
   11dec:	00c5a023          	sw	a2,0(a1)
   11df0:	fd1ff06f          	j	11dc0 <core_bench_state+0xdc>
   11df4:	0ff9f513          	zext.b	a0,s3
   11df8:	02c00593          	li	a1,44
   11dfc:	01597e63          	bgeu	s2,s5,11e18 <core_bench_state+0x134>
   11e00:	00094603          	lbu	a2,0(s2)
   11e04:	00b60663          	beq	a2,a1,11e10 <core_bench_state+0x12c>
   11e08:	00a64633          	xor	a2,a2,a0
   11e0c:	00c90023          	sb	a2,0(s2)
   11e10:	00990933          	add	s2,s2,s1
   11e14:	ff5966e3          	bltu	s2,s5,11e00 <core_bench_state+0x11c>
   11e18:	03010493          	addi	s1,sp,48
   11e1c:	01010913          	addi	s2,sp,16
   11e20:	00800993          	li	s3,8
   11e24:	01041593          	slli	a1,s0,0x10
   11e28:	04098063          	beqz	s3,11e68 <core_bench_state+0x184>
   11e2c:	0004a503          	lw	a0,0(s1)
   11e30:	0105d593          	srli	a1,a1,0x10
   11e34:	00000097          	auipc	ra,0x0
   11e38:	39c080e7          	jalr	924(ra) # 121d0 <crcu32>
   11e3c:	00092583          	lw	a1,0(s2)
   11e40:	00050613          	mv	a2,a0
   11e44:	00058513          	mv	a0,a1
   11e48:	00060593          	mv	a1,a2
   11e4c:	00000097          	auipc	ra,0x0
   11e50:	384080e7          	jalr	900(ra) # 121d0 <crcu32>
   11e54:	00050413          	mv	s0,a0
   11e58:	00448493          	addi	s1,s1,4
   11e5c:	00490913          	addi	s2,s2,4
   11e60:	fff98993          	addi	s3,s3,-1
   11e64:	fc1ff06f          	j	11e24 <core_bench_state+0x140>
   11e68:	0105d513          	srli	a0,a1,0x10
   11e6c:	06c12083          	lw	ra,108(sp)
   11e70:	06812403          	lw	s0,104(sp)
   11e74:	06412483          	lw	s1,100(sp)
   11e78:	06012903          	lw	s2,96(sp)
   11e7c:	05c12983          	lw	s3,92(sp)
   11e80:	05812a03          	lw	s4,88(sp)
   11e84:	05412a83          	lw	s5,84(sp)
   11e88:	05012b03          	lw	s6,80(sp)
   11e8c:	07010113          	addi	sp,sp,112
   11e90:	00008067          	ret

00011e94 <core_state_transition>:
   11e94:	ff010113          	addi	sp,sp,-16
   11e98:	00812623          	sw	s0,12(sp)
   11e9c:	00912423          	sw	s1,8(sp)
   11ea0:	00000613          	li	a2,0
   11ea4:	00052683          	lw	a3,0(a0)
   11ea8:	00100713          	li	a4,1
   11eac:	02c00793          	li	a5,44
   11eb0:	00700813          	li	a6,7
   11eb4:	000208b7          	lui	a7,0x20
   11eb8:	5c488893          	addi	a7,a7,1476 # 205c4 <state_known_crc+0xc>
   11ebc:	0f500293          	li	t0,245
   11ec0:	02b00313          	li	t1,43
   11ec4:	02d00393          	li	t2,45
   11ec8:	02e00e13          	li	t3,46
   11ecc:	0f600e93          	li	t4,246
   11ed0:	04500f13          	li	t5,69
   11ed4:	0006cf83          	lbu	t6,0(a3)
   11ed8:	160f8663          	beqz	t6,12044 <core_state_transition+0x1b0>
   11edc:	16e60463          	beq	a2,a4,12044 <core_state_transition+0x1b0>
   11ee0:	16ff8063          	beq	t6,a5,12040 <core_state_transition+0x1ac>
   11ee4:	14c86063          	bltu	a6,a2,12024 <core_state_transition+0x190>
   11ee8:	00261413          	slli	s0,a2,0x2
   11eec:	00888433          	add	s0,a7,s0
   11ef0:	00042483          	lw	s1,0(s0)
   11ef4:	fc6f8413          	addi	s0,t6,-58
   11ef8:	00048067          	jr	s1
   11efc:	0ff47613          	zext.b	a2,s0
   11f00:	0cc2e863          	bltu	t0,a2,11fd0 <core_state_transition+0x13c>
   11f04:	00200613          	li	a2,2
   11f08:	0c6f8663          	beq	t6,t1,11fd4 <core_state_transition+0x140>
   11f0c:	0c7f8463          	beq	t6,t2,11fd4 <core_state_transition+0x140>
   11f10:	11cf9e63          	bne	t6,t3,1202c <core_state_transition+0x198>
   11f14:	00500613          	li	a2,5
   11f18:	0bc0006f          	j	11fd4 <core_state_transition+0x140>
   11f1c:	0185a603          	lw	a2,24(a1)
   11f20:	0ff47f93          	zext.b	t6,s0
   11f24:	00160613          	addi	a2,a2,1
   11f28:	00c5ac23          	sw	a2,24(a1)
   11f2c:	03dffe63          	bgeu	t6,t4,11f68 <core_state_transition+0xd4>
   11f30:	0e80006f          	j	12018 <core_state_transition+0x184>
   11f34:	0ff47613          	zext.b	a2,s0
   11f38:	09d67463          	bgeu	a2,t4,11fc0 <core_state_transition+0x12c>
   11f3c:	0085a603          	lw	a2,8(a1)
   11f40:	00160613          	addi	a2,a2,1
   11f44:	00c5a423          	sw	a2,8(a1)
   11f48:	0dcf9863          	bne	t6,t3,12018 <core_state_transition+0x184>
   11f4c:	0d40006f          	j	12020 <core_state_transition+0x18c>
   11f50:	0ff47613          	zext.b	a2,s0
   11f54:	00c2ea63          	bltu	t0,a2,11f68 <core_state_transition+0xd4>
   11f58:	0045a603          	lw	a2,4(a1)
   11f5c:	00160613          	addi	a2,a2,1
   11f60:	00c5a223          	sw	a2,4(a1)
   11f64:	0b40006f          	j	12018 <core_state_transition+0x184>
   11f68:	00700613          	li	a2,7
   11f6c:	0b80006f          	j	12024 <core_state_transition+0x190>
   11f70:	00c5a603          	lw	a2,12(a1)
   11f74:	fd5f8f93          	addi	t6,t6,-43
   11f78:	00160613          	addi	a2,a2,1
   11f7c:	0fdfff93          	andi	t6,t6,253
   11f80:	00c5a623          	sw	a2,12(a1)
   11f84:	080f9a63          	bnez	t6,12018 <core_state_transition+0x184>
   11f88:	00600613          	li	a2,6
   11f8c:	0980006f          	j	12024 <core_state_transition+0x190>
   11f90:	05cf9a63          	bne	t6,t3,11fe4 <core_state_transition+0x150>
   11f94:	0105a603          	lw	a2,16(a1)
   11f98:	00160613          	addi	a2,a2,1
   11f9c:	00c5a823          	sw	a2,16(a1)
   11fa0:	0800006f          	j	12020 <core_state_transition+0x18c>
   11fa4:	0dfff613          	andi	a2,t6,223
   11fa8:	05e61e63          	bne	a2,t5,12004 <core_state_transition+0x170>
   11fac:	0145a603          	lw	a2,20(a1)
   11fb0:	00160613          	addi	a2,a2,1
   11fb4:	00c5aa23          	sw	a2,20(a1)
   11fb8:	00300613          	li	a2,3
   11fbc:	0680006f          	j	12024 <core_state_transition+0x190>
   11fc0:	0085a603          	lw	a2,8(a1)
   11fc4:	00160613          	addi	a2,a2,1
   11fc8:	00c5a423          	sw	a2,8(a1)
   11fcc:	0300006f          	j	11ffc <core_state_transition+0x168>
   11fd0:	00400613          	li	a2,4
   11fd4:	0005af83          	lw	t6,0(a1)
   11fd8:	001f8f93          	addi	t6,t6,1
   11fdc:	01f5a023          	sw	t6,0(a1)
   11fe0:	0440006f          	j	12024 <core_state_transition+0x190>
   11fe4:	0ff47613          	zext.b	a2,s0
   11fe8:	00c2ea63          	bltu	t0,a2,11ffc <core_state_transition+0x168>
   11fec:	0105a603          	lw	a2,16(a1)
   11ff0:	00160613          	addi	a2,a2,1
   11ff4:	00c5a823          	sw	a2,16(a1)
   11ff8:	0200006f          	j	12018 <core_state_transition+0x184>
   11ffc:	00400613          	li	a2,4
   12000:	0240006f          	j	12024 <core_state_transition+0x190>
   12004:	0ff47613          	zext.b	a2,s0
   12008:	00c2ec63          	bltu	t0,a2,12020 <core_state_transition+0x18c>
   1200c:	0145a603          	lw	a2,20(a1)
   12010:	00160613          	addi	a2,a2,1
   12014:	00c5aa23          	sw	a2,20(a1)
   12018:	00100613          	li	a2,1
   1201c:	0080006f          	j	12024 <core_state_transition+0x190>
   12020:	00500613          	li	a2,5
   12024:	00168693          	addi	a3,a3,1
   12028:	eadff06f          	j	11ed4 <core_state_transition+0x40>
   1202c:	0045a603          	lw	a2,4(a1)
   12030:	00160613          	addi	a2,a2,1
   12034:	00c5a223          	sw	a2,4(a1)
   12038:	00100613          	li	a2,1
   1203c:	f99ff06f          	j	11fd4 <core_state_transition+0x140>
   12040:	00168693          	addi	a3,a3,1
   12044:	00d52023          	sw	a3,0(a0)
   12048:	00060513          	mv	a0,a2
   1204c:	00c12403          	lw	s0,12(sp)
   12050:	00812483          	lw	s1,8(sp)
   12054:	01010113          	addi	sp,sp,16
   12058:	00008067          	ret

0001205c <core_init_state>:
   1205c:	00000293          	li	t0,0
   12060:	00000893          	li	a7,0
   12064:	00000313          	li	t1,0
   12068:	fff50693          	addi	a3,a0,-1
   1206c:	00020737          	lui	a4,0x20
   12070:	62470713          	addi	a4,a4,1572 # 20624 <errpat+0x10>
   12074:	000207b7          	lui	a5,0x20
   12078:	64478793          	addi	a5,a5,1604 # 20644 <errpat+0x30>
   1207c:	02c00813          	li	a6,44
   12080:	011283b3          	add	t2,t0,a7
   12084:	00138393          	addi	t2,t2,1
   12088:	06d3f663          	bgeu	t2,a3,120f4 <core_init_state+0x98>
   1208c:	02088c63          	beqz	a7,120c4 <core_init_state+0x68>
   12090:	005602b3          	add	t0,a2,t0
   12094:	00088e13          	mv	t3,a7
   12098:	00028e93          	mv	t4,t0
   1209c:	00088e63          	beqz	a7,120b8 <core_init_state+0x5c>
   120a0:	00034f03          	lbu	t5,0(t1)
   120a4:	00130313          	addi	t1,t1,1
   120a8:	01ee8023          	sb	t5,0(t4)
   120ac:	001e8e93          	addi	t4,t4,1
   120b0:	fffe0e13          	addi	t3,t3,-1 # ffff <__HEAP_SIZE+0xdfff>
   120b4:	fe0e16e3          	bnez	t3,120a0 <core_init_state+0x44>
   120b8:	011288b3          	add	a7,t0,a7
   120bc:	01088023          	sb	a6,0(a7)
   120c0:	00038293          	mv	t0,t2
   120c4:	00158593          	addi	a1,a1,1
   120c8:	0075f893          	andi	a7,a1,7
   120cc:	00289893          	slli	a7,a7,0x2
   120d0:	01170333          	add	t1,a4,a7
   120d4:	00032303          	lw	t1,0(t1)
   120d8:	011788b3          	add	a7,a5,a7
   120dc:	0008a883          	lw	a7,0(a7)
   120e0:	0015d393          	srli	t2,a1,0x1
   120e4:	00c3f393          	andi	t2,t2,12
   120e8:	00730333          	add	t1,t1,t2
   120ec:	00032303          	lw	t1,0(t1)
   120f0:	f91ff06f          	j	12080 <core_init_state+0x24>
   120f4:	00560633          	add	a2,a2,t0
   120f8:	405505b3          	sub	a1,a0,t0
   120fc:	00b53533          	sltu	a0,a0,a1
   12100:	fff50513          	addi	a0,a0,-1
   12104:	00b57533          	and	a0,a0,a1
   12108:	00050a63          	beqz	a0,1211c <core_init_state+0xc0>
   1210c:	00060023          	sb	zero,0(a2)
   12110:	00160613          	addi	a2,a2,1
   12114:	fff50513          	addi	a0,a0,-1
   12118:	fe051ae3          	bnez	a0,1210c <core_init_state+0xb0>
   1211c:	00008067          	ret

00012120 <get_seed_32>:
   12120:	fff50513          	addi	a0,a0,-1
   12124:	00400593          	li	a1,4
   12128:	02a5e063          	bltu	a1,a0,12148 <get_seed_32+0x28>
   1212c:	00251513          	slli	a0,a0,0x2
   12130:	000205b7          	lui	a1,0x20
   12134:	66458593          	addi	a1,a1,1636 # 20664 <errpat+0x50>
   12138:	00a58533          	add	a0,a1,a0
   1213c:	00052503          	lw	a0,0(a0)
   12140:	00052503          	lw	a0,0(a0)
   12144:	00008067          	ret
   12148:	00000513          	li	a0,0
   1214c:	00008067          	ret

00012150 <crcu8>:
   12150:	00000613          	li	a2,0
   12154:	00700693          	li	a3,7
   12158:	ffffa737          	lui	a4,0xffffa
   1215c:	00170713          	addi	a4,a4,1 # ffffa001 <__stack_top__+0xfffca001>
   12160:	01059793          	slli	a5,a1,0x10
   12164:	02c6e463          	bltu	a3,a2,1218c <crcu8+0x3c>
   12168:	00b545b3          	xor	a1,a0,a1
   1216c:	00155513          	srli	a0,a0,0x1
   12170:	0117d793          	srli	a5,a5,0x11
   12174:	01f59593          	slli	a1,a1,0x1f
   12178:	41f5d593          	srai	a1,a1,0x1f
   1217c:	00e5f5b3          	and	a1,a1,a4
   12180:	00b7c5b3          	xor	a1,a5,a1
   12184:	00160613          	addi	a2,a2,1
   12188:	fd9ff06f          	j	12160 <crcu8+0x10>
   1218c:	0107d513          	srli	a0,a5,0x10
   12190:	00008067          	ret

00012194 <crcu16>:
   12194:	ff010113          	addi	sp,sp,-16
   12198:	00112623          	sw	ra,12(sp)
   1219c:	00812423          	sw	s0,8(sp)
   121a0:	00050413          	mv	s0,a0
   121a4:	0ff57513          	zext.b	a0,a0
   121a8:	00000097          	auipc	ra,0x0
   121ac:	fa8080e7          	jalr	-88(ra) # 12150 <crcu8>
   121b0:	00845413          	srli	s0,s0,0x8
   121b4:	00050593          	mv	a1,a0
   121b8:	00040513          	mv	a0,s0
   121bc:	00c12083          	lw	ra,12(sp)
   121c0:	00812403          	lw	s0,8(sp)
   121c4:	01010113          	addi	sp,sp,16
   121c8:	00000317          	auipc	t1,0x0
   121cc:	f8830067          	jr	-120(t1) # 12150 <crcu8>

000121d0 <crcu32>:
   121d0:	ff010113          	addi	sp,sp,-16
   121d4:	00112623          	sw	ra,12(sp)
   121d8:	00812423          	sw	s0,8(sp)
   121dc:	00050413          	mv	s0,a0
   121e0:	01051513          	slli	a0,a0,0x10
   121e4:	01055513          	srli	a0,a0,0x10
   121e8:	00000097          	auipc	ra,0x0
   121ec:	fac080e7          	jalr	-84(ra) # 12194 <crcu16>
   121f0:	01045413          	srli	s0,s0,0x10
   121f4:	00050593          	mv	a1,a0
   121f8:	00040513          	mv	a0,s0
   121fc:	00c12083          	lw	ra,12(sp)
   12200:	00812403          	lw	s0,8(sp)
   12204:	01010113          	addi	sp,sp,16
   12208:	00000317          	auipc	t1,0x0
   1220c:	f8c30067          	jr	-116(t1) # 12194 <crcu16>

00012210 <crc16>:
   12210:	01051513          	slli	a0,a0,0x10
   12214:	01055513          	srli	a0,a0,0x10
   12218:	00000317          	auipc	t1,0x0
   1221c:	f7c30067          	jr	-132(t1) # 12194 <crcu16>

00012220 <check_data_types>:
   12220:	00000513          	li	a0,0
   12224:	00008067          	ret

00012228 <iprintf>:
   12228:	fc010113          	addi	sp,sp,-64
   1222c:	02f12a23          	sw	a5,52(sp)
   12230:	0000e797          	auipc	a5,0xe
   12234:	e387a783          	lw	a5,-456(a5) # 20068 <_impure_ptr>
   12238:	02c12423          	sw	a2,40(sp)
   1223c:	02d12623          	sw	a3,44(sp)
   12240:	02b12223          	sw	a1,36(sp)
   12244:	02e12823          	sw	a4,48(sp)
   12248:	03012c23          	sw	a6,56(sp)
   1224c:	03112e23          	sw	a7,60(sp)
   12250:	0087a583          	lw	a1,8(a5)
   12254:	02410693          	addi	a3,sp,36
   12258:	00050613          	mv	a2,a0
   1225c:	00078513          	mv	a0,a5
   12260:	00112e23          	sw	ra,28(sp)
   12264:	00d12623          	sw	a3,12(sp)
   12268:	00001097          	auipc	ra,0x1
   1226c:	83c080e7          	jalr	-1988(ra) # 12aa4 <_vfiprintf_r>
   12270:	01c12083          	lw	ra,28(sp)
   12274:	04010113          	addi	sp,sp,64
   12278:	00008067          	ret

0001227c <putchar>:
   1227c:	00050593          	mv	a1,a0
   12280:	0000e517          	auipc	a0,0xe
   12284:	de852503          	lw	a0,-536(a0) # 20068 <_impure_ptr>
   12288:	00852603          	lw	a2,8(a0)
   1228c:	00002317          	auipc	t1,0x2
   12290:	85c30067          	jr	-1956(t1) # 13ae8 <_putc_r>

00012294 <_puts_r>:
   12294:	02052783          	lw	a5,32(a0)
   12298:	fe010113          	addi	sp,sp,-32
   1229c:	00812c23          	sw	s0,24(sp)
   122a0:	00912a23          	sw	s1,20(sp)
   122a4:	01212823          	sw	s2,16(sp)
   122a8:	00112e23          	sw	ra,28(sp)
   122ac:	01312623          	sw	s3,12(sp)
   122b0:	00852403          	lw	s0,8(a0)
   122b4:	00050493          	mv	s1,a0
   122b8:	00058913          	mv	s2,a1
   122bc:	00079663          	bnez	a5,122c8 <_puts_r+0x34>
   122c0:	00001097          	auipc	ra,0x1
   122c4:	5c4080e7          	jalr	1476(ra) # 13884 <__sinit>
   122c8:	06442783          	lw	a5,100(s0)
   122cc:	0017f793          	andi	a5,a5,1
   122d0:	00079e63          	bnez	a5,122ec <_puts_r+0x58>
   122d4:	00c45783          	lhu	a5,12(s0)
   122d8:	2007f793          	andi	a5,a5,512
   122dc:	00079863          	bnez	a5,122ec <_puts_r+0x58>
   122e0:	05842503          	lw	a0,88(s0)
   122e4:	00000097          	auipc	ra,0x0
   122e8:	360080e7          	jalr	864(ra) # 12644 <__retarget_lock_acquire_recursive>
   122ec:	00c45783          	lhu	a5,12(s0)
   122f0:	0087f793          	andi	a5,a5,8
   122f4:	00078663          	beqz	a5,12300 <_puts_r+0x6c>
   122f8:	01042783          	lw	a5,16(s0)
   122fc:	0c079e63          	bnez	a5,123d8 <_puts_r+0x144>
   12300:	00040593          	mv	a1,s0
   12304:	00048513          	mv	a0,s1
   12308:	00000097          	auipc	ra,0x0
   1230c:	210080e7          	jalr	528(ra) # 12518 <__swsetup_r>
   12310:	0c050463          	beqz	a0,123d8 <_puts_r+0x144>
   12314:	fff00493          	li	s1,-1
   12318:	06442783          	lw	a5,100(s0)
   1231c:	0017f793          	andi	a5,a5,1
   12320:	00079e63          	bnez	a5,1233c <_puts_r+0xa8>
   12324:	00c45783          	lhu	a5,12(s0)
   12328:	2007f793          	andi	a5,a5,512
   1232c:	00079863          	bnez	a5,1233c <_puts_r+0xa8>
   12330:	05842503          	lw	a0,88(s0)
   12334:	00000097          	auipc	ra,0x0
   12338:	314080e7          	jalr	788(ra) # 12648 <__retarget_lock_release_recursive>
   1233c:	01c12083          	lw	ra,28(sp)
   12340:	01812403          	lw	s0,24(sp)
   12344:	01012903          	lw	s2,16(sp)
   12348:	00c12983          	lw	s3,12(sp)
   1234c:	00048513          	mv	a0,s1
   12350:	01412483          	lw	s1,20(sp)
   12354:	02010113          	addi	sp,sp,32
   12358:	00008067          	ret
   1235c:	0007da63          	bgez	a5,12370 <_puts_r+0xdc>
   12360:	01842703          	lw	a4,24(s0)
   12364:	04e7ce63          	blt	a5,a4,123c0 <_puts_r+0x12c>
   12368:	ff658793          	addi	a5,a1,-10
   1236c:	04078a63          	beqz	a5,123c0 <_puts_r+0x12c>
   12370:	00042783          	lw	a5,0(s0)
   12374:	00178713          	addi	a4,a5,1
   12378:	00e42023          	sw	a4,0(s0)
   1237c:	00b78023          	sb	a1,0(a5)
   12380:	00190913          	addi	s2,s2,1
   12384:	00842783          	lw	a5,8(s0)
   12388:	00094583          	lbu	a1,0(s2)
   1238c:	fff78793          	addi	a5,a5,-1
   12390:	00f42423          	sw	a5,8(s0)
   12394:	fc0594e3          	bnez	a1,1235c <_puts_r+0xc8>
   12398:	0407d463          	bgez	a5,123e0 <_puts_r+0x14c>
   1239c:	00040613          	mv	a2,s0
   123a0:	00a00593          	li	a1,10
   123a4:	00048513          	mv	a0,s1
   123a8:	00000097          	auipc	ra,0x0
   123ac:	064080e7          	jalr	100(ra) # 1240c <__swbuf_r>
   123b0:	fff00793          	li	a5,-1
   123b4:	f6f500e3          	beq	a0,a5,12314 <_puts_r+0x80>
   123b8:	00a00493          	li	s1,10
   123bc:	f5dff06f          	j	12318 <_puts_r+0x84>
   123c0:	00040613          	mv	a2,s0
   123c4:	00048513          	mv	a0,s1
   123c8:	00000097          	auipc	ra,0x0
   123cc:	044080e7          	jalr	68(ra) # 1240c <__swbuf_r>
   123d0:	fb3518e3          	bne	a0,s3,12380 <_puts_r+0xec>
   123d4:	f41ff06f          	j	12314 <_puts_r+0x80>
   123d8:	fff00993          	li	s3,-1
   123dc:	fa9ff06f          	j	12384 <_puts_r+0xf0>
   123e0:	00042783          	lw	a5,0(s0)
   123e4:	00178713          	addi	a4,a5,1
   123e8:	00e42023          	sw	a4,0(s0)
   123ec:	00a00713          	li	a4,10
   123f0:	00e78023          	sb	a4,0(a5)
   123f4:	fc5ff06f          	j	123b8 <_puts_r+0x124>

000123f8 <puts>:
   123f8:	00050593          	mv	a1,a0
   123fc:	0000e517          	auipc	a0,0xe
   12400:	c6c52503          	lw	a0,-916(a0) # 20068 <_impure_ptr>
   12404:	00000317          	auipc	t1,0x0
   12408:	e9030067          	jr	-368(t1) # 12294 <_puts_r>

0001240c <__swbuf_r>:
   1240c:	fe010113          	addi	sp,sp,-32
   12410:	00812c23          	sw	s0,24(sp)
   12414:	00912a23          	sw	s1,20(sp)
   12418:	01312623          	sw	s3,12(sp)
   1241c:	00112e23          	sw	ra,28(sp)
   12420:	01212823          	sw	s2,16(sp)
   12424:	00050493          	mv	s1,a0
   12428:	00058993          	mv	s3,a1
   1242c:	00060413          	mv	s0,a2
   12430:	00050a63          	beqz	a0,12444 <__swbuf_r+0x38>
   12434:	02052783          	lw	a5,32(a0)
   12438:	00079663          	bnez	a5,12444 <__swbuf_r+0x38>
   1243c:	00001097          	auipc	ra,0x1
   12440:	448080e7          	jalr	1096(ra) # 13884 <__sinit>
   12444:	01842783          	lw	a5,24(s0)
   12448:	00f42423          	sw	a5,8(s0)
   1244c:	00c45783          	lhu	a5,12(s0)
   12450:	0087f793          	andi	a5,a5,8
   12454:	00078663          	beqz	a5,12460 <__swbuf_r+0x54>
   12458:	01042783          	lw	a5,16(s0)
   1245c:	02079e63          	bnez	a5,12498 <__swbuf_r+0x8c>
   12460:	00040593          	mv	a1,s0
   12464:	00048513          	mv	a0,s1
   12468:	00000097          	auipc	ra,0x0
   1246c:	0b0080e7          	jalr	176(ra) # 12518 <__swsetup_r>
   12470:	02050463          	beqz	a0,12498 <__swbuf_r+0x8c>
   12474:	fff00913          	li	s2,-1
   12478:	01c12083          	lw	ra,28(sp)
   1247c:	01812403          	lw	s0,24(sp)
   12480:	01412483          	lw	s1,20(sp)
   12484:	00c12983          	lw	s3,12(sp)
   12488:	00090513          	mv	a0,s2
   1248c:	01012903          	lw	s2,16(sp)
   12490:	02010113          	addi	sp,sp,32
   12494:	00008067          	ret
   12498:	01042783          	lw	a5,16(s0)
   1249c:	00042503          	lw	a0,0(s0)
   124a0:	40f50533          	sub	a0,a0,a5
   124a4:	01442783          	lw	a5,20(s0)
   124a8:	00f54c63          	blt	a0,a5,124c0 <__swbuf_r+0xb4>
   124ac:	00040593          	mv	a1,s0
   124b0:	00048513          	mv	a0,s1
   124b4:	00001097          	auipc	ra,0x1
   124b8:	120080e7          	jalr	288(ra) # 135d4 <_fflush_r>
   124bc:	fa051ce3          	bnez	a0,12474 <__swbuf_r+0x68>
   124c0:	00842783          	lw	a5,8(s0)
   124c4:	00150513          	addi	a0,a0,1
   124c8:	0ff9f913          	zext.b	s2,s3
   124cc:	fff78793          	addi	a5,a5,-1
   124d0:	00f42423          	sw	a5,8(s0)
   124d4:	00042783          	lw	a5,0(s0)
   124d8:	00178713          	addi	a4,a5,1
   124dc:	00e42023          	sw	a4,0(s0)
   124e0:	01378023          	sb	s3,0(a5)
   124e4:	01442783          	lw	a5,20(s0)
   124e8:	00a78c63          	beq	a5,a0,12500 <__swbuf_r+0xf4>
   124ec:	00c45783          	lhu	a5,12(s0)
   124f0:	0017f793          	andi	a5,a5,1
   124f4:	f80782e3          	beqz	a5,12478 <__swbuf_r+0x6c>
   124f8:	ff690793          	addi	a5,s2,-10
   124fc:	f6079ee3          	bnez	a5,12478 <__swbuf_r+0x6c>
   12500:	00040593          	mv	a1,s0
   12504:	00048513          	mv	a0,s1
   12508:	00001097          	auipc	ra,0x1
   1250c:	0cc080e7          	jalr	204(ra) # 135d4 <_fflush_r>
   12510:	f60504e3          	beqz	a0,12478 <__swbuf_r+0x6c>
   12514:	f61ff06f          	j	12474 <__swbuf_r+0x68>

00012518 <__swsetup_r>:
   12518:	ff010113          	addi	sp,sp,-16
   1251c:	00912223          	sw	s1,4(sp)
   12520:	00050493          	mv	s1,a0
   12524:	0000e517          	auipc	a0,0xe
   12528:	b4452503          	lw	a0,-1212(a0) # 20068 <_impure_ptr>
   1252c:	00812423          	sw	s0,8(sp)
   12530:	00112623          	sw	ra,12(sp)
   12534:	00058413          	mv	s0,a1
   12538:	00050a63          	beqz	a0,1254c <__swsetup_r+0x34>
   1253c:	02052783          	lw	a5,32(a0)
   12540:	00079663          	bnez	a5,1254c <__swsetup_r+0x34>
   12544:	00001097          	auipc	ra,0x1
   12548:	340080e7          	jalr	832(ra) # 13884 <__sinit>
   1254c:	00c41783          	lh	a5,12(s0)
   12550:	0087f713          	andi	a4,a5,8
   12554:	06071463          	bnez	a4,125bc <__swsetup_r+0xa4>
   12558:	0107f713          	andi	a4,a5,16
   1255c:	00071e63          	bnez	a4,12578 <__swsetup_r+0x60>
   12560:	00900713          	li	a4,9
   12564:	00e4a023          	sw	a4,0(s1)
   12568:	0407e793          	ori	a5,a5,64
   1256c:	00f41623          	sh	a5,12(s0)
   12570:	fff00513          	li	a0,-1
   12574:	0a00006f          	j	12614 <__swsetup_r+0xfc>
   12578:	0047f713          	andi	a4,a5,4
   1257c:	02070c63          	beqz	a4,125b4 <__swsetup_r+0x9c>
   12580:	03442583          	lw	a1,52(s0)
   12584:	00058e63          	beqz	a1,125a0 <__swsetup_r+0x88>
   12588:	04440793          	addi	a5,s0,68
   1258c:	00f58863          	beq	a1,a5,1259c <__swsetup_r+0x84>
   12590:	00048513          	mv	a0,s1
   12594:	00000097          	auipc	ra,0x0
   12598:	0b8080e7          	jalr	184(ra) # 1264c <_free_r>
   1259c:	02042a23          	sw	zero,52(s0)
   125a0:	00c45783          	lhu	a5,12(s0)
   125a4:	01042703          	lw	a4,16(s0)
   125a8:	00042223          	sw	zero,4(s0)
   125ac:	fdb7f793          	andi	a5,a5,-37
   125b0:	00e42023          	sw	a4,0(s0)
   125b4:	0087e793          	ori	a5,a5,8
   125b8:	00f41623          	sh	a5,12(s0)
   125bc:	01042783          	lw	a5,16(s0)
   125c0:	02079263          	bnez	a5,125e4 <__swsetup_r+0xcc>
   125c4:	00c42783          	lw	a5,12(s0)
   125c8:	20000713          	li	a4,512
   125cc:	2807f793          	andi	a5,a5,640
   125d0:	00e78a63          	beq	a5,a4,125e4 <__swsetup_r+0xcc>
   125d4:	00040593          	mv	a1,s0
   125d8:	00048513          	mv	a0,s1
   125dc:	00001097          	auipc	ra,0x1
   125e0:	434080e7          	jalr	1076(ra) # 13a10 <__smakebuf_r>
   125e4:	00c41783          	lh	a5,12(s0)
   125e8:	0017f713          	andi	a4,a5,1
   125ec:	02070e63          	beqz	a4,12628 <__swsetup_r+0x110>
   125f0:	01442703          	lw	a4,20(s0)
   125f4:	00042423          	sw	zero,8(s0)
   125f8:	40e00733          	neg	a4,a4
   125fc:	00e42c23          	sw	a4,24(s0)
   12600:	01042703          	lw	a4,16(s0)
   12604:	00000513          	li	a0,0
   12608:	00071663          	bnez	a4,12614 <__swsetup_r+0xfc>
   1260c:	0807f713          	andi	a4,a5,128
   12610:	f4071ce3          	bnez	a4,12568 <__swsetup_r+0x50>
   12614:	00c12083          	lw	ra,12(sp)
   12618:	00812403          	lw	s0,8(sp)
   1261c:	00412483          	lw	s1,4(sp)
   12620:	01010113          	addi	sp,sp,16
   12624:	00008067          	ret
   12628:	0027f713          	andi	a4,a5,2
   1262c:	00000693          	li	a3,0
   12630:	00071463          	bnez	a4,12638 <__swsetup_r+0x120>
   12634:	01442683          	lw	a3,20(s0)
   12638:	00d42423          	sw	a3,8(s0)
   1263c:	fc5ff06f          	j	12600 <__swsetup_r+0xe8>

00012640 <__retarget_lock_init_recursive>:
   12640:	00008067          	ret

00012644 <__retarget_lock_acquire_recursive>:
   12644:	00008067          	ret

00012648 <__retarget_lock_release_recursive>:
   12648:	00008067          	ret

0001264c <_free_r>:
   1264c:	10058263          	beqz	a1,12750 <_free_r+0x104>
   12650:	ffc5a783          	lw	a5,-4(a1)
   12654:	fe010113          	addi	sp,sp,-32
   12658:	00812c23          	sw	s0,24(sp)
   1265c:	00112e23          	sw	ra,28(sp)
   12660:	ffc58413          	addi	s0,a1,-4
   12664:	0007d463          	bgez	a5,1266c <_free_r+0x20>
   12668:	00f40433          	add	s0,s0,a5
   1266c:	00a12623          	sw	a0,12(sp)
   12670:	00000097          	auipc	ra,0x0
   12674:	35c080e7          	jalr	860(ra) # 129cc <__malloc_lock>
   12678:	0000e797          	auipc	a5,0xe
   1267c:	1a87a783          	lw	a5,424(a5) # 20820 <__malloc_free_list>
   12680:	00c12503          	lw	a0,12(sp)
   12684:	02079263          	bnez	a5,126a8 <_free_r+0x5c>
   12688:	00042223          	sw	zero,4(s0)
   1268c:	0000e797          	auipc	a5,0xe
   12690:	1887aa23          	sw	s0,404(a5) # 20820 <__malloc_free_list>
   12694:	01812403          	lw	s0,24(sp)
   12698:	01c12083          	lw	ra,28(sp)
   1269c:	02010113          	addi	sp,sp,32
   126a0:	00000317          	auipc	t1,0x0
   126a4:	33c30067          	jr	828(t1) # 129dc <__malloc_unlock>
   126a8:	02f47463          	bgeu	s0,a5,126d0 <_free_r+0x84>
   126ac:	00042683          	lw	a3,0(s0)
   126b0:	00d40733          	add	a4,s0,a3
   126b4:	00e79a63          	bne	a5,a4,126c8 <_free_r+0x7c>
   126b8:	0007a703          	lw	a4,0(a5)
   126bc:	0047a783          	lw	a5,4(a5)
   126c0:	00d70733          	add	a4,a4,a3
   126c4:	00e42023          	sw	a4,0(s0)
   126c8:	00f42223          	sw	a5,4(s0)
   126cc:	fc1ff06f          	j	1268c <_free_r+0x40>
   126d0:	00078713          	mv	a4,a5
   126d4:	0047a783          	lw	a5,4(a5)
   126d8:	00078463          	beqz	a5,126e0 <_free_r+0x94>
   126dc:	fef47ae3          	bgeu	s0,a5,126d0 <_free_r+0x84>
   126e0:	00072683          	lw	a3,0(a4)
   126e4:	00d70633          	add	a2,a4,a3
   126e8:	02861863          	bne	a2,s0,12718 <_free_r+0xcc>
   126ec:	00042603          	lw	a2,0(s0)
   126f0:	00c686b3          	add	a3,a3,a2
   126f4:	00d72023          	sw	a3,0(a4)
   126f8:	00d70633          	add	a2,a4,a3
   126fc:	f8c79ce3          	bne	a5,a2,12694 <_free_r+0x48>
   12700:	0007a603          	lw	a2,0(a5)
   12704:	0047a783          	lw	a5,4(a5)
   12708:	00d606b3          	add	a3,a2,a3
   1270c:	00d72023          	sw	a3,0(a4)
   12710:	00f72223          	sw	a5,4(a4)
   12714:	f81ff06f          	j	12694 <_free_r+0x48>
   12718:	00c47863          	bgeu	s0,a2,12728 <_free_r+0xdc>
   1271c:	00c00793          	li	a5,12
   12720:	00f52023          	sw	a5,0(a0)
   12724:	f71ff06f          	j	12694 <_free_r+0x48>
   12728:	00042603          	lw	a2,0(s0)
   1272c:	00c406b3          	add	a3,s0,a2
   12730:	00d79a63          	bne	a5,a3,12744 <_free_r+0xf8>
   12734:	0007a683          	lw	a3,0(a5)
   12738:	0047a783          	lw	a5,4(a5)
   1273c:	00c686b3          	add	a3,a3,a2
   12740:	00d42023          	sw	a3,0(s0)
   12744:	00f42223          	sw	a5,4(s0)
   12748:	00872223          	sw	s0,4(a4)
   1274c:	f49ff06f          	j	12694 <_free_r+0x48>
   12750:	00008067          	ret

00012754 <sbrk_aligned>:
   12754:	0000e797          	auipc	a5,0xe
   12758:	0c87a783          	lw	a5,200(a5) # 2081c <__malloc_sbrk_start>
   1275c:	ff010113          	addi	sp,sp,-16
   12760:	00812423          	sw	s0,8(sp)
   12764:	01212023          	sw	s2,0(sp)
   12768:	00112623          	sw	ra,12(sp)
   1276c:	00912223          	sw	s1,4(sp)
   12770:	00050913          	mv	s2,a0
   12774:	00058413          	mv	s0,a1
   12778:	00079c63          	bnez	a5,12790 <sbrk_aligned+0x3c>
   1277c:	00000593          	li	a1,0
   12780:	00001097          	auipc	ra,0x1
   12784:	750080e7          	jalr	1872(ra) # 13ed0 <_sbrk_r>
   12788:	0000e797          	auipc	a5,0xe
   1278c:	08a7aa23          	sw	a0,148(a5) # 2081c <__malloc_sbrk_start>
   12790:	00040593          	mv	a1,s0
   12794:	00090513          	mv	a0,s2
   12798:	00001097          	auipc	ra,0x1
   1279c:	738080e7          	jalr	1848(ra) # 13ed0 <_sbrk_r>
   127a0:	fff00493          	li	s1,-1
   127a4:	02951263          	bne	a0,s1,127c8 <sbrk_aligned+0x74>
   127a8:	fff00413          	li	s0,-1
   127ac:	00c12083          	lw	ra,12(sp)
   127b0:	00040513          	mv	a0,s0
   127b4:	00812403          	lw	s0,8(sp)
   127b8:	00412483          	lw	s1,4(sp)
   127bc:	00012903          	lw	s2,0(sp)
   127c0:	01010113          	addi	sp,sp,16
   127c4:	00008067          	ret
   127c8:	00350413          	addi	s0,a0,3
   127cc:	ffc47413          	andi	s0,s0,-4
   127d0:	fc850ee3          	beq	a0,s0,127ac <sbrk_aligned+0x58>
   127d4:	40a405b3          	sub	a1,s0,a0
   127d8:	00090513          	mv	a0,s2
   127dc:	00001097          	auipc	ra,0x1
   127e0:	6f4080e7          	jalr	1780(ra) # 13ed0 <_sbrk_r>
   127e4:	fc9514e3          	bne	a0,s1,127ac <sbrk_aligned+0x58>
   127e8:	fc1ff06f          	j	127a8 <sbrk_aligned+0x54>

000127ec <_malloc_r>:
   127ec:	fe010113          	addi	sp,sp,-32
   127f0:	00912a23          	sw	s1,20(sp)
   127f4:	00358493          	addi	s1,a1,3
   127f8:	ffc4f493          	andi	s1,s1,-4
   127fc:	00112e23          	sw	ra,28(sp)
   12800:	00812c23          	sw	s0,24(sp)
   12804:	01212823          	sw	s2,16(sp)
   12808:	01312623          	sw	s3,12(sp)
   1280c:	01412423          	sw	s4,8(sp)
   12810:	00848493          	addi	s1,s1,8
   12814:	00c00793          	li	a5,12
   12818:	00f4f463          	bgeu	s1,a5,12820 <_malloc_r+0x34>
   1281c:	00078493          	mv	s1,a5
   12820:	0004c463          	bltz	s1,12828 <_malloc_r+0x3c>
   12824:	02b4f863          	bgeu	s1,a1,12854 <_malloc_r+0x68>
   12828:	00c00793          	li	a5,12
   1282c:	00f52023          	sw	a5,0(a0)
   12830:	00000513          	li	a0,0
   12834:	01c12083          	lw	ra,28(sp)
   12838:	01812403          	lw	s0,24(sp)
   1283c:	01412483          	lw	s1,20(sp)
   12840:	01012903          	lw	s2,16(sp)
   12844:	00c12983          	lw	s3,12(sp)
   12848:	00812a03          	lw	s4,8(sp)
   1284c:	02010113          	addi	sp,sp,32
   12850:	00008067          	ret
   12854:	00050913          	mv	s2,a0
   12858:	0000e997          	auipc	s3,0xe
   1285c:	fc898993          	addi	s3,s3,-56 # 20820 <__malloc_free_list>
   12860:	00000097          	auipc	ra,0x0
   12864:	16c080e7          	jalr	364(ra) # 129cc <__malloc_lock>
   12868:	0009a783          	lw	a5,0(s3)
   1286c:	00078413          	mv	s0,a5
   12870:	08041863          	bnez	s0,12900 <_malloc_r+0x114>
   12874:	00048593          	mv	a1,s1
   12878:	00090513          	mv	a0,s2
   1287c:	00000097          	auipc	ra,0x0
   12880:	ed8080e7          	jalr	-296(ra) # 12754 <sbrk_aligned>
   12884:	fff00793          	li	a5,-1
   12888:	00050413          	mv	s0,a0
   1288c:	12f51c63          	bne	a0,a5,129c4 <_malloc_r+0x1d8>
   12890:	0009a403          	lw	s0,0(s3)
   12894:	00040793          	mv	a5,s0
   12898:	0e079a63          	bnez	a5,1298c <_malloc_r+0x1a0>
   1289c:	10040863          	beqz	s0,129ac <_malloc_r+0x1c0>
   128a0:	00042a03          	lw	s4,0(s0)
   128a4:	00000593          	li	a1,0
   128a8:	00090513          	mv	a0,s2
   128ac:	01440a33          	add	s4,s0,s4
   128b0:	00001097          	auipc	ra,0x1
   128b4:	620080e7          	jalr	1568(ra) # 13ed0 <_sbrk_r>
   128b8:	0eaa1a63          	bne	s4,a0,129ac <_malloc_r+0x1c0>
   128bc:	00042783          	lw	a5,0(s0)
   128c0:	00090513          	mv	a0,s2
   128c4:	40f484b3          	sub	s1,s1,a5
   128c8:	00048593          	mv	a1,s1
   128cc:	00000097          	auipc	ra,0x0
   128d0:	e88080e7          	jalr	-376(ra) # 12754 <sbrk_aligned>
   128d4:	fff00793          	li	a5,-1
   128d8:	0cf50a63          	beq	a0,a5,129ac <_malloc_r+0x1c0>
   128dc:	00042783          	lw	a5,0(s0)
   128e0:	009787b3          	add	a5,a5,s1
   128e4:	00f42023          	sw	a5,0(s0)
   128e8:	0009a783          	lw	a5,0(s3)
   128ec:	0047a703          	lw	a4,4(a5)
   128f0:	0a071463          	bnez	a4,12998 <_malloc_r+0x1ac>
   128f4:	0000e797          	auipc	a5,0xe
   128f8:	f207a623          	sw	zero,-212(a5) # 20820 <__malloc_free_list>
   128fc:	0340006f          	j	12930 <_malloc_r+0x144>
   12900:	00042683          	lw	a3,0(s0)
   12904:	409686b3          	sub	a3,a3,s1
   12908:	0606cc63          	bltz	a3,12980 <_malloc_r+0x194>
   1290c:	00b00713          	li	a4,11
   12910:	04d77c63          	bgeu	a4,a3,12968 <_malloc_r+0x17c>
   12914:	00942023          	sw	s1,0(s0)
   12918:	00940733          	add	a4,s0,s1
   1291c:	04879263          	bne	a5,s0,12960 <_malloc_r+0x174>
   12920:	00e9a023          	sw	a4,0(s3)
   12924:	00442783          	lw	a5,4(s0)
   12928:	00d72023          	sw	a3,0(a4)
   1292c:	00f72223          	sw	a5,4(a4)
   12930:	00090513          	mv	a0,s2
   12934:	00000097          	auipc	ra,0x0
   12938:	0a8080e7          	jalr	168(ra) # 129dc <__malloc_unlock>
   1293c:	00b40513          	addi	a0,s0,11
   12940:	00440793          	addi	a5,s0,4
   12944:	ff857513          	andi	a0,a0,-8
   12948:	40f50733          	sub	a4,a0,a5
   1294c:	eef504e3          	beq	a0,a5,12834 <_malloc_r+0x48>
   12950:	00e40433          	add	s0,s0,a4
   12954:	40a787b3          	sub	a5,a5,a0
   12958:	00f42023          	sw	a5,0(s0)
   1295c:	ed9ff06f          	j	12834 <_malloc_r+0x48>
   12960:	00e7a223          	sw	a4,4(a5)
   12964:	fc1ff06f          	j	12924 <_malloc_r+0x138>
   12968:	00442703          	lw	a4,4(s0)
   1296c:	00879663          	bne	a5,s0,12978 <_malloc_r+0x18c>
   12970:	00e9a023          	sw	a4,0(s3)
   12974:	fbdff06f          	j	12930 <_malloc_r+0x144>
   12978:	00e7a223          	sw	a4,4(a5)
   1297c:	fb5ff06f          	j	12930 <_malloc_r+0x144>
   12980:	00040793          	mv	a5,s0
   12984:	00442403          	lw	s0,4(s0)
   12988:	ee9ff06f          	j	12870 <_malloc_r+0x84>
   1298c:	00078413          	mv	s0,a5
   12990:	0047a783          	lw	a5,4(a5)
   12994:	f05ff06f          	j	12898 <_malloc_r+0xac>
   12998:	00078713          	mv	a4,a5
   1299c:	0047a783          	lw	a5,4(a5)
   129a0:	fe879ce3          	bne	a5,s0,12998 <_malloc_r+0x1ac>
   129a4:	00072223          	sw	zero,4(a4)
   129a8:	f89ff06f          	j	12930 <_malloc_r+0x144>
   129ac:	00c00793          	li	a5,12
   129b0:	00f92023          	sw	a5,0(s2)
   129b4:	00090513          	mv	a0,s2
   129b8:	00000097          	auipc	ra,0x0
   129bc:	024080e7          	jalr	36(ra) # 129dc <__malloc_unlock>
   129c0:	e71ff06f          	j	12830 <_malloc_r+0x44>
   129c4:	00952023          	sw	s1,0(a0)
   129c8:	f69ff06f          	j	12930 <_malloc_r+0x144>

000129cc <__malloc_lock>:
   129cc:	0000e517          	auipc	a0,0xe
   129d0:	e4850513          	addi	a0,a0,-440 # 20814 <__lock___malloc_recursive_mutex>
   129d4:	00000317          	auipc	t1,0x0
   129d8:	c7030067          	jr	-912(t1) # 12644 <__retarget_lock_acquire_recursive>

000129dc <__malloc_unlock>:
   129dc:	0000e517          	auipc	a0,0xe
   129e0:	e3850513          	addi	a0,a0,-456 # 20814 <__lock___malloc_recursive_mutex>
   129e4:	00000317          	auipc	t1,0x0
   129e8:	c6430067          	jr	-924(t1) # 12648 <__retarget_lock_release_recursive>

000129ec <__sfputc_r>:
   129ec:	00862783          	lw	a5,8(a2)
   129f0:	fff78793          	addi	a5,a5,-1
   129f4:	00f62423          	sw	a5,8(a2)
   129f8:	0007de63          	bgez	a5,12a14 <__sfputc_r+0x28>
   129fc:	01862703          	lw	a4,24(a2)
   12a00:	00e7c663          	blt	a5,a4,12a0c <__sfputc_r+0x20>
   12a04:	ff658793          	addi	a5,a1,-10
   12a08:	00079663          	bnez	a5,12a14 <__sfputc_r+0x28>
   12a0c:	00000317          	auipc	t1,0x0
   12a10:	a0030067          	jr	-1536(t1) # 1240c <__swbuf_r>
   12a14:	00062783          	lw	a5,0(a2)
   12a18:	00058513          	mv	a0,a1
   12a1c:	00178713          	addi	a4,a5,1
   12a20:	00e62023          	sw	a4,0(a2)
   12a24:	00b78023          	sb	a1,0(a5)
   12a28:	00008067          	ret

00012a2c <__sfputs_r>:
   12a2c:	fe010113          	addi	sp,sp,-32
   12a30:	00812c23          	sw	s0,24(sp)
   12a34:	00912a23          	sw	s1,20(sp)
   12a38:	01212823          	sw	s2,16(sp)
   12a3c:	01312623          	sw	s3,12(sp)
   12a40:	01412423          	sw	s4,8(sp)
   12a44:	00112e23          	sw	ra,28(sp)
   12a48:	00050993          	mv	s3,a0
   12a4c:	00058a13          	mv	s4,a1
   12a50:	00060413          	mv	s0,a2
   12a54:	00d604b3          	add	s1,a2,a3
   12a58:	fff00913          	li	s2,-1
   12a5c:	00941663          	bne	s0,s1,12a68 <__sfputs_r+0x3c>
   12a60:	00000513          	li	a0,0
   12a64:	0200006f          	j	12a84 <__sfputs_r+0x58>
   12a68:	00044583          	lbu	a1,0(s0)
   12a6c:	000a0613          	mv	a2,s4
   12a70:	00098513          	mv	a0,s3
   12a74:	00000097          	auipc	ra,0x0
   12a78:	f78080e7          	jalr	-136(ra) # 129ec <__sfputc_r>
   12a7c:	00140413          	addi	s0,s0,1
   12a80:	fd251ee3          	bne	a0,s2,12a5c <__sfputs_r+0x30>
   12a84:	01c12083          	lw	ra,28(sp)
   12a88:	01812403          	lw	s0,24(sp)
   12a8c:	01412483          	lw	s1,20(sp)
   12a90:	01012903          	lw	s2,16(sp)
   12a94:	00c12983          	lw	s3,12(sp)
   12a98:	00812a03          	lw	s4,8(sp)
   12a9c:	02010113          	addi	sp,sp,32
   12aa0:	00008067          	ret

00012aa4 <_vfiprintf_r>:
   12aa4:	f5010113          	addi	sp,sp,-176
   12aa8:	0a812423          	sw	s0,168(sp)
   12aac:	0a912223          	sw	s1,164(sp)
   12ab0:	09312e23          	sw	s3,156(sp)
   12ab4:	09412c23          	sw	s4,152(sp)
   12ab8:	0a112623          	sw	ra,172(sp)
   12abc:	0b212023          	sw	s2,160(sp)
   12ac0:	09512a23          	sw	s5,148(sp)
   12ac4:	09612823          	sw	s6,144(sp)
   12ac8:	09712623          	sw	s7,140(sp)
   12acc:	09812423          	sw	s8,136(sp)
   12ad0:	09912223          	sw	s9,132(sp)
   12ad4:	00050993          	mv	s3,a0
   12ad8:	00058493          	mv	s1,a1
   12adc:	00060413          	mv	s0,a2
   12ae0:	00068a13          	mv	s4,a3
   12ae4:	00050a63          	beqz	a0,12af8 <_vfiprintf_r+0x54>
   12ae8:	02052783          	lw	a5,32(a0)
   12aec:	00079663          	bnez	a5,12af8 <_vfiprintf_r+0x54>
   12af0:	00001097          	auipc	ra,0x1
   12af4:	d94080e7          	jalr	-620(ra) # 13884 <__sinit>
   12af8:	0644a783          	lw	a5,100(s1)
   12afc:	0017f793          	andi	a5,a5,1
   12b00:	00079e63          	bnez	a5,12b1c <_vfiprintf_r+0x78>
   12b04:	00c4d783          	lhu	a5,12(s1)
   12b08:	2007f793          	andi	a5,a5,512
   12b0c:	00079863          	bnez	a5,12b1c <_vfiprintf_r+0x78>
   12b10:	0584a503          	lw	a0,88(s1)
   12b14:	00000097          	auipc	ra,0x0
   12b18:	b30080e7          	jalr	-1232(ra) # 12644 <__retarget_lock_acquire_recursive>
   12b1c:	00c4d783          	lhu	a5,12(s1)
   12b20:	0087f793          	andi	a5,a5,8
   12b24:	00078663          	beqz	a5,12b30 <_vfiprintf_r+0x8c>
   12b28:	0104a783          	lw	a5,16(s1)
   12b2c:	06079c63          	bnez	a5,12ba4 <_vfiprintf_r+0x100>
   12b30:	00048593          	mv	a1,s1
   12b34:	00098513          	mv	a0,s3
   12b38:	00000097          	auipc	ra,0x0
   12b3c:	9e0080e7          	jalr	-1568(ra) # 12518 <__swsetup_r>
   12b40:	06050263          	beqz	a0,12ba4 <_vfiprintf_r+0x100>
   12b44:	0644a783          	lw	a5,100(s1)
   12b48:	0017f793          	andi	a5,a5,1
   12b4c:	02078e63          	beqz	a5,12b88 <_vfiprintf_r+0xe4>
   12b50:	fff00513          	li	a0,-1
   12b54:	0ac12083          	lw	ra,172(sp)
   12b58:	0a812403          	lw	s0,168(sp)
   12b5c:	0a412483          	lw	s1,164(sp)
   12b60:	0a012903          	lw	s2,160(sp)
   12b64:	09c12983          	lw	s3,156(sp)
   12b68:	09812a03          	lw	s4,152(sp)
   12b6c:	09412a83          	lw	s5,148(sp)
   12b70:	09012b03          	lw	s6,144(sp)
   12b74:	08c12b83          	lw	s7,140(sp)
   12b78:	08812c03          	lw	s8,136(sp)
   12b7c:	08412c83          	lw	s9,132(sp)
   12b80:	0b010113          	addi	sp,sp,176
   12b84:	00008067          	ret
   12b88:	00c4d783          	lhu	a5,12(s1)
   12b8c:	2007f793          	andi	a5,a5,512
   12b90:	fc0790e3          	bnez	a5,12b50 <_vfiprintf_r+0xac>
   12b94:	0584a503          	lw	a0,88(s1)
   12b98:	00000097          	auipc	ra,0x0
   12b9c:	ab0080e7          	jalr	-1360(ra) # 12648 <__retarget_lock_release_recursive>
   12ba0:	fb1ff06f          	j	12b50 <_vfiprintf_r+0xac>
   12ba4:	02000793          	li	a5,32
   12ba8:	02f10ca3          	sb	a5,57(sp)
   12bac:	03000793          	li	a5,48
   12bb0:	01412e23          	sw	s4,28(sp)
   12bb4:	02012a23          	sw	zero,52(sp)
   12bb8:	02f10d23          	sb	a5,58(sp)
   12bbc:	fff00a13          	li	s4,-1
   12bc0:	0000eb17          	auipc	s6,0xe
   12bc4:	ab8b0b13          	addi	s6,s6,-1352 # 20678 <errpat+0x64>
   12bc8:	00100b93          	li	s7,1
   12bcc:	00a00a93          	li	s5,10
   12bd0:	00040c13          	mv	s8,s0
   12bd4:	000c4783          	lbu	a5,0(s8)
   12bd8:	00f03cb3          	snez	s9,a5
   12bdc:	fdb78793          	addi	a5,a5,-37
   12be0:	00f037b3          	snez	a5,a5
   12be4:	00fcfcb3          	and	s9,s9,a5
   12be8:	0c0c9863          	bnez	s9,12cb8 <_vfiprintf_r+0x214>
   12bec:	408c06b3          	sub	a3,s8,s0
   12bf0:	028c0863          	beq	s8,s0,12c20 <_vfiprintf_r+0x17c>
   12bf4:	00040613          	mv	a2,s0
   12bf8:	00048593          	mv	a1,s1
   12bfc:	00098513          	mv	a0,s3
   12c00:	00d12623          	sw	a3,12(sp)
   12c04:	00000097          	auipc	ra,0x0
   12c08:	e28080e7          	jalr	-472(ra) # 12a2c <__sfputs_r>
   12c0c:	25450863          	beq	a0,s4,12e5c <_vfiprintf_r+0x3b8>
   12c10:	03412783          	lw	a5,52(sp)
   12c14:	00c12683          	lw	a3,12(sp)
   12c18:	00d787b3          	add	a5,a5,a3
   12c1c:	02f12a23          	sw	a5,52(sp)
   12c20:	000c4783          	lbu	a5,0(s8)
   12c24:	22078c63          	beqz	a5,12e5c <_vfiprintf_r+0x3b8>
   12c28:	001c0413          	addi	s0,s8,1
   12c2c:	02012023          	sw	zero,32(sp)
   12c30:	02012623          	sw	zero,44(sp)
   12c34:	03412223          	sw	s4,36(sp)
   12c38:	02012423          	sw	zero,40(sp)
   12c3c:	060101a3          	sb	zero,99(sp)
   12c40:	06012c23          	sw	zero,120(sp)
   12c44:	00044583          	lbu	a1,0(s0)
   12c48:	00500613          	li	a2,5
   12c4c:	0000e517          	auipc	a0,0xe
   12c50:	a2c50513          	addi	a0,a0,-1492 # 20678 <errpat+0x64>
   12c54:	00001097          	auipc	ra,0x1
   12c58:	0c8080e7          	jalr	200(ra) # 13d1c <memchr>
   12c5c:	02012783          	lw	a5,32(sp)
   12c60:	00140693          	addi	a3,s0,1
   12c64:	04051e63          	bnez	a0,12cc0 <_vfiprintf_r+0x21c>
   12c68:	0107f713          	andi	a4,a5,16
   12c6c:	00070663          	beqz	a4,12c78 <_vfiprintf_r+0x1d4>
   12c70:	02000713          	li	a4,32
   12c74:	06e101a3          	sb	a4,99(sp)
   12c78:	0087f713          	andi	a4,a5,8
   12c7c:	00070663          	beqz	a4,12c88 <_vfiprintf_r+0x1e4>
   12c80:	02b00713          	li	a4,43
   12c84:	06e101a3          	sb	a4,99(sp)
   12c88:	00044603          	lbu	a2,0(s0)
   12c8c:	02a00713          	li	a4,42
   12c90:	04e60463          	beq	a2,a4,12cd8 <_vfiprintf_r+0x234>
   12c94:	02c12783          	lw	a5,44(sp)
   12c98:	00000693          	li	a3,0
   12c9c:	00900613          	li	a2,9
   12ca0:	00044703          	lbu	a4,0(s0)
   12ca4:	fd070713          	addi	a4,a4,-48
   12ca8:	08e67e63          	bgeu	a2,a4,12d44 <_vfiprintf_r+0x2a0>
   12cac:	04068463          	beqz	a3,12cf4 <_vfiprintf_r+0x250>
   12cb0:	02f12623          	sw	a5,44(sp)
   12cb4:	0400006f          	j	12cf4 <_vfiprintf_r+0x250>
   12cb8:	001c0c13          	addi	s8,s8,1
   12cbc:	f19ff06f          	j	12bd4 <_vfiprintf_r+0x130>
   12cc0:	41650533          	sub	a0,a0,s6
   12cc4:	00ab9533          	sll	a0,s7,a0
   12cc8:	00f56533          	or	a0,a0,a5
   12ccc:	02a12023          	sw	a0,32(sp)
   12cd0:	00068413          	mv	s0,a3
   12cd4:	f71ff06f          	j	12c44 <_vfiprintf_r+0x1a0>
   12cd8:	01c12703          	lw	a4,28(sp)
   12cdc:	00470613          	addi	a2,a4,4
   12ce0:	00072703          	lw	a4,0(a4)
   12ce4:	00c12e23          	sw	a2,28(sp)
   12ce8:	04074463          	bltz	a4,12d30 <_vfiprintf_r+0x28c>
   12cec:	02e12623          	sw	a4,44(sp)
   12cf0:	00068413          	mv	s0,a3
   12cf4:	00044703          	lbu	a4,0(s0)
   12cf8:	02e00793          	li	a5,46
   12cfc:	06f71e63          	bne	a4,a5,12d78 <_vfiprintf_r+0x2d4>
   12d00:	00144703          	lbu	a4,1(s0)
   12d04:	02a00793          	li	a5,42
   12d08:	04f71863          	bne	a4,a5,12d58 <_vfiprintf_r+0x2b4>
   12d0c:	01c12783          	lw	a5,28(sp)
   12d10:	00240413          	addi	s0,s0,2
   12d14:	00478713          	addi	a4,a5,4
   12d18:	0007a783          	lw	a5,0(a5)
   12d1c:	00e12e23          	sw	a4,28(sp)
   12d20:	0007d463          	bgez	a5,12d28 <_vfiprintf_r+0x284>
   12d24:	fff00793          	li	a5,-1
   12d28:	02f12223          	sw	a5,36(sp)
   12d2c:	04c0006f          	j	12d78 <_vfiprintf_r+0x2d4>
   12d30:	40e00733          	neg	a4,a4
   12d34:	0027e793          	ori	a5,a5,2
   12d38:	02e12623          	sw	a4,44(sp)
   12d3c:	02f12023          	sw	a5,32(sp)
   12d40:	fb1ff06f          	j	12cf0 <_vfiprintf_r+0x24c>
   12d44:	035787b3          	mul	a5,a5,s5
   12d48:	00140413          	addi	s0,s0,1
   12d4c:	00100693          	li	a3,1
   12d50:	00e787b3          	add	a5,a5,a4
   12d54:	f4dff06f          	j	12ca0 <_vfiprintf_r+0x1fc>
   12d58:	00140413          	addi	s0,s0,1
   12d5c:	02012223          	sw	zero,36(sp)
   12d60:	00000793          	li	a5,0
   12d64:	00900693          	li	a3,9
   12d68:	00044703          	lbu	a4,0(s0)
   12d6c:	fd070713          	addi	a4,a4,-48
   12d70:	0ae6f063          	bgeu	a3,a4,12e10 <_vfiprintf_r+0x36c>
   12d74:	fa0c9ae3          	bnez	s9,12d28 <_vfiprintf_r+0x284>
   12d78:	00044583          	lbu	a1,0(s0)
   12d7c:	00300613          	li	a2,3
   12d80:	0000e517          	auipc	a0,0xe
   12d84:	90050513          	addi	a0,a0,-1792 # 20680 <errpat+0x6c>
   12d88:	00001097          	auipc	ra,0x1
   12d8c:	f94080e7          	jalr	-108(ra) # 13d1c <memchr>
   12d90:	02050463          	beqz	a0,12db8 <_vfiprintf_r+0x314>
   12d94:	0000e797          	auipc	a5,0xe
   12d98:	8ec78793          	addi	a5,a5,-1812 # 20680 <errpat+0x6c>
   12d9c:	40f50533          	sub	a0,a0,a5
   12da0:	02012783          	lw	a5,32(sp)
   12da4:	04000713          	li	a4,64
   12da8:	00a71733          	sll	a4,a4,a0
   12dac:	00e7e7b3          	or	a5,a5,a4
   12db0:	00140413          	addi	s0,s0,1
   12db4:	02f12023          	sw	a5,32(sp)
   12db8:	00044583          	lbu	a1,0(s0)
   12dbc:	00600613          	li	a2,6
   12dc0:	0000e517          	auipc	a0,0xe
   12dc4:	8c450513          	addi	a0,a0,-1852 # 20684 <errpat+0x70>
   12dc8:	02b10c23          	sb	a1,56(sp)
   12dcc:	00001097          	auipc	ra,0x1
   12dd0:	f50080e7          	jalr	-176(ra) # 13d1c <memchr>
   12dd4:	0c050063          	beqz	a0,12e94 <_vfiprintf_r+0x3f0>
   12dd8:	fffed797          	auipc	a5,0xfffed
   12ddc:	22878793          	addi	a5,a5,552 # 0 <__STACK_SIZE-0x1000>
   12de0:	04079a63          	bnez	a5,12e34 <_vfiprintf_r+0x390>
   12de4:	02012703          	lw	a4,32(sp)
   12de8:	01c12783          	lw	a5,28(sp)
   12dec:	10077713          	andi	a4,a4,256
   12df0:	02070a63          	beqz	a4,12e24 <_vfiprintf_r+0x380>
   12df4:	00478793          	addi	a5,a5,4
   12df8:	00f12e23          	sw	a5,28(sp)
   12dfc:	03412783          	lw	a5,52(sp)
   12e00:	00140413          	addi	s0,s0,1
   12e04:	012787b3          	add	a5,a5,s2
   12e08:	02f12a23          	sw	a5,52(sp)
   12e0c:	dc5ff06f          	j	12bd0 <_vfiprintf_r+0x12c>
   12e10:	035787b3          	mul	a5,a5,s5
   12e14:	00140413          	addi	s0,s0,1
   12e18:	00100c93          	li	s9,1
   12e1c:	00e787b3          	add	a5,a5,a4
   12e20:	f49ff06f          	j	12d68 <_vfiprintf_r+0x2c4>
   12e24:	00778793          	addi	a5,a5,7
   12e28:	ff87f793          	andi	a5,a5,-8
   12e2c:	00878793          	addi	a5,a5,8
   12e30:	fc9ff06f          	j	12df8 <_vfiprintf_r+0x354>
   12e34:	01c10713          	addi	a4,sp,28
   12e38:	00000697          	auipc	a3,0x0
   12e3c:	bf468693          	addi	a3,a3,-1036 # 12a2c <__sfputs_r>
   12e40:	00048613          	mv	a2,s1
   12e44:	02010593          	addi	a1,sp,32
   12e48:	00098513          	mv	a0,s3
   12e4c:	00000097          	auipc	ra,0x0
   12e50:	000000e7          	jalr	zero # 0 <__STACK_SIZE-0x1000>
   12e54:	00050913          	mv	s2,a0
   12e58:	fb4512e3          	bne	a0,s4,12dfc <_vfiprintf_r+0x358>
   12e5c:	0644a783          	lw	a5,100(s1)
   12e60:	0017f793          	andi	a5,a5,1
   12e64:	00079e63          	bnez	a5,12e80 <_vfiprintf_r+0x3dc>
   12e68:	00c4d783          	lhu	a5,12(s1)
   12e6c:	2007f793          	andi	a5,a5,512
   12e70:	00079863          	bnez	a5,12e80 <_vfiprintf_r+0x3dc>
   12e74:	0584a503          	lw	a0,88(s1)
   12e78:	fffff097          	auipc	ra,0xfffff
   12e7c:	7d0080e7          	jalr	2000(ra) # 12648 <__retarget_lock_release_recursive>
   12e80:	00c4d783          	lhu	a5,12(s1)
   12e84:	0407f793          	andi	a5,a5,64
   12e88:	cc0794e3          	bnez	a5,12b50 <_vfiprintf_r+0xac>
   12e8c:	03412503          	lw	a0,52(sp)
   12e90:	cc5ff06f          	j	12b54 <_vfiprintf_r+0xb0>
   12e94:	01c10713          	addi	a4,sp,28
   12e98:	00000697          	auipc	a3,0x0
   12e9c:	b9468693          	addi	a3,a3,-1132 # 12a2c <__sfputs_r>
   12ea0:	00048613          	mv	a2,s1
   12ea4:	02010593          	addi	a1,sp,32
   12ea8:	00098513          	mv	a0,s3
   12eac:	00000097          	auipc	ra,0x0
   12eb0:	1c0080e7          	jalr	448(ra) # 1306c <_printf_i>
   12eb4:	fa1ff06f          	j	12e54 <_vfiprintf_r+0x3b0>

00012eb8 <_printf_common>:
   12eb8:	fd010113          	addi	sp,sp,-48
   12ebc:	01312e23          	sw	s3,28(sp)
   12ec0:	0105a783          	lw	a5,16(a1)
   12ec4:	00070993          	mv	s3,a4
   12ec8:	0085a703          	lw	a4,8(a1)
   12ecc:	02812423          	sw	s0,40(sp)
   12ed0:	03212023          	sw	s2,32(sp)
   12ed4:	01612823          	sw	s6,16(sp)
   12ed8:	01712623          	sw	s7,12(sp)
   12edc:	02112623          	sw	ra,44(sp)
   12ee0:	02912223          	sw	s1,36(sp)
   12ee4:	01412c23          	sw	s4,24(sp)
   12ee8:	01512a23          	sw	s5,20(sp)
   12eec:	00050b13          	mv	s6,a0
   12ef0:	00058413          	mv	s0,a1
   12ef4:	00060913          	mv	s2,a2
   12ef8:	00068b93          	mv	s7,a3
   12efc:	00e7d463          	bge	a5,a4,12f04 <_printf_common+0x4c>
   12f00:	00070793          	mv	a5,a4
   12f04:	00f92023          	sw	a5,0(s2)
   12f08:	04344703          	lbu	a4,67(s0)
   12f0c:	00070663          	beqz	a4,12f18 <_printf_common+0x60>
   12f10:	00178793          	addi	a5,a5,1
   12f14:	00f92023          	sw	a5,0(s2)
   12f18:	00042783          	lw	a5,0(s0)
   12f1c:	0207f793          	andi	a5,a5,32
   12f20:	00078863          	beqz	a5,12f30 <_printf_common+0x78>
   12f24:	00092783          	lw	a5,0(s2)
   12f28:	00278793          	addi	a5,a5,2
   12f2c:	00f92023          	sw	a5,0(s2)
   12f30:	00042483          	lw	s1,0(s0)
   12f34:	0064f493          	andi	s1,s1,6
   12f38:	00049e63          	bnez	s1,12f54 <_printf_common+0x9c>
   12f3c:	01940a13          	addi	s4,s0,25
   12f40:	fff00a93          	li	s5,-1
   12f44:	00c42783          	lw	a5,12(s0)
   12f48:	00092703          	lw	a4,0(s2)
   12f4c:	40e787b3          	sub	a5,a5,a4
   12f50:	08f4c463          	blt	s1,a5,12fd8 <_printf_common+0x120>
   12f54:	00042783          	lw	a5,0(s0)
   12f58:	04344683          	lbu	a3,67(s0)
   12f5c:	0207f793          	andi	a5,a5,32
   12f60:	00d036b3          	snez	a3,a3
   12f64:	0c079263          	bnez	a5,13028 <_printf_common+0x170>
   12f68:	04340613          	addi	a2,s0,67
   12f6c:	000b8593          	mv	a1,s7
   12f70:	000b0513          	mv	a0,s6
   12f74:	000980e7          	jalr	s3
   12f78:	fff00793          	li	a5,-1
   12f7c:	06f50a63          	beq	a0,a5,12ff0 <_printf_common+0x138>
   12f80:	00042783          	lw	a5,0(s0)
   12f84:	00400713          	li	a4,4
   12f88:	00000493          	li	s1,0
   12f8c:	0067f793          	andi	a5,a5,6
   12f90:	00e79e63          	bne	a5,a4,12fac <_printf_common+0xf4>
   12f94:	00092783          	lw	a5,0(s2)
   12f98:	00c42483          	lw	s1,12(s0)
   12f9c:	40f484b3          	sub	s1,s1,a5
   12fa0:	fff4c793          	not	a5,s1
   12fa4:	41f7d793          	srai	a5,a5,0x1f
   12fa8:	00f4f4b3          	and	s1,s1,a5
   12fac:	00842783          	lw	a5,8(s0)
   12fb0:	01042703          	lw	a4,16(s0)
   12fb4:	00f75663          	bge	a4,a5,12fc0 <_printf_common+0x108>
   12fb8:	40e787b3          	sub	a5,a5,a4
   12fbc:	00f484b3          	add	s1,s1,a5
   12fc0:	00000913          	li	s2,0
   12fc4:	01a40413          	addi	s0,s0,26
   12fc8:	fff00a13          	li	s4,-1
   12fcc:	09249063          	bne	s1,s2,1304c <_printf_common+0x194>
   12fd0:	00000513          	li	a0,0
   12fd4:	0200006f          	j	12ff4 <_printf_common+0x13c>
   12fd8:	00100693          	li	a3,1
   12fdc:	000a0613          	mv	a2,s4
   12fe0:	000b8593          	mv	a1,s7
   12fe4:	000b0513          	mv	a0,s6
   12fe8:	000980e7          	jalr	s3
   12fec:	03551a63          	bne	a0,s5,13020 <_printf_common+0x168>
   12ff0:	fff00513          	li	a0,-1
   12ff4:	02c12083          	lw	ra,44(sp)
   12ff8:	02812403          	lw	s0,40(sp)
   12ffc:	02412483          	lw	s1,36(sp)
   13000:	02012903          	lw	s2,32(sp)
   13004:	01c12983          	lw	s3,28(sp)
   13008:	01812a03          	lw	s4,24(sp)
   1300c:	01412a83          	lw	s5,20(sp)
   13010:	01012b03          	lw	s6,16(sp)
   13014:	00c12b83          	lw	s7,12(sp)
   13018:	03010113          	addi	sp,sp,48
   1301c:	00008067          	ret
   13020:	00148493          	addi	s1,s1,1
   13024:	f21ff06f          	j	12f44 <_printf_common+0x8c>
   13028:	00d40733          	add	a4,s0,a3
   1302c:	03000613          	li	a2,48
   13030:	04c701a3          	sb	a2,67(a4)
   13034:	04544703          	lbu	a4,69(s0)
   13038:	00168793          	addi	a5,a3,1
   1303c:	00f407b3          	add	a5,s0,a5
   13040:	00268693          	addi	a3,a3,2
   13044:	04e781a3          	sb	a4,67(a5)
   13048:	f21ff06f          	j	12f68 <_printf_common+0xb0>
   1304c:	00100693          	li	a3,1
   13050:	00040613          	mv	a2,s0
   13054:	000b8593          	mv	a1,s7
   13058:	000b0513          	mv	a0,s6
   1305c:	000980e7          	jalr	s3
   13060:	f94508e3          	beq	a0,s4,12ff0 <_printf_common+0x138>
   13064:	00190913          	addi	s2,s2,1
   13068:	f65ff06f          	j	12fcc <_printf_common+0x114>

0001306c <_printf_i>:
   1306c:	fc010113          	addi	sp,sp,-64
   13070:	02812c23          	sw	s0,56(sp)
   13074:	02912a23          	sw	s1,52(sp)
   13078:	03412423          	sw	s4,40(sp)
   1307c:	03512223          	sw	s5,36(sp)
   13080:	02112e23          	sw	ra,60(sp)
   13084:	03212823          	sw	s2,48(sp)
   13088:	03312623          	sw	s3,44(sp)
   1308c:	0185c783          	lbu	a5,24(a1)
   13090:	00068493          	mv	s1,a3
   13094:	07800693          	li	a3,120
   13098:	00050a13          	mv	s4,a0
   1309c:	00058413          	mv	s0,a1
   130a0:	00060a93          	mv	s5,a2
   130a4:	02f6e263          	bltu	a3,a5,130c8 <_printf_i+0x5c>
   130a8:	06200693          	li	a3,98
   130ac:	04358613          	addi	a2,a1,67
   130b0:	02f6e063          	bltu	a3,a5,130d0 <_printf_i+0x64>
   130b4:	28078863          	beqz	a5,13344 <_printf_i+0x2d8>
   130b8:	05800593          	li	a1,88
   130bc:	0000d697          	auipc	a3,0xd
   130c0:	5d068693          	addi	a3,a3,1488 # 2068c <errpat+0x78>
   130c4:	1cb78c63          	beq	a5,a1,1329c <_printf_i+0x230>
   130c8:	04240913          	addi	s2,s0,66
   130cc:	0440006f          	j	13110 <_printf_i+0xa4>
   130d0:	f9d78693          	addi	a3,a5,-99
   130d4:	0ff6f693          	zext.b	a3,a3
   130d8:	01500593          	li	a1,21
   130dc:	fed5e6e3          	bltu	a1,a3,130c8 <_printf_i+0x5c>
   130e0:	0000d597          	auipc	a1,0xd
   130e4:	5d458593          	addi	a1,a1,1492 # 206b4 <errpat+0xa0>
   130e8:	00269693          	slli	a3,a3,0x2
   130ec:	00b686b3          	add	a3,a3,a1
   130f0:	0006a683          	lw	a3,0(a3)
   130f4:	00b686b3          	add	a3,a3,a1
   130f8:	00068067          	jr	a3
   130fc:	00072783          	lw	a5,0(a4)
   13100:	04240913          	addi	s2,s0,66
   13104:	00478693          	addi	a3,a5,4
   13108:	0007a783          	lw	a5,0(a5)
   1310c:	00d72023          	sw	a3,0(a4)
   13110:	04f40123          	sb	a5,66(s0)
   13114:	00100793          	li	a5,1
   13118:	26c0006f          	j	13384 <_printf_i+0x318>
   1311c:	00042783          	lw	a5,0(s0)
   13120:	00072503          	lw	a0,0(a4)
   13124:	0807f693          	andi	a3,a5,128
   13128:	00450593          	addi	a1,a0,4
   1312c:	02068663          	beqz	a3,13158 <_printf_i+0xec>
   13130:	00052783          	lw	a5,0(a0)
   13134:	00b72023          	sw	a1,0(a4)
   13138:	0007d863          	bgez	a5,13148 <_printf_i+0xdc>
   1313c:	02d00713          	li	a4,45
   13140:	40f007b3          	neg	a5,a5
   13144:	04e401a3          	sb	a4,67(s0)
   13148:	0000d697          	auipc	a3,0xd
   1314c:	54468693          	addi	a3,a3,1348 # 2068c <errpat+0x78>
   13150:	00a00713          	li	a4,10
   13154:	0680006f          	j	131bc <_printf_i+0x150>
   13158:	0407f693          	andi	a3,a5,64
   1315c:	00052783          	lw	a5,0(a0)
   13160:	00b72023          	sw	a1,0(a4)
   13164:	fc068ae3          	beqz	a3,13138 <_printf_i+0xcc>
   13168:	01079793          	slli	a5,a5,0x10
   1316c:	4107d793          	srai	a5,a5,0x10
   13170:	fc9ff06f          	j	13138 <_printf_i+0xcc>
   13174:	00042583          	lw	a1,0(s0)
   13178:	00072683          	lw	a3,0(a4)
   1317c:	0805f513          	andi	a0,a1,128
   13180:	0006a783          	lw	a5,0(a3)
   13184:	00468693          	addi	a3,a3,4
   13188:	00051a63          	bnez	a0,1319c <_printf_i+0x130>
   1318c:	0405f593          	andi	a1,a1,64
   13190:	00058663          	beqz	a1,1319c <_printf_i+0x130>
   13194:	01079793          	slli	a5,a5,0x10
   13198:	0107d793          	srli	a5,a5,0x10
   1319c:	00d72023          	sw	a3,0(a4)
   131a0:	01844683          	lbu	a3,24(s0)
   131a4:	06f00713          	li	a4,111
   131a8:	14e69863          	bne	a3,a4,132f8 <_printf_i+0x28c>
   131ac:	0000d697          	auipc	a3,0xd
   131b0:	4e068693          	addi	a3,a3,1248 # 2068c <errpat+0x78>
   131b4:	00800713          	li	a4,8
   131b8:	040401a3          	sb	zero,67(s0)
   131bc:	00442583          	lw	a1,4(s0)
   131c0:	00b42423          	sw	a1,8(s0)
   131c4:	0005ce63          	bltz	a1,131e0 <_printf_i+0x174>
   131c8:	00042503          	lw	a0,0(s0)
   131cc:	00b7e5b3          	or	a1,a5,a1
   131d0:	00060913          	mv	s2,a2
   131d4:	ffb57513          	andi	a0,a0,-5
   131d8:	00a42023          	sw	a0,0(s0)
   131dc:	02058463          	beqz	a1,13204 <_printf_i+0x198>
   131e0:	00060913          	mv	s2,a2
   131e4:	02e7f5b3          	remu	a1,a5,a4
   131e8:	fff90913          	addi	s2,s2,-1
   131ec:	00b685b3          	add	a1,a3,a1
   131f0:	0005c583          	lbu	a1,0(a1)
   131f4:	00b90023          	sb	a1,0(s2)
   131f8:	00078593          	mv	a1,a5
   131fc:	02e7d7b3          	divu	a5,a5,a4
   13200:	fee5f2e3          	bgeu	a1,a4,131e4 <_printf_i+0x178>
   13204:	00800793          	li	a5,8
   13208:	02f71463          	bne	a4,a5,13230 <_printf_i+0x1c4>
   1320c:	00042783          	lw	a5,0(s0)
   13210:	0017f793          	andi	a5,a5,1
   13214:	00078e63          	beqz	a5,13230 <_printf_i+0x1c4>
   13218:	00442703          	lw	a4,4(s0)
   1321c:	01042783          	lw	a5,16(s0)
   13220:	00e7c863          	blt	a5,a4,13230 <_printf_i+0x1c4>
   13224:	03000793          	li	a5,48
   13228:	fef90fa3          	sb	a5,-1(s2)
   1322c:	fff90913          	addi	s2,s2,-1
   13230:	41260633          	sub	a2,a2,s2
   13234:	00c42823          	sw	a2,16(s0)
   13238:	00048713          	mv	a4,s1
   1323c:	000a8693          	mv	a3,s5
   13240:	01c10613          	addi	a2,sp,28
   13244:	00040593          	mv	a1,s0
   13248:	000a0513          	mv	a0,s4
   1324c:	00000097          	auipc	ra,0x0
   13250:	c6c080e7          	jalr	-916(ra) # 12eb8 <_printf_common>
   13254:	fff00993          	li	s3,-1
   13258:	13351c63          	bne	a0,s3,13390 <_printf_i+0x324>
   1325c:	fff00513          	li	a0,-1
   13260:	03c12083          	lw	ra,60(sp)
   13264:	03812403          	lw	s0,56(sp)
   13268:	03412483          	lw	s1,52(sp)
   1326c:	03012903          	lw	s2,48(sp)
   13270:	02c12983          	lw	s3,44(sp)
   13274:	02812a03          	lw	s4,40(sp)
   13278:	02412a83          	lw	s5,36(sp)
   1327c:	04010113          	addi	sp,sp,64
   13280:	00008067          	ret
   13284:	00042783          	lw	a5,0(s0)
   13288:	0207e793          	ori	a5,a5,32
   1328c:	00f42023          	sw	a5,0(s0)
   13290:	07800793          	li	a5,120
   13294:	0000d697          	auipc	a3,0xd
   13298:	40c68693          	addi	a3,a3,1036 # 206a0 <errpat+0x8c>
   1329c:	04f402a3          	sb	a5,69(s0)
   132a0:	00042583          	lw	a1,0(s0)
   132a4:	00072503          	lw	a0,0(a4)
   132a8:	0805f813          	andi	a6,a1,128
   132ac:	00052783          	lw	a5,0(a0)
   132b0:	00450513          	addi	a0,a0,4
   132b4:	00081a63          	bnez	a6,132c8 <_printf_i+0x25c>
   132b8:	0405f813          	andi	a6,a1,64
   132bc:	00080663          	beqz	a6,132c8 <_printf_i+0x25c>
   132c0:	01079793          	slli	a5,a5,0x10
   132c4:	0107d793          	srli	a5,a5,0x10
   132c8:	00a72023          	sw	a0,0(a4)
   132cc:	0015f713          	andi	a4,a1,1
   132d0:	00070663          	beqz	a4,132dc <_printf_i+0x270>
   132d4:	0205e593          	ori	a1,a1,32
   132d8:	00b42023          	sw	a1,0(s0)
   132dc:	00078663          	beqz	a5,132e8 <_printf_i+0x27c>
   132e0:	01000713          	li	a4,16
   132e4:	ed5ff06f          	j	131b8 <_printf_i+0x14c>
   132e8:	00042703          	lw	a4,0(s0)
   132ec:	fdf77713          	andi	a4,a4,-33
   132f0:	00e42023          	sw	a4,0(s0)
   132f4:	fedff06f          	j	132e0 <_printf_i+0x274>
   132f8:	0000d697          	auipc	a3,0xd
   132fc:	39468693          	addi	a3,a3,916 # 2068c <errpat+0x78>
   13300:	00a00713          	li	a4,10
   13304:	eb5ff06f          	j	131b8 <_printf_i+0x14c>
   13308:	00042683          	lw	a3,0(s0)
   1330c:	00072783          	lw	a5,0(a4)
   13310:	01442583          	lw	a1,20(s0)
   13314:	0806f813          	andi	a6,a3,128
   13318:	00478513          	addi	a0,a5,4
   1331c:	00080a63          	beqz	a6,13330 <_printf_i+0x2c4>
   13320:	00a72023          	sw	a0,0(a4)
   13324:	0007a783          	lw	a5,0(a5)
   13328:	00b7a023          	sw	a1,0(a5)
   1332c:	0180006f          	j	13344 <_printf_i+0x2d8>
   13330:	00a72023          	sw	a0,0(a4)
   13334:	0406f693          	andi	a3,a3,64
   13338:	0007a783          	lw	a5,0(a5)
   1333c:	fe0686e3          	beqz	a3,13328 <_printf_i+0x2bc>
   13340:	00b79023          	sh	a1,0(a5)
   13344:	00042823          	sw	zero,16(s0)
   13348:	00060913          	mv	s2,a2
   1334c:	eedff06f          	j	13238 <_printf_i+0x1cc>
   13350:	00072783          	lw	a5,0(a4)
   13354:	00442603          	lw	a2,4(s0)
   13358:	00000593          	li	a1,0
   1335c:	00478693          	addi	a3,a5,4
   13360:	00d72023          	sw	a3,0(a4)
   13364:	0007a903          	lw	s2,0(a5)
   13368:	00090513          	mv	a0,s2
   1336c:	00001097          	auipc	ra,0x1
   13370:	9b0080e7          	jalr	-1616(ra) # 13d1c <memchr>
   13374:	00050663          	beqz	a0,13380 <_printf_i+0x314>
   13378:	41250533          	sub	a0,a0,s2
   1337c:	00a42223          	sw	a0,4(s0)
   13380:	00442783          	lw	a5,4(s0)
   13384:	00f42823          	sw	a5,16(s0)
   13388:	040401a3          	sb	zero,67(s0)
   1338c:	eadff06f          	j	13238 <_printf_i+0x1cc>
   13390:	01042683          	lw	a3,16(s0)
   13394:	00090613          	mv	a2,s2
   13398:	000a8593          	mv	a1,s5
   1339c:	000a0513          	mv	a0,s4
   133a0:	000480e7          	jalr	s1
   133a4:	eb350ce3          	beq	a0,s3,1325c <_printf_i+0x1f0>
   133a8:	00042783          	lw	a5,0(s0)
   133ac:	0027f793          	andi	a5,a5,2
   133b0:	04079663          	bnez	a5,133fc <_printf_i+0x390>
   133b4:	01c12783          	lw	a5,28(sp)
   133b8:	00c42503          	lw	a0,12(s0)
   133bc:	eaf552e3          	bge	a0,a5,13260 <_printf_i+0x1f4>
   133c0:	00078513          	mv	a0,a5
   133c4:	e9dff06f          	j	13260 <_printf_i+0x1f4>
   133c8:	00100693          	li	a3,1
   133cc:	000a8593          	mv	a1,s5
   133d0:	000a0513          	mv	a0,s4
   133d4:	00c12623          	sw	a2,12(sp)
   133d8:	000480e7          	jalr	s1
   133dc:	e93500e3          	beq	a0,s3,1325c <_printf_i+0x1f0>
   133e0:	00c12603          	lw	a2,12(sp)
   133e4:	00190913          	addi	s2,s2,1
   133e8:	00c42783          	lw	a5,12(s0)
   133ec:	01c12703          	lw	a4,28(sp)
   133f0:	40e787b3          	sub	a5,a5,a4
   133f4:	fcf94ae3          	blt	s2,a5,133c8 <_printf_i+0x35c>
   133f8:	fbdff06f          	j	133b4 <_printf_i+0x348>
   133fc:	00000913          	li	s2,0
   13400:	01940613          	addi	a2,s0,25
   13404:	fe5ff06f          	j	133e8 <_printf_i+0x37c>

00013408 <__sflush_r>:
   13408:	00c59783          	lh	a5,12(a1)
   1340c:	fe010113          	addi	sp,sp,-32
   13410:	00812c23          	sw	s0,24(sp)
   13414:	00912a23          	sw	s1,20(sp)
   13418:	00112e23          	sw	ra,28(sp)
   1341c:	01212823          	sw	s2,16(sp)
   13420:	0087f713          	andi	a4,a5,8
   13424:	00050493          	mv	s1,a0
   13428:	00058413          	mv	s0,a1
   1342c:	12071463          	bnez	a4,13554 <__sflush_r+0x14c>
   13430:	0045a703          	lw	a4,4(a1)
   13434:	00e04663          	bgtz	a4,13440 <__sflush_r+0x38>
   13438:	0405a703          	lw	a4,64(a1)
   1343c:	10e05863          	blez	a4,1354c <__sflush_r+0x144>
   13440:	02c42703          	lw	a4,44(s0)
   13444:	10070463          	beqz	a4,1354c <__sflush_r+0x144>
   13448:	0004a903          	lw	s2,0(s1)
   1344c:	01379693          	slli	a3,a5,0x13
   13450:	0004a023          	sw	zero,0(s1)
   13454:	0a06de63          	bgez	a3,13510 <__sflush_r+0x108>
   13458:	05442603          	lw	a2,84(s0)
   1345c:	00c45783          	lhu	a5,12(s0)
   13460:	0047f793          	andi	a5,a5,4
   13464:	00078e63          	beqz	a5,13480 <__sflush_r+0x78>
   13468:	00442783          	lw	a5,4(s0)
   1346c:	40f60633          	sub	a2,a2,a5
   13470:	03442783          	lw	a5,52(s0)
   13474:	00078663          	beqz	a5,13480 <__sflush_r+0x78>
   13478:	04042783          	lw	a5,64(s0)
   1347c:	40f60633          	sub	a2,a2,a5
   13480:	02c42783          	lw	a5,44(s0)
   13484:	02042583          	lw	a1,32(s0)
   13488:	00000693          	li	a3,0
   1348c:	00048513          	mv	a0,s1
   13490:	000780e7          	jalr	a5
   13494:	fff00713          	li	a4,-1
   13498:	00c41783          	lh	a5,12(s0)
   1349c:	02e51263          	bne	a0,a4,134c0 <__sflush_r+0xb8>
   134a0:	0004a683          	lw	a3,0(s1)
   134a4:	01d00713          	li	a4,29
   134a8:	0ed76e63          	bltu	a4,a3,135a4 <__sflush_r+0x19c>
   134ac:	20400737          	lui	a4,0x20400
   134b0:	00170713          	addi	a4,a4,1 # 20400001 <__stack_top__+0x203d0001>
   134b4:	00d75733          	srl	a4,a4,a3
   134b8:	00177713          	andi	a4,a4,1
   134bc:	0e070463          	beqz	a4,135a4 <__sflush_r+0x19c>
   134c0:	01042703          	lw	a4,16(s0)
   134c4:	00042223          	sw	zero,4(s0)
   134c8:	00e42023          	sw	a4,0(s0)
   134cc:	01379713          	slli	a4,a5,0x13
   134d0:	00075c63          	bgez	a4,134e8 <__sflush_r+0xe0>
   134d4:	fff00793          	li	a5,-1
   134d8:	00f51663          	bne	a0,a5,134e4 <__sflush_r+0xdc>
   134dc:	0004a783          	lw	a5,0(s1)
   134e0:	00079463          	bnez	a5,134e8 <__sflush_r+0xe0>
   134e4:	04a42a23          	sw	a0,84(s0)
   134e8:	03442583          	lw	a1,52(s0)
   134ec:	0124a023          	sw	s2,0(s1)
   134f0:	04058e63          	beqz	a1,1354c <__sflush_r+0x144>
   134f4:	04440793          	addi	a5,s0,68
   134f8:	00f58863          	beq	a1,a5,13508 <__sflush_r+0x100>
   134fc:	00048513          	mv	a0,s1
   13500:	fffff097          	auipc	ra,0xfffff
   13504:	14c080e7          	jalr	332(ra) # 1264c <_free_r>
   13508:	02042a23          	sw	zero,52(s0)
   1350c:	0400006f          	j	1354c <__sflush_r+0x144>
   13510:	02042583          	lw	a1,32(s0)
   13514:	00000613          	li	a2,0
   13518:	00100693          	li	a3,1
   1351c:	00048513          	mv	a0,s1
   13520:	000700e7          	jalr	a4
   13524:	fff00793          	li	a5,-1
   13528:	00050613          	mv	a2,a0
   1352c:	f2f518e3          	bne	a0,a5,1345c <__sflush_r+0x54>
   13530:	0004a783          	lw	a5,0(s1)
   13534:	f20784e3          	beqz	a5,1345c <__sflush_r+0x54>
   13538:	fe378713          	addi	a4,a5,-29
   1353c:	00070663          	beqz	a4,13548 <__sflush_r+0x140>
   13540:	fea78793          	addi	a5,a5,-22
   13544:	04079e63          	bnez	a5,135a0 <__sflush_r+0x198>
   13548:	0124a023          	sw	s2,0(s1)
   1354c:	00000513          	li	a0,0
   13550:	0600006f          	j	135b0 <__sflush_r+0x1a8>
   13554:	0105a603          	lw	a2,16(a1)
   13558:	fe060ae3          	beqz	a2,1354c <__sflush_r+0x144>
   1355c:	0005a683          	lw	a3,0(a1)
   13560:	0037f793          	andi	a5,a5,3
   13564:	00c5a023          	sw	a2,0(a1)
   13568:	40c68933          	sub	s2,a3,a2
   1356c:	00000713          	li	a4,0
   13570:	00079463          	bnez	a5,13578 <__sflush_r+0x170>
   13574:	0145a703          	lw	a4,20(a1)
   13578:	00e42423          	sw	a4,8(s0)
   1357c:	fd2058e3          	blez	s2,1354c <__sflush_r+0x144>
   13580:	02842783          	lw	a5,40(s0)
   13584:	02042583          	lw	a1,32(s0)
   13588:	00090693          	mv	a3,s2
   1358c:	00048513          	mv	a0,s1
   13590:	00c12623          	sw	a2,12(sp)
   13594:	000780e7          	jalr	a5
   13598:	00c12603          	lw	a2,12(sp)
   1359c:	02a04663          	bgtz	a0,135c8 <__sflush_r+0x1c0>
   135a0:	00c45783          	lhu	a5,12(s0)
   135a4:	0407e793          	ori	a5,a5,64
   135a8:	00f41623          	sh	a5,12(s0)
   135ac:	fff00513          	li	a0,-1
   135b0:	01c12083          	lw	ra,28(sp)
   135b4:	01812403          	lw	s0,24(sp)
   135b8:	01412483          	lw	s1,20(sp)
   135bc:	01012903          	lw	s2,16(sp)
   135c0:	02010113          	addi	sp,sp,32
   135c4:	00008067          	ret
   135c8:	00a60633          	add	a2,a2,a0
   135cc:	40a90933          	sub	s2,s2,a0
   135d0:	fadff06f          	j	1357c <__sflush_r+0x174>

000135d4 <_fflush_r>:
   135d4:	0105a783          	lw	a5,16(a1)
   135d8:	ff010113          	addi	sp,sp,-16
   135dc:	00112623          	sw	ra,12(sp)
   135e0:	00812423          	sw	s0,8(sp)
   135e4:	00912223          	sw	s1,4(sp)
   135e8:	02079063          	bnez	a5,13608 <_fflush_r+0x34>
   135ec:	00000493          	li	s1,0
   135f0:	00c12083          	lw	ra,12(sp)
   135f4:	00812403          	lw	s0,8(sp)
   135f8:	00048513          	mv	a0,s1
   135fc:	00412483          	lw	s1,4(sp)
   13600:	01010113          	addi	sp,sp,16
   13604:	00008067          	ret
   13608:	00050493          	mv	s1,a0
   1360c:	00058413          	mv	s0,a1
   13610:	00050a63          	beqz	a0,13624 <_fflush_r+0x50>
   13614:	02052783          	lw	a5,32(a0)
   13618:	00079663          	bnez	a5,13624 <_fflush_r+0x50>
   1361c:	00000097          	auipc	ra,0x0
   13620:	268080e7          	jalr	616(ra) # 13884 <__sinit>
   13624:	00c41783          	lh	a5,12(s0)
   13628:	fc0782e3          	beqz	a5,135ec <_fflush_r+0x18>
   1362c:	06442703          	lw	a4,100(s0)
   13630:	00177713          	andi	a4,a4,1
   13634:	00071c63          	bnez	a4,1364c <_fflush_r+0x78>
   13638:	2007f793          	andi	a5,a5,512
   1363c:	00079863          	bnez	a5,1364c <_fflush_r+0x78>
   13640:	05842503          	lw	a0,88(s0)
   13644:	fffff097          	auipc	ra,0xfffff
   13648:	000080e7          	jalr	ra # 12644 <__retarget_lock_acquire_recursive>
   1364c:	00048513          	mv	a0,s1
   13650:	00040593          	mv	a1,s0
   13654:	00000097          	auipc	ra,0x0
   13658:	db4080e7          	jalr	-588(ra) # 13408 <__sflush_r>
   1365c:	06442783          	lw	a5,100(s0)
   13660:	00050493          	mv	s1,a0
   13664:	0017f793          	andi	a5,a5,1
   13668:	f80794e3          	bnez	a5,135f0 <_fflush_r+0x1c>
   1366c:	00c45783          	lhu	a5,12(s0)
   13670:	2007f793          	andi	a5,a5,512
   13674:	f6079ee3          	bnez	a5,135f0 <_fflush_r+0x1c>
   13678:	05842503          	lw	a0,88(s0)
   1367c:	fffff097          	auipc	ra,0xfffff
   13680:	fcc080e7          	jalr	-52(ra) # 12648 <__retarget_lock_release_recursive>
   13684:	f6dff06f          	j	135f0 <_fflush_r+0x1c>

00013688 <std>:
   13688:	ff010113          	addi	sp,sp,-16
   1368c:	00812423          	sw	s0,8(sp)
   13690:	00112623          	sw	ra,12(sp)
   13694:	00050413          	mv	s0,a0
   13698:	00b51623          	sh	a1,12(a0)
   1369c:	00c51723          	sh	a2,14(a0)
   136a0:	00052023          	sw	zero,0(a0)
   136a4:	00052223          	sw	zero,4(a0)
   136a8:	00052423          	sw	zero,8(a0)
   136ac:	06052223          	sw	zero,100(a0)
   136b0:	00052823          	sw	zero,16(a0)
   136b4:	00052a23          	sw	zero,20(a0)
   136b8:	00052c23          	sw	zero,24(a0)
   136bc:	00800613          	li	a2,8
   136c0:	00000593          	li	a1,0
   136c4:	05c50513          	addi	a0,a0,92
   136c8:	ffffd097          	auipc	ra,0xffffd
   136cc:	cfc080e7          	jalr	-772(ra) # 103c4 <memset>
   136d0:	00000797          	auipc	a5,0x0
   136d4:	50478793          	addi	a5,a5,1284 # 13bd4 <__sread>
   136d8:	02f42223          	sw	a5,36(s0)
   136dc:	00000797          	auipc	a5,0x0
   136e0:	54c78793          	addi	a5,a5,1356 # 13c28 <__swrite>
   136e4:	02f42423          	sw	a5,40(s0)
   136e8:	00000797          	auipc	a5,0x0
   136ec:	5cc78793          	addi	a5,a5,1484 # 13cb4 <__sseek>
   136f0:	02f42623          	sw	a5,44(s0)
   136f4:	00000797          	auipc	a5,0x0
   136f8:	61c78793          	addi	a5,a5,1564 # 13d10 <__sclose>
   136fc:	02f42823          	sw	a5,48(s0)
   13700:	0000e717          	auipc	a4,0xe
   13704:	91870713          	addi	a4,a4,-1768 # 21018 <__sf>
   13708:	0000e797          	auipc	a5,0xe
   1370c:	97878793          	addi	a5,a5,-1672 # 21080 <__sf+0x68>
   13710:	40f407b3          	sub	a5,s0,a5
   13714:	40e40733          	sub	a4,s0,a4
   13718:	0017b793          	seqz	a5,a5
   1371c:	00173713          	seqz	a4,a4
   13720:	02842023          	sw	s0,32(s0)
   13724:	00e7e7b3          	or	a5,a5,a4
   13728:	00079863          	bnez	a5,13738 <std+0xb0>
   1372c:	0000e797          	auipc	a5,0xe
   13730:	9bc78793          	addi	a5,a5,-1604 # 210e8 <__sf+0xd0>
   13734:	00f41e63          	bne	s0,a5,13750 <std+0xc8>
   13738:	05840513          	addi	a0,s0,88
   1373c:	00812403          	lw	s0,8(sp)
   13740:	00c12083          	lw	ra,12(sp)
   13744:	01010113          	addi	sp,sp,16
   13748:	fffff317          	auipc	t1,0xfffff
   1374c:	ef830067          	jr	-264(t1) # 12640 <__retarget_lock_init_recursive>
   13750:	00c12083          	lw	ra,12(sp)
   13754:	00812403          	lw	s0,8(sp)
   13758:	01010113          	addi	sp,sp,16
   1375c:	00008067          	ret

00013760 <stdio_exit_handler>:
   13760:	0000d617          	auipc	a2,0xd
   13764:	8f860613          	addi	a2,a2,-1800 # 20058 <__sglue>
   13768:	00000597          	auipc	a1,0x0
   1376c:	e6c58593          	addi	a1,a1,-404 # 135d4 <_fflush_r>
   13770:	0000d517          	auipc	a0,0xd
   13774:	89c50513          	addi	a0,a0,-1892 # 2000c <_impure_data>
   13778:	00000317          	auipc	t1,0x0
   1377c:	16030067          	jr	352(t1) # 138d8 <_fwalk_sglue>

00013780 <cleanup_stdio>:
   13780:	00452583          	lw	a1,4(a0)
   13784:	ff010113          	addi	sp,sp,-16
   13788:	00812423          	sw	s0,8(sp)
   1378c:	00112623          	sw	ra,12(sp)
   13790:	0000e797          	auipc	a5,0xe
   13794:	88878793          	addi	a5,a5,-1912 # 21018 <__sf>
   13798:	00050413          	mv	s0,a0
   1379c:	00f58663          	beq	a1,a5,137a8 <cleanup_stdio+0x28>
   137a0:	00000097          	auipc	ra,0x0
   137a4:	e34080e7          	jalr	-460(ra) # 135d4 <_fflush_r>
   137a8:	00842583          	lw	a1,8(s0)
   137ac:	0000e797          	auipc	a5,0xe
   137b0:	8d478793          	addi	a5,a5,-1836 # 21080 <__sf+0x68>
   137b4:	00f58863          	beq	a1,a5,137c4 <cleanup_stdio+0x44>
   137b8:	00040513          	mv	a0,s0
   137bc:	00000097          	auipc	ra,0x0
   137c0:	e18080e7          	jalr	-488(ra) # 135d4 <_fflush_r>
   137c4:	00c42583          	lw	a1,12(s0)
   137c8:	0000e797          	auipc	a5,0xe
   137cc:	92078793          	addi	a5,a5,-1760 # 210e8 <__sf+0xd0>
   137d0:	00f58e63          	beq	a1,a5,137ec <cleanup_stdio+0x6c>
   137d4:	00040513          	mv	a0,s0
   137d8:	00812403          	lw	s0,8(sp)
   137dc:	00c12083          	lw	ra,12(sp)
   137e0:	01010113          	addi	sp,sp,16
   137e4:	00000317          	auipc	t1,0x0
   137e8:	df030067          	jr	-528(t1) # 135d4 <_fflush_r>
   137ec:	00c12083          	lw	ra,12(sp)
   137f0:	00812403          	lw	s0,8(sp)
   137f4:	01010113          	addi	sp,sp,16
   137f8:	00008067          	ret

000137fc <global_stdio_init.part.0>:
   137fc:	ff010113          	addi	sp,sp,-16
   13800:	00000797          	auipc	a5,0x0
   13804:	f6078793          	addi	a5,a5,-160 # 13760 <stdio_exit_handler>
   13808:	00000613          	li	a2,0
   1380c:	00400593          	li	a1,4
   13810:	0000e517          	auipc	a0,0xe
   13814:	80850513          	addi	a0,a0,-2040 # 21018 <__sf>
   13818:	00112623          	sw	ra,12(sp)
   1381c:	0000d717          	auipc	a4,0xd
   13820:	00f72423          	sw	a5,8(a4) # 20824 <__stdio_exit_handler>
   13824:	00000097          	auipc	ra,0x0
   13828:	e64080e7          	jalr	-412(ra) # 13688 <std>
   1382c:	00100613          	li	a2,1
   13830:	00900593          	li	a1,9
   13834:	0000e517          	auipc	a0,0xe
   13838:	84c50513          	addi	a0,a0,-1972 # 21080 <__sf+0x68>
   1383c:	00000097          	auipc	ra,0x0
   13840:	e4c080e7          	jalr	-436(ra) # 13688 <std>
   13844:	00c12083          	lw	ra,12(sp)
   13848:	00200613          	li	a2,2
   1384c:	01200593          	li	a1,18
   13850:	0000e517          	auipc	a0,0xe
   13854:	89850513          	addi	a0,a0,-1896 # 210e8 <__sf+0xd0>
   13858:	01010113          	addi	sp,sp,16
   1385c:	00000317          	auipc	t1,0x0
   13860:	e2c30067          	jr	-468(t1) # 13688 <std>

00013864 <__sfp_lock_acquire>:
   13864:	0000d517          	auipc	a0,0xd
   13868:	fb450513          	addi	a0,a0,-76 # 20818 <__lock___sfp_recursive_mutex>
   1386c:	fffff317          	auipc	t1,0xfffff
   13870:	dd830067          	jr	-552(t1) # 12644 <__retarget_lock_acquire_recursive>

00013874 <__sfp_lock_release>:
   13874:	0000d517          	auipc	a0,0xd
   13878:	fa450513          	addi	a0,a0,-92 # 20818 <__lock___sfp_recursive_mutex>
   1387c:	fffff317          	auipc	t1,0xfffff
   13880:	dcc30067          	jr	-564(t1) # 12648 <__retarget_lock_release_recursive>

00013884 <__sinit>:
   13884:	fe010113          	addi	sp,sp,-32
   13888:	00a12623          	sw	a0,12(sp)
   1388c:	00112e23          	sw	ra,28(sp)
   13890:	00000097          	auipc	ra,0x0
   13894:	fd4080e7          	jalr	-44(ra) # 13864 <__sfp_lock_acquire>
   13898:	00c12503          	lw	a0,12(sp)
   1389c:	02052783          	lw	a5,32(a0)
   138a0:	00078a63          	beqz	a5,138b4 <__sinit+0x30>
   138a4:	01c12083          	lw	ra,28(sp)
   138a8:	02010113          	addi	sp,sp,32
   138ac:	00000317          	auipc	t1,0x0
   138b0:	fc830067          	jr	-56(t1) # 13874 <__sfp_lock_release>
   138b4:	00000797          	auipc	a5,0x0
   138b8:	ecc78793          	addi	a5,a5,-308 # 13780 <cleanup_stdio>
   138bc:	02f52023          	sw	a5,32(a0)
   138c0:	0000d797          	auipc	a5,0xd
   138c4:	f647a783          	lw	a5,-156(a5) # 20824 <__stdio_exit_handler>
   138c8:	fc079ee3          	bnez	a5,138a4 <__sinit+0x20>
   138cc:	00000097          	auipc	ra,0x0
   138d0:	f30080e7          	jalr	-208(ra) # 137fc <global_stdio_init.part.0>
   138d4:	fd1ff06f          	j	138a4 <__sinit+0x20>

000138d8 <_fwalk_sglue>:
   138d8:	fd010113          	addi	sp,sp,-48
   138dc:	02812423          	sw	s0,40(sp)
   138e0:	03212023          	sw	s2,32(sp)
   138e4:	01312e23          	sw	s3,28(sp)
   138e8:	01412c23          	sw	s4,24(sp)
   138ec:	01512a23          	sw	s5,20(sp)
   138f0:	02112623          	sw	ra,44(sp)
   138f4:	02912223          	sw	s1,36(sp)
   138f8:	00050a13          	mv	s4,a0
   138fc:	00058a93          	mv	s5,a1
   13900:	00000413          	li	s0,0
   13904:	00100913          	li	s2,1
   13908:	fff00993          	li	s3,-1
   1390c:	00862583          	lw	a1,8(a2)
   13910:	00462483          	lw	s1,4(a2)
   13914:	fff48493          	addi	s1,s1,-1
   13918:	0204da63          	bgez	s1,1394c <_fwalk_sglue+0x74>
   1391c:	00062603          	lw	a2,0(a2)
   13920:	fe0616e3          	bnez	a2,1390c <_fwalk_sglue+0x34>
   13924:	02c12083          	lw	ra,44(sp)
   13928:	00040513          	mv	a0,s0
   1392c:	02812403          	lw	s0,40(sp)
   13930:	02412483          	lw	s1,36(sp)
   13934:	02012903          	lw	s2,32(sp)
   13938:	01c12983          	lw	s3,28(sp)
   1393c:	01812a03          	lw	s4,24(sp)
   13940:	01412a83          	lw	s5,20(sp)
   13944:	03010113          	addi	sp,sp,48
   13948:	00008067          	ret
   1394c:	00c5d783          	lhu	a5,12(a1)
   13950:	02f97463          	bgeu	s2,a5,13978 <_fwalk_sglue+0xa0>
   13954:	00e59783          	lh	a5,14(a1)
   13958:	03378063          	beq	a5,s3,13978 <_fwalk_sglue+0xa0>
   1395c:	000a0513          	mv	a0,s4
   13960:	00c12623          	sw	a2,12(sp)
   13964:	00b12423          	sw	a1,8(sp)
   13968:	000a80e7          	jalr	s5
   1396c:	00c12603          	lw	a2,12(sp)
   13970:	00812583          	lw	a1,8(sp)
   13974:	00a46433          	or	s0,s0,a0
   13978:	06858593          	addi	a1,a1,104
   1397c:	f99ff06f          	j	13914 <_fwalk_sglue+0x3c>

00013980 <__swhatbuf_r>:
   13980:	f8010113          	addi	sp,sp,-128
   13984:	06812c23          	sw	s0,120(sp)
   13988:	00058413          	mv	s0,a1
   1398c:	00e59583          	lh	a1,14(a1)
   13990:	06912a23          	sw	s1,116(sp)
   13994:	06112e23          	sw	ra,124(sp)
   13998:	00060493          	mv	s1,a2
   1399c:	0205da63          	bgez	a1,139d0 <__swhatbuf_r+0x50>
   139a0:	00c45783          	lhu	a5,12(s0)
   139a4:	0807f793          	andi	a5,a5,128
   139a8:	04079e63          	bnez	a5,13a04 <__swhatbuf_r+0x84>
   139ac:	40000713          	li	a4,1024
   139b0:	07c12083          	lw	ra,124(sp)
   139b4:	07812403          	lw	s0,120(sp)
   139b8:	00f6a023          	sw	a5,0(a3)
   139bc:	00e4a023          	sw	a4,0(s1)
   139c0:	00000513          	li	a0,0
   139c4:	07412483          	lw	s1,116(sp)
   139c8:	08010113          	addi	sp,sp,128
   139cc:	00008067          	ret
   139d0:	01810613          	addi	a2,sp,24
   139d4:	00d12623          	sw	a3,12(sp)
   139d8:	00000097          	auipc	ra,0x0
   139dc:	3b4080e7          	jalr	948(ra) # 13d8c <_fstat_r>
   139e0:	00c12683          	lw	a3,12(sp)
   139e4:	fa054ee3          	bltz	a0,139a0 <__swhatbuf_r+0x20>
   139e8:	01c12783          	lw	a5,28(sp)
   139ec:	0000f737          	lui	a4,0xf
   139f0:	00e7f7b3          	and	a5,a5,a4
   139f4:	ffffe737          	lui	a4,0xffffe
   139f8:	00e787b3          	add	a5,a5,a4
   139fc:	0017b793          	seqz	a5,a5
   13a00:	fadff06f          	j	139ac <__swhatbuf_r+0x2c>
   13a04:	00000793          	li	a5,0
   13a08:	04000713          	li	a4,64
   13a0c:	fa5ff06f          	j	139b0 <__swhatbuf_r+0x30>

00013a10 <__smakebuf_r>:
   13a10:	00c5d703          	lhu	a4,12(a1)
   13a14:	fd010113          	addi	sp,sp,-48
   13a18:	02812423          	sw	s0,40(sp)
   13a1c:	02112623          	sw	ra,44(sp)
   13a20:	02912223          	sw	s1,36(sp)
   13a24:	00277713          	andi	a4,a4,2
   13a28:	00058413          	mv	s0,a1
   13a2c:	02070663          	beqz	a4,13a58 <__smakebuf_r+0x48>
   13a30:	04740793          	addi	a5,s0,71
   13a34:	00f42023          	sw	a5,0(s0)
   13a38:	00f42823          	sw	a5,16(s0)
   13a3c:	00100793          	li	a5,1
   13a40:	00f42a23          	sw	a5,20(s0)
   13a44:	02c12083          	lw	ra,44(sp)
   13a48:	02812403          	lw	s0,40(sp)
   13a4c:	02412483          	lw	s1,36(sp)
   13a50:	03010113          	addi	sp,sp,48
   13a54:	00008067          	ret
   13a58:	01c10693          	addi	a3,sp,28
   13a5c:	01810613          	addi	a2,sp,24
   13a60:	00050493          	mv	s1,a0
   13a64:	00000097          	auipc	ra,0x0
   13a68:	f1c080e7          	jalr	-228(ra) # 13980 <__swhatbuf_r>
   13a6c:	01812583          	lw	a1,24(sp)
   13a70:	00048513          	mv	a0,s1
   13a74:	00b12623          	sw	a1,12(sp)
   13a78:	fffff097          	auipc	ra,0xfffff
   13a7c:	d74080e7          	jalr	-652(ra) # 127ec <_malloc_r>
   13a80:	00c41783          	lh	a5,12(s0)
   13a84:	00c12583          	lw	a1,12(sp)
   13a88:	00051e63          	bnez	a0,13aa4 <__smakebuf_r+0x94>
   13a8c:	2007f713          	andi	a4,a5,512
   13a90:	fa071ae3          	bnez	a4,13a44 <__smakebuf_r+0x34>
   13a94:	ffc7f793          	andi	a5,a5,-4
   13a98:	0027e793          	ori	a5,a5,2
   13a9c:	00f41623          	sh	a5,12(s0)
   13aa0:	f91ff06f          	j	13a30 <__smakebuf_r+0x20>
   13aa4:	0807e793          	ori	a5,a5,128
   13aa8:	00f41623          	sh	a5,12(s0)
   13aac:	01c12783          	lw	a5,28(sp)
   13ab0:	00a42023          	sw	a0,0(s0)
   13ab4:	00a42823          	sw	a0,16(s0)
   13ab8:	00b42a23          	sw	a1,20(s0)
   13abc:	f80784e3          	beqz	a5,13a44 <__smakebuf_r+0x34>
   13ac0:	00e41583          	lh	a1,14(s0)
   13ac4:	00048513          	mv	a0,s1
   13ac8:	00000097          	auipc	ra,0x0
   13acc:	314080e7          	jalr	788(ra) # 13ddc <_isatty_r>
   13ad0:	f6050ae3          	beqz	a0,13a44 <__smakebuf_r+0x34>
   13ad4:	00c45783          	lhu	a5,12(s0)
   13ad8:	ffc7f793          	andi	a5,a5,-4
   13adc:	0017e793          	ori	a5,a5,1
   13ae0:	00f41623          	sh	a5,12(s0)
   13ae4:	f61ff06f          	j	13a44 <__smakebuf_r+0x34>

00013ae8 <_putc_r>:
   13ae8:	fe010113          	addi	sp,sp,-32
   13aec:	00812c23          	sw	s0,24(sp)
   13af0:	00912a23          	sw	s1,20(sp)
   13af4:	00112e23          	sw	ra,28(sp)
   13af8:	00050493          	mv	s1,a0
   13afc:	00060413          	mv	s0,a2
   13b00:	00050e63          	beqz	a0,13b1c <_putc_r+0x34>
   13b04:	02052783          	lw	a5,32(a0)
   13b08:	00079a63          	bnez	a5,13b1c <_putc_r+0x34>
   13b0c:	00b12623          	sw	a1,12(sp)
   13b10:	00000097          	auipc	ra,0x0
   13b14:	d74080e7          	jalr	-652(ra) # 13884 <__sinit>
   13b18:	00c12583          	lw	a1,12(sp)
   13b1c:	06442783          	lw	a5,100(s0)
   13b20:	0017f793          	andi	a5,a5,1
   13b24:	02079263          	bnez	a5,13b48 <_putc_r+0x60>
   13b28:	00c45783          	lhu	a5,12(s0)
   13b2c:	2007f793          	andi	a5,a5,512
   13b30:	00079c63          	bnez	a5,13b48 <_putc_r+0x60>
   13b34:	05842503          	lw	a0,88(s0)
   13b38:	00b12623          	sw	a1,12(sp)
   13b3c:	fffff097          	auipc	ra,0xfffff
   13b40:	b08080e7          	jalr	-1272(ra) # 12644 <__retarget_lock_acquire_recursive>
   13b44:	00c12583          	lw	a1,12(sp)
   13b48:	00842783          	lw	a5,8(s0)
   13b4c:	0ff5f713          	zext.b	a4,a1
   13b50:	fff78793          	addi	a5,a5,-1
   13b54:	00f42423          	sw	a5,8(s0)
   13b58:	0007da63          	bgez	a5,13b6c <_putc_r+0x84>
   13b5c:	01842683          	lw	a3,24(s0)
   13b60:	04d7ce63          	blt	a5,a3,13bbc <_putc_r+0xd4>
   13b64:	ff670793          	addi	a5,a4,-10 # ffffdff6 <__stack_top__+0xfffcdff6>
   13b68:	04078a63          	beqz	a5,13bbc <_putc_r+0xd4>
   13b6c:	00042783          	lw	a5,0(s0)
   13b70:	0ff5f493          	zext.b	s1,a1
   13b74:	00178693          	addi	a3,a5,1
   13b78:	00d42023          	sw	a3,0(s0)
   13b7c:	00e78023          	sb	a4,0(a5)
   13b80:	06442783          	lw	a5,100(s0)
   13b84:	0017f793          	andi	a5,a5,1
   13b88:	00079e63          	bnez	a5,13ba4 <_putc_r+0xbc>
   13b8c:	00c45783          	lhu	a5,12(s0)
   13b90:	2007f793          	andi	a5,a5,512
   13b94:	00079863          	bnez	a5,13ba4 <_putc_r+0xbc>
   13b98:	05842503          	lw	a0,88(s0)
   13b9c:	fffff097          	auipc	ra,0xfffff
   13ba0:	aac080e7          	jalr	-1364(ra) # 12648 <__retarget_lock_release_recursive>
   13ba4:	01c12083          	lw	ra,28(sp)
   13ba8:	01812403          	lw	s0,24(sp)
   13bac:	00048513          	mv	a0,s1
   13bb0:	01412483          	lw	s1,20(sp)
   13bb4:	02010113          	addi	sp,sp,32
   13bb8:	00008067          	ret
   13bbc:	00048513          	mv	a0,s1
   13bc0:	00040613          	mv	a2,s0
   13bc4:	fffff097          	auipc	ra,0xfffff
   13bc8:	848080e7          	jalr	-1976(ra) # 1240c <__swbuf_r>
   13bcc:	00050493          	mv	s1,a0
   13bd0:	fb1ff06f          	j	13b80 <_putc_r+0x98>

00013bd4 <__sread>:
   13bd4:	ff010113          	addi	sp,sp,-16
   13bd8:	00812423          	sw	s0,8(sp)
   13bdc:	00058413          	mv	s0,a1
   13be0:	00e59583          	lh	a1,14(a1)
   13be4:	00112623          	sw	ra,12(sp)
   13be8:	00000097          	auipc	ra,0x0
   13bec:	294080e7          	jalr	660(ra) # 13e7c <_read_r>
   13bf0:	02054063          	bltz	a0,13c10 <__sread+0x3c>
   13bf4:	05442783          	lw	a5,84(s0)
   13bf8:	00a787b3          	add	a5,a5,a0
   13bfc:	04f42a23          	sw	a5,84(s0)
   13c00:	00c12083          	lw	ra,12(sp)
   13c04:	00812403          	lw	s0,8(sp)
   13c08:	01010113          	addi	sp,sp,16
   13c0c:	00008067          	ret
   13c10:	00c45783          	lhu	a5,12(s0)
   13c14:	fffff737          	lui	a4,0xfffff
   13c18:	fff70713          	addi	a4,a4,-1 # ffffefff <__stack_top__+0xfffcefff>
   13c1c:	00e7f7b3          	and	a5,a5,a4
   13c20:	00f41623          	sh	a5,12(s0)
   13c24:	fddff06f          	j	13c00 <__sread+0x2c>

00013c28 <__swrite>:
   13c28:	00c5d783          	lhu	a5,12(a1)
   13c2c:	fe010113          	addi	sp,sp,-32
   13c30:	00812c23          	sw	s0,24(sp)
   13c34:	00912a23          	sw	s1,20(sp)
   13c38:	01212823          	sw	s2,16(sp)
   13c3c:	01312623          	sw	s3,12(sp)
   13c40:	00112e23          	sw	ra,28(sp)
   13c44:	1007f793          	andi	a5,a5,256
   13c48:	00050493          	mv	s1,a0
   13c4c:	00058413          	mv	s0,a1
   13c50:	00060913          	mv	s2,a2
   13c54:	00068993          	mv	s3,a3
   13c58:	00078c63          	beqz	a5,13c70 <__swrite+0x48>
   13c5c:	00e59583          	lh	a1,14(a1)
   13c60:	00200693          	li	a3,2
   13c64:	00000613          	li	a2,0
   13c68:	00000097          	auipc	ra,0x0
   13c6c:	1c0080e7          	jalr	448(ra) # 13e28 <_lseek_r>
   13c70:	00c45783          	lhu	a5,12(s0)
   13c74:	fffff737          	lui	a4,0xfffff
   13c78:	fff70713          	addi	a4,a4,-1 # ffffefff <__stack_top__+0xfffcefff>
   13c7c:	00e7f7b3          	and	a5,a5,a4
   13c80:	00e41583          	lh	a1,14(s0)
   13c84:	00f41623          	sh	a5,12(s0)
   13c88:	01812403          	lw	s0,24(sp)
   13c8c:	01c12083          	lw	ra,28(sp)
   13c90:	00098693          	mv	a3,s3
   13c94:	00090613          	mv	a2,s2
   13c98:	00c12983          	lw	s3,12(sp)
   13c9c:	01012903          	lw	s2,16(sp)
   13ca0:	00048513          	mv	a0,s1
   13ca4:	01412483          	lw	s1,20(sp)
   13ca8:	02010113          	addi	sp,sp,32
   13cac:	00000317          	auipc	t1,0x0
   13cb0:	27030067          	jr	624(t1) # 13f1c <_write_r>

00013cb4 <__sseek>:
   13cb4:	ff010113          	addi	sp,sp,-16
   13cb8:	00812423          	sw	s0,8(sp)
   13cbc:	00058413          	mv	s0,a1
   13cc0:	00e59583          	lh	a1,14(a1)
   13cc4:	00112623          	sw	ra,12(sp)
   13cc8:	00000097          	auipc	ra,0x0
   13ccc:	160080e7          	jalr	352(ra) # 13e28 <_lseek_r>
   13cd0:	fff00713          	li	a4,-1
   13cd4:	00c41783          	lh	a5,12(s0)
   13cd8:	02e51263          	bne	a0,a4,13cfc <__sseek+0x48>
   13cdc:	80050713          	addi	a4,a0,-2048
   13ce0:	80070713          	addi	a4,a4,-2048
   13ce4:	00e7f7b3          	and	a5,a5,a4
   13ce8:	00f41623          	sh	a5,12(s0)
   13cec:	00c12083          	lw	ra,12(sp)
   13cf0:	00812403          	lw	s0,8(sp)
   13cf4:	01010113          	addi	sp,sp,16
   13cf8:	00008067          	ret
   13cfc:	00001737          	lui	a4,0x1
   13d00:	00e7e7b3          	or	a5,a5,a4
   13d04:	00f41623          	sh	a5,12(s0)
   13d08:	04a42a23          	sw	a0,84(s0)
   13d0c:	fe1ff06f          	j	13cec <__sseek+0x38>

00013d10 <__sclose>:
   13d10:	00e59583          	lh	a1,14(a1)
   13d14:	00000317          	auipc	t1,0x0
   13d18:	02c30067          	jr	44(t1) # 13d40 <_close_r>

00013d1c <memchr>:
   13d1c:	0ff5f593          	zext.b	a1,a1
   13d20:	00c50633          	add	a2,a0,a2
   13d24:	00c51663          	bne	a0,a2,13d30 <memchr+0x14>
   13d28:	00000513          	li	a0,0
   13d2c:	00008067          	ret
   13d30:	00054783          	lbu	a5,0(a0)
   13d34:	feb78ce3          	beq	a5,a1,13d2c <memchr+0x10>
   13d38:	00150513          	addi	a0,a0,1
   13d3c:	fe9ff06f          	j	13d24 <memchr+0x8>

00013d40 <_close_r>:
   13d40:	ff010113          	addi	sp,sp,-16
   13d44:	00812423          	sw	s0,8(sp)
   13d48:	00050413          	mv	s0,a0
   13d4c:	00058513          	mv	a0,a1
   13d50:	0000d797          	auipc	a5,0xd
   13d54:	ac07a023          	sw	zero,-1344(a5) # 20810 <errno>
   13d58:	00112623          	sw	ra,12(sp)
   13d5c:	ffffd097          	auipc	ra,0xffffd
   13d60:	880080e7          	jalr	-1920(ra) # 105dc <_close>
   13d64:	fff00793          	li	a5,-1
   13d68:	00f51a63          	bne	a0,a5,13d7c <_close_r+0x3c>
   13d6c:	0000d797          	auipc	a5,0xd
   13d70:	aa47a783          	lw	a5,-1372(a5) # 20810 <errno>
   13d74:	00078463          	beqz	a5,13d7c <_close_r+0x3c>
   13d78:	00f42023          	sw	a5,0(s0)
   13d7c:	00c12083          	lw	ra,12(sp)
   13d80:	00812403          	lw	s0,8(sp)
   13d84:	01010113          	addi	sp,sp,16
   13d88:	00008067          	ret

00013d8c <_fstat_r>:
   13d8c:	ff010113          	addi	sp,sp,-16
   13d90:	00812423          	sw	s0,8(sp)
   13d94:	00050413          	mv	s0,a0
   13d98:	00058513          	mv	a0,a1
   13d9c:	00060593          	mv	a1,a2
   13da0:	0000d797          	auipc	a5,0xd
   13da4:	a607a823          	sw	zero,-1424(a5) # 20810 <errno>
   13da8:	00112623          	sw	ra,12(sp)
   13dac:	ffffd097          	auipc	ra,0xffffd
   13db0:	838080e7          	jalr	-1992(ra) # 105e4 <_fstat>
   13db4:	fff00793          	li	a5,-1
   13db8:	00f51a63          	bne	a0,a5,13dcc <_fstat_r+0x40>
   13dbc:	0000d797          	auipc	a5,0xd
   13dc0:	a547a783          	lw	a5,-1452(a5) # 20810 <errno>
   13dc4:	00078463          	beqz	a5,13dcc <_fstat_r+0x40>
   13dc8:	00f42023          	sw	a5,0(s0)
   13dcc:	00c12083          	lw	ra,12(sp)
   13dd0:	00812403          	lw	s0,8(sp)
   13dd4:	01010113          	addi	sp,sp,16
   13dd8:	00008067          	ret

00013ddc <_isatty_r>:
   13ddc:	ff010113          	addi	sp,sp,-16
   13de0:	00812423          	sw	s0,8(sp)
   13de4:	00050413          	mv	s0,a0
   13de8:	00058513          	mv	a0,a1
   13dec:	0000d797          	auipc	a5,0xd
   13df0:	a207a223          	sw	zero,-1500(a5) # 20810 <errno>
   13df4:	00112623          	sw	ra,12(sp)
   13df8:	ffffc097          	auipc	ra,0xffffc
   13dfc:	7fc080e7          	jalr	2044(ra) # 105f4 <_isatty>
   13e00:	fff00793          	li	a5,-1
   13e04:	00f51a63          	bne	a0,a5,13e18 <_isatty_r+0x3c>
   13e08:	0000d797          	auipc	a5,0xd
   13e0c:	a087a783          	lw	a5,-1528(a5) # 20810 <errno>
   13e10:	00078463          	beqz	a5,13e18 <_isatty_r+0x3c>
   13e14:	00f42023          	sw	a5,0(s0)
   13e18:	00c12083          	lw	ra,12(sp)
   13e1c:	00812403          	lw	s0,8(sp)
   13e20:	01010113          	addi	sp,sp,16
   13e24:	00008067          	ret

00013e28 <_lseek_r>:
   13e28:	ff010113          	addi	sp,sp,-16
   13e2c:	00812423          	sw	s0,8(sp)
   13e30:	00050413          	mv	s0,a0
   13e34:	00058513          	mv	a0,a1
   13e38:	00060593          	mv	a1,a2
   13e3c:	00068613          	mv	a2,a3
   13e40:	0000d797          	auipc	a5,0xd
   13e44:	9c07a823          	sw	zero,-1584(a5) # 20810 <errno>
   13e48:	00112623          	sw	ra,12(sp)
   13e4c:	ffffc097          	auipc	ra,0xffffc
   13e50:	7b0080e7          	jalr	1968(ra) # 105fc <_lseek>
   13e54:	fff00793          	li	a5,-1
   13e58:	00f51a63          	bne	a0,a5,13e6c <_lseek_r+0x44>
   13e5c:	0000d797          	auipc	a5,0xd
   13e60:	9b47a783          	lw	a5,-1612(a5) # 20810 <errno>
   13e64:	00078463          	beqz	a5,13e6c <_lseek_r+0x44>
   13e68:	00f42023          	sw	a5,0(s0)
   13e6c:	00c12083          	lw	ra,12(sp)
   13e70:	00812403          	lw	s0,8(sp)
   13e74:	01010113          	addi	sp,sp,16
   13e78:	00008067          	ret

00013e7c <_read_r>:
   13e7c:	ff010113          	addi	sp,sp,-16
   13e80:	00812423          	sw	s0,8(sp)
   13e84:	00050413          	mv	s0,a0
   13e88:	00058513          	mv	a0,a1
   13e8c:	00060593          	mv	a1,a2
   13e90:	00068613          	mv	a2,a3
   13e94:	0000d797          	auipc	a5,0xd
   13e98:	9607ae23          	sw	zero,-1668(a5) # 20810 <errno>
   13e9c:	00112623          	sw	ra,12(sp)
   13ea0:	ffffc097          	auipc	ra,0xffffc
   13ea4:	764080e7          	jalr	1892(ra) # 10604 <_read>
   13ea8:	fff00793          	li	a5,-1
   13eac:	00f51a63          	bne	a0,a5,13ec0 <_read_r+0x44>
   13eb0:	0000d797          	auipc	a5,0xd
   13eb4:	9607a783          	lw	a5,-1696(a5) # 20810 <errno>
   13eb8:	00078463          	beqz	a5,13ec0 <_read_r+0x44>
   13ebc:	00f42023          	sw	a5,0(s0)
   13ec0:	00c12083          	lw	ra,12(sp)
   13ec4:	00812403          	lw	s0,8(sp)
   13ec8:	01010113          	addi	sp,sp,16
   13ecc:	00008067          	ret

00013ed0 <_sbrk_r>:
   13ed0:	ff010113          	addi	sp,sp,-16
   13ed4:	00812423          	sw	s0,8(sp)
   13ed8:	00050413          	mv	s0,a0
   13edc:	00058513          	mv	a0,a1
   13ee0:	0000d797          	auipc	a5,0xd
   13ee4:	9207a823          	sw	zero,-1744(a5) # 20810 <errno>
   13ee8:	00112623          	sw	ra,12(sp)
   13eec:	ffffc097          	auipc	ra,0xffffc
   13ef0:	720080e7          	jalr	1824(ra) # 1060c <_sbrk>
   13ef4:	fff00793          	li	a5,-1
   13ef8:	00f51a63          	bne	a0,a5,13f0c <_sbrk_r+0x3c>
   13efc:	0000d797          	auipc	a5,0xd
   13f00:	9147a783          	lw	a5,-1772(a5) # 20810 <errno>
   13f04:	00078463          	beqz	a5,13f0c <_sbrk_r+0x3c>
   13f08:	00f42023          	sw	a5,0(s0)
   13f0c:	00c12083          	lw	ra,12(sp)
   13f10:	00812403          	lw	s0,8(sp)
   13f14:	01010113          	addi	sp,sp,16
   13f18:	00008067          	ret

00013f1c <_write_r>:
   13f1c:	ff010113          	addi	sp,sp,-16
   13f20:	00812423          	sw	s0,8(sp)
   13f24:	00050413          	mv	s0,a0
   13f28:	00058513          	mv	a0,a1
   13f2c:	00060593          	mv	a1,a2
   13f30:	00068613          	mv	a2,a3
   13f34:	0000d797          	auipc	a5,0xd
   13f38:	8c07ae23          	sw	zero,-1828(a5) # 20810 <errno>
   13f3c:	00112623          	sw	ra,12(sp)
   13f40:	ffffc097          	auipc	ra,0xffffc
   13f44:	714080e7          	jalr	1812(ra) # 10654 <_write>
   13f48:	fff00793          	li	a5,-1
   13f4c:	00f51a63          	bne	a0,a5,13f60 <_write_r+0x44>
   13f50:	0000d797          	auipc	a5,0xd
   13f54:	8c07a783          	lw	a5,-1856(a5) # 20810 <errno>
   13f58:	00078463          	beqz	a5,13f60 <_write_r+0x44>
   13f5c:	00f42023          	sw	a5,0(s0)
   13f60:	00c12083          	lw	ra,12(sp)
   13f64:	00812403          	lw	s0,8(sp)
   13f68:	01010113          	addi	sp,sp,16
   13f6c:	00008067          	ret

00013f70 <__udivdi3>:
   13f70:	00060813          	mv	a6,a2
   13f74:	00050793          	mv	a5,a0
   13f78:	00058893          	mv	a7,a1
   13f7c:	0c069c63          	bnez	a3,14054 <__udivdi3+0xe4>
   13f80:	22c5fa63          	bgeu	a1,a2,141b4 <__udivdi3+0x244>
   13f84:	00010737          	lui	a4,0x10
   13f88:	36e66863          	bltu	a2,a4,142f8 <__udivdi3+0x388>
   13f8c:	01000737          	lui	a4,0x1000
   13f90:	01800313          	li	t1,24
   13f94:	00e67463          	bgeu	a2,a4,13f9c <__udivdi3+0x2c>
   13f98:	01000313          	li	t1,16
   13f9c:	006656b3          	srl	a3,a2,t1
   13fa0:	0000c717          	auipc	a4,0xc
   13fa4:	76c70713          	addi	a4,a4,1900 # 2070c <__clz_tab>
   13fa8:	00d70733          	add	a4,a4,a3
   13fac:	00074703          	lbu	a4,0(a4)
   13fb0:	02000693          	li	a3,32
   13fb4:	00670733          	add	a4,a4,t1
   13fb8:	00d70e63          	beq	a4,a3,13fd4 <__udivdi3+0x64>
   13fbc:	40e686b3          	sub	a3,a3,a4
   13fc0:	00d598b3          	sll	a7,a1,a3
   13fc4:	00e55733          	srl	a4,a0,a4
   13fc8:	00d61833          	sll	a6,a2,a3
   13fcc:	00d517b3          	sll	a5,a0,a3
   13fd0:	011768b3          	or	a7,a4,a7
   13fd4:	01085613          	srli	a2,a6,0x10
   13fd8:	02c8d533          	divu	a0,a7,a2
   13fdc:	01081693          	slli	a3,a6,0x10
   13fe0:	0106d693          	srli	a3,a3,0x10
   13fe4:	0107d713          	srli	a4,a5,0x10
   13fe8:	02c8f8b3          	remu	a7,a7,a2
   13fec:	02a685b3          	mul	a1,a3,a0
   13ff0:	01089893          	slli	a7,a7,0x10
   13ff4:	01176733          	or	a4,a4,a7
   13ff8:	00b77c63          	bgeu	a4,a1,14010 <__udivdi3+0xa0>
   13ffc:	00e808b3          	add	a7,a6,a4
   14000:	00088713          	mv	a4,a7
   14004:	00b8f463          	bgeu	a7,a1,1400c <__udivdi3+0x9c>
   14008:	3908f463          	bgeu	a7,a6,14390 <__udivdi3+0x420>
   1400c:	fff50513          	addi	a0,a0,-1
   14010:	40b70733          	sub	a4,a4,a1
   14014:	02c755b3          	divu	a1,a4,a2
   14018:	01079793          	slli	a5,a5,0x10
   1401c:	0107d793          	srli	a5,a5,0x10
   14020:	02c77733          	remu	a4,a4,a2
   14024:	02b686b3          	mul	a3,a3,a1
   14028:	01071713          	slli	a4,a4,0x10
   1402c:	00e7e7b3          	or	a5,a5,a4
   14030:	00d7fa63          	bgeu	a5,a3,14044 <__udivdi3+0xd4>
   14034:	00f807b3          	add	a5,a6,a5
   14038:	00d7f463          	bgeu	a5,a3,14040 <__udivdi3+0xd0>
   1403c:	3507f663          	bgeu	a5,a6,14388 <__udivdi3+0x418>
   14040:	fff58593          	addi	a1,a1,-1
   14044:	01051513          	slli	a0,a0,0x10
   14048:	00b56533          	or	a0,a0,a1
   1404c:	00000593          	li	a1,0
   14050:	00008067          	ret
   14054:	00d5f863          	bgeu	a1,a3,14064 <__udivdi3+0xf4>
   14058:	00000593          	li	a1,0
   1405c:	00000513          	li	a0,0
   14060:	00008067          	ret
   14064:	000107b7          	lui	a5,0x10
   14068:	2af6e663          	bltu	a3,a5,14314 <__udivdi3+0x3a4>
   1406c:	01000737          	lui	a4,0x1000
   14070:	01800793          	li	a5,24
   14074:	00e6f463          	bgeu	a3,a4,1407c <__udivdi3+0x10c>
   14078:	01000793          	li	a5,16
   1407c:	00f6d833          	srl	a6,a3,a5
   14080:	0000c717          	auipc	a4,0xc
   14084:	68c70713          	addi	a4,a4,1676 # 2070c <__clz_tab>
   14088:	01070733          	add	a4,a4,a6
   1408c:	00074703          	lbu	a4,0(a4)
   14090:	02000813          	li	a6,32
   14094:	00f70733          	add	a4,a4,a5
   14098:	29070663          	beq	a4,a6,14324 <__udivdi3+0x3b4>
   1409c:	40e80833          	sub	a6,a6,a4
   140a0:	00e658b3          	srl	a7,a2,a4
   140a4:	010696b3          	sll	a3,a3,a6
   140a8:	00d8e8b3          	or	a7,a7,a3
   140ac:	00e5d333          	srl	t1,a1,a4
   140b0:	0108de93          	srli	t4,a7,0x10
   140b4:	03d357b3          	divu	a5,t1,t4
   140b8:	01089e13          	slli	t3,a7,0x10
   140bc:	010595b3          	sll	a1,a1,a6
   140c0:	010e5e13          	srli	t3,t3,0x10
   140c4:	00e55733          	srl	a4,a0,a4
   140c8:	00b76733          	or	a4,a4,a1
   140cc:	01075693          	srli	a3,a4,0x10
   140d0:	01061633          	sll	a2,a2,a6
   140d4:	03d37333          	remu	t1,t1,t4
   140d8:	02fe05b3          	mul	a1,t3,a5
   140dc:	01031313          	slli	t1,t1,0x10
   140e0:	0066e6b3          	or	a3,a3,t1
   140e4:	00b6fc63          	bgeu	a3,a1,140fc <__udivdi3+0x18c>
   140e8:	00d88333          	add	t1,a7,a3
   140ec:	00030693          	mv	a3,t1
   140f0:	00b37463          	bgeu	t1,a1,140f8 <__udivdi3+0x188>
   140f4:	2d137c63          	bgeu	t1,a7,143cc <__udivdi3+0x45c>
   140f8:	fff78793          	addi	a5,a5,-1 # ffff <__HEAP_SIZE+0xdfff>
   140fc:	40b686b3          	sub	a3,a3,a1
   14100:	03d6d333          	divu	t1,a3,t4
   14104:	01071713          	slli	a4,a4,0x10
   14108:	01075713          	srli	a4,a4,0x10
   1410c:	03d6f6b3          	remu	a3,a3,t4
   14110:	026e05b3          	mul	a1,t3,t1
   14114:	01069693          	slli	a3,a3,0x10
   14118:	00d76733          	or	a4,a4,a3
   1411c:	00b77c63          	bgeu	a4,a1,14134 <__udivdi3+0x1c4>
   14120:	00e886b3          	add	a3,a7,a4
   14124:	00068713          	mv	a4,a3
   14128:	00b6f463          	bgeu	a3,a1,14130 <__udivdi3+0x1c0>
   1412c:	2916f463          	bgeu	a3,a7,143b4 <__udivdi3+0x444>
   14130:	fff30313          	addi	t1,t1,-1
   14134:	01079793          	slli	a5,a5,0x10
   14138:	0067e6b3          	or	a3,a5,t1
   1413c:	40b70733          	sub	a4,a4,a1
   14140:	01061793          	slli	a5,a2,0x10
   14144:	01031593          	slli	a1,t1,0x10
   14148:	0107d793          	srli	a5,a5,0x10
   1414c:	0105d593          	srli	a1,a1,0x10
   14150:	0106d313          	srli	t1,a3,0x10
   14154:	01065613          	srli	a2,a2,0x10
   14158:	02f30e33          	mul	t3,t1,a5
   1415c:	02f588b3          	mul	a7,a1,a5
   14160:	02c585b3          	mul	a1,a1,a2
   14164:	0108d793          	srli	a5,a7,0x10
   14168:	01c585b3          	add	a1,a1,t3
   1416c:	00b787b3          	add	a5,a5,a1
   14170:	02c30333          	mul	t1,t1,a2
   14174:	01c7f663          	bgeu	a5,t3,14180 <__udivdi3+0x210>
   14178:	00010637          	lui	a2,0x10
   1417c:	00c30333          	add	t1,t1,a2
   14180:	0107d613          	srli	a2,a5,0x10
   14184:	00660633          	add	a2,a2,t1
   14188:	02c76063          	bltu	a4,a2,141a8 <__udivdi3+0x238>
   1418c:	01089893          	slli	a7,a7,0x10
   14190:	0108d893          	srli	a7,a7,0x10
   14194:	01079793          	slli	a5,a5,0x10
   14198:	01051533          	sll	a0,a0,a6
   1419c:	011787b3          	add	a5,a5,a7
   141a0:	1ef57e63          	bgeu	a0,a5,1439c <__udivdi3+0x42c>
   141a4:	1ec71c63          	bne	a4,a2,1439c <__udivdi3+0x42c>
   141a8:	fff68513          	addi	a0,a3,-1
   141ac:	00000593          	li	a1,0
   141b0:	00008067          	ret
   141b4:	14060a63          	beqz	a2,14308 <__udivdi3+0x398>
   141b8:	00010737          	lui	a4,0x10
   141bc:	18e67c63          	bgeu	a2,a4,14354 <__udivdi3+0x3e4>
   141c0:	10063893          	sltiu	a7,a2,256
   141c4:	0018b893          	seqz	a7,a7
   141c8:	00389893          	slli	a7,a7,0x3
   141cc:	011656b3          	srl	a3,a2,a7
   141d0:	0000c717          	auipc	a4,0xc
   141d4:	53c70713          	addi	a4,a4,1340 # 2070c <__clz_tab>
   141d8:	00d70733          	add	a4,a4,a3
   141dc:	00074703          	lbu	a4,0(a4)
   141e0:	02000693          	li	a3,32
   141e4:	01170733          	add	a4,a4,a7
   141e8:	14d70a63          	beq	a4,a3,1433c <__udivdi3+0x3cc>
   141ec:	40e687b3          	sub	a5,a3,a4
   141f0:	00f61833          	sll	a6,a2,a5
   141f4:	00e5d333          	srl	t1,a1,a4
   141f8:	01085893          	srli	a7,a6,0x10
   141fc:	03135e33          	divu	t3,t1,a7
   14200:	01081613          	slli	a2,a6,0x10
   14204:	00f595b3          	sll	a1,a1,a5
   14208:	01065613          	srli	a2,a2,0x10
   1420c:	00e55733          	srl	a4,a0,a4
   14210:	00b76733          	or	a4,a4,a1
   14214:	01075693          	srli	a3,a4,0x10
   14218:	00f517b3          	sll	a5,a0,a5
   1421c:	03137333          	remu	t1,t1,a7
   14220:	03c605b3          	mul	a1,a2,t3
   14224:	01031313          	slli	t1,t1,0x10
   14228:	0066e6b3          	or	a3,a3,t1
   1422c:	00b6fc63          	bgeu	a3,a1,14244 <__udivdi3+0x2d4>
   14230:	00d80533          	add	a0,a6,a3
   14234:	00050693          	mv	a3,a0
   14238:	00b57463          	bgeu	a0,a1,14240 <__udivdi3+0x2d0>
   1423c:	17057663          	bgeu	a0,a6,143a8 <__udivdi3+0x438>
   14240:	fffe0e13          	addi	t3,t3,-1
   14244:	40b686b3          	sub	a3,a3,a1
   14248:	0316d533          	divu	a0,a3,a7
   1424c:	01071713          	slli	a4,a4,0x10
   14250:	01075713          	srli	a4,a4,0x10
   14254:	0316f6b3          	remu	a3,a3,a7
   14258:	02a60333          	mul	t1,a2,a0
   1425c:	01069693          	slli	a3,a3,0x10
   14260:	00d76733          	or	a4,a4,a3
   14264:	00677c63          	bgeu	a4,t1,1427c <__udivdi3+0x30c>
   14268:	00e806b3          	add	a3,a6,a4
   1426c:	00068713          	mv	a4,a3
   14270:	0066f463          	bgeu	a3,t1,14278 <__udivdi3+0x308>
   14274:	1506f663          	bgeu	a3,a6,143c0 <__udivdi3+0x450>
   14278:	fff50513          	addi	a0,a0,-1
   1427c:	010e1593          	slli	a1,t3,0x10
   14280:	00a5e5b3          	or	a1,a1,a0
   14284:	40670733          	sub	a4,a4,t1
   14288:	03175533          	divu	a0,a4,a7
   1428c:	0107d693          	srli	a3,a5,0x10
   14290:	03177733          	remu	a4,a4,a7
   14294:	02c50333          	mul	t1,a0,a2
   14298:	01071713          	slli	a4,a4,0x10
   1429c:	00e6e733          	or	a4,a3,a4
   142a0:	00677c63          	bgeu	a4,t1,142b8 <__udivdi3+0x348>
   142a4:	00e806b3          	add	a3,a6,a4
   142a8:	00068713          	mv	a4,a3
   142ac:	0066f463          	bgeu	a3,t1,142b4 <__udivdi3+0x344>
   142b0:	0d06f663          	bgeu	a3,a6,1437c <__udivdi3+0x40c>
   142b4:	fff50513          	addi	a0,a0,-1
   142b8:	40670733          	sub	a4,a4,t1
   142bc:	031756b3          	divu	a3,a4,a7
   142c0:	01079793          	slli	a5,a5,0x10
   142c4:	0107d793          	srli	a5,a5,0x10
   142c8:	03177733          	remu	a4,a4,a7
   142cc:	02c68633          	mul	a2,a3,a2
   142d0:	01071713          	slli	a4,a4,0x10
   142d4:	00e7e7b3          	or	a5,a5,a4
   142d8:	00c7fa63          	bgeu	a5,a2,142ec <__udivdi3+0x37c>
   142dc:	00f807b3          	add	a5,a6,a5
   142e0:	00c7f463          	bgeu	a5,a2,142e8 <__udivdi3+0x378>
   142e4:	0907f863          	bgeu	a5,a6,14374 <__udivdi3+0x404>
   142e8:	fff68693          	addi	a3,a3,-1
   142ec:	01051513          	slli	a0,a0,0x10
   142f0:	00d56533          	or	a0,a0,a3
   142f4:	00008067          	ret
   142f8:	10063313          	sltiu	t1,a2,256
   142fc:	00133313          	seqz	t1,t1
   14300:	00331313          	slli	t1,t1,0x3
   14304:	c99ff06f          	j	13f9c <__udivdi3+0x2c>
   14308:	00000693          	li	a3,0
   1430c:	00000893          	li	a7,0
   14310:	ec1ff06f          	j	141d0 <__udivdi3+0x260>
   14314:	1006b793          	sltiu	a5,a3,256
   14318:	0017b793          	seqz	a5,a5
   1431c:	00379793          	slli	a5,a5,0x3
   14320:	d5dff06f          	j	1407c <__udivdi3+0x10c>
   14324:	00c53633          	sltu	a2,a0,a2
   14328:	00b6b6b3          	sltu	a3,a3,a1
   1432c:	00163613          	seqz	a2,a2
   14330:	00c6e533          	or	a0,a3,a2
   14334:	00000593          	li	a1,0
   14338:	00008067          	ret
   1433c:	40c58733          	sub	a4,a1,a2
   14340:	01065893          	srli	a7,a2,0x10
   14344:	01061613          	slli	a2,a2,0x10
   14348:	01065613          	srli	a2,a2,0x10
   1434c:	00100593          	li	a1,1
   14350:	f39ff06f          	j	14288 <__udivdi3+0x318>
   14354:	01000737          	lui	a4,0x1000
   14358:	00e67863          	bgeu	a2,a4,14368 <__udivdi3+0x3f8>
   1435c:	01065693          	srli	a3,a2,0x10
   14360:	01000893          	li	a7,16
   14364:	e6dff06f          	j	141d0 <__udivdi3+0x260>
   14368:	01865693          	srli	a3,a2,0x18
   1436c:	01800893          	li	a7,24
   14370:	e61ff06f          	j	141d0 <__udivdi3+0x260>
   14374:	ffe68693          	addi	a3,a3,-2
   14378:	f75ff06f          	j	142ec <__udivdi3+0x37c>
   1437c:	ffe50513          	addi	a0,a0,-2
   14380:	01068733          	add	a4,a3,a6
   14384:	f35ff06f          	j	142b8 <__udivdi3+0x348>
   14388:	ffe58593          	addi	a1,a1,-2
   1438c:	cb9ff06f          	j	14044 <__udivdi3+0xd4>
   14390:	ffe50513          	addi	a0,a0,-2
   14394:	01088733          	add	a4,a7,a6
   14398:	c79ff06f          	j	14010 <__udivdi3+0xa0>
   1439c:	00068513          	mv	a0,a3
   143a0:	00000593          	li	a1,0
   143a4:	00008067          	ret
   143a8:	ffee0e13          	addi	t3,t3,-2
   143ac:	010506b3          	add	a3,a0,a6
   143b0:	e95ff06f          	j	14244 <__udivdi3+0x2d4>
   143b4:	ffe30313          	addi	t1,t1,-2
   143b8:	01168733          	add	a4,a3,a7
   143bc:	d79ff06f          	j	14134 <__udivdi3+0x1c4>
   143c0:	ffe50513          	addi	a0,a0,-2
   143c4:	01068733          	add	a4,a3,a6
   143c8:	eb5ff06f          	j	1427c <__udivdi3+0x30c>
   143cc:	ffe78793          	addi	a5,a5,-2
   143d0:	011306b3          	add	a3,t1,a7
   143d4:	d29ff06f          	j	140fc <__udivdi3+0x18c>
