
D:\Desktop\OpenClaw_Workspace\Working\SDK\demos\newlib\coremark\build_O1\coremark.elf:     file format elf32-littleriscv


Disassembly of section .text:

00010000 <_reset_vector>:
   10000:	1000006f          	j	10100 <_start>
	...

00010080 <__vector_table>:
   10080:	0c40006f 3380006f 3340006f 1f80006f     o.@.o..3o.@3o...
   10090:	32c0006f 3280006f 3240006f 14c0006f     o..2o..2o.@2o...
   100a0:	31c0006f 3180006f 3140006f 2740006f     o..1o..1o.@1o.@'
   100b0:	30c0006f 3080006f 3040006f 3000006f     o..0o..0o.@0o..0
   100c0:	2fc0006f 2f80006f 2f40006f 2f00006f     o../o../o.@/o../
   100d0:	2ec0006f 2e80006f 2e40006f 2e00006f     o...o...o.@.o...
   100e0:	2dc0006f 2d80006f 2d40006f 2d00006f     o..-o..-o.@-o..-
   100f0:	2cc0006f 2c80006f 2c40006f 2c00006f     o..,o..,o.@,o..,

00010100 <_start>:
   10100:	00010197          	auipc	gp,0x10
   10104:	76818193          	addi	gp,gp,1896 # 20868 <__global_pointer$>
   10108:	00020117          	auipc	sp,0x20
   1010c:	ef810113          	addi	sp,sp,-264 # 30000 <__stack_top__>
   10110:	00010517          	auipc	a0,0x10
   10114:	6a850513          	addi	a0,a0,1704 # 207b8 <errno>
   10118:	00011597          	auipc	a1,0x11
   1011c:	fe458593          	addi	a1,a1,-28 # 210fc <__bss_end>
   10120:	00b50863          	beq	a0,a1,10130 <_start+0x30>
   10124:	00052023          	sw	zero,0(a0)
   10128:	00450513          	addi	a0,a0,4
   1012c:	feb56ce3          	bltu	a0,a1,10124 <_start+0x24>
   10130:	00000097          	auipc	ra,0x0
   10134:	2b4080e7          	jalr	692(ra) # 103e4 <_init>
   10138:	00001097          	auipc	ra,0x1
   1013c:	ed4080e7          	jalr	-300(ra) # 1100c <main>
   10140:	0000006f          	j	10140 <_start+0x40>

00010144 <exc_entry>:
   10144:	fb010113          	addi	sp,sp,-80
   10148:	00112023          	sw	ra,0(sp)
   1014c:	00412223          	sw	tp,4(sp)
   10150:	00512423          	sw	t0,8(sp)
   10154:	00612623          	sw	t1,12(sp)
   10158:	00712823          	sw	t2,16(sp)
   1015c:	00a12a23          	sw	a0,20(sp)
   10160:	00b12c23          	sw	a1,24(sp)
   10164:	00c12e23          	sw	a2,28(sp)
   10168:	02d12023          	sw	a3,32(sp)
   1016c:	02e12223          	sw	a4,36(sp)
   10170:	02f12423          	sw	a5,40(sp)
   10174:	03012623          	sw	a6,44(sp)
   10178:	03112823          	sw	a7,48(sp)
   1017c:	03c12a23          	sw	t3,52(sp)
   10180:	03d12c23          	sw	t4,56(sp)
   10184:	03e12e23          	sw	t5,60(sp)
   10188:	05f12023          	sw	t6,64(sp)
   1018c:	34202573          	csrr	a0,mcause
   10190:	341025f3          	csrr	a1,mepc
   10194:	00000097          	auipc	ra,0x0
   10198:	398080e7          	jalr	920(ra) # 1052c <serr_handler>
   1019c:	00012083          	lw	ra,0(sp)
   101a0:	00412203          	lw	tp,4(sp)
   101a4:	00812283          	lw	t0,8(sp)
   101a8:	00c12303          	lw	t1,12(sp)
   101ac:	01012383          	lw	t2,16(sp)
   101b0:	01412503          	lw	a0,20(sp)
   101b4:	01812583          	lw	a1,24(sp)
   101b8:	01c12603          	lw	a2,28(sp)
   101bc:	02012683          	lw	a3,32(sp)
   101c0:	02412703          	lw	a4,36(sp)
   101c4:	02812783          	lw	a5,40(sp)
   101c8:	02c12803          	lw	a6,44(sp)
   101cc:	03012883          	lw	a7,48(sp)
   101d0:	03412e03          	lw	t3,52(sp)
   101d4:	03812e83          	lw	t4,56(sp)
   101d8:	03c12f03          	lw	t5,60(sp)
   101dc:	04012f83          	lw	t6,64(sp)
   101e0:	05010113          	addi	sp,sp,80
   101e4:	30200073          	mret

000101e8 <irq_timer_entry>:
   101e8:	fb010113          	addi	sp,sp,-80
   101ec:	00112023          	sw	ra,0(sp)
   101f0:	00412223          	sw	tp,4(sp)
   101f4:	00512423          	sw	t0,8(sp)
   101f8:	00612623          	sw	t1,12(sp)
   101fc:	00712823          	sw	t2,16(sp)
   10200:	00a12a23          	sw	a0,20(sp)
   10204:	00b12c23          	sw	a1,24(sp)
   10208:	00c12e23          	sw	a2,28(sp)
   1020c:	02d12023          	sw	a3,32(sp)
   10210:	02e12223          	sw	a4,36(sp)
   10214:	02f12423          	sw	a5,40(sp)
   10218:	03012623          	sw	a6,44(sp)
   1021c:	03112823          	sw	a7,48(sp)
   10220:	03c12a23          	sw	t3,52(sp)
   10224:	03d12c23          	sw	t4,56(sp)
   10228:	03e12e23          	sw	t5,60(sp)
   1022c:	05f12023          	sw	t6,64(sp)
   10230:	00000097          	auipc	ra,0x0
   10234:	2f4080e7          	jalr	756(ra) # 10524 <tmr_irq_handler>
   10238:	00012083          	lw	ra,0(sp)
   1023c:	00412203          	lw	tp,4(sp)
   10240:	00812283          	lw	t0,8(sp)
   10244:	00c12303          	lw	t1,12(sp)
   10248:	01012383          	lw	t2,16(sp)
   1024c:	01412503          	lw	a0,20(sp)
   10250:	01812583          	lw	a1,24(sp)
   10254:	01c12603          	lw	a2,28(sp)
   10258:	02012683          	lw	a3,32(sp)
   1025c:	02412703          	lw	a4,36(sp)
   10260:	02812783          	lw	a5,40(sp)
   10264:	02c12803          	lw	a6,44(sp)
   10268:	03012883          	lw	a7,48(sp)
   1026c:	03412e03          	lw	t3,52(sp)
   10270:	03812e83          	lw	t4,56(sp)
   10274:	03c12f03          	lw	t5,60(sp)
   10278:	04012f83          	lw	t6,64(sp)
   1027c:	05010113          	addi	sp,sp,80
   10280:	30200073          	mret

00010284 <irq_software_entry>:
   10284:	fb010113          	addi	sp,sp,-80
   10288:	00112023          	sw	ra,0(sp)
   1028c:	00412223          	sw	tp,4(sp)
   10290:	00512423          	sw	t0,8(sp)
   10294:	00612623          	sw	t1,12(sp)
   10298:	00712823          	sw	t2,16(sp)
   1029c:	00a12a23          	sw	a0,20(sp)
   102a0:	00b12c23          	sw	a1,24(sp)
   102a4:	00c12e23          	sw	a2,28(sp)
   102a8:	02d12023          	sw	a3,32(sp)
   102ac:	02e12223          	sw	a4,36(sp)
   102b0:	02f12423          	sw	a5,40(sp)
   102b4:	03012623          	sw	a6,44(sp)
   102b8:	03112823          	sw	a7,48(sp)
   102bc:	03c12a23          	sw	t3,52(sp)
   102c0:	03d12c23          	sw	t4,56(sp)
   102c4:	03e12e23          	sw	t5,60(sp)
   102c8:	05f12023          	sw	t6,64(sp)
   102cc:	00000097          	auipc	ra,0x0
   102d0:	254080e7          	jalr	596(ra) # 10520 <sw_irq_handler>
   102d4:	00012083          	lw	ra,0(sp)
   102d8:	00412203          	lw	tp,4(sp)
   102dc:	00812283          	lw	t0,8(sp)
   102e0:	00c12303          	lw	t1,12(sp)
   102e4:	01012383          	lw	t2,16(sp)
   102e8:	01412503          	lw	a0,20(sp)
   102ec:	01812583          	lw	a1,24(sp)
   102f0:	01c12603          	lw	a2,28(sp)
   102f4:	02012683          	lw	a3,32(sp)
   102f8:	02412703          	lw	a4,36(sp)
   102fc:	02812783          	lw	a5,40(sp)
   10300:	02c12803          	lw	a6,44(sp)
   10304:	03012883          	lw	a7,48(sp)
   10308:	03412e03          	lw	t3,52(sp)
   1030c:	03812e83          	lw	t4,56(sp)
   10310:	03c12f03          	lw	t5,60(sp)
   10314:	04012f83          	lw	t6,64(sp)
   10318:	05010113          	addi	sp,sp,80
   1031c:	30200073          	mret

00010320 <irq_external_entry>:
   10320:	fb010113          	addi	sp,sp,-80
   10324:	00112023          	sw	ra,0(sp)
   10328:	00412223          	sw	tp,4(sp)
   1032c:	00512423          	sw	t0,8(sp)
   10330:	00612623          	sw	t1,12(sp)
   10334:	00712823          	sw	t2,16(sp)
   10338:	00a12a23          	sw	a0,20(sp)
   1033c:	00b12c23          	sw	a1,24(sp)
   10340:	00c12e23          	sw	a2,28(sp)
   10344:	02d12023          	sw	a3,32(sp)
   10348:	02e12223          	sw	a4,36(sp)
   1034c:	02f12423          	sw	a5,40(sp)
   10350:	03012623          	sw	a6,44(sp)
   10354:	03112823          	sw	a7,48(sp)
   10358:	03c12a23          	sw	t3,52(sp)
   1035c:	03d12c23          	sw	t4,56(sp)
   10360:	03e12e23          	sw	t5,60(sp)
   10364:	05f12023          	sw	t6,64(sp)
   10368:	00000097          	auipc	ra,0x0
   1036c:	1c0080e7          	jalr	448(ra) # 10528 <ext_irq_handler>
   10370:	00012083          	lw	ra,0(sp)
   10374:	00412203          	lw	tp,4(sp)
   10378:	00812283          	lw	t0,8(sp)
   1037c:	00c12303          	lw	t1,12(sp)
   10380:	01012383          	lw	t2,16(sp)
   10384:	01412503          	lw	a0,20(sp)
   10388:	01812583          	lw	a1,24(sp)
   1038c:	01c12603          	lw	a2,28(sp)
   10390:	02012683          	lw	a3,32(sp)
   10394:	02412703          	lw	a4,36(sp)
   10398:	02812783          	lw	a5,40(sp)
   1039c:	02c12803          	lw	a6,44(sp)
   103a0:	03012883          	lw	a7,48(sp)
   103a4:	03412e03          	lw	t3,52(sp)
   103a8:	03812e83          	lw	t4,56(sp)
   103ac:	03c12f03          	lw	t5,60(sp)
   103b0:	04012f83          	lw	t6,64(sp)
   103b4:	05010113          	addi	sp,sp,80
   103b8:	30200073          	mret

000103bc <irq_unhandled>:
   103bc:	10500073          	wfi
   103c0:	ffdff06f          	j	103bc <irq_unhandled>

000103c4 <memset>:
   103c4:	00050313          	mv	t1,a0
   103c8:	00060a63          	beqz	a2,103dc <memset+0x18>
   103cc:	00b30023          	sb	a1,0(t1)
   103d0:	fff60613          	addi	a2,a2,-1
   103d4:	00130313          	addi	t1,t1,1
   103d8:	fe061ae3          	bnez	a2,103cc <memset+0x8>
   103dc:	00008067          	ret

000103e0 <board_init>:
   103e0:	00008067          	ret

000103e4 <_init>:
   103e4:	ff010113          	addi	sp,sp,-16
   103e8:	00112623          	sw	ra,12(sp)
   103ec:	00812423          	sw	s0,8(sp)
   103f0:	00912223          	sw	s1,4(sp)
   103f4:	3060d073          	csrwi	mcounteren,1
   103f8:	000204b7          	lui	s1,0x20
   103fc:	04c4b437          	lui	s0,0x4c4b
   10400:	40040413          	addi	s0,s0,1024 # 4c4b400 <__stack_top__+0x4c1b400>
   10404:	7c84a823          	sw	s0,2000(s1) # 207d0 <g_cpu_freq_hz>
   10408:	0001c537          	lui	a0,0x1c
   1040c:	20050513          	addi	a0,a0,512 # 1c200 <_etext+0x7b34>
   10410:	00000097          	auipc	ra,0x0
   10414:	040080e7          	jalr	64(ra) # 10450 <uart_init>
   10418:	00000517          	auipc	a0,0x0
   1041c:	c6850513          	addi	a0,a0,-920 # 10080 <__vector_table>
   10420:	00156513          	ori	a0,a0,1
   10424:	30551073          	csrw	mtvec,a0
   10428:	00000097          	auipc	ra,0x0
   1042c:	fb8080e7          	jalr	-72(ra) # 103e0 <board_init>
   10430:	3fd00513          	li	a0,1021
   10434:	30652073          	csrs	mcounteren,a0
   10438:	7c84a823          	sw	s0,2000(s1)
   1043c:	00c12083          	lw	ra,12(sp)
   10440:	00812403          	lw	s0,8(sp)
   10444:	00412483          	lw	s1,4(sp)
   10448:	01010113          	addi	sp,sp,16
   1044c:	00008067          	ret

00010450 <uart_init>:
   10450:	ff010113          	addi	sp,sp,-16
   10454:	00112623          	sw	ra,12(sp)
   10458:	00812423          	sw	s0,8(sp)
   1045c:	00451413          	slli	s0,a0,0x4
   10460:	04c4b637          	lui	a2,0x4c4b
   10464:	40060613          	addi	a2,a2,1024 # 4c4b400 <__stack_top__+0x4c1b400>
   10468:	00000693          	li	a3,0
   1046c:	02626537          	lui	a0,0x2626
   10470:	a0050513          	addi	a0,a0,-1536 # 2625a00 <__stack_top__+0x25f5a00>
   10474:	00040593          	mv	a1,s0
   10478:	00004097          	auipc	ra,0x4
   1047c:	dec080e7          	jalr	-532(ra) # 14264 <__udivdi3>
   10480:	e00107b7          	lui	a5,0xe0010
   10484:	02a7a223          	sw	a0,36(a5) # e0010024 <__stack_top__+0xdffe0024>
   10488:	08000713          	li	a4,128
   1048c:	00e7a623          	sw	a4,12(a5)
   10490:	04c4b5b7          	lui	a1,0x4c4b
   10494:	40058593          	addi	a1,a1,1024 # 4c4b400 <__stack_top__+0x4c1b400>
   10498:	0285d5b3          	divu	a1,a1,s0
   1049c:	0ff5f593          	zext.b	a1,a1
   104a0:	e0010737          	lui	a4,0xe0010
   104a4:	00b72023          	sw	a1,0(a4) # e0010000 <__stack_top__+0xdffe0000>
   104a8:	00072223          	sw	zero,4(a4)
   104ac:	00300713          	li	a4,3
   104b0:	00e7a623          	sw	a4,12(a5)
   104b4:	00c12083          	lw	ra,12(sp)
   104b8:	00812403          	lw	s0,8(sp)
   104bc:	01010113          	addi	sp,sp,16
   104c0:	00008067          	ret

000104c4 <uart_puts>:
   104c4:	00054783          	lbu	a5,0(a0)
   104c8:	04078a63          	beqz	a5,1051c <uart_puts+0x58>
   104cc:	00a00593          	li	a1,10
   104d0:	e0010737          	lui	a4,0xe0010
   104d4:	01470713          	addi	a4,a4,20 # e0010014 <__stack_top__+0xdffe0014>
   104d8:	e0010637          	lui	a2,0xe0010
   104dc:	00d00813          	li	a6,13
   104e0:	0240006f          	j	10504 <uart_puts+0x40>
   104e4:	00150513          	addi	a0,a0,1
   104e8:	fff54683          	lbu	a3,-1(a0)
   104ec:	00072783          	lw	a5,0(a4)
   104f0:	0207f793          	andi	a5,a5,32
   104f4:	fe078ce3          	beqz	a5,104ec <uart_puts+0x28>
   104f8:	00d62023          	sw	a3,0(a2) # e0010000 <__stack_top__+0xdffe0000>
   104fc:	00054783          	lbu	a5,0(a0)
   10500:	00078e63          	beqz	a5,1051c <uart_puts+0x58>
   10504:	feb790e3          	bne	a5,a1,104e4 <uart_puts+0x20>
   10508:	00072783          	lw	a5,0(a4)
   1050c:	0207f793          	andi	a5,a5,32
   10510:	fe078ce3          	beqz	a5,10508 <uart_puts+0x44>
   10514:	01062023          	sw	a6,0(a2)
   10518:	fcdff06f          	j	104e4 <uart_puts+0x20>
   1051c:	00008067          	ret

00010520 <sw_irq_handler>:
   10520:	00008067          	ret

00010524 <tmr_irq_handler>:
   10524:	00008067          	ret

00010528 <ext_irq_handler>:
   10528:	00008067          	ret

0001052c <serr_handler>:
   1052c:	0000006f          	j	1052c <serr_handler>

00010530 <_close>:
   10530:	fff00513          	li	a0,-1
   10534:	00008067          	ret

00010538 <_fstat>:
   10538:	000027b7          	lui	a5,0x2
   1053c:	00f5a223          	sw	a5,4(a1)
   10540:	00000513          	li	a0,0
   10544:	00008067          	ret

00010548 <_isatty>:
   10548:	00100513          	li	a0,1
   1054c:	00008067          	ret

00010550 <_lseek>:
   10550:	00000513          	li	a0,0
   10554:	00008067          	ret

00010558 <_read>:
   10558:	00000513          	li	a0,0
   1055c:	00008067          	ret

00010560 <_sbrk>:
   10560:	00050793          	mv	a5,a0
   10564:	00020737          	lui	a4,0x20
   10568:	00072503          	lw	a0,0(a4) # 20000 <heap_ptr>
   1056c:	00f507b3          	add	a5,a0,a5
   10570:	00021737          	lui	a4,0x21
   10574:	0fc70713          	addi	a4,a4,252 # 210fc <__bss_end>
   10578:	00e7ee63          	bltu	a5,a4,10594 <_sbrk+0x34>
   1057c:	00023737          	lui	a4,0x23
   10580:	0fc70713          	addi	a4,a4,252 # 230fc <__heap_end>
   10584:	00f76863          	bltu	a4,a5,10594 <_sbrk+0x34>
   10588:	00020737          	lui	a4,0x20
   1058c:	00f72023          	sw	a5,0(a4) # 20000 <heap_ptr>
   10590:	00008067          	ret
   10594:	000207b7          	lui	a5,0x20
   10598:	00c00713          	li	a4,12
   1059c:	7ae7ac23          	sw	a4,1976(a5) # 207b8 <errno>
   105a0:	fff00513          	li	a0,-1
   105a4:	00008067          	ret

000105a8 <_write>:
   105a8:	fff50513          	addi	a0,a0,-1
   105ac:	00100793          	li	a5,1
   105b0:	04a7e063          	bltu	a5,a0,105f0 <_write+0x48>
   105b4:	02060a63          	beqz	a2,105e8 <_write+0x40>
   105b8:	00058693          	mv	a3,a1
   105bc:	00c58833          	add	a6,a1,a2
   105c0:	e0010737          	lui	a4,0xe0010
   105c4:	01470713          	addi	a4,a4,20 # e0010014 <__stack_top__+0xdffe0014>
   105c8:	e00108b7          	lui	a7,0xe0010
   105cc:	0006c583          	lbu	a1,0(a3)
   105d0:	00072783          	lw	a5,0(a4)
   105d4:	0207f793          	andi	a5,a5,32
   105d8:	fe078ce3          	beqz	a5,105d0 <_write+0x28>
   105dc:	00b8a023          	sw	a1,0(a7) # e0010000 <__stack_top__+0xdffe0000>
   105e0:	00168693          	addi	a3,a3,1
   105e4:	ff0694e3          	bne	a3,a6,105cc <_write+0x24>
   105e8:	00060513          	mv	a0,a2
   105ec:	00008067          	ret
   105f0:	fff00513          	li	a0,-1
   105f4:	00008067          	ret

000105f8 <print_fixed_scaled>:
   105f8:	0cb05063          	blez	a1,106b8 <print_fixed_scaled+0xc0>
   105fc:	ff010113          	addi	sp,sp,-16
   10600:	00112623          	sw	ra,12(sp)
   10604:	00812423          	sw	s0,8(sp)
   10608:	00912223          	sw	s1,4(sp)
   1060c:	00050413          	mv	s0,a0
   10610:	00058493          	mv	s1,a1
   10614:	02054a63          	bltz	a0,10648 <print_fixed_scaled+0x50>
   10618:	029445b3          	div	a1,s0,s1
   1061c:	00020537          	lui	a0,0x20
   10620:	06c50513          	addi	a0,a0,108 # 2006c <_impure_ptr+0x4>
   10624:	00002097          	auipc	ra,0x2
   10628:	ef8080e7          	jalr	-264(ra) # 1251c <iprintf>
   1062c:	02946433          	rem	s0,s0,s1
   10630:	02041663          	bnez	s0,1065c <print_fixed_scaled+0x64>
   10634:	00c12083          	lw	ra,12(sp)
   10638:	00812403          	lw	s0,8(sp)
   1063c:	00412483          	lw	s1,4(sp)
   10640:	01010113          	addi	sp,sp,16
   10644:	00008067          	ret
   10648:	02d00513          	li	a0,45
   1064c:	00002097          	auipc	ra,0x2
   10650:	f24080e7          	jalr	-220(ra) # 12570 <putchar>
   10654:	40800433          	neg	s0,s0
   10658:	fc1ff06f          	j	10618 <print_fixed_scaled+0x20>
   1065c:	01212023          	sw	s2,0(sp)
   10660:	02e00513          	li	a0,46
   10664:	00002097          	auipc	ra,0x2
   10668:	f0c080e7          	jalr	-244(ra) # 12570 <putchar>
   1066c:	ccccd937          	lui	s2,0xccccd
   10670:	ccd90913          	addi	s2,s2,-819 # cccccccd <__stack_top__+0xccc9cccd>
   10674:	00241793          	slli	a5,s0,0x2
   10678:	00878433          	add	s0,a5,s0
   1067c:	00141413          	slli	s0,s0,0x1
   10680:	02945533          	divu	a0,s0,s1
   10684:	03253733          	mulhu	a4,a0,s2
   10688:	00375713          	srli	a4,a4,0x3
   1068c:	00271793          	slli	a5,a4,0x2
   10690:	00e787b3          	add	a5,a5,a4
   10694:	00179793          	slli	a5,a5,0x1
   10698:	40f50533          	sub	a0,a0,a5
   1069c:	03050513          	addi	a0,a0,48
   106a0:	00002097          	auipc	ra,0x2
   106a4:	ed0080e7          	jalr	-304(ra) # 12570 <putchar>
   106a8:	02947433          	remu	s0,s0,s1
   106ac:	fc0414e3          	bnez	s0,10674 <print_fixed_scaled+0x7c>
   106b0:	00012903          	lw	s2,0(sp)
   106b4:	f81ff06f          	j	10634 <print_fixed_scaled+0x3c>
   106b8:	00008067          	ret

000106bc <cmp_idx>:
   106bc:	00060a63          	beqz	a2,106d0 <cmp_idx+0x14>
   106c0:	00251503          	lh	a0,2(a0)
   106c4:	00259783          	lh	a5,2(a1)
   106c8:	40f50533          	sub	a0,a0,a5
   106cc:	00008067          	ret
   106d0:	00051783          	lh	a5,0(a0)
   106d4:	f007f713          	andi	a4,a5,-256
   106d8:	01079693          	slli	a3,a5,0x10
   106dc:	0186d793          	srli	a5,a3,0x18
   106e0:	00f767b3          	or	a5,a4,a5
   106e4:	00f51023          	sh	a5,0(a0)
   106e8:	00059783          	lh	a5,0(a1)
   106ec:	f007f713          	andi	a4,a5,-256
   106f0:	01079693          	slli	a3,a5,0x10
   106f4:	0186d793          	srli	a5,a3,0x18
   106f8:	00f767b3          	or	a5,a4,a5
   106fc:	00f59023          	sh	a5,0(a1)
   10700:	fc1ff06f          	j	106c0 <cmp_idx+0x4>

00010704 <calc_func>:
   10704:	fe010113          	addi	sp,sp,-32
   10708:	00112e23          	sw	ra,28(sp)
   1070c:	00812c23          	sw	s0,24(sp)
   10710:	00051403          	lh	s0,0(a0)
   10714:	40745793          	srai	a5,s0,0x7
   10718:	0017f793          	andi	a5,a5,1
   1071c:	00078663          	beqz	a5,10728 <calc_func+0x24>
   10720:	07f47513          	andi	a0,s0,127
   10724:	0780006f          	j	1079c <calc_func+0x98>
   10728:	00912a23          	sw	s1,20(sp)
   1072c:	01212823          	sw	s2,16(sp)
   10730:	01312623          	sw	s3,12(sp)
   10734:	00050993          	mv	s3,a0
   10738:	00058493          	mv	s1,a1
   1073c:	00747793          	andi	a5,s0,7
   10740:	40345593          	srai	a1,s0,0x3
   10744:	00f5f593          	andi	a1,a1,15
   10748:	00459713          	slli	a4,a1,0x4
   1074c:	00e585b3          	add	a1,a1,a4
   10750:	04078e63          	beqz	a5,107ac <calc_func+0xa8>
   10754:	00100713          	li	a4,1
   10758:	0ae78063          	beq	a5,a4,107f8 <calc_func+0xf4>
   1075c:	00040713          	mv	a4,s0
   10760:	0384d583          	lhu	a1,56(s1)
   10764:	00070913          	mv	s2,a4
   10768:	01071513          	slli	a0,a4,0x10
   1076c:	01055513          	srli	a0,a0,0x10
   10770:	00002097          	auipc	ra,0x2
   10774:	d04080e7          	jalr	-764(ra) # 12474 <crcu16>
   10778:	02a49c23          	sh	a0,56(s1)
   1077c:	07f97513          	andi	a0,s2,127
   10780:	f0047413          	andi	s0,s0,-256
   10784:	00856433          	or	s0,a0,s0
   10788:	08046413          	ori	s0,s0,128
   1078c:	00899023          	sh	s0,0(s3)
   10790:	01412483          	lw	s1,20(sp)
   10794:	01012903          	lw	s2,16(sp)
   10798:	00c12983          	lw	s3,12(sp)
   1079c:	01c12083          	lw	ra,28(sp)
   107a0:	01812403          	lw	s0,24(sp)
   107a4:	02010113          	addi	sp,sp,32
   107a8:	00008067          	ret
   107ac:	0384d783          	lhu	a5,56(s1)
   107b0:	00058713          	mv	a4,a1
   107b4:	02200693          	li	a3,34
   107b8:	00d5d463          	bge	a1,a3,107c0 <calc_func+0xbc>
   107bc:	02200713          	li	a4,34
   107c0:	1ff77713          	andi	a4,a4,511
   107c4:	00249683          	lh	a3,2(s1)
   107c8:	00049603          	lh	a2,0(s1)
   107cc:	0144a583          	lw	a1,20(s1)
   107d0:	0184a503          	lw	a0,24(s1)
   107d4:	00002097          	auipc	ra,0x2
   107d8:	a14080e7          	jalr	-1516(ra) # 121e8 <core_bench_state>
   107dc:	01051793          	slli	a5,a0,0x10
   107e0:	4107d793          	srai	a5,a5,0x10
   107e4:	00078713          	mv	a4,a5
   107e8:	03e4d783          	lhu	a5,62(s1)
   107ec:	f6079ae3          	bnez	a5,10760 <calc_func+0x5c>
   107f0:	02a49f23          	sh	a0,62(s1)
   107f4:	f6dff06f          	j	10760 <calc_func+0x5c>
   107f8:	0384d603          	lhu	a2,56(s1)
   107fc:	02848513          	addi	a0,s1,40
   10800:	00001097          	auipc	ra,0x1
   10804:	558080e7          	jalr	1368(ra) # 11d58 <core_bench_matrix>
   10808:	01051793          	slli	a5,a0,0x10
   1080c:	4107d793          	srai	a5,a5,0x10
   10810:	00078713          	mv	a4,a5
   10814:	03c4d783          	lhu	a5,60(s1)
   10818:	f40794e3          	bnez	a5,10760 <calc_func+0x5c>
   1081c:	02a49e23          	sh	a0,60(s1)
   10820:	f41ff06f          	j	10760 <calc_func+0x5c>

00010824 <cmp_complex>:
   10824:	ff010113          	addi	sp,sp,-16
   10828:	00112623          	sw	ra,12(sp)
   1082c:	00812423          	sw	s0,8(sp)
   10830:	00912223          	sw	s1,4(sp)
   10834:	01212023          	sw	s2,0(sp)
   10838:	00058913          	mv	s2,a1
   1083c:	00060413          	mv	s0,a2
   10840:	00060593          	mv	a1,a2
   10844:	00000097          	auipc	ra,0x0
   10848:	ec0080e7          	jalr	-320(ra) # 10704 <calc_func>
   1084c:	00050493          	mv	s1,a0
   10850:	00040593          	mv	a1,s0
   10854:	00090513          	mv	a0,s2
   10858:	00000097          	auipc	ra,0x0
   1085c:	eac080e7          	jalr	-340(ra) # 10704 <calc_func>
   10860:	40a48533          	sub	a0,s1,a0
   10864:	00c12083          	lw	ra,12(sp)
   10868:	00812403          	lw	s0,8(sp)
   1086c:	00412483          	lw	s1,4(sp)
   10870:	00012903          	lw	s2,0(sp)
   10874:	01010113          	addi	sp,sp,16
   10878:	00008067          	ret

0001087c <core_list_insert_new>:
   1087c:	00050813          	mv	a6,a0
   10880:	00062503          	lw	a0,0(a2)
   10884:	00850893          	addi	a7,a0,8
   10888:	04e8f463          	bgeu	a7,a4,108d0 <core_list_insert_new+0x54>
   1088c:	0006a703          	lw	a4,0(a3)
   10890:	00470713          	addi	a4,a4,4
   10894:	04f77263          	bgeu	a4,a5,108d8 <core_list_insert_new+0x5c>
   10898:	01162023          	sw	a7,0(a2)
   1089c:	00082783          	lw	a5,0(a6)
   108a0:	00f52023          	sw	a5,0(a0)
   108a4:	00a82023          	sw	a0,0(a6)
   108a8:	0006a783          	lw	a5,0(a3)
   108ac:	00f52223          	sw	a5,4(a0)
   108b0:	00478793          	addi	a5,a5,4
   108b4:	00f6a023          	sw	a5,0(a3)
   108b8:	00452783          	lw	a5,4(a0)
   108bc:	00059703          	lh	a4,0(a1)
   108c0:	00e79023          	sh	a4,0(a5)
   108c4:	00259703          	lh	a4,2(a1)
   108c8:	00e79123          	sh	a4,2(a5)
   108cc:	00008067          	ret
   108d0:	00000513          	li	a0,0
   108d4:	00008067          	ret
   108d8:	00000513          	li	a0,0
   108dc:	00008067          	ret

000108e0 <core_list_remove>:
   108e0:	00050793          	mv	a5,a0
   108e4:	00052503          	lw	a0,0(a0)
   108e8:	0047a703          	lw	a4,4(a5)
   108ec:	00452683          	lw	a3,4(a0)
   108f0:	00d7a223          	sw	a3,4(a5)
   108f4:	00e52223          	sw	a4,4(a0)
   108f8:	0007a703          	lw	a4,0(a5)
   108fc:	00072703          	lw	a4,0(a4)
   10900:	00e7a023          	sw	a4,0(a5)
   10904:	00052023          	sw	zero,0(a0)
   10908:	00008067          	ret

0001090c <core_list_undo_remove>:
   1090c:	00452703          	lw	a4,4(a0)
   10910:	0045a683          	lw	a3,4(a1)
   10914:	00d52223          	sw	a3,4(a0)
   10918:	00e5a223          	sw	a4,4(a1)
   1091c:	0005a703          	lw	a4,0(a1)
   10920:	00e52023          	sw	a4,0(a0)
   10924:	00a5a023          	sw	a0,0(a1)
   10928:	00008067          	ret

0001092c <core_list_find>:
   1092c:	00259703          	lh	a4,2(a1)
   10930:	02074063          	bltz	a4,10950 <core_list_find+0x24>
   10934:	02050e63          	beqz	a0,10970 <core_list_find+0x44>
   10938:	00452783          	lw	a5,4(a0)
   1093c:	00279783          	lh	a5,2(a5)
   10940:	02e78a63          	beq	a5,a4,10974 <core_list_find+0x48>
   10944:	00052503          	lw	a0,0(a0)
   10948:	fe0518e3          	bnez	a0,10938 <core_list_find+0xc>
   1094c:	00008067          	ret
   10950:	fe050ee3          	beqz	a0,1094c <core_list_find+0x20>
   10954:	00059703          	lh	a4,0(a1)
   10958:	00452783          	lw	a5,4(a0)
   1095c:	0007c783          	lbu	a5,0(a5)
   10960:	fee786e3          	beq	a5,a4,1094c <core_list_find+0x20>
   10964:	00052503          	lw	a0,0(a0)
   10968:	fe0518e3          	bnez	a0,10958 <core_list_find+0x2c>
   1096c:	00008067          	ret
   10970:	00008067          	ret
   10974:	00008067          	ret

00010978 <core_list_reverse>:
   10978:	02050063          	beqz	a0,10998 <core_list_reverse+0x20>
   1097c:	00000713          	li	a4,0
   10980:	0080006f          	j	10988 <core_list_reverse+0x10>
   10984:	00078513          	mv	a0,a5
   10988:	00052783          	lw	a5,0(a0)
   1098c:	00e52023          	sw	a4,0(a0)
   10990:	00050713          	mv	a4,a0
   10994:	fe0798e3          	bnez	a5,10984 <core_list_reverse+0xc>
   10998:	00008067          	ret

0001099c <core_list_mergesort>:
   1099c:	fd010113          	addi	sp,sp,-48
   109a0:	02112623          	sw	ra,44(sp)
   109a4:	02812423          	sw	s0,40(sp)
   109a8:	02912223          	sw	s1,36(sp)
   109ac:	03212023          	sw	s2,32(sp)
   109b0:	01312e23          	sw	s3,28(sp)
   109b4:	01412c23          	sw	s4,24(sp)
   109b8:	01512a23          	sw	s5,20(sp)
   109bc:	01612823          	sw	s6,16(sp)
   109c0:	01712623          	sw	s7,12(sp)
   109c4:	01812423          	sw	s8,8(sp)
   109c8:	01912223          	sw	s9,4(sp)
   109cc:	01a12023          	sw	s10,0(sp)
   109d0:	00050493          	mv	s1,a0
   109d4:	00058b93          	mv	s7,a1
   109d8:	00060b13          	mv	s6,a2
   109dc:	00100a93          	li	s5,1
   109e0:	000a8d13          	mv	s10,s5
   109e4:	0d00006f          	j	10ab4 <core_list_mergesort+0x118>
   109e8:	00048793          	mv	a5,s1
   109ec:	00000413          	li	s0,0
   109f0:	0a40006f          	j	10a94 <core_list_mergesort+0xf8>
   109f4:	fff40413          	addi	s0,s0,-1
   109f8:	00098793          	mv	a5,s3
   109fc:	0009a983          	lw	s3,0(s3)
   10a00:	04090663          	beqz	s2,10a4c <core_list_mergesort+0xb0>
   10a04:	00f92023          	sw	a5,0(s2)
   10a08:	00078913          	mv	s2,a5
   10a0c:	04805463          	blez	s0,10a54 <core_list_mergesort+0xb8>
   10a10:	fe0a02e3          	beqz	s4,109f4 <core_list_mergesort+0x58>
   10a14:	fe0480e3          	beqz	s1,109f4 <core_list_mergesort+0x58>
   10a18:	000b0613          	mv	a2,s6
   10a1c:	0044a583          	lw	a1,4(s1)
   10a20:	0049a503          	lw	a0,4(s3)
   10a24:	000b80e7          	jalr	s7
   10a28:	00a05a63          	blez	a0,10a3c <core_list_mergesort+0xa0>
   10a2c:	fffa0a13          	addi	s4,s4,-1
   10a30:	00048793          	mv	a5,s1
   10a34:	0004a483          	lw	s1,0(s1)
   10a38:	fc9ff06f          	j	10a00 <core_list_mergesort+0x64>
   10a3c:	fff40413          	addi	s0,s0,-1
   10a40:	00098793          	mv	a5,s3
   10a44:	0009a983          	lw	s3,0(s3)
   10a48:	fb9ff06f          	j	10a00 <core_list_mergesort+0x64>
   10a4c:	00078c13          	mv	s8,a5
   10a50:	fb9ff06f          	j	10a08 <core_list_mergesort+0x6c>
   10a54:	01405e63          	blez	s4,10a70 <core_list_mergesort+0xd4>
   10a58:	00048c63          	beqz	s1,10a70 <core_list_mergesort+0xd4>
   10a5c:	fa041ee3          	bnez	s0,10a18 <core_list_mergesort+0x7c>
   10a60:	fffa0a13          	addi	s4,s4,-1
   10a64:	00048793          	mv	a5,s1
   10a68:	0004a483          	lw	s1,0(s1)
   10a6c:	f95ff06f          	j	10a00 <core_list_mergesort+0x64>
   10a70:	02048a63          	beqz	s1,10aa4 <core_list_mergesort+0x108>
   10a74:	001c8c93          	addi	s9,s9,1
   10a78:	f75058e3          	blez	s5,109e8 <core_list_mergesort+0x4c>
   10a7c:	00048793          	mv	a5,s1
   10a80:	00000413          	li	s0,0
   10a84:	00140413          	addi	s0,s0,1
   10a88:	0007a783          	lw	a5,0(a5)
   10a8c:	00078463          	beqz	a5,10a94 <core_list_mergesort+0xf8>
   10a90:	fe8a9ae3          	bne	s5,s0,10a84 <core_list_mergesort+0xe8>
   10a94:	000a8a13          	mv	s4,s5
   10a98:	00048993          	mv	s3,s1
   10a9c:	00078493          	mv	s1,a5
   10aa0:	f6dff06f          	j	10a0c <core_list_mergesort+0x70>
   10aa4:	00092023          	sw	zero,0(s2)
   10aa8:	039d5063          	bge	s10,s9,10ac8 <core_list_mergesort+0x12c>
   10aac:	001a9a93          	slli	s5,s5,0x1
   10ab0:	000c0493          	mv	s1,s8
   10ab4:	00048e63          	beqz	s1,10ad0 <core_list_mergesort+0x134>
   10ab8:	00000c93          	li	s9,0
   10abc:	00000913          	li	s2,0
   10ac0:	00000c13          	li	s8,0
   10ac4:	fb1ff06f          	j	10a74 <core_list_mergesort+0xd8>
   10ac8:	000c0493          	mv	s1,s8
   10acc:	0080006f          	j	10ad4 <core_list_mergesort+0x138>
   10ad0:	00002023          	sw	zero,0(zero) # 0 <__STACK_SIZE-0x1000>
   10ad4:	00048513          	mv	a0,s1
   10ad8:	02c12083          	lw	ra,44(sp)
   10adc:	02812403          	lw	s0,40(sp)
   10ae0:	02412483          	lw	s1,36(sp)
   10ae4:	02012903          	lw	s2,32(sp)
   10ae8:	01c12983          	lw	s3,28(sp)
   10aec:	01812a03          	lw	s4,24(sp)
   10af0:	01412a83          	lw	s5,20(sp)
   10af4:	01012b03          	lw	s6,16(sp)
   10af8:	00c12b83          	lw	s7,12(sp)
   10afc:	00812c03          	lw	s8,8(sp)
   10b00:	00412c83          	lw	s9,4(sp)
   10b04:	00012d03          	lw	s10,0(sp)
   10b08:	03010113          	addi	sp,sp,48
   10b0c:	00008067          	ret

00010b10 <core_bench_list>:
   10b10:	fc010113          	addi	sp,sp,-64
   10b14:	02112e23          	sw	ra,60(sp)
   10b18:	02812c23          	sw	s0,56(sp)
   10b1c:	02912a23          	sw	s1,52(sp)
   10b20:	03212823          	sw	s2,48(sp)
   10b24:	03312623          	sw	s3,44(sp)
   10b28:	03412423          	sw	s4,40(sp)
   10b2c:	03512223          	sw	s5,36(sp)
   10b30:	03612023          	sw	s6,32(sp)
   10b34:	01712e23          	sw	s7,28(sp)
   10b38:	01812c23          	sw	s8,24(sp)
   10b3c:	01a12823          	sw	s10,16(sp)
   10b40:	00050c13          	mv	s8,a0
   10b44:	00058d13          	mv	s10,a1
   10b48:	02452483          	lw	s1,36(a0)
   10b4c:	00451b83          	lh	s7,4(a0)
   10b50:	1f705463          	blez	s7,10d38 <core_bench_list+0x228>
   10b54:	01912a23          	sw	s9,20(sp)
   10b58:	00058a13          	mv	s4,a1
   10b5c:	00000913          	li	s2,0
   10b60:	00000b13          	li	s6,0
   10b64:	00000a93          	li	s5,0
   10b68:	00000413          	li	s0,0
   10b6c:	00c10c93          	addi	s9,sp,12
   10b70:	06c0006f          	j	10bdc <core_bench_list+0xcc>
   10b74:	001b0b13          	addi	s6,s6,1
   10b78:	010b1b13          	slli	s6,s6,0x10
   10b7c:	010b5b13          	srli	s6,s6,0x10
   10b80:	00052783          	lw	a5,0(a0)
   10b84:	0047a783          	lw	a5,4(a5)
   10b88:	00178783          	lb	a5,1(a5)
   10b8c:	0017f793          	andi	a5,a5,1
   10b90:	00f407b3          	add	a5,s0,a5
   10b94:	01079413          	slli	s0,a5,0x10
   10b98:	01045413          	srli	s0,s0,0x10
   10b9c:	0200006f          	j	10bbc <core_bench_list+0xac>
   10ba0:	0009a783          	lw	a5,0(s3)
   10ba4:	00078c63          	beqz	a5,10bbc <core_bench_list+0xac>
   10ba8:	0007a703          	lw	a4,0(a5)
   10bac:	00e9a023          	sw	a4,0(s3)
   10bb0:	0004a703          	lw	a4,0(s1)
   10bb4:	00e7a023          	sw	a4,0(a5)
   10bb8:	00f4a023          	sw	a5,0(s1)
   10bbc:	000a4863          	bltz	s4,10bcc <core_bench_list+0xbc>
   10bc0:	001a0a13          	addi	s4,s4,1
   10bc4:	010a1a13          	slli	s4,s4,0x10
   10bc8:	410a5a13          	srai	s4,s4,0x10
   10bcc:	00190913          	addi	s2,s2,1
   10bd0:	01091913          	slli	s2,s2,0x10
   10bd4:	41095913          	srai	s2,s2,0x10
   10bd8:	072b8663          	beq	s7,s2,10c44 <core_bench_list+0x134>
   10bdc:	0ff97793          	zext.b	a5,s2
   10be0:	00f11623          	sh	a5,12(sp)
   10be4:	01411723          	sh	s4,14(sp)
   10be8:	000c8593          	mv	a1,s9
   10bec:	00048513          	mv	a0,s1
   10bf0:	00000097          	auipc	ra,0x0
   10bf4:	d3c080e7          	jalr	-708(ra) # 1092c <core_list_find>
   10bf8:	00050993          	mv	s3,a0
   10bfc:	00048513          	mv	a0,s1
   10c00:	00000097          	auipc	ra,0x0
   10c04:	d78080e7          	jalr	-648(ra) # 10978 <core_list_reverse>
   10c08:	00050493          	mv	s1,a0
   10c0c:	f60984e3          	beqz	s3,10b74 <core_bench_list+0x64>
   10c10:	001a8a93          	addi	s5,s5,1
   10c14:	010a9a93          	slli	s5,s5,0x10
   10c18:	010ada93          	srli	s5,s5,0x10
   10c1c:	0049a783          	lw	a5,4(s3)
   10c20:	00079783          	lh	a5,0(a5)
   10c24:	0017f713          	andi	a4,a5,1
   10c28:	f6070ce3          	beqz	a4,10ba0 <core_bench_list+0x90>
   10c2c:	4097d793          	srai	a5,a5,0x9
   10c30:	0017f793          	andi	a5,a5,1
   10c34:	00f407b3          	add	a5,s0,a5
   10c38:	01079413          	slli	s0,a5,0x10
   10c3c:	01045413          	srli	s0,s0,0x10
   10c40:	f61ff06f          	j	10ba0 <core_bench_list+0x90>
   10c44:	01412c83          	lw	s9,20(sp)
   10c48:	002a9a93          	slli	s5,s5,0x2
   10c4c:	416a8ab3          	sub	s5,s5,s6
   10c50:	01540433          	add	s0,s0,s5
   10c54:	01041413          	slli	s0,s0,0x10
   10c58:	01045413          	srli	s0,s0,0x10
   10c5c:	0fa04863          	bgtz	s10,10d4c <core_bench_list+0x23c>
   10c60:	0004a503          	lw	a0,0(s1)
   10c64:	00000097          	auipc	ra,0x0
   10c68:	c7c080e7          	jalr	-900(ra) # 108e0 <core_list_remove>
   10c6c:	00050993          	mv	s3,a0
   10c70:	01411723          	sh	s4,14(sp)
   10c74:	00c10593          	addi	a1,sp,12
   10c78:	00048513          	mv	a0,s1
   10c7c:	00000097          	auipc	ra,0x0
   10c80:	cb0080e7          	jalr	-848(ra) # 1092c <core_list_find>
   10c84:	00050913          	mv	s2,a0
   10c88:	0e050263          	beqz	a0,10d6c <core_bench_list+0x25c>
   10c8c:	0044a783          	lw	a5,4(s1)
   10c90:	00040593          	mv	a1,s0
   10c94:	00079503          	lh	a0,0(a5)
   10c98:	00002097          	auipc	ra,0x2
   10c9c:	858080e7          	jalr	-1960(ra) # 124f0 <crc16>
   10ca0:	00050413          	mv	s0,a0
   10ca4:	00092903          	lw	s2,0(s2)
   10ca8:	fe0912e3          	bnez	s2,10c8c <core_bench_list+0x17c>
   10cac:	0004a583          	lw	a1,0(s1)
   10cb0:	00098513          	mv	a0,s3
   10cb4:	00000097          	auipc	ra,0x0
   10cb8:	c58080e7          	jalr	-936(ra) # 1090c <core_list_undo_remove>
   10cbc:	00000613          	li	a2,0
   10cc0:	000105b7          	lui	a1,0x10
   10cc4:	6bc58593          	addi	a1,a1,1724 # 106bc <cmp_idx>
   10cc8:	00048513          	mv	a0,s1
   10ccc:	00000097          	auipc	ra,0x0
   10cd0:	cd0080e7          	jalr	-816(ra) # 1099c <core_list_mergesort>
   10cd4:	00050913          	mv	s2,a0
   10cd8:	00052483          	lw	s1,0(a0)
   10cdc:	02048263          	beqz	s1,10d00 <core_bench_list+0x1f0>
   10ce0:	00492783          	lw	a5,4(s2)
   10ce4:	00040593          	mv	a1,s0
   10ce8:	00079503          	lh	a0,0(a5)
   10cec:	00002097          	auipc	ra,0x2
   10cf0:	804080e7          	jalr	-2044(ra) # 124f0 <crc16>
   10cf4:	00050413          	mv	s0,a0
   10cf8:	0004a483          	lw	s1,0(s1)
   10cfc:	fe0492e3          	bnez	s1,10ce0 <core_bench_list+0x1d0>
   10d00:	00040513          	mv	a0,s0
   10d04:	03c12083          	lw	ra,60(sp)
   10d08:	03812403          	lw	s0,56(sp)
   10d0c:	03412483          	lw	s1,52(sp)
   10d10:	03012903          	lw	s2,48(sp)
   10d14:	02c12983          	lw	s3,44(sp)
   10d18:	02812a03          	lw	s4,40(sp)
   10d1c:	02412a83          	lw	s5,36(sp)
   10d20:	02012b03          	lw	s6,32(sp)
   10d24:	01c12b83          	lw	s7,28(sp)
   10d28:	01812c03          	lw	s8,24(sp)
   10d2c:	01012d03          	lw	s10,16(sp)
   10d30:	04010113          	addi	sp,sp,64
   10d34:	00008067          	ret
   10d38:	00058a13          	mv	s4,a1
   10d3c:	00000b13          	li	s6,0
   10d40:	00000a93          	li	s5,0
   10d44:	00000413          	li	s0,0
   10d48:	f01ff06f          	j	10c48 <core_bench_list+0x138>
   10d4c:	000c0613          	mv	a2,s8
   10d50:	000115b7          	lui	a1,0x11
   10d54:	82458593          	addi	a1,a1,-2012 # 10824 <cmp_complex>
   10d58:	00048513          	mv	a0,s1
   10d5c:	00000097          	auipc	ra,0x0
   10d60:	c40080e7          	jalr	-960(ra) # 1099c <core_list_mergesort>
   10d64:	00050493          	mv	s1,a0
   10d68:	ef9ff06f          	j	10c60 <core_bench_list+0x150>
   10d6c:	0004a903          	lw	s2,0(s1)
   10d70:	f0091ee3          	bnez	s2,10c8c <core_bench_list+0x17c>
   10d74:	f39ff06f          	j	10cac <core_bench_list+0x19c>

00010d78 <core_list_init>:
   10d78:	fb010113          	addi	sp,sp,-80
   10d7c:	04112623          	sw	ra,76(sp)
   10d80:	04912223          	sw	s1,68(sp)
   10d84:	05212023          	sw	s2,64(sp)
   10d88:	03312e23          	sw	s3,60(sp)
   10d8c:	03412c23          	sw	s4,56(sp)
   10d90:	03512a23          	sw	s5,52(sp)
   10d94:	00060a13          	mv	s4,a2
   10d98:	ccccd7b7          	lui	a5,0xccccd
   10d9c:	ccd78793          	addi	a5,a5,-819 # cccccccd <__stack_top__+0xccc9cccd>
   10da0:	02f534b3          	mulhu	s1,a0,a5
   10da4:	0044d493          	srli	s1,s1,0x4
   10da8:	ffe48493          	addi	s1,s1,-2
   10dac:	00058913          	mv	s2,a1
   10db0:	00349993          	slli	s3,s1,0x3
   10db4:	013589b3          	add	s3,a1,s3
   10db8:	00249a93          	slli	s5,s1,0x2
   10dbc:	01598ab3          	add	s5,s3,s5
   10dc0:	0005a023          	sw	zero,0(a1)
   10dc4:	0135a223          	sw	s3,4(a1)
   10dc8:	00099123          	sh	zero,2(s3)
   10dcc:	0045a703          	lw	a4,4(a1)
   10dd0:	ffff87b7          	lui	a5,0xffff8
   10dd4:	08078793          	addi	a5,a5,128 # ffff8080 <__stack_top__+0xfffc8080>
   10dd8:	00f71023          	sh	a5,0(a4)
   10ddc:	00858793          	addi	a5,a1,8
   10de0:	00f12623          	sw	a5,12(sp)
   10de4:	00498793          	addi	a5,s3,4
   10de8:	00f12e23          	sw	a5,28(sp)
   10dec:	ffff87b7          	lui	a5,0xffff8
   10df0:	fff7c793          	not	a5,a5
   10df4:	00f11d23          	sh	a5,26(sp)
   10df8:	fff00793          	li	a5,-1
   10dfc:	00f11c23          	sh	a5,24(sp)
   10e00:	000a8793          	mv	a5,s5
   10e04:	00098713          	mv	a4,s3
   10e08:	01c10693          	addi	a3,sp,28
   10e0c:	00c10613          	addi	a2,sp,12
   10e10:	01810593          	addi	a1,sp,24
   10e14:	00090513          	mv	a0,s2
   10e18:	00000097          	auipc	ra,0x0
   10e1c:	a64080e7          	jalr	-1436(ra) # 1087c <core_list_insert_new>
   10e20:	08048263          	beqz	s1,10ea4 <core_list_init+0x12c>
   10e24:	04812423          	sw	s0,72(sp)
   10e28:	03612823          	sw	s6,48(sp)
   10e2c:	03712623          	sw	s7,44(sp)
   10e30:	03812423          	sw	s8,40(sp)
   10e34:	00000413          	li	s0,0
   10e38:	01c10c13          	addi	s8,sp,28
   10e3c:	00c10b93          	addi	s7,sp,12
   10e40:	01810b13          	addi	s6,sp,24
   10e44:	01041793          	slli	a5,s0,0x10
   10e48:	0107d793          	srli	a5,a5,0x10
   10e4c:	0147c6b3          	xor	a3,a5,s4
   10e50:	00369693          	slli	a3,a3,0x3
   10e54:	0786f693          	andi	a3,a3,120
   10e58:	0077f793          	andi	a5,a5,7
   10e5c:	00f6e6b3          	or	a3,a3,a5
   10e60:	00869793          	slli	a5,a3,0x8
   10e64:	00f686b3          	add	a3,a3,a5
   10e68:	00d11c23          	sh	a3,24(sp)
   10e6c:	000a8793          	mv	a5,s5
   10e70:	00098713          	mv	a4,s3
   10e74:	000c0693          	mv	a3,s8
   10e78:	000b8613          	mv	a2,s7
   10e7c:	000b0593          	mv	a1,s6
   10e80:	00090513          	mv	a0,s2
   10e84:	00000097          	auipc	ra,0x0
   10e88:	9f8080e7          	jalr	-1544(ra) # 1087c <core_list_insert_new>
   10e8c:	00140413          	addi	s0,s0,1
   10e90:	fa849ae3          	bne	s1,s0,10e44 <core_list_init+0xcc>
   10e94:	04812403          	lw	s0,72(sp)
   10e98:	03012b03          	lw	s6,48(sp)
   10e9c:	02c12b83          	lw	s7,44(sp)
   10ea0:	02812c03          	lw	s8,40(sp)
   10ea4:	00092783          	lw	a5,0(s2)
   10ea8:	0007a703          	lw	a4,0(a5) # ffff8000 <__stack_top__+0xfffc8000>
   10eac:	06070463          	beqz	a4,10f14 <core_list_init+0x19c>
   10eb0:	ccccd737          	lui	a4,0xccccd
   10eb4:	ccd70713          	addi	a4,a4,-819 # cccccccd <__stack_top__+0xccc9cccd>
   10eb8:	02e4b4b3          	mulhu	s1,s1,a4
   10ebc:	0024d493          	srli	s1,s1,0x2
   10ec0:	00200613          	li	a2,2
   10ec4:	00100713          	li	a4,1
   10ec8:	00004837          	lui	a6,0x4
   10ecc:	fff80813          	addi	a6,a6,-1 # 3fff <__HEAP_SIZE+0x1fff>
   10ed0:	0340006f          	j	10f04 <core_list_init+0x18c>
   10ed4:	0047a583          	lw	a1,4(a5)
   10ed8:	00861693          	slli	a3,a2,0x8
   10edc:	7006f693          	andi	a3,a3,1792
   10ee0:	00ea4533          	xor	a0,s4,a4
   10ee4:	00a6e6b3          	or	a3,a3,a0
   10ee8:	0106f6b3          	and	a3,a3,a6
   10eec:	00d59123          	sh	a3,2(a1)
   10ef0:	0007a783          	lw	a5,0(a5)
   10ef4:	00170713          	addi	a4,a4,1
   10ef8:	00160613          	addi	a2,a2,1
   10efc:	0007a683          	lw	a3,0(a5)
   10f00:	00068a63          	beqz	a3,10f14 <core_list_init+0x19c>
   10f04:	fc9778e3          	bgeu	a4,s1,10ed4 <core_list_init+0x15c>
   10f08:	0047a683          	lw	a3,4(a5)
   10f0c:	00e69123          	sh	a4,2(a3)
   10f10:	fe1ff06f          	j	10ef0 <core_list_init+0x178>
   10f14:	00000613          	li	a2,0
   10f18:	000105b7          	lui	a1,0x10
   10f1c:	6bc58593          	addi	a1,a1,1724 # 106bc <cmp_idx>
   10f20:	00090513          	mv	a0,s2
   10f24:	00000097          	auipc	ra,0x0
   10f28:	a78080e7          	jalr	-1416(ra) # 1099c <core_list_mergesort>
   10f2c:	04c12083          	lw	ra,76(sp)
   10f30:	04412483          	lw	s1,68(sp)
   10f34:	04012903          	lw	s2,64(sp)
   10f38:	03c12983          	lw	s3,60(sp)
   10f3c:	03812a03          	lw	s4,56(sp)
   10f40:	03412a83          	lw	s5,52(sp)
   10f44:	05010113          	addi	sp,sp,80
   10f48:	00008067          	ret

00010f4c <iterate>:
   10f4c:	fe010113          	addi	sp,sp,-32
   10f50:	00112e23          	sw	ra,28(sp)
   10f54:	01212823          	sw	s2,16(sp)
   10f58:	01c52903          	lw	s2,28(a0)
   10f5c:	02051c23          	sh	zero,56(a0)
   10f60:	02051d23          	sh	zero,58(a0)
   10f64:	02051e23          	sh	zero,60(a0)
   10f68:	02051f23          	sh	zero,62(a0)
   10f6c:	08090663          	beqz	s2,10ff8 <iterate+0xac>
   10f70:	00812c23          	sw	s0,24(sp)
   10f74:	00912a23          	sw	s1,20(sp)
   10f78:	01312623          	sw	s3,12(sp)
   10f7c:	01412423          	sw	s4,8(sp)
   10f80:	00050413          	mv	s0,a0
   10f84:	00000493          	li	s1,0
   10f88:	00100a13          	li	s4,1
   10f8c:	fff00993          	li	s3,-1
   10f90:	00c0006f          	j	10f9c <iterate+0x50>
   10f94:	00148493          	addi	s1,s1,1
   10f98:	04990863          	beq	s2,s1,10fe8 <iterate+0x9c>
   10f9c:	000a0593          	mv	a1,s4
   10fa0:	00040513          	mv	a0,s0
   10fa4:	00000097          	auipc	ra,0x0
   10fa8:	b6c080e7          	jalr	-1172(ra) # 10b10 <core_bench_list>
   10fac:	03845583          	lhu	a1,56(s0)
   10fb0:	00001097          	auipc	ra,0x1
   10fb4:	4c4080e7          	jalr	1220(ra) # 12474 <crcu16>
   10fb8:	02a41c23          	sh	a0,56(s0)
   10fbc:	00098593          	mv	a1,s3
   10fc0:	00040513          	mv	a0,s0
   10fc4:	00000097          	auipc	ra,0x0
   10fc8:	b4c080e7          	jalr	-1204(ra) # 10b10 <core_bench_list>
   10fcc:	03845583          	lhu	a1,56(s0)
   10fd0:	00001097          	auipc	ra,0x1
   10fd4:	4a4080e7          	jalr	1188(ra) # 12474 <crcu16>
   10fd8:	02a41c23          	sh	a0,56(s0)
   10fdc:	fa049ce3          	bnez	s1,10f94 <iterate+0x48>
   10fe0:	02a41d23          	sh	a0,58(s0)
   10fe4:	fb1ff06f          	j	10f94 <iterate+0x48>
   10fe8:	01812403          	lw	s0,24(sp)
   10fec:	01412483          	lw	s1,20(sp)
   10ff0:	00c12983          	lw	s3,12(sp)
   10ff4:	00812a03          	lw	s4,8(sp)
   10ff8:	00000513          	li	a0,0
   10ffc:	01c12083          	lw	ra,28(sp)
   11000:	01012903          	lw	s2,16(sp)
   11004:	02010113          	addi	sp,sp,32
   11008:	00008067          	ret

0001100c <main>:
   1100c:	f9010113          	addi	sp,sp,-112
   11010:	06112623          	sw	ra,108(sp)
   11014:	06812423          	sw	s0,104(sp)
   11018:	06912223          	sw	s1,100(sp)
   1101c:	07212023          	sw	s2,96(sp)
   11020:	05312e23          	sw	s3,92(sp)
   11024:	04012623          	sw	zero,76(sp)
   11028:	04810613          	addi	a2,sp,72
   1102c:	04c10593          	addi	a1,sp,76
   11030:	04410513          	addi	a0,sp,68
   11034:	00001097          	auipc	ra,0x1
   11038:	e00080e7          	jalr	-512(ra) # 11e34 <portable_init>
   1103c:	00100513          	li	a0,1
   11040:	00001097          	auipc	ra,0x1
   11044:	380080e7          	jalr	896(ra) # 123c0 <get_seed_32>
   11048:	00a11023          	sh	a0,0(sp)
   1104c:	00200513          	li	a0,2
   11050:	00001097          	auipc	ra,0x1
   11054:	370080e7          	jalr	880(ra) # 123c0 <get_seed_32>
   11058:	00a11123          	sh	a0,2(sp)
   1105c:	00300513          	li	a0,3
   11060:	00001097          	auipc	ra,0x1
   11064:	360080e7          	jalr	864(ra) # 123c0 <get_seed_32>
   11068:	00a11223          	sh	a0,4(sp)
   1106c:	00400513          	li	a0,4
   11070:	00001097          	auipc	ra,0x1
   11074:	350080e7          	jalr	848(ra) # 123c0 <get_seed_32>
   11078:	00a12e23          	sw	a0,28(sp)
   1107c:	00500513          	li	a0,5
   11080:	00001097          	auipc	ra,0x1
   11084:	340080e7          	jalr	832(ra) # 123c0 <get_seed_32>
   11088:	00051463          	bnez	a0,11090 <main+0x84>
   1108c:	00700513          	li	a0,7
   11090:	02a12023          	sw	a0,32(sp)
   11094:	00012783          	lw	a5,0(sp)
   11098:	1c078463          	beqz	a5,11260 <main+0x254>
   1109c:	00100713          	li	a4,1
   110a0:	1ce78e63          	beq	a5,a4,1127c <main+0x270>
   110a4:	000207b7          	lui	a5,0x20
   110a8:	7d478793          	addi	a5,a5,2004 # 207d4 <static_memblk>
   110ac:	00f12423          	sw	a5,8(sp)
   110b0:	04011023          	sh	zero,64(sp)
   110b4:	00157793          	andi	a5,a0,1
   110b8:	00257713          	andi	a4,a0,2
   110bc:	00e03733          	snez	a4,a4
   110c0:	00e787b3          	add	a5,a5,a4
   110c4:	00457713          	andi	a4,a0,4
   110c8:	00070863          	beqz	a4,110d8 <main+0xcc>
   110cc:	00178793          	addi	a5,a5,1
   110d0:	01079793          	slli	a5,a5,0x10
   110d4:	0107d793          	srli	a5,a5,0x10
   110d8:	7d000593          	li	a1,2000
   110dc:	02f5d5b3          	divu	a1,a1,a5
   110e0:	00b12c23          	sw	a1,24(sp)
   110e4:	00010693          	mv	a3,sp
   110e8:	00000793          	li	a5,0
   110ec:	00000613          	li	a2,0
   110f0:	00100893          	li	a7,1
   110f4:	00300813          	li	a6,3
   110f8:	00f89733          	sll	a4,a7,a5
   110fc:	00a77733          	and	a4,a4,a0
   11100:	1a071063          	bnez	a4,112a0 <main+0x294>
   11104:	00178793          	addi	a5,a5,1
   11108:	00468693          	addi	a3,a3,4
   1110c:	ff0796e3          	bne	a5,a6,110f8 <main+0xec>
   11110:	02012783          	lw	a5,32(sp)
   11114:	0017f793          	andi	a5,a5,1
   11118:	1a079663          	bnez	a5,112c4 <main+0x2b8>
   1111c:	02012783          	lw	a5,32(sp)
   11120:	0027f793          	andi	a5,a5,2
   11124:	1a079e63          	bnez	a5,112e0 <main+0x2d4>
   11128:	02012783          	lw	a5,32(sp)
   1112c:	0047f793          	andi	a5,a5,4
   11130:	1c079c63          	bnez	a5,11308 <main+0x2fc>
   11134:	01c12783          	lw	a5,28(sp)
   11138:	06079663          	bnez	a5,111a4 <main+0x198>
   1113c:	00100793          	li	a5,1
   11140:	00f12e23          	sw	a5,28(sp)
   11144:	00010413          	mv	s0,sp
   11148:	01c12703          	lw	a4,28(sp)
   1114c:	00271793          	slli	a5,a4,0x2
   11150:	00e787b3          	add	a5,a5,a4
   11154:	00179793          	slli	a5,a5,0x1
   11158:	00f12e23          	sw	a5,28(sp)
   1115c:	00001097          	auipc	ra,0x1
   11160:	c44080e7          	jalr	-956(ra) # 11da0 <start_time>
   11164:	00040513          	mv	a0,s0
   11168:	00000097          	auipc	ra,0x0
   1116c:	de4080e7          	jalr	-540(ra) # 10f4c <iterate>
   11170:	00001097          	auipc	ra,0x1
   11174:	c50080e7          	jalr	-944(ra) # 11dc0 <stop_time>
   11178:	00001097          	auipc	ra,0x1
   1117c:	c68080e7          	jalr	-920(ra) # 11de0 <get_time>
   11180:	00001097          	auipc	ra,0x1
   11184:	c8c080e7          	jalr	-884(ra) # 11e0c <time_in_secs>
   11188:	fc0500e3          	beqz	a0,11148 <main+0x13c>
   1118c:	00a00793          	li	a5,10
   11190:	02a7d7b3          	divu	a5,a5,a0
   11194:	00178793          	addi	a5,a5,1
   11198:	01c12703          	lw	a4,28(sp)
   1119c:	02f707b3          	mul	a5,a4,a5
   111a0:	00f12e23          	sw	a5,28(sp)
   111a4:	00001097          	auipc	ra,0x1
   111a8:	bfc080e7          	jalr	-1028(ra) # 11da0 <start_time>
   111ac:	00010513          	mv	a0,sp
   111b0:	00000097          	auipc	ra,0x0
   111b4:	d9c080e7          	jalr	-612(ra) # 10f4c <iterate>
   111b8:	00001097          	auipc	ra,0x1
   111bc:	c08080e7          	jalr	-1016(ra) # 11dc0 <stop_time>
   111c0:	00001097          	auipc	ra,0x1
   111c4:	c20080e7          	jalr	-992(ra) # 11de0 <get_time>
   111c8:	00050913          	mv	s2,a0
   111cc:	00058993          	mv	s3,a1
   111d0:	00000593          	li	a1,0
   111d4:	00011503          	lh	a0,0(sp)
   111d8:	00001097          	auipc	ra,0x1
   111dc:	318080e7          	jalr	792(ra) # 124f0 <crc16>
   111e0:	00050593          	mv	a1,a0
   111e4:	00211503          	lh	a0,2(sp)
   111e8:	00001097          	auipc	ra,0x1
   111ec:	308080e7          	jalr	776(ra) # 124f0 <crc16>
   111f0:	00050593          	mv	a1,a0
   111f4:	00411503          	lh	a0,4(sp)
   111f8:	00001097          	auipc	ra,0x1
   111fc:	2f8080e7          	jalr	760(ra) # 124f0 <crc16>
   11200:	00050593          	mv	a1,a0
   11204:	01811503          	lh	a0,24(sp)
   11208:	00001097          	auipc	ra,0x1
   1120c:	2e8080e7          	jalr	744(ra) # 124f0 <crc16>
   11210:	00050413          	mv	s0,a0
   11214:	000087b7          	lui	a5,0x8
   11218:	b0578793          	addi	a5,a5,-1275 # 7b05 <__HEAP_SIZE+0x5b05>
   1121c:	44f50c63          	beq	a0,a5,11674 <main+0x668>
   11220:	000087b7          	lui	a5,0x8
   11224:	b0578793          	addi	a5,a5,-1275 # 7b05 <__HEAP_SIZE+0x5b05>
   11228:	0ea7fc63          	bgeu	a5,a0,11320 <main+0x314>
   1122c:	000097b7          	lui	a5,0x9
   11230:	a0278793          	addi	a5,a5,-1534 # 8a02 <__HEAP_SIZE+0x6a02>
   11234:	12f50063          	beq	a0,a5,11354 <main+0x348>
   11238:	0000f7b7          	lui	a5,0xf
   1123c:	9f578793          	addi	a5,a5,-1547 # e9f5 <__HEAP_SIZE+0xc9f5>
   11240:	fff00493          	li	s1,-1
   11244:	1af51263          	bne	a0,a5,113e8 <main+0x3dc>
   11248:	00020537          	lui	a0,0x20
   1124c:	0fc50513          	addi	a0,a0,252 # 200fc <_impure_ptr+0x94>
   11250:	00001097          	auipc	ra,0x1
   11254:	49c080e7          	jalr	1180(ra) # 126ec <puts>
   11258:	00300493          	li	s1,3
   1125c:	10c0006f          	j	11368 <main+0x35c>
   11260:	00411783          	lh	a5,4(sp)
   11264:	e40790e3          	bnez	a5,110a4 <main+0x98>
   11268:	00011023          	sh	zero,0(sp)
   1126c:	00011123          	sh	zero,2(sp)
   11270:	06600793          	li	a5,102
   11274:	00f11223          	sh	a5,4(sp)
   11278:	e2dff06f          	j	110a4 <main+0x98>
   1127c:	00411783          	lh	a5,4(sp)
   11280:	e20792e3          	bnez	a5,110a4 <main+0x98>
   11284:	000037b7          	lui	a5,0x3
   11288:	41578793          	addi	a5,a5,1045 # 3415 <__HEAP_SIZE+0x1415>
   1128c:	00f11023          	sh	a5,0(sp)
   11290:	00f11123          	sh	a5,2(sp)
   11294:	06600793          	li	a5,102
   11298:	00f11223          	sh	a5,4(sp)
   1129c:	e09ff06f          	j	110a4 <main+0x98>
   112a0:	02b60733          	mul	a4,a2,a1
   112a4:	00020337          	lui	t1,0x20
   112a8:	7d430313          	addi	t1,t1,2004 # 207d4 <static_memblk>
   112ac:	00670733          	add	a4,a4,t1
   112b0:	00e6a623          	sw	a4,12(a3)
   112b4:	00160613          	addi	a2,a2,1
   112b8:	01061613          	slli	a2,a2,0x10
   112bc:	01065613          	srli	a2,a2,0x10
   112c0:	e45ff06f          	j	11104 <main+0xf8>
   112c4:	00011603          	lh	a2,0(sp)
   112c8:	00c12583          	lw	a1,12(sp)
   112cc:	01812503          	lw	a0,24(sp)
   112d0:	00000097          	auipc	ra,0x0
   112d4:	aa8080e7          	jalr	-1368(ra) # 10d78 <core_list_init>
   112d8:	02a12223          	sw	a0,36(sp)
   112dc:	e41ff06f          	j	1111c <main+0x110>
   112e0:	00211783          	lh	a5,2(sp)
   112e4:	01079793          	slli	a5,a5,0x10
   112e8:	00011603          	lh	a2,0(sp)
   112ec:	02810693          	addi	a3,sp,40
   112f0:	00c7e633          	or	a2,a5,a2
   112f4:	01012583          	lw	a1,16(sp)
   112f8:	01812503          	lw	a0,24(sp)
   112fc:	00000097          	auipc	ra,0x0
   11300:	4b4080e7          	jalr	1204(ra) # 117b0 <core_init_matrix>
   11304:	e25ff06f          	j	11128 <main+0x11c>
   11308:	01412603          	lw	a2,20(sp)
   1130c:	00011583          	lh	a1,0(sp)
   11310:	01812503          	lw	a0,24(sp)
   11314:	00001097          	auipc	ra,0x1
   11318:	b44080e7          	jalr	-1212(ra) # 11e58 <core_init_state>
   1131c:	e19ff06f          	j	11134 <main+0x128>
   11320:	000027b7          	lui	a5,0x2
   11324:	8f278793          	addi	a5,a5,-1806 # 18f2 <__STACK_SIZE+0x8f2>
   11328:	36f50263          	beq	a0,a5,1168c <main+0x680>
   1132c:	000057b7          	lui	a5,0x5
   11330:	eaf78793          	addi	a5,a5,-337 # 4eaf <__HEAP_SIZE+0x2eaf>
   11334:	fff00493          	li	s1,-1
   11338:	0af51863          	bne	a0,a5,113e8 <main+0x3dc>
   1133c:	00020537          	lui	a0,0x20
   11340:	0cc50513          	addi	a0,a0,204 # 200cc <_impure_ptr+0x64>
   11344:	00001097          	auipc	ra,0x1
   11348:	3a8080e7          	jalr	936(ra) # 126ec <puts>
   1134c:	00200493          	li	s1,2
   11350:	0180006f          	j	11368 <main+0x35c>
   11354:	00020537          	lui	a0,0x20
   11358:	07050513          	addi	a0,a0,112 # 20070 <_impure_ptr+0x8>
   1135c:	00001097          	auipc	ra,0x1
   11360:	390080e7          	jalr	912(ra) # 126ec <puts>
   11364:	00000493          	li	s1,0
   11368:	04011023          	sh	zero,64(sp)
   1136c:	02012783          	lw	a5,32(sp)
   11370:	0017f793          	andi	a5,a5,1
   11374:	02078063          	beqz	a5,11394 <main+0x388>
   11378:	03a15603          	lhu	a2,58(sp)
   1137c:	000207b7          	lui	a5,0x20
   11380:	00149713          	slli	a4,s1,0x1
   11384:	5dc78793          	addi	a5,a5,1500 # 205dc <list_known_crc>
   11388:	00e787b3          	add	a5,a5,a4
   1138c:	0007d683          	lhu	a3,0(a5)
   11390:	30d61a63          	bne	a2,a3,116a4 <main+0x698>
   11394:	02012783          	lw	a5,32(sp)
   11398:	0027f793          	andi	a5,a5,2
   1139c:	02078063          	beqz	a5,113bc <main+0x3b0>
   113a0:	03c15603          	lhu	a2,60(sp)
   113a4:	000207b7          	lui	a5,0x20
   113a8:	00149713          	slli	a4,s1,0x1
   113ac:	5d078793          	addi	a5,a5,1488 # 205d0 <matrix_known_crc>
   113b0:	00e787b3          	add	a5,a5,a4
   113b4:	0007d683          	lhu	a3,0(a5)
   113b8:	30d61863          	bne	a2,a3,116c8 <main+0x6bc>
   113bc:	02012783          	lw	a5,32(sp)
   113c0:	0047f793          	andi	a5,a5,4
   113c4:	02078063          	beqz	a5,113e4 <main+0x3d8>
   113c8:	03e15603          	lhu	a2,62(sp)
   113cc:	000207b7          	lui	a5,0x20
   113d0:	00149493          	slli	s1,s1,0x1
   113d4:	5c478793          	addi	a5,a5,1476 # 205c4 <state_known_crc>
   113d8:	009787b3          	add	a5,a5,s1
   113dc:	0007d683          	lhu	a3,0(a5)
   113e0:	30d61663          	bne	a2,a3,116ec <main+0x6e0>
   113e4:	04011483          	lh	s1,64(sp)
   113e8:	00001097          	auipc	ra,0x1
   113ec:	12c080e7          	jalr	300(ra) # 12514 <check_data_types>
   113f0:	009504b3          	add	s1,a0,s1
   113f4:	01049493          	slli	s1,s1,0x10
   113f8:	4104d493          	srai	s1,s1,0x10
   113fc:	01812583          	lw	a1,24(sp)
   11400:	00020537          	lui	a0,0x20
   11404:	1e850513          	addi	a0,a0,488 # 201e8 <_impure_ptr+0x180>
   11408:	00001097          	auipc	ra,0x1
   1140c:	114080e7          	jalr	276(ra) # 1251c <iprintf>
   11410:	00090593          	mv	a1,s2
   11414:	00020537          	lui	a0,0x20
   11418:	20050513          	addi	a0,a0,512 # 20200 <_impure_ptr+0x198>
   1141c:	00001097          	auipc	ra,0x1
   11420:	100080e7          	jalr	256(ra) # 1251c <iprintf>
   11424:	000f4537          	lui	a0,0xf4
   11428:	24050513          	addi	a0,a0,576 # f4240 <__stack_top__+0xc4240>
   1142c:	02a985b3          	mul	a1,s3,a0
   11430:	02a937b3          	mulhu	a5,s2,a0
   11434:	04c4b637          	lui	a2,0x4c4b
   11438:	40060613          	addi	a2,a2,1024 # 4c4b400 <__stack_top__+0x4c1b400>
   1143c:	00000693          	li	a3,0
   11440:	02a90533          	mul	a0,s2,a0
   11444:	00f585b3          	add	a1,a1,a5
   11448:	00003097          	auipc	ra,0x3
   1144c:	e1c080e7          	jalr	-484(ra) # 14264 <__udivdi3>
   11450:	00050993          	mv	s3,a0
   11454:	00050593          	mv	a1,a0
   11458:	00020537          	lui	a0,0x20
   1145c:	21850513          	addi	a0,a0,536 # 20218 <_impure_ptr+0x1b0>
   11460:	00001097          	auipc	ra,0x1
   11464:	0bc080e7          	jalr	188(ra) # 1251c <iprintf>
   11468:	2a098463          	beqz	s3,11710 <main+0x704>
   1146c:	01c12703          	lw	a4,28(sp)
   11470:	43b74537          	lui	a0,0x43b74
   11474:	0ba00793          	li	a5,186
   11478:	02f707b3          	mul	a5,a4,a5
   1147c:	02a735b3          	mulhu	a1,a4,a0
   11480:	00090613          	mv	a2,s2
   11484:	00000693          	li	a3,0
   11488:	02a70533          	mul	a0,a4,a0
   1148c:	00b785b3          	add	a1,a5,a1
   11490:	00003097          	auipc	ra,0x3
   11494:	dd4080e7          	jalr	-556(ra) # 14264 <__udivdi3>
   11498:	00050913          	mv	s2,a0
   1149c:	00058993          	mv	s3,a1
   114a0:	00020537          	lui	a0,0x20
   114a4:	23050513          	addi	a0,a0,560 # 20230 <_impure_ptr+0x1c8>
   114a8:	00001097          	auipc	ra,0x1
   114ac:	074080e7          	jalr	116(ra) # 1251c <iprintf>
   114b0:	000025b7          	lui	a1,0x2
   114b4:	71058593          	addi	a1,a1,1808 # 2710 <__HEAP_SIZE+0x710>
   114b8:	00090513          	mv	a0,s2
   114bc:	fffff097          	auipc	ra,0xfffff
   114c0:	13c080e7          	jalr	316(ra) # 105f8 <print_fixed_scaled>
   114c4:	00a00513          	li	a0,10
   114c8:	00001097          	auipc	ra,0x1
   114cc:	0a8080e7          	jalr	168(ra) # 12570 <putchar>
   114d0:	00020537          	lui	a0,0x20
   114d4:	24450513          	addi	a0,a0,580 # 20244 <_impure_ptr+0x1dc>
   114d8:	00001097          	auipc	ra,0x1
   114dc:	044080e7          	jalr	68(ra) # 1251c <iprintf>
   114e0:	05000613          	li	a2,80
   114e4:	00000693          	li	a3,0
   114e8:	00090513          	mv	a0,s2
   114ec:	00098593          	mv	a1,s3
   114f0:	00003097          	auipc	ra,0x3
   114f4:	d74080e7          	jalr	-652(ra) # 14264 <__udivdi3>
   114f8:	000025b7          	lui	a1,0x2
   114fc:	71058593          	addi	a1,a1,1808 # 2710 <__HEAP_SIZE+0x710>
   11500:	fffff097          	auipc	ra,0xfffff
   11504:	0f8080e7          	jalr	248(ra) # 105f8 <print_fixed_scaled>
   11508:	00a00513          	li	a0,10
   1150c:	00001097          	auipc	ra,0x1
   11510:	064080e7          	jalr	100(ra) # 12570 <putchar>
   11514:	bc602973          	csrr	s2,0xbc6
   11518:	bc9029f3          	csrr	s3,0xbc9
   1151c:	00090593          	mv	a1,s2
   11520:	00020537          	lui	a0,0x20
   11524:	29850513          	addi	a0,a0,664 # 20298 <_impure_ptr+0x230>
   11528:	00001097          	auipc	ra,0x1
   1152c:	ff4080e7          	jalr	-12(ra) # 1251c <iprintf>
   11530:	00098593          	mv	a1,s3
   11534:	00020537          	lui	a0,0x20
   11538:	2b050513          	addi	a0,a0,688 # 202b0 <_impure_ptr+0x248>
   1153c:	00001097          	auipc	ra,0x1
   11540:	fe0080e7          	jalr	-32(ra) # 1251c <iprintf>
   11544:	1e091863          	bnez	s2,11734 <main+0x728>
   11548:	01c12583          	lw	a1,28(sp)
   1154c:	00020537          	lui	a0,0x20
   11550:	2e050513          	addi	a0,a0,736 # 202e0 <_impure_ptr+0x278>
   11554:	00001097          	auipc	ra,0x1
   11558:	fc8080e7          	jalr	-56(ra) # 1251c <iprintf>
   1155c:	000205b7          	lui	a1,0x20
   11560:	2f858593          	addi	a1,a1,760 # 202f8 <_impure_ptr+0x290>
   11564:	00020537          	lui	a0,0x20
   11568:	30450513          	addi	a0,a0,772 # 20304 <_impure_ptr+0x29c>
   1156c:	00001097          	auipc	ra,0x1
   11570:	fb0080e7          	jalr	-80(ra) # 1251c <iprintf>
   11574:	000205b7          	lui	a1,0x20
   11578:	31c58593          	addi	a1,a1,796 # 2031c <_impure_ptr+0x2b4>
   1157c:	00020537          	lui	a0,0x20
   11580:	34050513          	addi	a0,a0,832 # 20340 <_impure_ptr+0x2d8>
   11584:	00001097          	auipc	ra,0x1
   11588:	f98080e7          	jalr	-104(ra) # 1251c <iprintf>
   1158c:	000205b7          	lui	a1,0x20
   11590:	35858593          	addi	a1,a1,856 # 20358 <_impure_ptr+0x2f0>
   11594:	00020537          	lui	a0,0x20
   11598:	36050513          	addi	a0,a0,864 # 20360 <_impure_ptr+0x2f8>
   1159c:	00001097          	auipc	ra,0x1
   115a0:	f80080e7          	jalr	-128(ra) # 1251c <iprintf>
   115a4:	00040593          	mv	a1,s0
   115a8:	00020537          	lui	a0,0x20
   115ac:	37850513          	addi	a0,a0,888 # 20378 <_impure_ptr+0x310>
   115b0:	00001097          	auipc	ra,0x1
   115b4:	f6c080e7          	jalr	-148(ra) # 1251c <iprintf>
   115b8:	02012783          	lw	a5,32(sp)
   115bc:	0017f793          	andi	a5,a5,1
   115c0:	00078e63          	beqz	a5,115dc <main+0x5d0>
   115c4:	03a15603          	lhu	a2,58(sp)
   115c8:	00000593          	li	a1,0
   115cc:	00020537          	lui	a0,0x20
   115d0:	39450513          	addi	a0,a0,916 # 20394 <_impure_ptr+0x32c>
   115d4:	00001097          	auipc	ra,0x1
   115d8:	f48080e7          	jalr	-184(ra) # 1251c <iprintf>
   115dc:	02012783          	lw	a5,32(sp)
   115e0:	0027f793          	andi	a5,a5,2
   115e4:	00078e63          	beqz	a5,11600 <main+0x5f4>
   115e8:	03c15603          	lhu	a2,60(sp)
   115ec:	00000593          	li	a1,0
   115f0:	00020537          	lui	a0,0x20
   115f4:	3b050513          	addi	a0,a0,944 # 203b0 <_impure_ptr+0x348>
   115f8:	00001097          	auipc	ra,0x1
   115fc:	f24080e7          	jalr	-220(ra) # 1251c <iprintf>
   11600:	02012783          	lw	a5,32(sp)
   11604:	0047f793          	andi	a5,a5,4
   11608:	00078e63          	beqz	a5,11624 <main+0x618>
   1160c:	03e15603          	lhu	a2,62(sp)
   11610:	00000593          	li	a1,0
   11614:	00020537          	lui	a0,0x20
   11618:	3cc50513          	addi	a0,a0,972 # 203cc <_impure_ptr+0x364>
   1161c:	00001097          	auipc	ra,0x1
   11620:	f00080e7          	jalr	-256(ra) # 1251c <iprintf>
   11624:	03815603          	lhu	a2,56(sp)
   11628:	00000593          	li	a1,0
   1162c:	00020537          	lui	a0,0x20
   11630:	3e850513          	addi	a0,a0,1000 # 203e8 <_impure_ptr+0x380>
   11634:	00001097          	auipc	ra,0x1
   11638:	ee8080e7          	jalr	-280(ra) # 1251c <iprintf>
   1163c:	14048663          	beqz	s1,11788 <main+0x77c>
   11640:	14905e63          	blez	s1,1179c <main+0x790>
   11644:	00020537          	lui	a0,0x20
   11648:	44c50513          	addi	a0,a0,1100 # 2044c <_impure_ptr+0x3e4>
   1164c:	00001097          	auipc	ra,0x1
   11650:	0a0080e7          	jalr	160(ra) # 126ec <puts>
   11654:	00000513          	li	a0,0
   11658:	06c12083          	lw	ra,108(sp)
   1165c:	06812403          	lw	s0,104(sp)
   11660:	06412483          	lw	s1,100(sp)
   11664:	06012903          	lw	s2,96(sp)
   11668:	05c12983          	lw	s3,92(sp)
   1166c:	07010113          	addi	sp,sp,112
   11670:	00008067          	ret
   11674:	00020537          	lui	a0,0x20
   11678:	09c50513          	addi	a0,a0,156 # 2009c <_impure_ptr+0x34>
   1167c:	00001097          	auipc	ra,0x1
   11680:	070080e7          	jalr	112(ra) # 126ec <puts>
   11684:	00100493          	li	s1,1
   11688:	ce1ff06f          	j	11368 <main+0x35c>
   1168c:	00020537          	lui	a0,0x20
   11690:	12850513          	addi	a0,a0,296 # 20128 <_impure_ptr+0xc0>
   11694:	00001097          	auipc	ra,0x1
   11698:	058080e7          	jalr	88(ra) # 126ec <puts>
   1169c:	00400493          	li	s1,4
   116a0:	cc9ff06f          	j	11368 <main+0x35c>
   116a4:	00000593          	li	a1,0
   116a8:	00020537          	lui	a0,0x20
   116ac:	15450513          	addi	a0,a0,340 # 20154 <_impure_ptr+0xec>
   116b0:	00001097          	auipc	ra,0x1
   116b4:	e6c080e7          	jalr	-404(ra) # 1251c <iprintf>
   116b8:	04015783          	lhu	a5,64(sp)
   116bc:	00178793          	addi	a5,a5,1
   116c0:	04f11023          	sh	a5,64(sp)
   116c4:	cd1ff06f          	j	11394 <main+0x388>
   116c8:	00000593          	li	a1,0
   116cc:	00020537          	lui	a0,0x20
   116d0:	18450513          	addi	a0,a0,388 # 20184 <_impure_ptr+0x11c>
   116d4:	00001097          	auipc	ra,0x1
   116d8:	e48080e7          	jalr	-440(ra) # 1251c <iprintf>
   116dc:	04015783          	lhu	a5,64(sp)
   116e0:	00178793          	addi	a5,a5,1
   116e4:	04f11023          	sh	a5,64(sp)
   116e8:	cd5ff06f          	j	113bc <main+0x3b0>
   116ec:	00000593          	li	a1,0
   116f0:	00020537          	lui	a0,0x20
   116f4:	1b850513          	addi	a0,a0,440 # 201b8 <_impure_ptr+0x150>
   116f8:	00001097          	auipc	ra,0x1
   116fc:	e24080e7          	jalr	-476(ra) # 1251c <iprintf>
   11700:	04015783          	lhu	a5,64(sp)
   11704:	00178793          	addi	a5,a5,1
   11708:	04f11023          	sh	a5,64(sp)
   1170c:	cd9ff06f          	j	113e4 <main+0x3d8>
   11710:	00020537          	lui	a0,0x20
   11714:	25850513          	addi	a0,a0,600 # 20258 <_impure_ptr+0x1f0>
   11718:	00001097          	auipc	ra,0x1
   1171c:	fd4080e7          	jalr	-44(ra) # 126ec <puts>
   11720:	00020537          	lui	a0,0x20
   11724:	28050513          	addi	a0,a0,640 # 20280 <_impure_ptr+0x218>
   11728:	00001097          	auipc	ra,0x1
   1172c:	fc4080e7          	jalr	-60(ra) # 126ec <puts>
   11730:	de5ff06f          	j	11514 <main+0x508>
   11734:	00020537          	lui	a0,0x20
   11738:	2c850513          	addi	a0,a0,712 # 202c8 <_impure_ptr+0x260>
   1173c:	00001097          	auipc	ra,0x1
   11740:	de0080e7          	jalr	-544(ra) # 1251c <iprintf>
   11744:	413909b3          	sub	s3,s2,s3
   11748:	00002537          	lui	a0,0x2
   1174c:	71050513          	addi	a0,a0,1808 # 2710 <__HEAP_SIZE+0x710>
   11750:	02a9b5b3          	mulhu	a1,s3,a0
   11754:	00090613          	mv	a2,s2
   11758:	00000693          	li	a3,0
   1175c:	02a98533          	mul	a0,s3,a0
   11760:	00003097          	auipc	ra,0x3
   11764:	b04080e7          	jalr	-1276(ra) # 14264 <__udivdi3>
   11768:	06400593          	li	a1,100
   1176c:	fffff097          	auipc	ra,0xfffff
   11770:	e8c080e7          	jalr	-372(ra) # 105f8 <print_fixed_scaled>
   11774:	00020537          	lui	a0,0x20
   11778:	2dc50513          	addi	a0,a0,732 # 202dc <_impure_ptr+0x274>
   1177c:	00001097          	auipc	ra,0x1
   11780:	da0080e7          	jalr	-608(ra) # 1251c <iprintf>
   11784:	dc5ff06f          	j	11548 <main+0x53c>
   11788:	00020537          	lui	a0,0x20
   1178c:	40450513          	addi	a0,a0,1028 # 20404 <_impure_ptr+0x39c>
   11790:	00001097          	auipc	ra,0x1
   11794:	f5c080e7          	jalr	-164(ra) # 126ec <puts>
   11798:	ebdff06f          	j	11654 <main+0x648>
   1179c:	00020537          	lui	a0,0x20
   117a0:	45c50513          	addi	a0,a0,1116 # 2045c <_impure_ptr+0x3f4>
   117a4:	00001097          	auipc	ra,0x1
   117a8:	f48080e7          	jalr	-184(ra) # 126ec <puts>
   117ac:	ea9ff06f          	j	11654 <main+0x648>

000117b0 <core_init_matrix>:
   117b0:	ff010113          	addi	sp,sp,-16
   117b4:	00812623          	sw	s0,12(sp)
   117b8:	00050813          	mv	a6,a0
   117bc:	0e060463          	beqz	a2,118a4 <core_init_matrix+0xf4>
   117c0:	00000793          	li	a5,0
   117c4:	0e080463          	beqz	a6,118ac <core_init_matrix+0xfc>
   117c8:	00078513          	mv	a0,a5
   117cc:	00178793          	addi	a5,a5,1
   117d0:	02f78733          	mul	a4,a5,a5
   117d4:	00371713          	slli	a4,a4,0x3
   117d8:	ff0768e3          	bltu	a4,a6,117c8 <core_init_matrix+0x18>
   117dc:	00358e13          	addi	t3,a1,3
   117e0:	ffce7e13          	andi	t3,t3,-4
   117e4:	000e0393          	mv	t2,t3
   117e8:	02a50433          	mul	s0,a0,a0
   117ec:	00141413          	slli	s0,s0,0x1
   117f0:	008e0fb3          	add	t6,t3,s0
   117f4:	08050463          	beqz	a0,1187c <core_init_matrix+0xcc>
   117f8:	00078313          	mv	t1,a5
   117fc:	00000f13          	li	t5,0
   11800:	00000e93          	li	t4,0
   11804:	00100293          	li	t0,1
   11808:	40f282b3          	sub	t0,t0,a5
   1180c:	41fe0e33          	sub	t3,t3,t6
   11810:	00628733          	add	a4,t0,t1
   11814:	001f1593          	slli	a1,t5,0x1
   11818:	01f585b3          	add	a1,a1,t6
   1181c:	02e60633          	mul	a2,a2,a4
   11820:	41f65793          	srai	a5,a2,0x1f
   11824:	0107d793          	srli	a5,a5,0x10
   11828:	00f60633          	add	a2,a2,a5
   1182c:	01061613          	slli	a2,a2,0x10
   11830:	01065613          	srli	a2,a2,0x10
   11834:	40f60633          	sub	a2,a2,a5
   11838:	01071813          	slli	a6,a4,0x10
   1183c:	01085813          	srli	a6,a6,0x10
   11840:	00c807b3          	add	a5,a6,a2
   11844:	01079793          	slli	a5,a5,0x10
   11848:	0107d793          	srli	a5,a5,0x10
   1184c:	00f59023          	sh	a5,0(a1)
   11850:	00be08b3          	add	a7,t3,a1
   11854:	010787b3          	add	a5,a5,a6
   11858:	0ff7f793          	zext.b	a5,a5
   1185c:	00f89023          	sh	a5,0(a7)
   11860:	00170713          	addi	a4,a4,1
   11864:	00258593          	addi	a1,a1,2
   11868:	fa671ae3          	bne	a4,t1,1181c <core_init_matrix+0x6c>
   1186c:	001e8e93          	addi	t4,t4,1
   11870:	00a30333          	add	t1,t1,a0
   11874:	00af0f33          	add	t5,t5,a0
   11878:	f9d51ce3          	bne	a0,t4,11810 <core_init_matrix+0x60>
   1187c:	0076a223          	sw	t2,4(a3)
   11880:	01f6a423          	sw	t6,8(a3)
   11884:	008f87b3          	add	a5,t6,s0
   11888:	00378793          	addi	a5,a5,3
   1188c:	ffc7f793          	andi	a5,a5,-4
   11890:	00f6a623          	sw	a5,12(a3)
   11894:	00a6a023          	sw	a0,0(a3)
   11898:	00c12403          	lw	s0,12(sp)
   1189c:	01010113          	addi	sp,sp,16
   118a0:	00008067          	ret
   118a4:	00100613          	li	a2,1
   118a8:	f19ff06f          	j	117c0 <core_init_matrix+0x10>
   118ac:	00358e13          	addi	t3,a1,3
   118b0:	ffce7e13          	andi	t3,t3,-4
   118b4:	000e0393          	mv	t2,t3
   118b8:	002e0f93          	addi	t6,t3,2
   118bc:	00080793          	mv	a5,a6
   118c0:	fff00513          	li	a0,-1
   118c4:	00200413          	li	s0,2
   118c8:	f31ff06f          	j	117f8 <core_init_matrix+0x48>

000118cc <matrix_sum>:
   118cc:	00050313          	mv	t1,a0
   118d0:	08050063          	beqz	a0,11950 <matrix_sum+0x84>
   118d4:	00251e93          	slli	t4,a0,0x2
   118d8:	01d58833          	add	a6,a1,t4
   118dc:	40a00e33          	neg	t3,a0
   118e0:	002e1e13          	slli	t3,t3,0x2
   118e4:	00000893          	li	a7,0
   118e8:	00000513          	li	a0,0
   118ec:	00000693          	li	a3,0
   118f0:	00000713          	li	a4,0
   118f4:	0540006f          	j	11948 <matrix_sum+0x7c>
   118f8:	00d5a5b3          	slt	a1,a1,a3
   118fc:	00a585b3          	add	a1,a1,a0
   11900:	01059513          	slli	a0,a1,0x10
   11904:	01055513          	srli	a0,a0,0x10
   11908:	01051513          	slli	a0,a0,0x10
   1190c:	41055513          	srai	a0,a0,0x10
   11910:	00478793          	addi	a5,a5,4
   11914:	03078463          	beq	a5,a6,1193c <matrix_sum+0x70>
   11918:	00068593          	mv	a1,a3
   1191c:	0007a683          	lw	a3,0(a5)
   11920:	00d70733          	add	a4,a4,a3
   11924:	fce65ae3          	bge	a2,a4,118f8 <matrix_sum+0x2c>
   11928:	00a50513          	addi	a0,a0,10
   1192c:	01051513          	slli	a0,a0,0x10
   11930:	01055513          	srli	a0,a0,0x10
   11934:	00000713          	li	a4,0
   11938:	fd1ff06f          	j	11908 <matrix_sum+0x3c>
   1193c:	00188893          	addi	a7,a7,1
   11940:	01d80833          	add	a6,a6,t4
   11944:	01130863          	beq	t1,a7,11954 <matrix_sum+0x88>
   11948:	01c807b3          	add	a5,a6,t3
   1194c:	fcdff06f          	j	11918 <matrix_sum+0x4c>
   11950:	00000513          	li	a0,0
   11954:	00008067          	ret

00011958 <matrix_mul_const>:
   11958:	04050863          	beqz	a0,119a8 <matrix_mul_const+0x50>
   1195c:	00151e93          	slli	t4,a0,0x1
   11960:	01d60833          	add	a6,a2,t4
   11964:	40a00e33          	neg	t3,a0
   11968:	001e1e13          	slli	t3,t3,0x1
   1196c:	00000313          	li	t1,0
   11970:	00000893          	li	a7,0
   11974:	01c807b3          	add	a5,a6,t3
   11978:	00231613          	slli	a2,t1,0x2
   1197c:	00c58633          	add	a2,a1,a2
   11980:	00079703          	lh	a4,0(a5)
   11984:	02d70733          	mul	a4,a4,a3
   11988:	00e62023          	sw	a4,0(a2)
   1198c:	00278793          	addi	a5,a5,2
   11990:	00460613          	addi	a2,a2,4
   11994:	ff0796e3          	bne	a5,a6,11980 <matrix_mul_const+0x28>
   11998:	00188893          	addi	a7,a7,1
   1199c:	00a30333          	add	t1,t1,a0
   119a0:	01d80833          	add	a6,a6,t4
   119a4:	fd1518e3          	bne	a0,a7,11974 <matrix_mul_const+0x1c>
   119a8:	00008067          	ret

000119ac <matrix_add_const>:
   119ac:	02050e63          	beqz	a0,119e8 <matrix_add_const+0x3c>
   119b0:	00151893          	slli	a7,a0,0x1
   119b4:	011586b3          	add	a3,a1,a7
   119b8:	40a00833          	neg	a6,a0
   119bc:	00181813          	slli	a6,a6,0x1
   119c0:	00000593          	li	a1,0
   119c4:	010687b3          	add	a5,a3,a6
   119c8:	0007d703          	lhu	a4,0(a5)
   119cc:	00c70733          	add	a4,a4,a2
   119d0:	00e79023          	sh	a4,0(a5)
   119d4:	00278793          	addi	a5,a5,2
   119d8:	fed798e3          	bne	a5,a3,119c8 <matrix_add_const+0x1c>
   119dc:	00158593          	addi	a1,a1,1
   119e0:	011686b3          	add	a3,a3,a7
   119e4:	feb510e3          	bne	a0,a1,119c4 <matrix_add_const+0x18>
   119e8:	00008067          	ret

000119ec <matrix_mul_vect>:
   119ec:	06050063          	beqz	a0,11a4c <matrix_mul_vect+0x60>
   119f0:	00058e13          	mv	t3,a1
   119f4:	00251793          	slli	a5,a0,0x2
   119f8:	00f58f33          	add	t5,a1,a5
   119fc:	00151313          	slli	t1,a0,0x1
   11a00:	00668333          	add	t1,a3,t1
   11a04:	00000e93          	li	t4,0
   11a08:	000e0893          	mv	a7,t3
   11a0c:	000e2023          	sw	zero,0(t3)
   11a10:	001e9813          	slli	a6,t4,0x1
   11a14:	01060833          	add	a6,a2,a6
   11a18:	00068793          	mv	a5,a3
   11a1c:	00081583          	lh	a1,0(a6)
   11a20:	00079703          	lh	a4,0(a5)
   11a24:	02e585b3          	mul	a1,a1,a4
   11a28:	0008a703          	lw	a4,0(a7)
   11a2c:	00b70733          	add	a4,a4,a1
   11a30:	00e8a023          	sw	a4,0(a7)
   11a34:	00280813          	addi	a6,a6,2
   11a38:	00278793          	addi	a5,a5,2
   11a3c:	fe6790e3          	bne	a5,t1,11a1c <matrix_mul_vect+0x30>
   11a40:	004e0e13          	addi	t3,t3,4
   11a44:	00ae8eb3          	add	t4,t4,a0
   11a48:	fdee10e3          	bne	t3,t5,11a08 <matrix_mul_vect+0x1c>
   11a4c:	00008067          	ret

00011a50 <matrix_mul_matrix>:
   11a50:	00050f13          	mv	t5,a0
   11a54:	0a050663          	beqz	a0,11b00 <matrix_mul_matrix+0xb0>
   11a58:	ff010113          	addi	sp,sp,-16
   11a5c:	00812623          	sw	s0,12(sp)
   11a60:	00058393          	mv	t2,a1
   11a64:	00068413          	mv	s0,a3
   11a68:	00151813          	slli	a6,a0,0x1
   11a6c:	00060e93          	mv	t4,a2
   11a70:	01060533          	add	a0,a2,a6
   11a74:	00000f93          	li	t6,0
   11a78:	00000293          	li	t0,0
   11a7c:	0640006f          	j	11ae0 <matrix_mul_matrix+0x90>
   11a80:	00078e13          	mv	t3,a5
   11a84:	00088593          	mv	a1,a7
   11a88:	0008a023          	sw	zero,0(a7)
   11a8c:	00030613          	mv	a2,t1
   11a90:	000e8793          	mv	a5,t4
   11a94:	00079683          	lh	a3,0(a5)
   11a98:	00061703          	lh	a4,0(a2)
   11a9c:	02e686b3          	mul	a3,a3,a4
   11aa0:	0005a703          	lw	a4,0(a1)
   11aa4:	00d70733          	add	a4,a4,a3
   11aa8:	00e5a023          	sw	a4,0(a1)
   11aac:	00278793          	addi	a5,a5,2
   11ab0:	01060633          	add	a2,a2,a6
   11ab4:	fea790e3          	bne	a5,a0,11a94 <matrix_mul_matrix+0x44>
   11ab8:	001e0793          	addi	a5,t3,1
   11abc:	00488893          	addi	a7,a7,4
   11ac0:	00230313          	addi	t1,t1,2
   11ac4:	faff1ee3          	bne	t5,a5,11a80 <matrix_mul_matrix+0x30>
   11ac8:	00128713          	addi	a4,t0,1
   11acc:	010e8eb3          	add	t4,t4,a6
   11ad0:	00ff8fb3          	add	t6,t6,a5
   11ad4:	01050533          	add	a0,a0,a6
   11ad8:	01c28e63          	beq	t0,t3,11af4 <matrix_mul_matrix+0xa4>
   11adc:	00070293          	mv	t0,a4
   11ae0:	002f9893          	slli	a7,t6,0x2
   11ae4:	011388b3          	add	a7,t2,a7
   11ae8:	00040313          	mv	t1,s0
   11aec:	00000e13          	li	t3,0
   11af0:	f95ff06f          	j	11a84 <matrix_mul_matrix+0x34>
   11af4:	00c12403          	lw	s0,12(sp)
   11af8:	01010113          	addi	sp,sp,16
   11afc:	00008067          	ret
   11b00:	00008067          	ret

00011b04 <matrix_mul_matrix_bitextract>:
   11b04:	00050f13          	mv	t5,a0
   11b08:	0c050063          	beqz	a0,11bc8 <matrix_mul_matrix_bitextract+0xc4>
   11b0c:	ff010113          	addi	sp,sp,-16
   11b10:	00812623          	sw	s0,12(sp)
   11b14:	00058f93          	mv	t6,a1
   11b18:	00068413          	mv	s0,a3
   11b1c:	00151813          	slli	a6,a0,0x1
   11b20:	00060e93          	mv	t4,a2
   11b24:	01060533          	add	a0,a2,a6
   11b28:	00000293          	li	t0,0
   11b2c:	00000393          	li	t2,0
   11b30:	0780006f          	j	11ba8 <matrix_mul_matrix_bitextract+0xa4>
   11b34:	00078e13          	mv	t3,a5
   11b38:	00088593          	mv	a1,a7
   11b3c:	0008a023          	sw	zero,0(a7)
   11b40:	00030613          	mv	a2,t1
   11b44:	000e8693          	mv	a3,t4
   11b48:	00069783          	lh	a5,0(a3)
   11b4c:	00061703          	lh	a4,0(a2)
   11b50:	02e787b3          	mul	a5,a5,a4
   11b54:	4027d713          	srai	a4,a5,0x2
   11b58:	00f77713          	andi	a4,a4,15
   11b5c:	4057d793          	srai	a5,a5,0x5
   11b60:	07f7f793          	andi	a5,a5,127
   11b64:	02f707b3          	mul	a5,a4,a5
   11b68:	0005a703          	lw	a4,0(a1)
   11b6c:	00f707b3          	add	a5,a4,a5
   11b70:	00f5a023          	sw	a5,0(a1)
   11b74:	00268693          	addi	a3,a3,2
   11b78:	01060633          	add	a2,a2,a6
   11b7c:	fca696e3          	bne	a3,a0,11b48 <matrix_mul_matrix_bitextract+0x44>
   11b80:	001e0793          	addi	a5,t3,1
   11b84:	00488893          	addi	a7,a7,4
   11b88:	00230313          	addi	t1,t1,2
   11b8c:	faff14e3          	bne	t5,a5,11b34 <matrix_mul_matrix_bitextract+0x30>
   11b90:	00138713          	addi	a4,t2,1
   11b94:	010e8eb3          	add	t4,t4,a6
   11b98:	00f282b3          	add	t0,t0,a5
   11b9c:	01050533          	add	a0,a0,a6
   11ba0:	01c38e63          	beq	t2,t3,11bbc <matrix_mul_matrix_bitextract+0xb8>
   11ba4:	00070393          	mv	t2,a4
   11ba8:	00229893          	slli	a7,t0,0x2
   11bac:	011f88b3          	add	a7,t6,a7
   11bb0:	00040313          	mv	t1,s0
   11bb4:	00000e13          	li	t3,0
   11bb8:	f81ff06f          	j	11b38 <matrix_mul_matrix_bitextract+0x34>
   11bbc:	00c12403          	lw	s0,12(sp)
   11bc0:	01010113          	addi	sp,sp,16
   11bc4:	00008067          	ret
   11bc8:	00008067          	ret

00011bcc <matrix_test>:
   11bcc:	fe010113          	addi	sp,sp,-32
   11bd0:	00112e23          	sw	ra,28(sp)
   11bd4:	00812c23          	sw	s0,24(sp)
   11bd8:	00912a23          	sw	s1,20(sp)
   11bdc:	01212823          	sw	s2,16(sp)
   11be0:	01312623          	sw	s3,12(sp)
   11be4:	01412423          	sw	s4,8(sp)
   11be8:	01512223          	sw	s5,4(sp)
   11bec:	01612023          	sw	s6,0(sp)
   11bf0:	00050413          	mv	s0,a0
   11bf4:	00058493          	mv	s1,a1
   11bf8:	00060913          	mv	s2,a2
   11bfc:	00068a93          	mv	s5,a3
   11c00:	00070993          	mv	s3,a4
   11c04:	fffffa37          	lui	s4,0xfffff
   11c08:	01476a33          	or	s4,a4,s4
   11c0c:	00070613          	mv	a2,a4
   11c10:	00090593          	mv	a1,s2
   11c14:	00000097          	auipc	ra,0x0
   11c18:	d98080e7          	jalr	-616(ra) # 119ac <matrix_add_const>
   11c1c:	00098693          	mv	a3,s3
   11c20:	00090613          	mv	a2,s2
   11c24:	00048593          	mv	a1,s1
   11c28:	00040513          	mv	a0,s0
   11c2c:	00000097          	auipc	ra,0x0
   11c30:	d2c080e7          	jalr	-724(ra) # 11958 <matrix_mul_const>
   11c34:	000a0613          	mv	a2,s4
   11c38:	00048593          	mv	a1,s1
   11c3c:	00040513          	mv	a0,s0
   11c40:	00000097          	auipc	ra,0x0
   11c44:	c8c080e7          	jalr	-884(ra) # 118cc <matrix_sum>
   11c48:	00000593          	li	a1,0
   11c4c:	00001097          	auipc	ra,0x1
   11c50:	8a4080e7          	jalr	-1884(ra) # 124f0 <crc16>
   11c54:	00050b13          	mv	s6,a0
   11c58:	000a8693          	mv	a3,s5
   11c5c:	00090613          	mv	a2,s2
   11c60:	00048593          	mv	a1,s1
   11c64:	00040513          	mv	a0,s0
   11c68:	00000097          	auipc	ra,0x0
   11c6c:	d84080e7          	jalr	-636(ra) # 119ec <matrix_mul_vect>
   11c70:	000a0613          	mv	a2,s4
   11c74:	00048593          	mv	a1,s1
   11c78:	00040513          	mv	a0,s0
   11c7c:	00000097          	auipc	ra,0x0
   11c80:	c50080e7          	jalr	-944(ra) # 118cc <matrix_sum>
   11c84:	000b0593          	mv	a1,s6
   11c88:	00001097          	auipc	ra,0x1
   11c8c:	868080e7          	jalr	-1944(ra) # 124f0 <crc16>
   11c90:	00050b13          	mv	s6,a0
   11c94:	000a8693          	mv	a3,s5
   11c98:	00090613          	mv	a2,s2
   11c9c:	00048593          	mv	a1,s1
   11ca0:	00040513          	mv	a0,s0
   11ca4:	00000097          	auipc	ra,0x0
   11ca8:	dac080e7          	jalr	-596(ra) # 11a50 <matrix_mul_matrix>
   11cac:	000a0613          	mv	a2,s4
   11cb0:	00048593          	mv	a1,s1
   11cb4:	00040513          	mv	a0,s0
   11cb8:	00000097          	auipc	ra,0x0
   11cbc:	c14080e7          	jalr	-1004(ra) # 118cc <matrix_sum>
   11cc0:	000b0593          	mv	a1,s6
   11cc4:	00001097          	auipc	ra,0x1
   11cc8:	82c080e7          	jalr	-2004(ra) # 124f0 <crc16>
   11ccc:	00050b13          	mv	s6,a0
   11cd0:	000a8693          	mv	a3,s5
   11cd4:	00090613          	mv	a2,s2
   11cd8:	00048593          	mv	a1,s1
   11cdc:	00040513          	mv	a0,s0
   11ce0:	00000097          	auipc	ra,0x0
   11ce4:	e24080e7          	jalr	-476(ra) # 11b04 <matrix_mul_matrix_bitextract>
   11ce8:	000a0613          	mv	a2,s4
   11cec:	00048593          	mv	a1,s1
   11cf0:	00040513          	mv	a0,s0
   11cf4:	00000097          	auipc	ra,0x0
   11cf8:	bd8080e7          	jalr	-1064(ra) # 118cc <matrix_sum>
   11cfc:	000b0593          	mv	a1,s6
   11d00:	00000097          	auipc	ra,0x0
   11d04:	7f0080e7          	jalr	2032(ra) # 124f0 <crc16>
   11d08:	00050493          	mv	s1,a0
   11d0c:	41300633          	neg	a2,s3
   11d10:	01061613          	slli	a2,a2,0x10
   11d14:	41065613          	srai	a2,a2,0x10
   11d18:	00090593          	mv	a1,s2
   11d1c:	00040513          	mv	a0,s0
   11d20:	00000097          	auipc	ra,0x0
   11d24:	c8c080e7          	jalr	-884(ra) # 119ac <matrix_add_const>
   11d28:	01049513          	slli	a0,s1,0x10
   11d2c:	41055513          	srai	a0,a0,0x10
   11d30:	01c12083          	lw	ra,28(sp)
   11d34:	01812403          	lw	s0,24(sp)
   11d38:	01412483          	lw	s1,20(sp)
   11d3c:	01012903          	lw	s2,16(sp)
   11d40:	00c12983          	lw	s3,12(sp)
   11d44:	00812a03          	lw	s4,8(sp)
   11d48:	00412a83          	lw	s5,4(sp)
   11d4c:	00012b03          	lw	s6,0(sp)
   11d50:	02010113          	addi	sp,sp,32
   11d54:	00008067          	ret

00011d58 <core_bench_matrix>:
   11d58:	ff010113          	addi	sp,sp,-16
   11d5c:	00112623          	sw	ra,12(sp)
   11d60:	00812423          	sw	s0,8(sp)
   11d64:	00058713          	mv	a4,a1
   11d68:	00060413          	mv	s0,a2
   11d6c:	00852683          	lw	a3,8(a0)
   11d70:	00452603          	lw	a2,4(a0)
   11d74:	00c52583          	lw	a1,12(a0)
   11d78:	00052503          	lw	a0,0(a0)
   11d7c:	00000097          	auipc	ra,0x0
   11d80:	e50080e7          	jalr	-432(ra) # 11bcc <matrix_test>
   11d84:	00040593          	mv	a1,s0
   11d88:	00000097          	auipc	ra,0x0
   11d8c:	768080e7          	jalr	1896(ra) # 124f0 <crc16>
   11d90:	00c12083          	lw	ra,12(sp)
   11d94:	00812403          	lw	s0,8(sp)
   11d98:	01010113          	addi	sp,sp,16
   11d9c:	00008067          	ret

00011da0 <start_time>:
   11da0:	b80027f3          	csrr	a5,mcycleh
   11da4:	b00026f3          	csrr	a3,mcycle
   11da8:	b8002773          	csrr	a4,mcycleh
   11dac:	fee79ae3          	bne	a5,a4,11da0 <start_time>
   11db0:	00021737          	lui	a4,0x21
   11db4:	fad72823          	sw	a3,-80(a4) # 20fb0 <t0>
   11db8:	faf72a23          	sw	a5,-76(a4)
   11dbc:	00008067          	ret

00011dc0 <stop_time>:
   11dc0:	b80027f3          	csrr	a5,mcycleh
   11dc4:	b00026f3          	csrr	a3,mcycle
   11dc8:	b8002773          	csrr	a4,mcycleh
   11dcc:	fee79ae3          	bne	a5,a4,11dc0 <stop_time>
   11dd0:	00021737          	lui	a4,0x21
   11dd4:	fad72423          	sw	a3,-88(a4) # 20fa8 <t1>
   11dd8:	faf72623          	sw	a5,-84(a4)
   11ddc:	00008067          	ret

00011de0 <get_time>:
   11de0:	000216b7          	lui	a3,0x21
   11de4:	00021737          	lui	a4,0x21
   11de8:	fa86a783          	lw	a5,-88(a3) # 20fa8 <t1>
   11dec:	fac6a583          	lw	a1,-84(a3)
   11df0:	fb072503          	lw	a0,-80(a4) # 20fb0 <t0>
   11df4:	fb472703          	lw	a4,-76(a4)
   11df8:	40a78533          	sub	a0,a5,a0
   11dfc:	00a7b7b3          	sltu	a5,a5,a0
   11e00:	40e585b3          	sub	a1,a1,a4
   11e04:	40f585b3          	sub	a1,a1,a5
   11e08:	00008067          	ret

00011e0c <time_in_secs>:
   11e0c:	ff010113          	addi	sp,sp,-16
   11e10:	00112623          	sw	ra,12(sp)
   11e14:	04c4b637          	lui	a2,0x4c4b
   11e18:	40060613          	addi	a2,a2,1024 # 4c4b400 <__stack_top__+0x4c1b400>
   11e1c:	00000693          	li	a3,0
   11e20:	00002097          	auipc	ra,0x2
   11e24:	444080e7          	jalr	1092(ra) # 14264 <__udivdi3>
   11e28:	00c12083          	lw	ra,12(sp)
   11e2c:	01010113          	addi	sp,sp,16
   11e30:	00008067          	ret

00011e34 <portable_init>:
   11e34:	ff010113          	addi	sp,sp,-16
   11e38:	00112623          	sw	ra,12(sp)
   11e3c:	00020537          	lui	a0,0x20
   11e40:	4c050513          	addi	a0,a0,1216 # 204c0 <_impure_ptr+0x458>
   11e44:	ffffe097          	auipc	ra,0xffffe
   11e48:	680080e7          	jalr	1664(ra) # 104c4 <uart_puts>
   11e4c:	00c12083          	lw	ra,12(sp)
   11e50:	01010113          	addi	sp,sp,16
   11e54:	00008067          	ret

00011e58 <core_init_state>:
   11e58:	fff50813          	addi	a6,a0,-1
   11e5c:	00100793          	li	a5,1
   11e60:	1507fe63          	bgeu	a5,a6,11fbc <core_init_state+0x164>
   11e64:	fe010113          	addi	sp,sp,-32
   11e68:	00812e23          	sw	s0,28(sp)
   11e6c:	00912c23          	sw	s1,24(sp)
   11e70:	01212a23          	sw	s2,20(sp)
   11e74:	01312823          	sw	s3,16(sp)
   11e78:	01412623          	sw	s4,12(sp)
   11e7c:	00f585b3          	add	a1,a1,a5
   11e80:	01059693          	slli	a3,a1,0x10
   11e84:	0106d693          	srli	a3,a3,0x10
   11e88:	00000713          	li	a4,0
   11e8c:	00600593          	li	a1,6
   11e90:	000202b7          	lui	t0,0x20
   11e94:	60828293          	addi	t0,t0,1544 # 20608 <errpat>
   11e98:	00800313          	li	t1,8
   11e9c:	00400893          	li	a7,4
   11ea0:	00020fb7          	lui	t6,0x20
   11ea4:	618f8f93          	addi	t6,t6,1560 # 20618 <scipat>
   11ea8:	00200e13          	li	t3,2
   11eac:	00020f37          	lui	t5,0x20
   11eb0:	638f0f13          	addi	t5,t5,1592 # 20638 <intpat>
   11eb4:	00020eb7          	lui	t4,0x20
   11eb8:	628e8e93          	addi	t4,t4,1576 # 20628 <floatpat>
   11ebc:	02c00393          	li	t2,44
   11ec0:	0680006f          	j	11f28 <core_init_state+0xd0>
   11ec4:	00098793          	mv	a5,s3
   11ec8:	00e60433          	add	s0,a2,a4
   11ecc:	014989b3          	add	s3,s3,s4
   11ed0:	0007c483          	lbu	s1,0(a5)
   11ed4:	00940023          	sb	s1,0(s0)
   11ed8:	00178793          	addi	a5,a5,1
   11edc:	00140413          	addi	s0,s0,1
   11ee0:	ff3798e3          	bne	a5,s3,11ed0 <core_init_state+0x78>
   11ee4:	00e60733          	add	a4,a2,a4
   11ee8:	01470733          	add	a4,a4,s4
   11eec:	00770023          	sb	t2,0(a4)
   11ef0:	00090713          	mv	a4,s2
   11ef4:	0340006f          	j	11f28 <core_init_state+0xd0>
   11ef8:	0017d793          	srli	a5,a5,0x1
   11efc:	00c7f793          	andi	a5,a5,12
   11f00:	00ff07b3          	add	a5,t5,a5
   11f04:	0007a983          	lw	s3,0(a5)
   11f08:	00088a13          	mv	s4,a7
   11f0c:	00170913          	addi	s2,a4,1
   11f10:	01490933          	add	s2,s2,s4
   11f14:	07097a63          	bgeu	s2,a6,11f88 <core_init_state+0x130>
   11f18:	00168693          	addi	a3,a3,1
   11f1c:	01069693          	slli	a3,a3,0x10
   11f20:	0106d693          	srli	a3,a3,0x10
   11f24:	fa0a10e3          	bnez	s4,11ec4 <core_init_state+0x6c>
   11f28:	01069793          	slli	a5,a3,0x10
   11f2c:	4107d793          	srai	a5,a5,0x10
   11f30:	0076f413          	andi	s0,a3,7
   11f34:	0285ee63          	bltu	a1,s0,11f70 <core_init_state+0x118>
   11f38:	0288e063          	bltu	a7,s0,11f58 <core_init_state+0x100>
   11f3c:	fa8e7ee3          	bgeu	t3,s0,11ef8 <core_init_state+0xa0>
   11f40:	0017d793          	srli	a5,a5,0x1
   11f44:	00c7f793          	andi	a5,a5,12
   11f48:	00fe87b3          	add	a5,t4,a5
   11f4c:	0007a983          	lw	s3,0(a5)
   11f50:	00030a13          	mv	s4,t1
   11f54:	fb9ff06f          	j	11f0c <core_init_state+0xb4>
   11f58:	0017d793          	srli	a5,a5,0x1
   11f5c:	00c7f793          	andi	a5,a5,12
   11f60:	00ff87b3          	add	a5,t6,a5
   11f64:	0007a983          	lw	s3,0(a5)
   11f68:	00030a13          	mv	s4,t1
   11f6c:	fa1ff06f          	j	11f0c <core_init_state+0xb4>
   11f70:	0017d793          	srli	a5,a5,0x1
   11f74:	00c7f793          	andi	a5,a5,12
   11f78:	00f287b3          	add	a5,t0,a5
   11f7c:	0007a983          	lw	s3,0(a5)
   11f80:	00030a13          	mv	s4,t1
   11f84:	f89ff06f          	j	11f0c <core_init_state+0xb4>
   11f88:	00a77c63          	bgeu	a4,a0,11fa0 <core_init_state+0x148>
   11f8c:	00e60733          	add	a4,a2,a4
   11f90:	00a60633          	add	a2,a2,a0
   11f94:	00070023          	sb	zero,0(a4)
   11f98:	00170713          	addi	a4,a4,1
   11f9c:	fee61ce3          	bne	a2,a4,11f94 <core_init_state+0x13c>
   11fa0:	01c12403          	lw	s0,28(sp)
   11fa4:	01812483          	lw	s1,24(sp)
   11fa8:	01412903          	lw	s2,20(sp)
   11fac:	01012983          	lw	s3,16(sp)
   11fb0:	00c12a03          	lw	s4,12(sp)
   11fb4:	02010113          	addi	sp,sp,32
   11fb8:	00008067          	ret
   11fbc:	00000713          	li	a4,0
   11fc0:	00e60733          	add	a4,a2,a4
   11fc4:	00a60633          	add	a2,a2,a0
   11fc8:	00070023          	sb	zero,0(a4)
   11fcc:	00170713          	addi	a4,a4,1
   11fd0:	fee61ce3          	bne	a2,a4,11fc8 <core_init_state+0x170>
   11fd4:	00008067          	ret

00011fd8 <core_state_transition>:
   11fd8:	00050e13          	mv	t3,a0
   11fdc:	00052683          	lw	a3,0(a0)
   11fe0:	0006c783          	lbu	a5,0(a3)
   11fe4:	1e078e63          	beqz	a5,121e0 <core_state_transition+0x208>
   11fe8:	00000513          	li	a0,0
   11fec:	02c00813          	li	a6,44
   11ff0:	00700893          	li	a7,7
   11ff4:	00020637          	lui	a2,0x20
   11ff8:	5e860613          	addi	a2,a2,1512 # 205e8 <list_known_crc+0xc>
   11ffc:	00900313          	li	t1,9
   12000:	04500f93          	li	t6,69
   12004:	02e00f13          	li	t5,46
   12008:	00400e93          	li	t4,4
   1200c:	06c0006f          	j	12078 <core_state_transition+0xa0>
   12010:	00168693          	addi	a3,a3,1
   12014:	1780006f          	j	1218c <core_state_transition+0x1b4>
   12018:	fd078713          	addi	a4,a5,-48
   1201c:	0ff77713          	zext.b	a4,a4
   12020:	000e8513          	mv	a0,t4
   12024:	02e37a63          	bgeu	t1,a4,12058 <core_state_transition+0x80>
   12028:	02d00713          	li	a4,45
   1202c:	06e78263          	beq	a5,a4,12090 <core_state_transition+0xb8>
   12030:	02e00713          	li	a4,46
   12034:	00500513          	li	a0,5
   12038:	02e78063          	beq	a5,a4,12058 <core_state_transition+0x80>
   1203c:	02b00713          	li	a4,43
   12040:	00200513          	li	a0,2
   12044:	00e78a63          	beq	a5,a4,12058 <core_state_transition+0x80>
   12048:	0045a783          	lw	a5,4(a1)
   1204c:	00178793          	addi	a5,a5,1
   12050:	00f5a223          	sw	a5,4(a1)
   12054:	00100513          	li	a0,1
   12058:	0005a783          	lw	a5,0(a1)
   1205c:	00178793          	addi	a5,a5,1
   12060:	00f5a023          	sw	a5,0(a1)
   12064:	00168693          	addi	a3,a3,1
   12068:	0006c783          	lbu	a5,0(a3)
   1206c:	fff50713          	addi	a4,a0,-1
   12070:	10070e63          	beqz	a4,1218c <core_state_transition+0x1b4>
   12074:	10078c63          	beqz	a5,1218c <core_state_transition+0x1b4>
   12078:	f9078ce3          	beq	a5,a6,12010 <core_state_transition+0x38>
   1207c:	fea8e4e3          	bltu	a7,a0,12064 <core_state_transition+0x8c>
   12080:	00251713          	slli	a4,a0,0x2
   12084:	00c70733          	add	a4,a4,a2
   12088:	00072703          	lw	a4,0(a4)
   1208c:	00070067          	jr	a4
   12090:	00200513          	li	a0,2
   12094:	fc5ff06f          	j	12058 <core_state_transition+0x80>
   12098:	fd078713          	addi	a4,a5,-48
   1209c:	0ff77713          	zext.b	a4,a4
   120a0:	00e36c63          	bltu	t1,a4,120b8 <core_state_transition+0xe0>
   120a4:	0085a783          	lw	a5,8(a1)
   120a8:	00178793          	addi	a5,a5,1
   120ac:	00f5a423          	sw	a5,8(a1)
   120b0:	00400513          	li	a0,4
   120b4:	fb1ff06f          	j	12064 <core_state_transition+0x8c>
   120b8:	02e00713          	li	a4,46
   120bc:	00e78a63          	beq	a5,a4,120d0 <core_state_transition+0xf8>
   120c0:	0085a783          	lw	a5,8(a1)
   120c4:	00178793          	addi	a5,a5,1
   120c8:	00f5a423          	sw	a5,8(a1)
   120cc:	0b80006f          	j	12184 <core_state_transition+0x1ac>
   120d0:	0085a783          	lw	a5,8(a1)
   120d4:	00178793          	addi	a5,a5,1
   120d8:	00f5a423          	sw	a5,8(a1)
   120dc:	00500513          	li	a0,5
   120e0:	f85ff06f          	j	12064 <core_state_transition+0x8c>
   120e4:	03e78263          	beq	a5,t5,12108 <core_state_transition+0x130>
   120e8:	fd078793          	addi	a5,a5,-48
   120ec:	0ff7f793          	zext.b	a5,a5
   120f0:	00900713          	li	a4,9
   120f4:	f6f778e3          	bgeu	a4,a5,12064 <core_state_transition+0x8c>
   120f8:	0105a783          	lw	a5,16(a1)
   120fc:	00178793          	addi	a5,a5,1
   12100:	00f5a823          	sw	a5,16(a1)
   12104:	0800006f          	j	12184 <core_state_transition+0x1ac>
   12108:	0105a783          	lw	a5,16(a1)
   1210c:	00178793          	addi	a5,a5,1
   12110:	00f5a823          	sw	a5,16(a1)
   12114:	00500513          	li	a0,5
   12118:	f4dff06f          	j	12064 <core_state_transition+0x8c>
   1211c:	0df7f713          	andi	a4,a5,223
   12120:	01f71c63          	bne	a4,t6,12138 <core_state_transition+0x160>
   12124:	0145a783          	lw	a5,20(a1)
   12128:	00178793          	addi	a5,a5,1
   1212c:	00f5aa23          	sw	a5,20(a1)
   12130:	00300513          	li	a0,3
   12134:	f31ff06f          	j	12064 <core_state_transition+0x8c>
   12138:	fd078793          	addi	a5,a5,-48
   1213c:	0ff7f793          	zext.b	a5,a5
   12140:	00900713          	li	a4,9
   12144:	f2f770e3          	bgeu	a4,a5,12064 <core_state_transition+0x8c>
   12148:	0145a783          	lw	a5,20(a1)
   1214c:	00178793          	addi	a5,a5,1
   12150:	00f5aa23          	sw	a5,20(a1)
   12154:	0300006f          	j	12184 <core_state_transition+0x1ac>
   12158:	fd578793          	addi	a5,a5,-43
   1215c:	0fd7f793          	andi	a5,a5,253
   12160:	00079c63          	bnez	a5,12178 <core_state_transition+0x1a0>
   12164:	00c5a783          	lw	a5,12(a1)
   12168:	00178793          	addi	a5,a5,1
   1216c:	00f5a623          	sw	a5,12(a1)
   12170:	00600513          	li	a0,6
   12174:	ef1ff06f          	j	12064 <core_state_transition+0x8c>
   12178:	00c5a783          	lw	a5,12(a1)
   1217c:	00178793          	addi	a5,a5,1
   12180:	00f5a623          	sw	a5,12(a1)
   12184:	00168693          	addi	a3,a3,1
   12188:	00100513          	li	a0,1
   1218c:	00de2023          	sw	a3,0(t3)
   12190:	00008067          	ret
   12194:	fd078793          	addi	a5,a5,-48
   12198:	0ff7f793          	zext.b	a5,a5
   1219c:	00f36c63          	bltu	t1,a5,121b4 <core_state_transition+0x1dc>
   121a0:	0185a783          	lw	a5,24(a1)
   121a4:	00178793          	addi	a5,a5,1
   121a8:	00f5ac23          	sw	a5,24(a1)
   121ac:	00700513          	li	a0,7
   121b0:	eb5ff06f          	j	12064 <core_state_transition+0x8c>
   121b4:	0185a783          	lw	a5,24(a1)
   121b8:	00178793          	addi	a5,a5,1
   121bc:	00f5ac23          	sw	a5,24(a1)
   121c0:	fc5ff06f          	j	12184 <core_state_transition+0x1ac>
   121c4:	fd078793          	addi	a5,a5,-48
   121c8:	0ff7f793          	zext.b	a5,a5
   121cc:	e8f37ce3          	bgeu	t1,a5,12064 <core_state_transition+0x8c>
   121d0:	0045a783          	lw	a5,4(a1)
   121d4:	00178793          	addi	a5,a5,1
   121d8:	00f5a223          	sw	a5,4(a1)
   121dc:	fa9ff06f          	j	12184 <core_state_transition+0x1ac>
   121e0:	00000513          	li	a0,0
   121e4:	fa9ff06f          	j	1218c <core_state_transition+0x1b4>

000121e8 <core_bench_state>:
   121e8:	f8010113          	addi	sp,sp,-128
   121ec:	06112e23          	sw	ra,124(sp)
   121f0:	06812c23          	sw	s0,120(sp)
   121f4:	06912a23          	sw	s1,116(sp)
   121f8:	07212823          	sw	s2,112(sp)
   121fc:	07312623          	sw	s3,108(sp)
   12200:	07412423          	sw	s4,104(sp)
   12204:	07512223          	sw	s5,100(sp)
   12208:	07612023          	sw	s6,96(sp)
   1220c:	05712e23          	sw	s7,92(sp)
   12210:	05812c23          	sw	s8,88(sp)
   12214:	05912a23          	sw	s9,84(sp)
   12218:	05a12823          	sw	s10,80(sp)
   1221c:	00050a13          	mv	s4,a0
   12220:	00058413          	mv	s0,a1
   12224:	00060d13          	mv	s10,a2
   12228:	00068c93          	mv	s9,a3
   1222c:	00070a93          	mv	s5,a4
   12230:	00078493          	mv	s1,a5
   12234:	00b12623          	sw	a1,12(sp)
   12238:	01010993          	addi	s3,sp,16
   1223c:	03010913          	addi	s2,sp,48
   12240:	00090693          	mv	a3,s2
   12244:	00090713          	mv	a4,s2
   12248:	00098793          	mv	a5,s3
   1224c:	0007a023          	sw	zero,0(a5)
   12250:	00072023          	sw	zero,0(a4)
   12254:	00478793          	addi	a5,a5,4
   12258:	00470713          	addi	a4,a4,4
   1225c:	fed798e3          	bne	a5,a3,1224c <core_bench_state+0x64>
   12260:	00044783          	lbu	a5,0(s0)
   12264:	0e078063          	beqz	a5,12344 <core_bench_state+0x15c>
   12268:	01010c13          	addi	s8,sp,16
   1226c:	00c10b93          	addi	s7,sp,12
   12270:	03010b13          	addi	s6,sp,48
   12274:	000c0593          	mv	a1,s8
   12278:	000b8513          	mv	a0,s7
   1227c:	00000097          	auipc	ra,0x0
   12280:	d5c080e7          	jalr	-676(ra) # 11fd8 <core_state_transition>
   12284:	00251793          	slli	a5,a0,0x2
   12288:	016787b3          	add	a5,a5,s6
   1228c:	0007a703          	lw	a4,0(a5)
   12290:	00170713          	addi	a4,a4,1
   12294:	00e7a023          	sw	a4,0(a5)
   12298:	00c12783          	lw	a5,12(sp)
   1229c:	0007c783          	lbu	a5,0(a5)
   122a0:	fc079ae3          	bnez	a5,12274 <core_bench_state+0x8c>
   122a4:	01440a33          	add	s4,s0,s4
   122a8:	11447863          	bgeu	s0,s4,123b8 <core_bench_state+0x1d0>
   122ac:	00040793          	mv	a5,s0
   122b0:	02c00693          	li	a3,44
   122b4:	00c0006f          	j	122c0 <core_bench_state+0xd8>
   122b8:	015787b3          	add	a5,a5,s5
   122bc:	0147fc63          	bgeu	a5,s4,122d4 <core_bench_state+0xec>
   122c0:	0007c703          	lbu	a4,0(a5)
   122c4:	fed70ae3          	beq	a4,a3,122b8 <core_bench_state+0xd0>
   122c8:	01a74733          	xor	a4,a4,s10
   122cc:	00e78023          	sb	a4,0(a5)
   122d0:	fe9ff06f          	j	122b8 <core_bench_state+0xd0>
   122d4:	00812623          	sw	s0,12(sp)
   122d8:	00044783          	lbu	a5,0(s0)
   122dc:	04078263          	beqz	a5,12320 <core_bench_state+0x138>
   122e0:	01010c13          	addi	s8,sp,16
   122e4:	00c10b93          	addi	s7,sp,12
   122e8:	03010b13          	addi	s6,sp,48
   122ec:	000c0593          	mv	a1,s8
   122f0:	000b8513          	mv	a0,s7
   122f4:	00000097          	auipc	ra,0x0
   122f8:	ce4080e7          	jalr	-796(ra) # 11fd8 <core_state_transition>
   122fc:	00251613          	slli	a2,a0,0x2
   12300:	01660633          	add	a2,a2,s6
   12304:	00062783          	lw	a5,0(a2)
   12308:	00178793          	addi	a5,a5,1
   1230c:	00f62023          	sw	a5,0(a2)
   12310:	00c12783          	lw	a5,12(sp)
   12314:	0007c783          	lbu	a5,0(a5)
   12318:	fc079ae3          	bnez	a5,122ec <core_bench_state+0x104>
   1231c:	03447863          	bgeu	s0,s4,1234c <core_bench_state+0x164>
   12320:	02c00713          	li	a4,44
   12324:	00c0006f          	j	12330 <core_bench_state+0x148>
   12328:	01540433          	add	s0,s0,s5
   1232c:	03447063          	bgeu	s0,s4,1234c <core_bench_state+0x164>
   12330:	00044783          	lbu	a5,0(s0)
   12334:	fee78ae3          	beq	a5,a4,12328 <core_bench_state+0x140>
   12338:	0197c7b3          	xor	a5,a5,s9
   1233c:	00f40023          	sb	a5,0(s0)
   12340:	fe9ff06f          	j	12328 <core_bench_state+0x140>
   12344:	01440a33          	add	s4,s0,s4
   12348:	f74462e3          	bltu	s0,s4,122ac <core_bench_state+0xc4>
   1234c:	02090413          	addi	s0,s2,32
   12350:	00048593          	mv	a1,s1
   12354:	00092503          	lw	a0,0(s2)
   12358:	00000097          	auipc	ra,0x0
   1235c:	158080e7          	jalr	344(ra) # 124b0 <crcu32>
   12360:	00050593          	mv	a1,a0
   12364:	0009a503          	lw	a0,0(s3)
   12368:	00000097          	auipc	ra,0x0
   1236c:	148080e7          	jalr	328(ra) # 124b0 <crcu32>
   12370:	00050493          	mv	s1,a0
   12374:	00490913          	addi	s2,s2,4
   12378:	00498993          	addi	s3,s3,4
   1237c:	fd241ae3          	bne	s0,s2,12350 <core_bench_state+0x168>
   12380:	07c12083          	lw	ra,124(sp)
   12384:	07812403          	lw	s0,120(sp)
   12388:	07412483          	lw	s1,116(sp)
   1238c:	07012903          	lw	s2,112(sp)
   12390:	06c12983          	lw	s3,108(sp)
   12394:	06812a03          	lw	s4,104(sp)
   12398:	06412a83          	lw	s5,100(sp)
   1239c:	06012b03          	lw	s6,96(sp)
   123a0:	05c12b83          	lw	s7,92(sp)
   123a4:	05812c03          	lw	s8,88(sp)
   123a8:	05412c83          	lw	s9,84(sp)
   123ac:	05012d03          	lw	s10,80(sp)
   123b0:	08010113          	addi	sp,sp,128
   123b4:	00008067          	ret
   123b8:	00812623          	sw	s0,12(sp)
   123bc:	f25ff06f          	j	122e0 <core_bench_state+0xf8>

000123c0 <get_seed_32>:
   123c0:	00500793          	li	a5,5
   123c4:	04a7ec63          	bltu	a5,a0,1241c <get_seed_32+0x5c>
   123c8:	00251513          	slli	a0,a0,0x2
   123cc:	000207b7          	lui	a5,0x20
   123d0:	64878793          	addi	a5,a5,1608 # 20648 <intpat+0x10>
   123d4:	00f50533          	add	a0,a0,a5
   123d8:	00052783          	lw	a5,0(a0)
   123dc:	00078067          	jr	a5
   123e0:	000217b7          	lui	a5,0x21
   123e4:	fc07a503          	lw	a0,-64(a5) # 20fc0 <seed1_volatile>
   123e8:	00008067          	ret
   123ec:	000217b7          	lui	a5,0x21
   123f0:	fbc7a503          	lw	a0,-68(a5) # 20fbc <seed2_volatile>
   123f4:	00008067          	ret
   123f8:	000207b7          	lui	a5,0x20
   123fc:	0087a503          	lw	a0,8(a5) # 20008 <seed3_volatile>
   12400:	00008067          	ret
   12404:	000207b7          	lui	a5,0x20
   12408:	0047a503          	lw	a0,4(a5) # 20004 <seed4_volatile>
   1240c:	00008067          	ret
   12410:	000217b7          	lui	a5,0x21
   12414:	fb87a503          	lw	a0,-72(a5) # 20fb8 <seed5_volatile>
   12418:	00008067          	ret
   1241c:	00000513          	li	a0,0
   12420:	00008067          	ret

00012424 <crcu8>:
   12424:	00050693          	mv	a3,a0
   12428:	00058513          	mv	a0,a1
   1242c:	00800793          	li	a5,8
   12430:	ffffa637          	lui	a2,0xffffa
   12434:	00160613          	addi	a2,a2,1 # ffffa001 <__stack_top__+0xfffca001>
   12438:	0140006f          	j	1244c <crcu8+0x28>
   1243c:	00155513          	srli	a0,a0,0x1
   12440:	fff78793          	addi	a5,a5,-1
   12444:	0ff7f793          	zext.b	a5,a5
   12448:	02078463          	beqz	a5,12470 <crcu8+0x4c>
   1244c:	00a6c733          	xor	a4,a3,a0
   12450:	00177713          	andi	a4,a4,1
   12454:	0016d693          	srli	a3,a3,0x1
   12458:	fe0702e3          	beqz	a4,1243c <crcu8+0x18>
   1245c:	00155513          	srli	a0,a0,0x1
   12460:	00c54533          	xor	a0,a0,a2
   12464:	01051513          	slli	a0,a0,0x10
   12468:	01055513          	srli	a0,a0,0x10
   1246c:	fd5ff06f          	j	12440 <crcu8+0x1c>
   12470:	00008067          	ret

00012474 <crcu16>:
   12474:	ff010113          	addi	sp,sp,-16
   12478:	00112623          	sw	ra,12(sp)
   1247c:	00812423          	sw	s0,8(sp)
   12480:	00050413          	mv	s0,a0
   12484:	0ff57513          	zext.b	a0,a0
   12488:	00000097          	auipc	ra,0x0
   1248c:	f9c080e7          	jalr	-100(ra) # 12424 <crcu8>
   12490:	00050593          	mv	a1,a0
   12494:	00845513          	srli	a0,s0,0x8
   12498:	00000097          	auipc	ra,0x0
   1249c:	f8c080e7          	jalr	-116(ra) # 12424 <crcu8>
   124a0:	00c12083          	lw	ra,12(sp)
   124a4:	00812403          	lw	s0,8(sp)
   124a8:	01010113          	addi	sp,sp,16
   124ac:	00008067          	ret

000124b0 <crcu32>:
   124b0:	ff010113          	addi	sp,sp,-16
   124b4:	00112623          	sw	ra,12(sp)
   124b8:	00812423          	sw	s0,8(sp)
   124bc:	00050413          	mv	s0,a0
   124c0:	01051513          	slli	a0,a0,0x10
   124c4:	01055513          	srli	a0,a0,0x10
   124c8:	00000097          	auipc	ra,0x0
   124cc:	fac080e7          	jalr	-84(ra) # 12474 <crcu16>
   124d0:	00050593          	mv	a1,a0
   124d4:	01045513          	srli	a0,s0,0x10
   124d8:	00000097          	auipc	ra,0x0
   124dc:	f9c080e7          	jalr	-100(ra) # 12474 <crcu16>
   124e0:	00c12083          	lw	ra,12(sp)
   124e4:	00812403          	lw	s0,8(sp)
   124e8:	01010113          	addi	sp,sp,16
   124ec:	00008067          	ret

000124f0 <crc16>:
   124f0:	ff010113          	addi	sp,sp,-16
   124f4:	00112623          	sw	ra,12(sp)
   124f8:	01051513          	slli	a0,a0,0x10
   124fc:	01055513          	srli	a0,a0,0x10
   12500:	00000097          	auipc	ra,0x0
   12504:	f74080e7          	jalr	-140(ra) # 12474 <crcu16>
   12508:	00c12083          	lw	ra,12(sp)
   1250c:	01010113          	addi	sp,sp,16
   12510:	00008067          	ret

00012514 <check_data_types>:
   12514:	00000513          	li	a0,0
   12518:	00008067          	ret

0001251c <iprintf>:
   1251c:	fc010113          	addi	sp,sp,-64
   12520:	02f12a23          	sw	a5,52(sp)
   12524:	0000e797          	auipc	a5,0xe
   12528:	b447a783          	lw	a5,-1212(a5) # 20068 <_impure_ptr>
   1252c:	02c12423          	sw	a2,40(sp)
   12530:	02d12623          	sw	a3,44(sp)
   12534:	02b12223          	sw	a1,36(sp)
   12538:	02e12823          	sw	a4,48(sp)
   1253c:	03012c23          	sw	a6,56(sp)
   12540:	03112e23          	sw	a7,60(sp)
   12544:	0087a583          	lw	a1,8(a5)
   12548:	02410693          	addi	a3,sp,36
   1254c:	00050613          	mv	a2,a0
   12550:	00078513          	mv	a0,a5
   12554:	00112e23          	sw	ra,28(sp)
   12558:	00d12623          	sw	a3,12(sp)
   1255c:	00001097          	auipc	ra,0x1
   12560:	83c080e7          	jalr	-1988(ra) # 12d98 <_vfiprintf_r>
   12564:	01c12083          	lw	ra,28(sp)
   12568:	04010113          	addi	sp,sp,64
   1256c:	00008067          	ret

00012570 <putchar>:
   12570:	00050593          	mv	a1,a0
   12574:	0000e517          	auipc	a0,0xe
   12578:	af452503          	lw	a0,-1292(a0) # 20068 <_impure_ptr>
   1257c:	00852603          	lw	a2,8(a0)
   12580:	00002317          	auipc	t1,0x2
   12584:	85c30067          	jr	-1956(t1) # 13ddc <_putc_r>

00012588 <_puts_r>:
   12588:	02052783          	lw	a5,32(a0)
   1258c:	fe010113          	addi	sp,sp,-32
   12590:	00812c23          	sw	s0,24(sp)
   12594:	00912a23          	sw	s1,20(sp)
   12598:	01212823          	sw	s2,16(sp)
   1259c:	00112e23          	sw	ra,28(sp)
   125a0:	01312623          	sw	s3,12(sp)
   125a4:	00852403          	lw	s0,8(a0)
   125a8:	00050493          	mv	s1,a0
   125ac:	00058913          	mv	s2,a1
   125b0:	00079663          	bnez	a5,125bc <_puts_r+0x34>
   125b4:	00001097          	auipc	ra,0x1
   125b8:	5c4080e7          	jalr	1476(ra) # 13b78 <__sinit>
   125bc:	06442783          	lw	a5,100(s0)
   125c0:	0017f793          	andi	a5,a5,1
   125c4:	00079e63          	bnez	a5,125e0 <_puts_r+0x58>
   125c8:	00c45783          	lhu	a5,12(s0)
   125cc:	2007f793          	andi	a5,a5,512
   125d0:	00079863          	bnez	a5,125e0 <_puts_r+0x58>
   125d4:	05842503          	lw	a0,88(s0)
   125d8:	00000097          	auipc	ra,0x0
   125dc:	360080e7          	jalr	864(ra) # 12938 <__retarget_lock_acquire_recursive>
   125e0:	00c45783          	lhu	a5,12(s0)
   125e4:	0087f793          	andi	a5,a5,8
   125e8:	00078663          	beqz	a5,125f4 <_puts_r+0x6c>
   125ec:	01042783          	lw	a5,16(s0)
   125f0:	0c079e63          	bnez	a5,126cc <_puts_r+0x144>
   125f4:	00040593          	mv	a1,s0
   125f8:	00048513          	mv	a0,s1
   125fc:	00000097          	auipc	ra,0x0
   12600:	210080e7          	jalr	528(ra) # 1280c <__swsetup_r>
   12604:	0c050463          	beqz	a0,126cc <_puts_r+0x144>
   12608:	fff00493          	li	s1,-1
   1260c:	06442783          	lw	a5,100(s0)
   12610:	0017f793          	andi	a5,a5,1
   12614:	00079e63          	bnez	a5,12630 <_puts_r+0xa8>
   12618:	00c45783          	lhu	a5,12(s0)
   1261c:	2007f793          	andi	a5,a5,512
   12620:	00079863          	bnez	a5,12630 <_puts_r+0xa8>
   12624:	05842503          	lw	a0,88(s0)
   12628:	00000097          	auipc	ra,0x0
   1262c:	314080e7          	jalr	788(ra) # 1293c <__retarget_lock_release_recursive>
   12630:	01c12083          	lw	ra,28(sp)
   12634:	01812403          	lw	s0,24(sp)
   12638:	01012903          	lw	s2,16(sp)
   1263c:	00c12983          	lw	s3,12(sp)
   12640:	00048513          	mv	a0,s1
   12644:	01412483          	lw	s1,20(sp)
   12648:	02010113          	addi	sp,sp,32
   1264c:	00008067          	ret
   12650:	0007da63          	bgez	a5,12664 <_puts_r+0xdc>
   12654:	01842703          	lw	a4,24(s0)
   12658:	04e7ce63          	blt	a5,a4,126b4 <_puts_r+0x12c>
   1265c:	ff658793          	addi	a5,a1,-10
   12660:	04078a63          	beqz	a5,126b4 <_puts_r+0x12c>
   12664:	00042783          	lw	a5,0(s0)
   12668:	00178713          	addi	a4,a5,1
   1266c:	00e42023          	sw	a4,0(s0)
   12670:	00b78023          	sb	a1,0(a5)
   12674:	00190913          	addi	s2,s2,1
   12678:	00842783          	lw	a5,8(s0)
   1267c:	00094583          	lbu	a1,0(s2)
   12680:	fff78793          	addi	a5,a5,-1
   12684:	00f42423          	sw	a5,8(s0)
   12688:	fc0594e3          	bnez	a1,12650 <_puts_r+0xc8>
   1268c:	0407d463          	bgez	a5,126d4 <_puts_r+0x14c>
   12690:	00040613          	mv	a2,s0
   12694:	00a00593          	li	a1,10
   12698:	00048513          	mv	a0,s1
   1269c:	00000097          	auipc	ra,0x0
   126a0:	064080e7          	jalr	100(ra) # 12700 <__swbuf_r>
   126a4:	fff00793          	li	a5,-1
   126a8:	f6f500e3          	beq	a0,a5,12608 <_puts_r+0x80>
   126ac:	00a00493          	li	s1,10
   126b0:	f5dff06f          	j	1260c <_puts_r+0x84>
   126b4:	00040613          	mv	a2,s0
   126b8:	00048513          	mv	a0,s1
   126bc:	00000097          	auipc	ra,0x0
   126c0:	044080e7          	jalr	68(ra) # 12700 <__swbuf_r>
   126c4:	fb3518e3          	bne	a0,s3,12674 <_puts_r+0xec>
   126c8:	f41ff06f          	j	12608 <_puts_r+0x80>
   126cc:	fff00993          	li	s3,-1
   126d0:	fa9ff06f          	j	12678 <_puts_r+0xf0>
   126d4:	00042783          	lw	a5,0(s0)
   126d8:	00178713          	addi	a4,a5,1
   126dc:	00e42023          	sw	a4,0(s0)
   126e0:	00a00713          	li	a4,10
   126e4:	00e78023          	sb	a4,0(a5)
   126e8:	fc5ff06f          	j	126ac <_puts_r+0x124>

000126ec <puts>:
   126ec:	00050593          	mv	a1,a0
   126f0:	0000e517          	auipc	a0,0xe
   126f4:	97852503          	lw	a0,-1672(a0) # 20068 <_impure_ptr>
   126f8:	00000317          	auipc	t1,0x0
   126fc:	e9030067          	jr	-368(t1) # 12588 <_puts_r>

00012700 <__swbuf_r>:
   12700:	fe010113          	addi	sp,sp,-32
   12704:	00812c23          	sw	s0,24(sp)
   12708:	00912a23          	sw	s1,20(sp)
   1270c:	01312623          	sw	s3,12(sp)
   12710:	00112e23          	sw	ra,28(sp)
   12714:	01212823          	sw	s2,16(sp)
   12718:	00050493          	mv	s1,a0
   1271c:	00058993          	mv	s3,a1
   12720:	00060413          	mv	s0,a2
   12724:	00050a63          	beqz	a0,12738 <__swbuf_r+0x38>
   12728:	02052783          	lw	a5,32(a0)
   1272c:	00079663          	bnez	a5,12738 <__swbuf_r+0x38>
   12730:	00001097          	auipc	ra,0x1
   12734:	448080e7          	jalr	1096(ra) # 13b78 <__sinit>
   12738:	01842783          	lw	a5,24(s0)
   1273c:	00f42423          	sw	a5,8(s0)
   12740:	00c45783          	lhu	a5,12(s0)
   12744:	0087f793          	andi	a5,a5,8
   12748:	00078663          	beqz	a5,12754 <__swbuf_r+0x54>
   1274c:	01042783          	lw	a5,16(s0)
   12750:	02079e63          	bnez	a5,1278c <__swbuf_r+0x8c>
   12754:	00040593          	mv	a1,s0
   12758:	00048513          	mv	a0,s1
   1275c:	00000097          	auipc	ra,0x0
   12760:	0b0080e7          	jalr	176(ra) # 1280c <__swsetup_r>
   12764:	02050463          	beqz	a0,1278c <__swbuf_r+0x8c>
   12768:	fff00913          	li	s2,-1
   1276c:	01c12083          	lw	ra,28(sp)
   12770:	01812403          	lw	s0,24(sp)
   12774:	01412483          	lw	s1,20(sp)
   12778:	00c12983          	lw	s3,12(sp)
   1277c:	00090513          	mv	a0,s2
   12780:	01012903          	lw	s2,16(sp)
   12784:	02010113          	addi	sp,sp,32
   12788:	00008067          	ret
   1278c:	01042783          	lw	a5,16(s0)
   12790:	00042503          	lw	a0,0(s0)
   12794:	40f50533          	sub	a0,a0,a5
   12798:	01442783          	lw	a5,20(s0)
   1279c:	00f54c63          	blt	a0,a5,127b4 <__swbuf_r+0xb4>
   127a0:	00040593          	mv	a1,s0
   127a4:	00048513          	mv	a0,s1
   127a8:	00001097          	auipc	ra,0x1
   127ac:	120080e7          	jalr	288(ra) # 138c8 <_fflush_r>
   127b0:	fa051ce3          	bnez	a0,12768 <__swbuf_r+0x68>
   127b4:	00842783          	lw	a5,8(s0)
   127b8:	00150513          	addi	a0,a0,1
   127bc:	0ff9f913          	zext.b	s2,s3
   127c0:	fff78793          	addi	a5,a5,-1
   127c4:	00f42423          	sw	a5,8(s0)
   127c8:	00042783          	lw	a5,0(s0)
   127cc:	00178713          	addi	a4,a5,1
   127d0:	00e42023          	sw	a4,0(s0)
   127d4:	01378023          	sb	s3,0(a5)
   127d8:	01442783          	lw	a5,20(s0)
   127dc:	00a78c63          	beq	a5,a0,127f4 <__swbuf_r+0xf4>
   127e0:	00c45783          	lhu	a5,12(s0)
   127e4:	0017f793          	andi	a5,a5,1
   127e8:	f80782e3          	beqz	a5,1276c <__swbuf_r+0x6c>
   127ec:	ff690793          	addi	a5,s2,-10
   127f0:	f6079ee3          	bnez	a5,1276c <__swbuf_r+0x6c>
   127f4:	00040593          	mv	a1,s0
   127f8:	00048513          	mv	a0,s1
   127fc:	00001097          	auipc	ra,0x1
   12800:	0cc080e7          	jalr	204(ra) # 138c8 <_fflush_r>
   12804:	f60504e3          	beqz	a0,1276c <__swbuf_r+0x6c>
   12808:	f61ff06f          	j	12768 <__swbuf_r+0x68>

0001280c <__swsetup_r>:
   1280c:	ff010113          	addi	sp,sp,-16
   12810:	00912223          	sw	s1,4(sp)
   12814:	00050493          	mv	s1,a0
   12818:	0000e517          	auipc	a0,0xe
   1281c:	85052503          	lw	a0,-1968(a0) # 20068 <_impure_ptr>
   12820:	00812423          	sw	s0,8(sp)
   12824:	00112623          	sw	ra,12(sp)
   12828:	00058413          	mv	s0,a1
   1282c:	00050a63          	beqz	a0,12840 <__swsetup_r+0x34>
   12830:	02052783          	lw	a5,32(a0)
   12834:	00079663          	bnez	a5,12840 <__swsetup_r+0x34>
   12838:	00001097          	auipc	ra,0x1
   1283c:	340080e7          	jalr	832(ra) # 13b78 <__sinit>
   12840:	00c41783          	lh	a5,12(s0)
   12844:	0087f713          	andi	a4,a5,8
   12848:	06071463          	bnez	a4,128b0 <__swsetup_r+0xa4>
   1284c:	0107f713          	andi	a4,a5,16
   12850:	00071e63          	bnez	a4,1286c <__swsetup_r+0x60>
   12854:	00900713          	li	a4,9
   12858:	00e4a023          	sw	a4,0(s1)
   1285c:	0407e793          	ori	a5,a5,64
   12860:	00f41623          	sh	a5,12(s0)
   12864:	fff00513          	li	a0,-1
   12868:	0a00006f          	j	12908 <__swsetup_r+0xfc>
   1286c:	0047f713          	andi	a4,a5,4
   12870:	02070c63          	beqz	a4,128a8 <__swsetup_r+0x9c>
   12874:	03442583          	lw	a1,52(s0)
   12878:	00058e63          	beqz	a1,12894 <__swsetup_r+0x88>
   1287c:	04440793          	addi	a5,s0,68
   12880:	00f58863          	beq	a1,a5,12890 <__swsetup_r+0x84>
   12884:	00048513          	mv	a0,s1
   12888:	00000097          	auipc	ra,0x0
   1288c:	0b8080e7          	jalr	184(ra) # 12940 <_free_r>
   12890:	02042a23          	sw	zero,52(s0)
   12894:	00c45783          	lhu	a5,12(s0)
   12898:	01042703          	lw	a4,16(s0)
   1289c:	00042223          	sw	zero,4(s0)
   128a0:	fdb7f793          	andi	a5,a5,-37
   128a4:	00e42023          	sw	a4,0(s0)
   128a8:	0087e793          	ori	a5,a5,8
   128ac:	00f41623          	sh	a5,12(s0)
   128b0:	01042783          	lw	a5,16(s0)
   128b4:	02079263          	bnez	a5,128d8 <__swsetup_r+0xcc>
   128b8:	00c42783          	lw	a5,12(s0)
   128bc:	20000713          	li	a4,512
   128c0:	2807f793          	andi	a5,a5,640
   128c4:	00e78a63          	beq	a5,a4,128d8 <__swsetup_r+0xcc>
   128c8:	00040593          	mv	a1,s0
   128cc:	00048513          	mv	a0,s1
   128d0:	00001097          	auipc	ra,0x1
   128d4:	434080e7          	jalr	1076(ra) # 13d04 <__smakebuf_r>
   128d8:	00c41783          	lh	a5,12(s0)
   128dc:	0017f713          	andi	a4,a5,1
   128e0:	02070e63          	beqz	a4,1291c <__swsetup_r+0x110>
   128e4:	01442703          	lw	a4,20(s0)
   128e8:	00042423          	sw	zero,8(s0)
   128ec:	40e00733          	neg	a4,a4
   128f0:	00e42c23          	sw	a4,24(s0)
   128f4:	01042703          	lw	a4,16(s0)
   128f8:	00000513          	li	a0,0
   128fc:	00071663          	bnez	a4,12908 <__swsetup_r+0xfc>
   12900:	0807f713          	andi	a4,a5,128
   12904:	f4071ce3          	bnez	a4,1285c <__swsetup_r+0x50>
   12908:	00c12083          	lw	ra,12(sp)
   1290c:	00812403          	lw	s0,8(sp)
   12910:	00412483          	lw	s1,4(sp)
   12914:	01010113          	addi	sp,sp,16
   12918:	00008067          	ret
   1291c:	0027f713          	andi	a4,a5,2
   12920:	00000693          	li	a3,0
   12924:	00071463          	bnez	a4,1292c <__swsetup_r+0x120>
   12928:	01442683          	lw	a3,20(s0)
   1292c:	00d42423          	sw	a3,8(s0)
   12930:	fc5ff06f          	j	128f4 <__swsetup_r+0xe8>

00012934 <__retarget_lock_init_recursive>:
   12934:	00008067          	ret

00012938 <__retarget_lock_acquire_recursive>:
   12938:	00008067          	ret

0001293c <__retarget_lock_release_recursive>:
   1293c:	00008067          	ret

00012940 <_free_r>:
   12940:	10058263          	beqz	a1,12a44 <_free_r+0x104>
   12944:	ffc5a783          	lw	a5,-4(a1)
   12948:	fe010113          	addi	sp,sp,-32
   1294c:	00812c23          	sw	s0,24(sp)
   12950:	00112e23          	sw	ra,28(sp)
   12954:	ffc58413          	addi	s0,a1,-4
   12958:	0007d463          	bgez	a5,12960 <_free_r+0x20>
   1295c:	00f40433          	add	s0,s0,a5
   12960:	00a12623          	sw	a0,12(sp)
   12964:	00000097          	auipc	ra,0x0
   12968:	35c080e7          	jalr	860(ra) # 12cc0 <__malloc_lock>
   1296c:	0000e797          	auipc	a5,0xe
   12970:	e5c7a783          	lw	a5,-420(a5) # 207c8 <__malloc_free_list>
   12974:	00c12503          	lw	a0,12(sp)
   12978:	02079263          	bnez	a5,1299c <_free_r+0x5c>
   1297c:	00042223          	sw	zero,4(s0)
   12980:	0000e797          	auipc	a5,0xe
   12984:	e487a423          	sw	s0,-440(a5) # 207c8 <__malloc_free_list>
   12988:	01812403          	lw	s0,24(sp)
   1298c:	01c12083          	lw	ra,28(sp)
   12990:	02010113          	addi	sp,sp,32
   12994:	00000317          	auipc	t1,0x0
   12998:	33c30067          	jr	828(t1) # 12cd0 <__malloc_unlock>
   1299c:	02f47463          	bgeu	s0,a5,129c4 <_free_r+0x84>
   129a0:	00042683          	lw	a3,0(s0)
   129a4:	00d40733          	add	a4,s0,a3
   129a8:	00e79a63          	bne	a5,a4,129bc <_free_r+0x7c>
   129ac:	0007a703          	lw	a4,0(a5)
   129b0:	0047a783          	lw	a5,4(a5)
   129b4:	00d70733          	add	a4,a4,a3
   129b8:	00e42023          	sw	a4,0(s0)
   129bc:	00f42223          	sw	a5,4(s0)
   129c0:	fc1ff06f          	j	12980 <_free_r+0x40>
   129c4:	00078713          	mv	a4,a5
   129c8:	0047a783          	lw	a5,4(a5)
   129cc:	00078463          	beqz	a5,129d4 <_free_r+0x94>
   129d0:	fef47ae3          	bgeu	s0,a5,129c4 <_free_r+0x84>
   129d4:	00072683          	lw	a3,0(a4)
   129d8:	00d70633          	add	a2,a4,a3
   129dc:	02861863          	bne	a2,s0,12a0c <_free_r+0xcc>
   129e0:	00042603          	lw	a2,0(s0)
   129e4:	00c686b3          	add	a3,a3,a2
   129e8:	00d72023          	sw	a3,0(a4)
   129ec:	00d70633          	add	a2,a4,a3
   129f0:	f8c79ce3          	bne	a5,a2,12988 <_free_r+0x48>
   129f4:	0007a603          	lw	a2,0(a5)
   129f8:	0047a783          	lw	a5,4(a5)
   129fc:	00d606b3          	add	a3,a2,a3
   12a00:	00d72023          	sw	a3,0(a4)
   12a04:	00f72223          	sw	a5,4(a4)
   12a08:	f81ff06f          	j	12988 <_free_r+0x48>
   12a0c:	00c47863          	bgeu	s0,a2,12a1c <_free_r+0xdc>
   12a10:	00c00793          	li	a5,12
   12a14:	00f52023          	sw	a5,0(a0)
   12a18:	f71ff06f          	j	12988 <_free_r+0x48>
   12a1c:	00042603          	lw	a2,0(s0)
   12a20:	00c406b3          	add	a3,s0,a2
   12a24:	00d79a63          	bne	a5,a3,12a38 <_free_r+0xf8>
   12a28:	0007a683          	lw	a3,0(a5)
   12a2c:	0047a783          	lw	a5,4(a5)
   12a30:	00c686b3          	add	a3,a3,a2
   12a34:	00d42023          	sw	a3,0(s0)
   12a38:	00f42223          	sw	a5,4(s0)
   12a3c:	00872223          	sw	s0,4(a4)
   12a40:	f49ff06f          	j	12988 <_free_r+0x48>
   12a44:	00008067          	ret

00012a48 <sbrk_aligned>:
   12a48:	0000e797          	auipc	a5,0xe
   12a4c:	d7c7a783          	lw	a5,-644(a5) # 207c4 <__malloc_sbrk_start>
   12a50:	ff010113          	addi	sp,sp,-16
   12a54:	00812423          	sw	s0,8(sp)
   12a58:	01212023          	sw	s2,0(sp)
   12a5c:	00112623          	sw	ra,12(sp)
   12a60:	00912223          	sw	s1,4(sp)
   12a64:	00050913          	mv	s2,a0
   12a68:	00058413          	mv	s0,a1
   12a6c:	00079c63          	bnez	a5,12a84 <sbrk_aligned+0x3c>
   12a70:	00000593          	li	a1,0
   12a74:	00001097          	auipc	ra,0x1
   12a78:	750080e7          	jalr	1872(ra) # 141c4 <_sbrk_r>
   12a7c:	0000e797          	auipc	a5,0xe
   12a80:	d4a7a423          	sw	a0,-696(a5) # 207c4 <__malloc_sbrk_start>
   12a84:	00040593          	mv	a1,s0
   12a88:	00090513          	mv	a0,s2
   12a8c:	00001097          	auipc	ra,0x1
   12a90:	738080e7          	jalr	1848(ra) # 141c4 <_sbrk_r>
   12a94:	fff00493          	li	s1,-1
   12a98:	02951263          	bne	a0,s1,12abc <sbrk_aligned+0x74>
   12a9c:	fff00413          	li	s0,-1
   12aa0:	00c12083          	lw	ra,12(sp)
   12aa4:	00040513          	mv	a0,s0
   12aa8:	00812403          	lw	s0,8(sp)
   12aac:	00412483          	lw	s1,4(sp)
   12ab0:	00012903          	lw	s2,0(sp)
   12ab4:	01010113          	addi	sp,sp,16
   12ab8:	00008067          	ret
   12abc:	00350413          	addi	s0,a0,3
   12ac0:	ffc47413          	andi	s0,s0,-4
   12ac4:	fc850ee3          	beq	a0,s0,12aa0 <sbrk_aligned+0x58>
   12ac8:	40a405b3          	sub	a1,s0,a0
   12acc:	00090513          	mv	a0,s2
   12ad0:	00001097          	auipc	ra,0x1
   12ad4:	6f4080e7          	jalr	1780(ra) # 141c4 <_sbrk_r>
   12ad8:	fc9514e3          	bne	a0,s1,12aa0 <sbrk_aligned+0x58>
   12adc:	fc1ff06f          	j	12a9c <sbrk_aligned+0x54>

00012ae0 <_malloc_r>:
   12ae0:	fe010113          	addi	sp,sp,-32
   12ae4:	00912a23          	sw	s1,20(sp)
   12ae8:	00358493          	addi	s1,a1,3
   12aec:	ffc4f493          	andi	s1,s1,-4
   12af0:	00112e23          	sw	ra,28(sp)
   12af4:	00812c23          	sw	s0,24(sp)
   12af8:	01212823          	sw	s2,16(sp)
   12afc:	01312623          	sw	s3,12(sp)
   12b00:	01412423          	sw	s4,8(sp)
   12b04:	00848493          	addi	s1,s1,8
   12b08:	00c00793          	li	a5,12
   12b0c:	00f4f463          	bgeu	s1,a5,12b14 <_malloc_r+0x34>
   12b10:	00078493          	mv	s1,a5
   12b14:	0004c463          	bltz	s1,12b1c <_malloc_r+0x3c>
   12b18:	02b4f863          	bgeu	s1,a1,12b48 <_malloc_r+0x68>
   12b1c:	00c00793          	li	a5,12
   12b20:	00f52023          	sw	a5,0(a0)
   12b24:	00000513          	li	a0,0
   12b28:	01c12083          	lw	ra,28(sp)
   12b2c:	01812403          	lw	s0,24(sp)
   12b30:	01412483          	lw	s1,20(sp)
   12b34:	01012903          	lw	s2,16(sp)
   12b38:	00c12983          	lw	s3,12(sp)
   12b3c:	00812a03          	lw	s4,8(sp)
   12b40:	02010113          	addi	sp,sp,32
   12b44:	00008067          	ret
   12b48:	00050913          	mv	s2,a0
   12b4c:	0000e997          	auipc	s3,0xe
   12b50:	c7c98993          	addi	s3,s3,-900 # 207c8 <__malloc_free_list>
   12b54:	00000097          	auipc	ra,0x0
   12b58:	16c080e7          	jalr	364(ra) # 12cc0 <__malloc_lock>
   12b5c:	0009a783          	lw	a5,0(s3)
   12b60:	00078413          	mv	s0,a5
   12b64:	08041863          	bnez	s0,12bf4 <_malloc_r+0x114>
   12b68:	00048593          	mv	a1,s1
   12b6c:	00090513          	mv	a0,s2
   12b70:	00000097          	auipc	ra,0x0
   12b74:	ed8080e7          	jalr	-296(ra) # 12a48 <sbrk_aligned>
   12b78:	fff00793          	li	a5,-1
   12b7c:	00050413          	mv	s0,a0
   12b80:	12f51c63          	bne	a0,a5,12cb8 <_malloc_r+0x1d8>
   12b84:	0009a403          	lw	s0,0(s3)
   12b88:	00040793          	mv	a5,s0
   12b8c:	0e079a63          	bnez	a5,12c80 <_malloc_r+0x1a0>
   12b90:	10040863          	beqz	s0,12ca0 <_malloc_r+0x1c0>
   12b94:	00042a03          	lw	s4,0(s0)
   12b98:	00000593          	li	a1,0
   12b9c:	00090513          	mv	a0,s2
   12ba0:	01440a33          	add	s4,s0,s4
   12ba4:	00001097          	auipc	ra,0x1
   12ba8:	620080e7          	jalr	1568(ra) # 141c4 <_sbrk_r>
   12bac:	0eaa1a63          	bne	s4,a0,12ca0 <_malloc_r+0x1c0>
   12bb0:	00042783          	lw	a5,0(s0)
   12bb4:	00090513          	mv	a0,s2
   12bb8:	40f484b3          	sub	s1,s1,a5
   12bbc:	00048593          	mv	a1,s1
   12bc0:	00000097          	auipc	ra,0x0
   12bc4:	e88080e7          	jalr	-376(ra) # 12a48 <sbrk_aligned>
   12bc8:	fff00793          	li	a5,-1
   12bcc:	0cf50a63          	beq	a0,a5,12ca0 <_malloc_r+0x1c0>
   12bd0:	00042783          	lw	a5,0(s0)
   12bd4:	009787b3          	add	a5,a5,s1
   12bd8:	00f42023          	sw	a5,0(s0)
   12bdc:	0009a783          	lw	a5,0(s3)
   12be0:	0047a703          	lw	a4,4(a5)
   12be4:	0a071463          	bnez	a4,12c8c <_malloc_r+0x1ac>
   12be8:	0000e797          	auipc	a5,0xe
   12bec:	be07a023          	sw	zero,-1056(a5) # 207c8 <__malloc_free_list>
   12bf0:	0340006f          	j	12c24 <_malloc_r+0x144>
   12bf4:	00042683          	lw	a3,0(s0)
   12bf8:	409686b3          	sub	a3,a3,s1
   12bfc:	0606cc63          	bltz	a3,12c74 <_malloc_r+0x194>
   12c00:	00b00713          	li	a4,11
   12c04:	04d77c63          	bgeu	a4,a3,12c5c <_malloc_r+0x17c>
   12c08:	00942023          	sw	s1,0(s0)
   12c0c:	00940733          	add	a4,s0,s1
   12c10:	04879263          	bne	a5,s0,12c54 <_malloc_r+0x174>
   12c14:	00e9a023          	sw	a4,0(s3)
   12c18:	00442783          	lw	a5,4(s0)
   12c1c:	00d72023          	sw	a3,0(a4)
   12c20:	00f72223          	sw	a5,4(a4)
   12c24:	00090513          	mv	a0,s2
   12c28:	00000097          	auipc	ra,0x0
   12c2c:	0a8080e7          	jalr	168(ra) # 12cd0 <__malloc_unlock>
   12c30:	00b40513          	addi	a0,s0,11
   12c34:	00440793          	addi	a5,s0,4
   12c38:	ff857513          	andi	a0,a0,-8
   12c3c:	40f50733          	sub	a4,a0,a5
   12c40:	eef504e3          	beq	a0,a5,12b28 <_malloc_r+0x48>
   12c44:	00e40433          	add	s0,s0,a4
   12c48:	40a787b3          	sub	a5,a5,a0
   12c4c:	00f42023          	sw	a5,0(s0)
   12c50:	ed9ff06f          	j	12b28 <_malloc_r+0x48>
   12c54:	00e7a223          	sw	a4,4(a5)
   12c58:	fc1ff06f          	j	12c18 <_malloc_r+0x138>
   12c5c:	00442703          	lw	a4,4(s0)
   12c60:	00879663          	bne	a5,s0,12c6c <_malloc_r+0x18c>
   12c64:	00e9a023          	sw	a4,0(s3)
   12c68:	fbdff06f          	j	12c24 <_malloc_r+0x144>
   12c6c:	00e7a223          	sw	a4,4(a5)
   12c70:	fb5ff06f          	j	12c24 <_malloc_r+0x144>
   12c74:	00040793          	mv	a5,s0
   12c78:	00442403          	lw	s0,4(s0)
   12c7c:	ee9ff06f          	j	12b64 <_malloc_r+0x84>
   12c80:	00078413          	mv	s0,a5
   12c84:	0047a783          	lw	a5,4(a5)
   12c88:	f05ff06f          	j	12b8c <_malloc_r+0xac>
   12c8c:	00078713          	mv	a4,a5
   12c90:	0047a783          	lw	a5,4(a5)
   12c94:	fe879ce3          	bne	a5,s0,12c8c <_malloc_r+0x1ac>
   12c98:	00072223          	sw	zero,4(a4)
   12c9c:	f89ff06f          	j	12c24 <_malloc_r+0x144>
   12ca0:	00c00793          	li	a5,12
   12ca4:	00f92023          	sw	a5,0(s2)
   12ca8:	00090513          	mv	a0,s2
   12cac:	00000097          	auipc	ra,0x0
   12cb0:	024080e7          	jalr	36(ra) # 12cd0 <__malloc_unlock>
   12cb4:	e71ff06f          	j	12b24 <_malloc_r+0x44>
   12cb8:	00952023          	sw	s1,0(a0)
   12cbc:	f69ff06f          	j	12c24 <_malloc_r+0x144>

00012cc0 <__malloc_lock>:
   12cc0:	0000e517          	auipc	a0,0xe
   12cc4:	afc50513          	addi	a0,a0,-1284 # 207bc <__lock___malloc_recursive_mutex>
   12cc8:	00000317          	auipc	t1,0x0
   12ccc:	c7030067          	jr	-912(t1) # 12938 <__retarget_lock_acquire_recursive>

00012cd0 <__malloc_unlock>:
   12cd0:	0000e517          	auipc	a0,0xe
   12cd4:	aec50513          	addi	a0,a0,-1300 # 207bc <__lock___malloc_recursive_mutex>
   12cd8:	00000317          	auipc	t1,0x0
   12cdc:	c6430067          	jr	-924(t1) # 1293c <__retarget_lock_release_recursive>

00012ce0 <__sfputc_r>:
   12ce0:	00862783          	lw	a5,8(a2)
   12ce4:	fff78793          	addi	a5,a5,-1
   12ce8:	00f62423          	sw	a5,8(a2)
   12cec:	0007de63          	bgez	a5,12d08 <__sfputc_r+0x28>
   12cf0:	01862703          	lw	a4,24(a2)
   12cf4:	00e7c663          	blt	a5,a4,12d00 <__sfputc_r+0x20>
   12cf8:	ff658793          	addi	a5,a1,-10
   12cfc:	00079663          	bnez	a5,12d08 <__sfputc_r+0x28>
   12d00:	00000317          	auipc	t1,0x0
   12d04:	a0030067          	jr	-1536(t1) # 12700 <__swbuf_r>
   12d08:	00062783          	lw	a5,0(a2)
   12d0c:	00058513          	mv	a0,a1
   12d10:	00178713          	addi	a4,a5,1
   12d14:	00e62023          	sw	a4,0(a2)
   12d18:	00b78023          	sb	a1,0(a5)
   12d1c:	00008067          	ret

00012d20 <__sfputs_r>:
   12d20:	fe010113          	addi	sp,sp,-32
   12d24:	00812c23          	sw	s0,24(sp)
   12d28:	00912a23          	sw	s1,20(sp)
   12d2c:	01212823          	sw	s2,16(sp)
   12d30:	01312623          	sw	s3,12(sp)
   12d34:	01412423          	sw	s4,8(sp)
   12d38:	00112e23          	sw	ra,28(sp)
   12d3c:	00050993          	mv	s3,a0
   12d40:	00058a13          	mv	s4,a1
   12d44:	00060413          	mv	s0,a2
   12d48:	00d604b3          	add	s1,a2,a3
   12d4c:	fff00913          	li	s2,-1
   12d50:	00941663          	bne	s0,s1,12d5c <__sfputs_r+0x3c>
   12d54:	00000513          	li	a0,0
   12d58:	0200006f          	j	12d78 <__sfputs_r+0x58>
   12d5c:	00044583          	lbu	a1,0(s0)
   12d60:	000a0613          	mv	a2,s4
   12d64:	00098513          	mv	a0,s3
   12d68:	00000097          	auipc	ra,0x0
   12d6c:	f78080e7          	jalr	-136(ra) # 12ce0 <__sfputc_r>
   12d70:	00140413          	addi	s0,s0,1
   12d74:	fd251ee3          	bne	a0,s2,12d50 <__sfputs_r+0x30>
   12d78:	01c12083          	lw	ra,28(sp)
   12d7c:	01812403          	lw	s0,24(sp)
   12d80:	01412483          	lw	s1,20(sp)
   12d84:	01012903          	lw	s2,16(sp)
   12d88:	00c12983          	lw	s3,12(sp)
   12d8c:	00812a03          	lw	s4,8(sp)
   12d90:	02010113          	addi	sp,sp,32
   12d94:	00008067          	ret

00012d98 <_vfiprintf_r>:
   12d98:	f5010113          	addi	sp,sp,-176
   12d9c:	0a812423          	sw	s0,168(sp)
   12da0:	0a912223          	sw	s1,164(sp)
   12da4:	09312e23          	sw	s3,156(sp)
   12da8:	09412c23          	sw	s4,152(sp)
   12dac:	0a112623          	sw	ra,172(sp)
   12db0:	0b212023          	sw	s2,160(sp)
   12db4:	09512a23          	sw	s5,148(sp)
   12db8:	09612823          	sw	s6,144(sp)
   12dbc:	09712623          	sw	s7,140(sp)
   12dc0:	09812423          	sw	s8,136(sp)
   12dc4:	09912223          	sw	s9,132(sp)
   12dc8:	00050993          	mv	s3,a0
   12dcc:	00058493          	mv	s1,a1
   12dd0:	00060413          	mv	s0,a2
   12dd4:	00068a13          	mv	s4,a3
   12dd8:	00050a63          	beqz	a0,12dec <_vfiprintf_r+0x54>
   12ddc:	02052783          	lw	a5,32(a0)
   12de0:	00079663          	bnez	a5,12dec <_vfiprintf_r+0x54>
   12de4:	00001097          	auipc	ra,0x1
   12de8:	d94080e7          	jalr	-620(ra) # 13b78 <__sinit>
   12dec:	0644a783          	lw	a5,100(s1)
   12df0:	0017f793          	andi	a5,a5,1
   12df4:	00079e63          	bnez	a5,12e10 <_vfiprintf_r+0x78>
   12df8:	00c4d783          	lhu	a5,12(s1)
   12dfc:	2007f793          	andi	a5,a5,512
   12e00:	00079863          	bnez	a5,12e10 <_vfiprintf_r+0x78>
   12e04:	0584a503          	lw	a0,88(s1)
   12e08:	00000097          	auipc	ra,0x0
   12e0c:	b30080e7          	jalr	-1232(ra) # 12938 <__retarget_lock_acquire_recursive>
   12e10:	00c4d783          	lhu	a5,12(s1)
   12e14:	0087f793          	andi	a5,a5,8
   12e18:	00078663          	beqz	a5,12e24 <_vfiprintf_r+0x8c>
   12e1c:	0104a783          	lw	a5,16(s1)
   12e20:	06079c63          	bnez	a5,12e98 <_vfiprintf_r+0x100>
   12e24:	00048593          	mv	a1,s1
   12e28:	00098513          	mv	a0,s3
   12e2c:	00000097          	auipc	ra,0x0
   12e30:	9e0080e7          	jalr	-1568(ra) # 1280c <__swsetup_r>
   12e34:	06050263          	beqz	a0,12e98 <_vfiprintf_r+0x100>
   12e38:	0644a783          	lw	a5,100(s1)
   12e3c:	0017f793          	andi	a5,a5,1
   12e40:	02078e63          	beqz	a5,12e7c <_vfiprintf_r+0xe4>
   12e44:	fff00513          	li	a0,-1
   12e48:	0ac12083          	lw	ra,172(sp)
   12e4c:	0a812403          	lw	s0,168(sp)
   12e50:	0a412483          	lw	s1,164(sp)
   12e54:	0a012903          	lw	s2,160(sp)
   12e58:	09c12983          	lw	s3,156(sp)
   12e5c:	09812a03          	lw	s4,152(sp)
   12e60:	09412a83          	lw	s5,148(sp)
   12e64:	09012b03          	lw	s6,144(sp)
   12e68:	08c12b83          	lw	s7,140(sp)
   12e6c:	08812c03          	lw	s8,136(sp)
   12e70:	08412c83          	lw	s9,132(sp)
   12e74:	0b010113          	addi	sp,sp,176
   12e78:	00008067          	ret
   12e7c:	00c4d783          	lhu	a5,12(s1)
   12e80:	2007f793          	andi	a5,a5,512
   12e84:	fc0790e3          	bnez	a5,12e44 <_vfiprintf_r+0xac>
   12e88:	0584a503          	lw	a0,88(s1)
   12e8c:	00000097          	auipc	ra,0x0
   12e90:	ab0080e7          	jalr	-1360(ra) # 1293c <__retarget_lock_release_recursive>
   12e94:	fb1ff06f          	j	12e44 <_vfiprintf_r+0xac>
   12e98:	02000793          	li	a5,32
   12e9c:	02f10ca3          	sb	a5,57(sp)
   12ea0:	03000793          	li	a5,48
   12ea4:	01412e23          	sw	s4,28(sp)
   12ea8:	02012a23          	sw	zero,52(sp)
   12eac:	02f10d23          	sb	a5,58(sp)
   12eb0:	fff00a13          	li	s4,-1
   12eb4:	0000db17          	auipc	s6,0xd
   12eb8:	6d4b0b13          	addi	s6,s6,1748 # 20588 <_impure_ptr+0x520>
   12ebc:	00100b93          	li	s7,1
   12ec0:	00a00a93          	li	s5,10
   12ec4:	00040c13          	mv	s8,s0
   12ec8:	000c4783          	lbu	a5,0(s8)
   12ecc:	00f03cb3          	snez	s9,a5
   12ed0:	fdb78793          	addi	a5,a5,-37
   12ed4:	00f037b3          	snez	a5,a5
   12ed8:	00fcfcb3          	and	s9,s9,a5
   12edc:	0c0c9863          	bnez	s9,12fac <_vfiprintf_r+0x214>
   12ee0:	408c06b3          	sub	a3,s8,s0
   12ee4:	028c0863          	beq	s8,s0,12f14 <_vfiprintf_r+0x17c>
   12ee8:	00040613          	mv	a2,s0
   12eec:	00048593          	mv	a1,s1
   12ef0:	00098513          	mv	a0,s3
   12ef4:	00d12623          	sw	a3,12(sp)
   12ef8:	00000097          	auipc	ra,0x0
   12efc:	e28080e7          	jalr	-472(ra) # 12d20 <__sfputs_r>
   12f00:	25450863          	beq	a0,s4,13150 <_vfiprintf_r+0x3b8>
   12f04:	03412783          	lw	a5,52(sp)
   12f08:	00c12683          	lw	a3,12(sp)
   12f0c:	00d787b3          	add	a5,a5,a3
   12f10:	02f12a23          	sw	a5,52(sp)
   12f14:	000c4783          	lbu	a5,0(s8)
   12f18:	22078c63          	beqz	a5,13150 <_vfiprintf_r+0x3b8>
   12f1c:	001c0413          	addi	s0,s8,1
   12f20:	02012023          	sw	zero,32(sp)
   12f24:	02012623          	sw	zero,44(sp)
   12f28:	03412223          	sw	s4,36(sp)
   12f2c:	02012423          	sw	zero,40(sp)
   12f30:	060101a3          	sb	zero,99(sp)
   12f34:	06012c23          	sw	zero,120(sp)
   12f38:	00044583          	lbu	a1,0(s0)
   12f3c:	00500613          	li	a2,5
   12f40:	0000d517          	auipc	a0,0xd
   12f44:	64850513          	addi	a0,a0,1608 # 20588 <_impure_ptr+0x520>
   12f48:	00001097          	auipc	ra,0x1
   12f4c:	0c8080e7          	jalr	200(ra) # 14010 <memchr>
   12f50:	02012783          	lw	a5,32(sp)
   12f54:	00140693          	addi	a3,s0,1
   12f58:	04051e63          	bnez	a0,12fb4 <_vfiprintf_r+0x21c>
   12f5c:	0107f713          	andi	a4,a5,16
   12f60:	00070663          	beqz	a4,12f6c <_vfiprintf_r+0x1d4>
   12f64:	02000713          	li	a4,32
   12f68:	06e101a3          	sb	a4,99(sp)
   12f6c:	0087f713          	andi	a4,a5,8
   12f70:	00070663          	beqz	a4,12f7c <_vfiprintf_r+0x1e4>
   12f74:	02b00713          	li	a4,43
   12f78:	06e101a3          	sb	a4,99(sp)
   12f7c:	00044603          	lbu	a2,0(s0)
   12f80:	02a00713          	li	a4,42
   12f84:	04e60463          	beq	a2,a4,12fcc <_vfiprintf_r+0x234>
   12f88:	02c12783          	lw	a5,44(sp)
   12f8c:	00000693          	li	a3,0
   12f90:	00900613          	li	a2,9
   12f94:	00044703          	lbu	a4,0(s0)
   12f98:	fd070713          	addi	a4,a4,-48
   12f9c:	08e67e63          	bgeu	a2,a4,13038 <_vfiprintf_r+0x2a0>
   12fa0:	04068463          	beqz	a3,12fe8 <_vfiprintf_r+0x250>
   12fa4:	02f12623          	sw	a5,44(sp)
   12fa8:	0400006f          	j	12fe8 <_vfiprintf_r+0x250>
   12fac:	001c0c13          	addi	s8,s8,1
   12fb0:	f19ff06f          	j	12ec8 <_vfiprintf_r+0x130>
   12fb4:	41650533          	sub	a0,a0,s6
   12fb8:	00ab9533          	sll	a0,s7,a0
   12fbc:	00f56533          	or	a0,a0,a5
   12fc0:	02a12023          	sw	a0,32(sp)
   12fc4:	00068413          	mv	s0,a3
   12fc8:	f71ff06f          	j	12f38 <_vfiprintf_r+0x1a0>
   12fcc:	01c12703          	lw	a4,28(sp)
   12fd0:	00470613          	addi	a2,a4,4
   12fd4:	00072703          	lw	a4,0(a4)
   12fd8:	00c12e23          	sw	a2,28(sp)
   12fdc:	04074463          	bltz	a4,13024 <_vfiprintf_r+0x28c>
   12fe0:	02e12623          	sw	a4,44(sp)
   12fe4:	00068413          	mv	s0,a3
   12fe8:	00044703          	lbu	a4,0(s0)
   12fec:	02e00793          	li	a5,46
   12ff0:	06f71e63          	bne	a4,a5,1306c <_vfiprintf_r+0x2d4>
   12ff4:	00144703          	lbu	a4,1(s0)
   12ff8:	02a00793          	li	a5,42
   12ffc:	04f71863          	bne	a4,a5,1304c <_vfiprintf_r+0x2b4>
   13000:	01c12783          	lw	a5,28(sp)
   13004:	00240413          	addi	s0,s0,2
   13008:	00478713          	addi	a4,a5,4
   1300c:	0007a783          	lw	a5,0(a5)
   13010:	00e12e23          	sw	a4,28(sp)
   13014:	0007d463          	bgez	a5,1301c <_vfiprintf_r+0x284>
   13018:	fff00793          	li	a5,-1
   1301c:	02f12223          	sw	a5,36(sp)
   13020:	04c0006f          	j	1306c <_vfiprintf_r+0x2d4>
   13024:	40e00733          	neg	a4,a4
   13028:	0027e793          	ori	a5,a5,2
   1302c:	02e12623          	sw	a4,44(sp)
   13030:	02f12023          	sw	a5,32(sp)
   13034:	fb1ff06f          	j	12fe4 <_vfiprintf_r+0x24c>
   13038:	035787b3          	mul	a5,a5,s5
   1303c:	00140413          	addi	s0,s0,1
   13040:	00100693          	li	a3,1
   13044:	00e787b3          	add	a5,a5,a4
   13048:	f4dff06f          	j	12f94 <_vfiprintf_r+0x1fc>
   1304c:	00140413          	addi	s0,s0,1
   13050:	02012223          	sw	zero,36(sp)
   13054:	00000793          	li	a5,0
   13058:	00900693          	li	a3,9
   1305c:	00044703          	lbu	a4,0(s0)
   13060:	fd070713          	addi	a4,a4,-48
   13064:	0ae6f063          	bgeu	a3,a4,13104 <_vfiprintf_r+0x36c>
   13068:	fa0c9ae3          	bnez	s9,1301c <_vfiprintf_r+0x284>
   1306c:	00044583          	lbu	a1,0(s0)
   13070:	00300613          	li	a2,3
   13074:	0000d517          	auipc	a0,0xd
   13078:	51c50513          	addi	a0,a0,1308 # 20590 <_impure_ptr+0x528>
   1307c:	00001097          	auipc	ra,0x1
   13080:	f94080e7          	jalr	-108(ra) # 14010 <memchr>
   13084:	02050463          	beqz	a0,130ac <_vfiprintf_r+0x314>
   13088:	0000d797          	auipc	a5,0xd
   1308c:	50878793          	addi	a5,a5,1288 # 20590 <_impure_ptr+0x528>
   13090:	40f50533          	sub	a0,a0,a5
   13094:	02012783          	lw	a5,32(sp)
   13098:	04000713          	li	a4,64
   1309c:	00a71733          	sll	a4,a4,a0
   130a0:	00e7e7b3          	or	a5,a5,a4
   130a4:	00140413          	addi	s0,s0,1
   130a8:	02f12023          	sw	a5,32(sp)
   130ac:	00044583          	lbu	a1,0(s0)
   130b0:	00600613          	li	a2,6
   130b4:	0000d517          	auipc	a0,0xd
   130b8:	4e050513          	addi	a0,a0,1248 # 20594 <_impure_ptr+0x52c>
   130bc:	02b10c23          	sb	a1,56(sp)
   130c0:	00001097          	auipc	ra,0x1
   130c4:	f50080e7          	jalr	-176(ra) # 14010 <memchr>
   130c8:	0c050063          	beqz	a0,13188 <_vfiprintf_r+0x3f0>
   130cc:	fffed797          	auipc	a5,0xfffed
   130d0:	f3478793          	addi	a5,a5,-204 # 0 <__STACK_SIZE-0x1000>
   130d4:	04079a63          	bnez	a5,13128 <_vfiprintf_r+0x390>
   130d8:	02012703          	lw	a4,32(sp)
   130dc:	01c12783          	lw	a5,28(sp)
   130e0:	10077713          	andi	a4,a4,256
   130e4:	02070a63          	beqz	a4,13118 <_vfiprintf_r+0x380>
   130e8:	00478793          	addi	a5,a5,4
   130ec:	00f12e23          	sw	a5,28(sp)
   130f0:	03412783          	lw	a5,52(sp)
   130f4:	00140413          	addi	s0,s0,1
   130f8:	012787b3          	add	a5,a5,s2
   130fc:	02f12a23          	sw	a5,52(sp)
   13100:	dc5ff06f          	j	12ec4 <_vfiprintf_r+0x12c>
   13104:	035787b3          	mul	a5,a5,s5
   13108:	00140413          	addi	s0,s0,1
   1310c:	00100c93          	li	s9,1
   13110:	00e787b3          	add	a5,a5,a4
   13114:	f49ff06f          	j	1305c <_vfiprintf_r+0x2c4>
   13118:	00778793          	addi	a5,a5,7
   1311c:	ff87f793          	andi	a5,a5,-8
   13120:	00878793          	addi	a5,a5,8
   13124:	fc9ff06f          	j	130ec <_vfiprintf_r+0x354>
   13128:	01c10713          	addi	a4,sp,28
   1312c:	00000697          	auipc	a3,0x0
   13130:	bf468693          	addi	a3,a3,-1036 # 12d20 <__sfputs_r>
   13134:	00048613          	mv	a2,s1
   13138:	02010593          	addi	a1,sp,32
   1313c:	00098513          	mv	a0,s3
   13140:	00000097          	auipc	ra,0x0
   13144:	000000e7          	jalr	zero # 0 <__STACK_SIZE-0x1000>
   13148:	00050913          	mv	s2,a0
   1314c:	fb4512e3          	bne	a0,s4,130f0 <_vfiprintf_r+0x358>
   13150:	0644a783          	lw	a5,100(s1)
   13154:	0017f793          	andi	a5,a5,1
   13158:	00079e63          	bnez	a5,13174 <_vfiprintf_r+0x3dc>
   1315c:	00c4d783          	lhu	a5,12(s1)
   13160:	2007f793          	andi	a5,a5,512
   13164:	00079863          	bnez	a5,13174 <_vfiprintf_r+0x3dc>
   13168:	0584a503          	lw	a0,88(s1)
   1316c:	fffff097          	auipc	ra,0xfffff
   13170:	7d0080e7          	jalr	2000(ra) # 1293c <__retarget_lock_release_recursive>
   13174:	00c4d783          	lhu	a5,12(s1)
   13178:	0407f793          	andi	a5,a5,64
   1317c:	cc0794e3          	bnez	a5,12e44 <_vfiprintf_r+0xac>
   13180:	03412503          	lw	a0,52(sp)
   13184:	cc5ff06f          	j	12e48 <_vfiprintf_r+0xb0>
   13188:	01c10713          	addi	a4,sp,28
   1318c:	00000697          	auipc	a3,0x0
   13190:	b9468693          	addi	a3,a3,-1132 # 12d20 <__sfputs_r>
   13194:	00048613          	mv	a2,s1
   13198:	02010593          	addi	a1,sp,32
   1319c:	00098513          	mv	a0,s3
   131a0:	00000097          	auipc	ra,0x0
   131a4:	1c0080e7          	jalr	448(ra) # 13360 <_printf_i>
   131a8:	fa1ff06f          	j	13148 <_vfiprintf_r+0x3b0>

000131ac <_printf_common>:
   131ac:	fd010113          	addi	sp,sp,-48
   131b0:	01312e23          	sw	s3,28(sp)
   131b4:	0105a783          	lw	a5,16(a1)
   131b8:	00070993          	mv	s3,a4
   131bc:	0085a703          	lw	a4,8(a1)
   131c0:	02812423          	sw	s0,40(sp)
   131c4:	03212023          	sw	s2,32(sp)
   131c8:	01612823          	sw	s6,16(sp)
   131cc:	01712623          	sw	s7,12(sp)
   131d0:	02112623          	sw	ra,44(sp)
   131d4:	02912223          	sw	s1,36(sp)
   131d8:	01412c23          	sw	s4,24(sp)
   131dc:	01512a23          	sw	s5,20(sp)
   131e0:	00050b13          	mv	s6,a0
   131e4:	00058413          	mv	s0,a1
   131e8:	00060913          	mv	s2,a2
   131ec:	00068b93          	mv	s7,a3
   131f0:	00e7d463          	bge	a5,a4,131f8 <_printf_common+0x4c>
   131f4:	00070793          	mv	a5,a4
   131f8:	00f92023          	sw	a5,0(s2)
   131fc:	04344703          	lbu	a4,67(s0)
   13200:	00070663          	beqz	a4,1320c <_printf_common+0x60>
   13204:	00178793          	addi	a5,a5,1
   13208:	00f92023          	sw	a5,0(s2)
   1320c:	00042783          	lw	a5,0(s0)
   13210:	0207f793          	andi	a5,a5,32
   13214:	00078863          	beqz	a5,13224 <_printf_common+0x78>
   13218:	00092783          	lw	a5,0(s2)
   1321c:	00278793          	addi	a5,a5,2
   13220:	00f92023          	sw	a5,0(s2)
   13224:	00042483          	lw	s1,0(s0)
   13228:	0064f493          	andi	s1,s1,6
   1322c:	00049e63          	bnez	s1,13248 <_printf_common+0x9c>
   13230:	01940a13          	addi	s4,s0,25
   13234:	fff00a93          	li	s5,-1
   13238:	00c42783          	lw	a5,12(s0)
   1323c:	00092703          	lw	a4,0(s2)
   13240:	40e787b3          	sub	a5,a5,a4
   13244:	08f4c463          	blt	s1,a5,132cc <_printf_common+0x120>
   13248:	00042783          	lw	a5,0(s0)
   1324c:	04344683          	lbu	a3,67(s0)
   13250:	0207f793          	andi	a5,a5,32
   13254:	00d036b3          	snez	a3,a3
   13258:	0c079263          	bnez	a5,1331c <_printf_common+0x170>
   1325c:	04340613          	addi	a2,s0,67
   13260:	000b8593          	mv	a1,s7
   13264:	000b0513          	mv	a0,s6
   13268:	000980e7          	jalr	s3
   1326c:	fff00793          	li	a5,-1
   13270:	06f50a63          	beq	a0,a5,132e4 <_printf_common+0x138>
   13274:	00042783          	lw	a5,0(s0)
   13278:	00400713          	li	a4,4
   1327c:	00000493          	li	s1,0
   13280:	0067f793          	andi	a5,a5,6
   13284:	00e79e63          	bne	a5,a4,132a0 <_printf_common+0xf4>
   13288:	00092783          	lw	a5,0(s2)
   1328c:	00c42483          	lw	s1,12(s0)
   13290:	40f484b3          	sub	s1,s1,a5
   13294:	fff4c793          	not	a5,s1
   13298:	41f7d793          	srai	a5,a5,0x1f
   1329c:	00f4f4b3          	and	s1,s1,a5
   132a0:	00842783          	lw	a5,8(s0)
   132a4:	01042703          	lw	a4,16(s0)
   132a8:	00f75663          	bge	a4,a5,132b4 <_printf_common+0x108>
   132ac:	40e787b3          	sub	a5,a5,a4
   132b0:	00f484b3          	add	s1,s1,a5
   132b4:	00000913          	li	s2,0
   132b8:	01a40413          	addi	s0,s0,26
   132bc:	fff00a13          	li	s4,-1
   132c0:	09249063          	bne	s1,s2,13340 <_printf_common+0x194>
   132c4:	00000513          	li	a0,0
   132c8:	0200006f          	j	132e8 <_printf_common+0x13c>
   132cc:	00100693          	li	a3,1
   132d0:	000a0613          	mv	a2,s4
   132d4:	000b8593          	mv	a1,s7
   132d8:	000b0513          	mv	a0,s6
   132dc:	000980e7          	jalr	s3
   132e0:	03551a63          	bne	a0,s5,13314 <_printf_common+0x168>
   132e4:	fff00513          	li	a0,-1
   132e8:	02c12083          	lw	ra,44(sp)
   132ec:	02812403          	lw	s0,40(sp)
   132f0:	02412483          	lw	s1,36(sp)
   132f4:	02012903          	lw	s2,32(sp)
   132f8:	01c12983          	lw	s3,28(sp)
   132fc:	01812a03          	lw	s4,24(sp)
   13300:	01412a83          	lw	s5,20(sp)
   13304:	01012b03          	lw	s6,16(sp)
   13308:	00c12b83          	lw	s7,12(sp)
   1330c:	03010113          	addi	sp,sp,48
   13310:	00008067          	ret
   13314:	00148493          	addi	s1,s1,1
   13318:	f21ff06f          	j	13238 <_printf_common+0x8c>
   1331c:	00d40733          	add	a4,s0,a3
   13320:	03000613          	li	a2,48
   13324:	04c701a3          	sb	a2,67(a4)
   13328:	04544703          	lbu	a4,69(s0)
   1332c:	00168793          	addi	a5,a3,1
   13330:	00f407b3          	add	a5,s0,a5
   13334:	00268693          	addi	a3,a3,2
   13338:	04e781a3          	sb	a4,67(a5)
   1333c:	f21ff06f          	j	1325c <_printf_common+0xb0>
   13340:	00100693          	li	a3,1
   13344:	00040613          	mv	a2,s0
   13348:	000b8593          	mv	a1,s7
   1334c:	000b0513          	mv	a0,s6
   13350:	000980e7          	jalr	s3
   13354:	f94508e3          	beq	a0,s4,132e4 <_printf_common+0x138>
   13358:	00190913          	addi	s2,s2,1
   1335c:	f65ff06f          	j	132c0 <_printf_common+0x114>

00013360 <_printf_i>:
   13360:	fc010113          	addi	sp,sp,-64
   13364:	02812c23          	sw	s0,56(sp)
   13368:	02912a23          	sw	s1,52(sp)
   1336c:	03412423          	sw	s4,40(sp)
   13370:	03512223          	sw	s5,36(sp)
   13374:	02112e23          	sw	ra,60(sp)
   13378:	03212823          	sw	s2,48(sp)
   1337c:	03312623          	sw	s3,44(sp)
   13380:	0185c783          	lbu	a5,24(a1)
   13384:	00068493          	mv	s1,a3
   13388:	07800693          	li	a3,120
   1338c:	00050a13          	mv	s4,a0
   13390:	00058413          	mv	s0,a1
   13394:	00060a93          	mv	s5,a2
   13398:	02f6e263          	bltu	a3,a5,133bc <_printf_i+0x5c>
   1339c:	06200693          	li	a3,98
   133a0:	04358613          	addi	a2,a1,67
   133a4:	02f6e063          	bltu	a3,a5,133c4 <_printf_i+0x64>
   133a8:	28078863          	beqz	a5,13638 <_printf_i+0x2d8>
   133ac:	05800593          	li	a1,88
   133b0:	0000d697          	auipc	a3,0xd
   133b4:	1ec68693          	addi	a3,a3,492 # 2059c <_impure_ptr+0x534>
   133b8:	1cb78c63          	beq	a5,a1,13590 <_printf_i+0x230>
   133bc:	04240913          	addi	s2,s0,66
   133c0:	0440006f          	j	13404 <_printf_i+0xa4>
   133c4:	f9d78693          	addi	a3,a5,-99
   133c8:	0ff6f693          	zext.b	a3,a3
   133cc:	01500593          	li	a1,21
   133d0:	fed5e6e3          	bltu	a1,a3,133bc <_printf_i+0x5c>
   133d4:	0000d597          	auipc	a1,0xd
   133d8:	28c58593          	addi	a1,a1,652 # 20660 <intpat+0x28>
   133dc:	00269693          	slli	a3,a3,0x2
   133e0:	00b686b3          	add	a3,a3,a1
   133e4:	0006a683          	lw	a3,0(a3)
   133e8:	00b686b3          	add	a3,a3,a1
   133ec:	00068067          	jr	a3
   133f0:	00072783          	lw	a5,0(a4)
   133f4:	04240913          	addi	s2,s0,66
   133f8:	00478693          	addi	a3,a5,4
   133fc:	0007a783          	lw	a5,0(a5)
   13400:	00d72023          	sw	a3,0(a4)
   13404:	04f40123          	sb	a5,66(s0)
   13408:	00100793          	li	a5,1
   1340c:	26c0006f          	j	13678 <_printf_i+0x318>
   13410:	00042783          	lw	a5,0(s0)
   13414:	00072503          	lw	a0,0(a4)
   13418:	0807f693          	andi	a3,a5,128
   1341c:	00450593          	addi	a1,a0,4
   13420:	02068663          	beqz	a3,1344c <_printf_i+0xec>
   13424:	00052783          	lw	a5,0(a0)
   13428:	00b72023          	sw	a1,0(a4)
   1342c:	0007d863          	bgez	a5,1343c <_printf_i+0xdc>
   13430:	02d00713          	li	a4,45
   13434:	40f007b3          	neg	a5,a5
   13438:	04e401a3          	sb	a4,67(s0)
   1343c:	0000d697          	auipc	a3,0xd
   13440:	16068693          	addi	a3,a3,352 # 2059c <_impure_ptr+0x534>
   13444:	00a00713          	li	a4,10
   13448:	0680006f          	j	134b0 <_printf_i+0x150>
   1344c:	0407f693          	andi	a3,a5,64
   13450:	00052783          	lw	a5,0(a0)
   13454:	00b72023          	sw	a1,0(a4)
   13458:	fc068ae3          	beqz	a3,1342c <_printf_i+0xcc>
   1345c:	01079793          	slli	a5,a5,0x10
   13460:	4107d793          	srai	a5,a5,0x10
   13464:	fc9ff06f          	j	1342c <_printf_i+0xcc>
   13468:	00042583          	lw	a1,0(s0)
   1346c:	00072683          	lw	a3,0(a4)
   13470:	0805f513          	andi	a0,a1,128
   13474:	0006a783          	lw	a5,0(a3)
   13478:	00468693          	addi	a3,a3,4
   1347c:	00051a63          	bnez	a0,13490 <_printf_i+0x130>
   13480:	0405f593          	andi	a1,a1,64
   13484:	00058663          	beqz	a1,13490 <_printf_i+0x130>
   13488:	01079793          	slli	a5,a5,0x10
   1348c:	0107d793          	srli	a5,a5,0x10
   13490:	00d72023          	sw	a3,0(a4)
   13494:	01844683          	lbu	a3,24(s0)
   13498:	06f00713          	li	a4,111
   1349c:	14e69863          	bne	a3,a4,135ec <_printf_i+0x28c>
   134a0:	0000d697          	auipc	a3,0xd
   134a4:	0fc68693          	addi	a3,a3,252 # 2059c <_impure_ptr+0x534>
   134a8:	00800713          	li	a4,8
   134ac:	040401a3          	sb	zero,67(s0)
   134b0:	00442583          	lw	a1,4(s0)
   134b4:	00b42423          	sw	a1,8(s0)
   134b8:	0005ce63          	bltz	a1,134d4 <_printf_i+0x174>
   134bc:	00042503          	lw	a0,0(s0)
   134c0:	00b7e5b3          	or	a1,a5,a1
   134c4:	00060913          	mv	s2,a2
   134c8:	ffb57513          	andi	a0,a0,-5
   134cc:	00a42023          	sw	a0,0(s0)
   134d0:	02058463          	beqz	a1,134f8 <_printf_i+0x198>
   134d4:	00060913          	mv	s2,a2
   134d8:	02e7f5b3          	remu	a1,a5,a4
   134dc:	fff90913          	addi	s2,s2,-1
   134e0:	00b685b3          	add	a1,a3,a1
   134e4:	0005c583          	lbu	a1,0(a1)
   134e8:	00b90023          	sb	a1,0(s2)
   134ec:	00078593          	mv	a1,a5
   134f0:	02e7d7b3          	divu	a5,a5,a4
   134f4:	fee5f2e3          	bgeu	a1,a4,134d8 <_printf_i+0x178>
   134f8:	00800793          	li	a5,8
   134fc:	02f71463          	bne	a4,a5,13524 <_printf_i+0x1c4>
   13500:	00042783          	lw	a5,0(s0)
   13504:	0017f793          	andi	a5,a5,1
   13508:	00078e63          	beqz	a5,13524 <_printf_i+0x1c4>
   1350c:	00442703          	lw	a4,4(s0)
   13510:	01042783          	lw	a5,16(s0)
   13514:	00e7c863          	blt	a5,a4,13524 <_printf_i+0x1c4>
   13518:	03000793          	li	a5,48
   1351c:	fef90fa3          	sb	a5,-1(s2)
   13520:	fff90913          	addi	s2,s2,-1
   13524:	41260633          	sub	a2,a2,s2
   13528:	00c42823          	sw	a2,16(s0)
   1352c:	00048713          	mv	a4,s1
   13530:	000a8693          	mv	a3,s5
   13534:	01c10613          	addi	a2,sp,28
   13538:	00040593          	mv	a1,s0
   1353c:	000a0513          	mv	a0,s4
   13540:	00000097          	auipc	ra,0x0
   13544:	c6c080e7          	jalr	-916(ra) # 131ac <_printf_common>
   13548:	fff00993          	li	s3,-1
   1354c:	13351c63          	bne	a0,s3,13684 <_printf_i+0x324>
   13550:	fff00513          	li	a0,-1
   13554:	03c12083          	lw	ra,60(sp)
   13558:	03812403          	lw	s0,56(sp)
   1355c:	03412483          	lw	s1,52(sp)
   13560:	03012903          	lw	s2,48(sp)
   13564:	02c12983          	lw	s3,44(sp)
   13568:	02812a03          	lw	s4,40(sp)
   1356c:	02412a83          	lw	s5,36(sp)
   13570:	04010113          	addi	sp,sp,64
   13574:	00008067          	ret
   13578:	00042783          	lw	a5,0(s0)
   1357c:	0207e793          	ori	a5,a5,32
   13580:	00f42023          	sw	a5,0(s0)
   13584:	07800793          	li	a5,120
   13588:	0000d697          	auipc	a3,0xd
   1358c:	02868693          	addi	a3,a3,40 # 205b0 <_impure_ptr+0x548>
   13590:	04f402a3          	sb	a5,69(s0)
   13594:	00042583          	lw	a1,0(s0)
   13598:	00072503          	lw	a0,0(a4)
   1359c:	0805f813          	andi	a6,a1,128
   135a0:	00052783          	lw	a5,0(a0)
   135a4:	00450513          	addi	a0,a0,4
   135a8:	00081a63          	bnez	a6,135bc <_printf_i+0x25c>
   135ac:	0405f813          	andi	a6,a1,64
   135b0:	00080663          	beqz	a6,135bc <_printf_i+0x25c>
   135b4:	01079793          	slli	a5,a5,0x10
   135b8:	0107d793          	srli	a5,a5,0x10
   135bc:	00a72023          	sw	a0,0(a4)
   135c0:	0015f713          	andi	a4,a1,1
   135c4:	00070663          	beqz	a4,135d0 <_printf_i+0x270>
   135c8:	0205e593          	ori	a1,a1,32
   135cc:	00b42023          	sw	a1,0(s0)
   135d0:	00078663          	beqz	a5,135dc <_printf_i+0x27c>
   135d4:	01000713          	li	a4,16
   135d8:	ed5ff06f          	j	134ac <_printf_i+0x14c>
   135dc:	00042703          	lw	a4,0(s0)
   135e0:	fdf77713          	andi	a4,a4,-33
   135e4:	00e42023          	sw	a4,0(s0)
   135e8:	fedff06f          	j	135d4 <_printf_i+0x274>
   135ec:	0000d697          	auipc	a3,0xd
   135f0:	fb068693          	addi	a3,a3,-80 # 2059c <_impure_ptr+0x534>
   135f4:	00a00713          	li	a4,10
   135f8:	eb5ff06f          	j	134ac <_printf_i+0x14c>
   135fc:	00042683          	lw	a3,0(s0)
   13600:	00072783          	lw	a5,0(a4)
   13604:	01442583          	lw	a1,20(s0)
   13608:	0806f813          	andi	a6,a3,128
   1360c:	00478513          	addi	a0,a5,4
   13610:	00080a63          	beqz	a6,13624 <_printf_i+0x2c4>
   13614:	00a72023          	sw	a0,0(a4)
   13618:	0007a783          	lw	a5,0(a5)
   1361c:	00b7a023          	sw	a1,0(a5)
   13620:	0180006f          	j	13638 <_printf_i+0x2d8>
   13624:	00a72023          	sw	a0,0(a4)
   13628:	0406f693          	andi	a3,a3,64
   1362c:	0007a783          	lw	a5,0(a5)
   13630:	fe0686e3          	beqz	a3,1361c <_printf_i+0x2bc>
   13634:	00b79023          	sh	a1,0(a5)
   13638:	00042823          	sw	zero,16(s0)
   1363c:	00060913          	mv	s2,a2
   13640:	eedff06f          	j	1352c <_printf_i+0x1cc>
   13644:	00072783          	lw	a5,0(a4)
   13648:	00442603          	lw	a2,4(s0)
   1364c:	00000593          	li	a1,0
   13650:	00478693          	addi	a3,a5,4
   13654:	00d72023          	sw	a3,0(a4)
   13658:	0007a903          	lw	s2,0(a5)
   1365c:	00090513          	mv	a0,s2
   13660:	00001097          	auipc	ra,0x1
   13664:	9b0080e7          	jalr	-1616(ra) # 14010 <memchr>
   13668:	00050663          	beqz	a0,13674 <_printf_i+0x314>
   1366c:	41250533          	sub	a0,a0,s2
   13670:	00a42223          	sw	a0,4(s0)
   13674:	00442783          	lw	a5,4(s0)
   13678:	00f42823          	sw	a5,16(s0)
   1367c:	040401a3          	sb	zero,67(s0)
   13680:	eadff06f          	j	1352c <_printf_i+0x1cc>
   13684:	01042683          	lw	a3,16(s0)
   13688:	00090613          	mv	a2,s2
   1368c:	000a8593          	mv	a1,s5
   13690:	000a0513          	mv	a0,s4
   13694:	000480e7          	jalr	s1
   13698:	eb350ce3          	beq	a0,s3,13550 <_printf_i+0x1f0>
   1369c:	00042783          	lw	a5,0(s0)
   136a0:	0027f793          	andi	a5,a5,2
   136a4:	04079663          	bnez	a5,136f0 <_printf_i+0x390>
   136a8:	01c12783          	lw	a5,28(sp)
   136ac:	00c42503          	lw	a0,12(s0)
   136b0:	eaf552e3          	bge	a0,a5,13554 <_printf_i+0x1f4>
   136b4:	00078513          	mv	a0,a5
   136b8:	e9dff06f          	j	13554 <_printf_i+0x1f4>
   136bc:	00100693          	li	a3,1
   136c0:	000a8593          	mv	a1,s5
   136c4:	000a0513          	mv	a0,s4
   136c8:	00c12623          	sw	a2,12(sp)
   136cc:	000480e7          	jalr	s1
   136d0:	e93500e3          	beq	a0,s3,13550 <_printf_i+0x1f0>
   136d4:	00c12603          	lw	a2,12(sp)
   136d8:	00190913          	addi	s2,s2,1
   136dc:	00c42783          	lw	a5,12(s0)
   136e0:	01c12703          	lw	a4,28(sp)
   136e4:	40e787b3          	sub	a5,a5,a4
   136e8:	fcf94ae3          	blt	s2,a5,136bc <_printf_i+0x35c>
   136ec:	fbdff06f          	j	136a8 <_printf_i+0x348>
   136f0:	00000913          	li	s2,0
   136f4:	01940613          	addi	a2,s0,25
   136f8:	fe5ff06f          	j	136dc <_printf_i+0x37c>

000136fc <__sflush_r>:
   136fc:	00c59783          	lh	a5,12(a1)
   13700:	fe010113          	addi	sp,sp,-32
   13704:	00812c23          	sw	s0,24(sp)
   13708:	00912a23          	sw	s1,20(sp)
   1370c:	00112e23          	sw	ra,28(sp)
   13710:	01212823          	sw	s2,16(sp)
   13714:	0087f713          	andi	a4,a5,8
   13718:	00050493          	mv	s1,a0
   1371c:	00058413          	mv	s0,a1
   13720:	12071463          	bnez	a4,13848 <__sflush_r+0x14c>
   13724:	0045a703          	lw	a4,4(a1)
   13728:	00e04663          	bgtz	a4,13734 <__sflush_r+0x38>
   1372c:	0405a703          	lw	a4,64(a1)
   13730:	10e05863          	blez	a4,13840 <__sflush_r+0x144>
   13734:	02c42703          	lw	a4,44(s0)
   13738:	10070463          	beqz	a4,13840 <__sflush_r+0x144>
   1373c:	0004a903          	lw	s2,0(s1)
   13740:	01379693          	slli	a3,a5,0x13
   13744:	0004a023          	sw	zero,0(s1)
   13748:	0a06de63          	bgez	a3,13804 <__sflush_r+0x108>
   1374c:	05442603          	lw	a2,84(s0)
   13750:	00c45783          	lhu	a5,12(s0)
   13754:	0047f793          	andi	a5,a5,4
   13758:	00078e63          	beqz	a5,13774 <__sflush_r+0x78>
   1375c:	00442783          	lw	a5,4(s0)
   13760:	40f60633          	sub	a2,a2,a5
   13764:	03442783          	lw	a5,52(s0)
   13768:	00078663          	beqz	a5,13774 <__sflush_r+0x78>
   1376c:	04042783          	lw	a5,64(s0)
   13770:	40f60633          	sub	a2,a2,a5
   13774:	02c42783          	lw	a5,44(s0)
   13778:	02042583          	lw	a1,32(s0)
   1377c:	00000693          	li	a3,0
   13780:	00048513          	mv	a0,s1
   13784:	000780e7          	jalr	a5
   13788:	fff00713          	li	a4,-1
   1378c:	00c41783          	lh	a5,12(s0)
   13790:	02e51263          	bne	a0,a4,137b4 <__sflush_r+0xb8>
   13794:	0004a683          	lw	a3,0(s1)
   13798:	01d00713          	li	a4,29
   1379c:	0ed76e63          	bltu	a4,a3,13898 <__sflush_r+0x19c>
   137a0:	20400737          	lui	a4,0x20400
   137a4:	00170713          	addi	a4,a4,1 # 20400001 <__stack_top__+0x203d0001>
   137a8:	00d75733          	srl	a4,a4,a3
   137ac:	00177713          	andi	a4,a4,1
   137b0:	0e070463          	beqz	a4,13898 <__sflush_r+0x19c>
   137b4:	01042703          	lw	a4,16(s0)
   137b8:	00042223          	sw	zero,4(s0)
   137bc:	00e42023          	sw	a4,0(s0)
   137c0:	01379713          	slli	a4,a5,0x13
   137c4:	00075c63          	bgez	a4,137dc <__sflush_r+0xe0>
   137c8:	fff00793          	li	a5,-1
   137cc:	00f51663          	bne	a0,a5,137d8 <__sflush_r+0xdc>
   137d0:	0004a783          	lw	a5,0(s1)
   137d4:	00079463          	bnez	a5,137dc <__sflush_r+0xe0>
   137d8:	04a42a23          	sw	a0,84(s0)
   137dc:	03442583          	lw	a1,52(s0)
   137e0:	0124a023          	sw	s2,0(s1)
   137e4:	04058e63          	beqz	a1,13840 <__sflush_r+0x144>
   137e8:	04440793          	addi	a5,s0,68
   137ec:	00f58863          	beq	a1,a5,137fc <__sflush_r+0x100>
   137f0:	00048513          	mv	a0,s1
   137f4:	fffff097          	auipc	ra,0xfffff
   137f8:	14c080e7          	jalr	332(ra) # 12940 <_free_r>
   137fc:	02042a23          	sw	zero,52(s0)
   13800:	0400006f          	j	13840 <__sflush_r+0x144>
   13804:	02042583          	lw	a1,32(s0)
   13808:	00000613          	li	a2,0
   1380c:	00100693          	li	a3,1
   13810:	00048513          	mv	a0,s1
   13814:	000700e7          	jalr	a4
   13818:	fff00793          	li	a5,-1
   1381c:	00050613          	mv	a2,a0
   13820:	f2f518e3          	bne	a0,a5,13750 <__sflush_r+0x54>
   13824:	0004a783          	lw	a5,0(s1)
   13828:	f20784e3          	beqz	a5,13750 <__sflush_r+0x54>
   1382c:	fe378713          	addi	a4,a5,-29
   13830:	00070663          	beqz	a4,1383c <__sflush_r+0x140>
   13834:	fea78793          	addi	a5,a5,-22
   13838:	04079e63          	bnez	a5,13894 <__sflush_r+0x198>
   1383c:	0124a023          	sw	s2,0(s1)
   13840:	00000513          	li	a0,0
   13844:	0600006f          	j	138a4 <__sflush_r+0x1a8>
   13848:	0105a603          	lw	a2,16(a1)
   1384c:	fe060ae3          	beqz	a2,13840 <__sflush_r+0x144>
   13850:	0005a683          	lw	a3,0(a1)
   13854:	0037f793          	andi	a5,a5,3
   13858:	00c5a023          	sw	a2,0(a1)
   1385c:	40c68933          	sub	s2,a3,a2
   13860:	00000713          	li	a4,0
   13864:	00079463          	bnez	a5,1386c <__sflush_r+0x170>
   13868:	0145a703          	lw	a4,20(a1)
   1386c:	00e42423          	sw	a4,8(s0)
   13870:	fd2058e3          	blez	s2,13840 <__sflush_r+0x144>
   13874:	02842783          	lw	a5,40(s0)
   13878:	02042583          	lw	a1,32(s0)
   1387c:	00090693          	mv	a3,s2
   13880:	00048513          	mv	a0,s1
   13884:	00c12623          	sw	a2,12(sp)
   13888:	000780e7          	jalr	a5
   1388c:	00c12603          	lw	a2,12(sp)
   13890:	02a04663          	bgtz	a0,138bc <__sflush_r+0x1c0>
   13894:	00c45783          	lhu	a5,12(s0)
   13898:	0407e793          	ori	a5,a5,64
   1389c:	00f41623          	sh	a5,12(s0)
   138a0:	fff00513          	li	a0,-1
   138a4:	01c12083          	lw	ra,28(sp)
   138a8:	01812403          	lw	s0,24(sp)
   138ac:	01412483          	lw	s1,20(sp)
   138b0:	01012903          	lw	s2,16(sp)
   138b4:	02010113          	addi	sp,sp,32
   138b8:	00008067          	ret
   138bc:	00a60633          	add	a2,a2,a0
   138c0:	40a90933          	sub	s2,s2,a0
   138c4:	fadff06f          	j	13870 <__sflush_r+0x174>

000138c8 <_fflush_r>:
   138c8:	0105a783          	lw	a5,16(a1)
   138cc:	ff010113          	addi	sp,sp,-16
   138d0:	00112623          	sw	ra,12(sp)
   138d4:	00812423          	sw	s0,8(sp)
   138d8:	00912223          	sw	s1,4(sp)
   138dc:	02079063          	bnez	a5,138fc <_fflush_r+0x34>
   138e0:	00000493          	li	s1,0
   138e4:	00c12083          	lw	ra,12(sp)
   138e8:	00812403          	lw	s0,8(sp)
   138ec:	00048513          	mv	a0,s1
   138f0:	00412483          	lw	s1,4(sp)
   138f4:	01010113          	addi	sp,sp,16
   138f8:	00008067          	ret
   138fc:	00050493          	mv	s1,a0
   13900:	00058413          	mv	s0,a1
   13904:	00050a63          	beqz	a0,13918 <_fflush_r+0x50>
   13908:	02052783          	lw	a5,32(a0)
   1390c:	00079663          	bnez	a5,13918 <_fflush_r+0x50>
   13910:	00000097          	auipc	ra,0x0
   13914:	268080e7          	jalr	616(ra) # 13b78 <__sinit>
   13918:	00c41783          	lh	a5,12(s0)
   1391c:	fc0782e3          	beqz	a5,138e0 <_fflush_r+0x18>
   13920:	06442703          	lw	a4,100(s0)
   13924:	00177713          	andi	a4,a4,1
   13928:	00071c63          	bnez	a4,13940 <_fflush_r+0x78>
   1392c:	2007f793          	andi	a5,a5,512
   13930:	00079863          	bnez	a5,13940 <_fflush_r+0x78>
   13934:	05842503          	lw	a0,88(s0)
   13938:	fffff097          	auipc	ra,0xfffff
   1393c:	000080e7          	jalr	ra # 12938 <__retarget_lock_acquire_recursive>
   13940:	00048513          	mv	a0,s1
   13944:	00040593          	mv	a1,s0
   13948:	00000097          	auipc	ra,0x0
   1394c:	db4080e7          	jalr	-588(ra) # 136fc <__sflush_r>
   13950:	06442783          	lw	a5,100(s0)
   13954:	00050493          	mv	s1,a0
   13958:	0017f793          	andi	a5,a5,1
   1395c:	f80794e3          	bnez	a5,138e4 <_fflush_r+0x1c>
   13960:	00c45783          	lhu	a5,12(s0)
   13964:	2007f793          	andi	a5,a5,512
   13968:	f6079ee3          	bnez	a5,138e4 <_fflush_r+0x1c>
   1396c:	05842503          	lw	a0,88(s0)
   13970:	fffff097          	auipc	ra,0xfffff
   13974:	fcc080e7          	jalr	-52(ra) # 1293c <__retarget_lock_release_recursive>
   13978:	f6dff06f          	j	138e4 <_fflush_r+0x1c>

0001397c <std>:
   1397c:	ff010113          	addi	sp,sp,-16
   13980:	00812423          	sw	s0,8(sp)
   13984:	00112623          	sw	ra,12(sp)
   13988:	00050413          	mv	s0,a0
   1398c:	00b51623          	sh	a1,12(a0)
   13990:	00c51723          	sh	a2,14(a0)
   13994:	00052023          	sw	zero,0(a0)
   13998:	00052223          	sw	zero,4(a0)
   1399c:	00052423          	sw	zero,8(a0)
   139a0:	06052223          	sw	zero,100(a0)
   139a4:	00052823          	sw	zero,16(a0)
   139a8:	00052a23          	sw	zero,20(a0)
   139ac:	00052c23          	sw	zero,24(a0)
   139b0:	00800613          	li	a2,8
   139b4:	00000593          	li	a1,0
   139b8:	05c50513          	addi	a0,a0,92
   139bc:	ffffd097          	auipc	ra,0xffffd
   139c0:	a08080e7          	jalr	-1528(ra) # 103c4 <memset>
   139c4:	00000797          	auipc	a5,0x0
   139c8:	50478793          	addi	a5,a5,1284 # 13ec8 <__sread>
   139cc:	02f42223          	sw	a5,36(s0)
   139d0:	00000797          	auipc	a5,0x0
   139d4:	54c78793          	addi	a5,a5,1356 # 13f1c <__swrite>
   139d8:	02f42423          	sw	a5,40(s0)
   139dc:	00000797          	auipc	a5,0x0
   139e0:	5cc78793          	addi	a5,a5,1484 # 13fa8 <__sseek>
   139e4:	02f42623          	sw	a5,44(s0)
   139e8:	00000797          	auipc	a5,0x0
   139ec:	61c78793          	addi	a5,a5,1564 # 14004 <__sclose>
   139f0:	02f42823          	sw	a5,48(s0)
   139f4:	0000d717          	auipc	a4,0xd
   139f8:	5d070713          	addi	a4,a4,1488 # 20fc4 <__sf>
   139fc:	0000d797          	auipc	a5,0xd
   13a00:	63078793          	addi	a5,a5,1584 # 2102c <__sf+0x68>
   13a04:	40f407b3          	sub	a5,s0,a5
   13a08:	40e40733          	sub	a4,s0,a4
   13a0c:	0017b793          	seqz	a5,a5
   13a10:	00173713          	seqz	a4,a4
   13a14:	02842023          	sw	s0,32(s0)
   13a18:	00e7e7b3          	or	a5,a5,a4
   13a1c:	00079863          	bnez	a5,13a2c <std+0xb0>
   13a20:	0000d797          	auipc	a5,0xd
   13a24:	67478793          	addi	a5,a5,1652 # 21094 <__sf+0xd0>
   13a28:	00f41e63          	bne	s0,a5,13a44 <std+0xc8>
   13a2c:	05840513          	addi	a0,s0,88
   13a30:	00812403          	lw	s0,8(sp)
   13a34:	00c12083          	lw	ra,12(sp)
   13a38:	01010113          	addi	sp,sp,16
   13a3c:	fffff317          	auipc	t1,0xfffff
   13a40:	ef830067          	jr	-264(t1) # 12934 <__retarget_lock_init_recursive>
   13a44:	00c12083          	lw	ra,12(sp)
   13a48:	00812403          	lw	s0,8(sp)
   13a4c:	01010113          	addi	sp,sp,16
   13a50:	00008067          	ret

00013a54 <stdio_exit_handler>:
   13a54:	0000c617          	auipc	a2,0xc
   13a58:	60460613          	addi	a2,a2,1540 # 20058 <__sglue>
   13a5c:	00000597          	auipc	a1,0x0
   13a60:	e6c58593          	addi	a1,a1,-404 # 138c8 <_fflush_r>
   13a64:	0000c517          	auipc	a0,0xc
   13a68:	5a850513          	addi	a0,a0,1448 # 2000c <_impure_data>
   13a6c:	00000317          	auipc	t1,0x0
   13a70:	16030067          	jr	352(t1) # 13bcc <_fwalk_sglue>

00013a74 <cleanup_stdio>:
   13a74:	00452583          	lw	a1,4(a0)
   13a78:	ff010113          	addi	sp,sp,-16
   13a7c:	00812423          	sw	s0,8(sp)
   13a80:	00112623          	sw	ra,12(sp)
   13a84:	0000d797          	auipc	a5,0xd
   13a88:	54078793          	addi	a5,a5,1344 # 20fc4 <__sf>
   13a8c:	00050413          	mv	s0,a0
   13a90:	00f58663          	beq	a1,a5,13a9c <cleanup_stdio+0x28>
   13a94:	00000097          	auipc	ra,0x0
   13a98:	e34080e7          	jalr	-460(ra) # 138c8 <_fflush_r>
   13a9c:	00842583          	lw	a1,8(s0)
   13aa0:	0000d797          	auipc	a5,0xd
   13aa4:	58c78793          	addi	a5,a5,1420 # 2102c <__sf+0x68>
   13aa8:	00f58863          	beq	a1,a5,13ab8 <cleanup_stdio+0x44>
   13aac:	00040513          	mv	a0,s0
   13ab0:	00000097          	auipc	ra,0x0
   13ab4:	e18080e7          	jalr	-488(ra) # 138c8 <_fflush_r>
   13ab8:	00c42583          	lw	a1,12(s0)
   13abc:	0000d797          	auipc	a5,0xd
   13ac0:	5d878793          	addi	a5,a5,1496 # 21094 <__sf+0xd0>
   13ac4:	00f58e63          	beq	a1,a5,13ae0 <cleanup_stdio+0x6c>
   13ac8:	00040513          	mv	a0,s0
   13acc:	00812403          	lw	s0,8(sp)
   13ad0:	00c12083          	lw	ra,12(sp)
   13ad4:	01010113          	addi	sp,sp,16
   13ad8:	00000317          	auipc	t1,0x0
   13adc:	df030067          	jr	-528(t1) # 138c8 <_fflush_r>
   13ae0:	00c12083          	lw	ra,12(sp)
   13ae4:	00812403          	lw	s0,8(sp)
   13ae8:	01010113          	addi	sp,sp,16
   13aec:	00008067          	ret

00013af0 <global_stdio_init.part.0>:
   13af0:	ff010113          	addi	sp,sp,-16
   13af4:	00000797          	auipc	a5,0x0
   13af8:	f6078793          	addi	a5,a5,-160 # 13a54 <stdio_exit_handler>
   13afc:	00000613          	li	a2,0
   13b00:	00400593          	li	a1,4
   13b04:	0000d517          	auipc	a0,0xd
   13b08:	4c050513          	addi	a0,a0,1216 # 20fc4 <__sf>
   13b0c:	00112623          	sw	ra,12(sp)
   13b10:	0000d717          	auipc	a4,0xd
   13b14:	caf72e23          	sw	a5,-836(a4) # 207cc <__stdio_exit_handler>
   13b18:	00000097          	auipc	ra,0x0
   13b1c:	e64080e7          	jalr	-412(ra) # 1397c <std>
   13b20:	00100613          	li	a2,1
   13b24:	00900593          	li	a1,9
   13b28:	0000d517          	auipc	a0,0xd
   13b2c:	50450513          	addi	a0,a0,1284 # 2102c <__sf+0x68>
   13b30:	00000097          	auipc	ra,0x0
   13b34:	e4c080e7          	jalr	-436(ra) # 1397c <std>
   13b38:	00c12083          	lw	ra,12(sp)
   13b3c:	00200613          	li	a2,2
   13b40:	01200593          	li	a1,18
   13b44:	0000d517          	auipc	a0,0xd
   13b48:	55050513          	addi	a0,a0,1360 # 21094 <__sf+0xd0>
   13b4c:	01010113          	addi	sp,sp,16
   13b50:	00000317          	auipc	t1,0x0
   13b54:	e2c30067          	jr	-468(t1) # 1397c <std>

00013b58 <__sfp_lock_acquire>:
   13b58:	0000d517          	auipc	a0,0xd
   13b5c:	c6850513          	addi	a0,a0,-920 # 207c0 <__lock___sfp_recursive_mutex>
   13b60:	fffff317          	auipc	t1,0xfffff
   13b64:	dd830067          	jr	-552(t1) # 12938 <__retarget_lock_acquire_recursive>

00013b68 <__sfp_lock_release>:
   13b68:	0000d517          	auipc	a0,0xd
   13b6c:	c5850513          	addi	a0,a0,-936 # 207c0 <__lock___sfp_recursive_mutex>
   13b70:	fffff317          	auipc	t1,0xfffff
   13b74:	dcc30067          	jr	-564(t1) # 1293c <__retarget_lock_release_recursive>

00013b78 <__sinit>:
   13b78:	fe010113          	addi	sp,sp,-32
   13b7c:	00a12623          	sw	a0,12(sp)
   13b80:	00112e23          	sw	ra,28(sp)
   13b84:	00000097          	auipc	ra,0x0
   13b88:	fd4080e7          	jalr	-44(ra) # 13b58 <__sfp_lock_acquire>
   13b8c:	00c12503          	lw	a0,12(sp)
   13b90:	02052783          	lw	a5,32(a0)
   13b94:	00078a63          	beqz	a5,13ba8 <__sinit+0x30>
   13b98:	01c12083          	lw	ra,28(sp)
   13b9c:	02010113          	addi	sp,sp,32
   13ba0:	00000317          	auipc	t1,0x0
   13ba4:	fc830067          	jr	-56(t1) # 13b68 <__sfp_lock_release>
   13ba8:	00000797          	auipc	a5,0x0
   13bac:	ecc78793          	addi	a5,a5,-308 # 13a74 <cleanup_stdio>
   13bb0:	02f52023          	sw	a5,32(a0)
   13bb4:	0000d797          	auipc	a5,0xd
   13bb8:	c187a783          	lw	a5,-1000(a5) # 207cc <__stdio_exit_handler>
   13bbc:	fc079ee3          	bnez	a5,13b98 <__sinit+0x20>
   13bc0:	00000097          	auipc	ra,0x0
   13bc4:	f30080e7          	jalr	-208(ra) # 13af0 <global_stdio_init.part.0>
   13bc8:	fd1ff06f          	j	13b98 <__sinit+0x20>

00013bcc <_fwalk_sglue>:
   13bcc:	fd010113          	addi	sp,sp,-48
   13bd0:	02812423          	sw	s0,40(sp)
   13bd4:	03212023          	sw	s2,32(sp)
   13bd8:	01312e23          	sw	s3,28(sp)
   13bdc:	01412c23          	sw	s4,24(sp)
   13be0:	01512a23          	sw	s5,20(sp)
   13be4:	02112623          	sw	ra,44(sp)
   13be8:	02912223          	sw	s1,36(sp)
   13bec:	00050a13          	mv	s4,a0
   13bf0:	00058a93          	mv	s5,a1
   13bf4:	00000413          	li	s0,0
   13bf8:	00100913          	li	s2,1
   13bfc:	fff00993          	li	s3,-1
   13c00:	00862583          	lw	a1,8(a2)
   13c04:	00462483          	lw	s1,4(a2)
   13c08:	fff48493          	addi	s1,s1,-1
   13c0c:	0204da63          	bgez	s1,13c40 <_fwalk_sglue+0x74>
   13c10:	00062603          	lw	a2,0(a2)
   13c14:	fe0616e3          	bnez	a2,13c00 <_fwalk_sglue+0x34>
   13c18:	02c12083          	lw	ra,44(sp)
   13c1c:	00040513          	mv	a0,s0
   13c20:	02812403          	lw	s0,40(sp)
   13c24:	02412483          	lw	s1,36(sp)
   13c28:	02012903          	lw	s2,32(sp)
   13c2c:	01c12983          	lw	s3,28(sp)
   13c30:	01812a03          	lw	s4,24(sp)
   13c34:	01412a83          	lw	s5,20(sp)
   13c38:	03010113          	addi	sp,sp,48
   13c3c:	00008067          	ret
   13c40:	00c5d783          	lhu	a5,12(a1)
   13c44:	02f97463          	bgeu	s2,a5,13c6c <_fwalk_sglue+0xa0>
   13c48:	00e59783          	lh	a5,14(a1)
   13c4c:	03378063          	beq	a5,s3,13c6c <_fwalk_sglue+0xa0>
   13c50:	000a0513          	mv	a0,s4
   13c54:	00c12623          	sw	a2,12(sp)
   13c58:	00b12423          	sw	a1,8(sp)
   13c5c:	000a80e7          	jalr	s5
   13c60:	00c12603          	lw	a2,12(sp)
   13c64:	00812583          	lw	a1,8(sp)
   13c68:	00a46433          	or	s0,s0,a0
   13c6c:	06858593          	addi	a1,a1,104
   13c70:	f99ff06f          	j	13c08 <_fwalk_sglue+0x3c>

00013c74 <__swhatbuf_r>:
   13c74:	f8010113          	addi	sp,sp,-128
   13c78:	06812c23          	sw	s0,120(sp)
   13c7c:	00058413          	mv	s0,a1
   13c80:	00e59583          	lh	a1,14(a1)
   13c84:	06912a23          	sw	s1,116(sp)
   13c88:	06112e23          	sw	ra,124(sp)
   13c8c:	00060493          	mv	s1,a2
   13c90:	0205da63          	bgez	a1,13cc4 <__swhatbuf_r+0x50>
   13c94:	00c45783          	lhu	a5,12(s0)
   13c98:	0807f793          	andi	a5,a5,128
   13c9c:	04079e63          	bnez	a5,13cf8 <__swhatbuf_r+0x84>
   13ca0:	40000713          	li	a4,1024
   13ca4:	07c12083          	lw	ra,124(sp)
   13ca8:	07812403          	lw	s0,120(sp)
   13cac:	00f6a023          	sw	a5,0(a3)
   13cb0:	00e4a023          	sw	a4,0(s1)
   13cb4:	00000513          	li	a0,0
   13cb8:	07412483          	lw	s1,116(sp)
   13cbc:	08010113          	addi	sp,sp,128
   13cc0:	00008067          	ret
   13cc4:	01810613          	addi	a2,sp,24
   13cc8:	00d12623          	sw	a3,12(sp)
   13ccc:	00000097          	auipc	ra,0x0
   13cd0:	3b4080e7          	jalr	948(ra) # 14080 <_fstat_r>
   13cd4:	00c12683          	lw	a3,12(sp)
   13cd8:	fa054ee3          	bltz	a0,13c94 <__swhatbuf_r+0x20>
   13cdc:	01c12783          	lw	a5,28(sp)
   13ce0:	0000f737          	lui	a4,0xf
   13ce4:	00e7f7b3          	and	a5,a5,a4
   13ce8:	ffffe737          	lui	a4,0xffffe
   13cec:	00e787b3          	add	a5,a5,a4
   13cf0:	0017b793          	seqz	a5,a5
   13cf4:	fadff06f          	j	13ca0 <__swhatbuf_r+0x2c>
   13cf8:	00000793          	li	a5,0
   13cfc:	04000713          	li	a4,64
   13d00:	fa5ff06f          	j	13ca4 <__swhatbuf_r+0x30>

00013d04 <__smakebuf_r>:
   13d04:	00c5d703          	lhu	a4,12(a1)
   13d08:	fd010113          	addi	sp,sp,-48
   13d0c:	02812423          	sw	s0,40(sp)
   13d10:	02112623          	sw	ra,44(sp)
   13d14:	02912223          	sw	s1,36(sp)
   13d18:	00277713          	andi	a4,a4,2
   13d1c:	00058413          	mv	s0,a1
   13d20:	02070663          	beqz	a4,13d4c <__smakebuf_r+0x48>
   13d24:	04740793          	addi	a5,s0,71
   13d28:	00f42023          	sw	a5,0(s0)
   13d2c:	00f42823          	sw	a5,16(s0)
   13d30:	00100793          	li	a5,1
   13d34:	00f42a23          	sw	a5,20(s0)
   13d38:	02c12083          	lw	ra,44(sp)
   13d3c:	02812403          	lw	s0,40(sp)
   13d40:	02412483          	lw	s1,36(sp)
   13d44:	03010113          	addi	sp,sp,48
   13d48:	00008067          	ret
   13d4c:	01c10693          	addi	a3,sp,28
   13d50:	01810613          	addi	a2,sp,24
   13d54:	00050493          	mv	s1,a0
   13d58:	00000097          	auipc	ra,0x0
   13d5c:	f1c080e7          	jalr	-228(ra) # 13c74 <__swhatbuf_r>
   13d60:	01812583          	lw	a1,24(sp)
   13d64:	00048513          	mv	a0,s1
   13d68:	00b12623          	sw	a1,12(sp)
   13d6c:	fffff097          	auipc	ra,0xfffff
   13d70:	d74080e7          	jalr	-652(ra) # 12ae0 <_malloc_r>
   13d74:	00c41783          	lh	a5,12(s0)
   13d78:	00c12583          	lw	a1,12(sp)
   13d7c:	00051e63          	bnez	a0,13d98 <__smakebuf_r+0x94>
   13d80:	2007f713          	andi	a4,a5,512
   13d84:	fa071ae3          	bnez	a4,13d38 <__smakebuf_r+0x34>
   13d88:	ffc7f793          	andi	a5,a5,-4
   13d8c:	0027e793          	ori	a5,a5,2
   13d90:	00f41623          	sh	a5,12(s0)
   13d94:	f91ff06f          	j	13d24 <__smakebuf_r+0x20>
   13d98:	0807e793          	ori	a5,a5,128
   13d9c:	00f41623          	sh	a5,12(s0)
   13da0:	01c12783          	lw	a5,28(sp)
   13da4:	00a42023          	sw	a0,0(s0)
   13da8:	00a42823          	sw	a0,16(s0)
   13dac:	00b42a23          	sw	a1,20(s0)
   13db0:	f80784e3          	beqz	a5,13d38 <__smakebuf_r+0x34>
   13db4:	00e41583          	lh	a1,14(s0)
   13db8:	00048513          	mv	a0,s1
   13dbc:	00000097          	auipc	ra,0x0
   13dc0:	314080e7          	jalr	788(ra) # 140d0 <_isatty_r>
   13dc4:	f6050ae3          	beqz	a0,13d38 <__smakebuf_r+0x34>
   13dc8:	00c45783          	lhu	a5,12(s0)
   13dcc:	ffc7f793          	andi	a5,a5,-4
   13dd0:	0017e793          	ori	a5,a5,1
   13dd4:	00f41623          	sh	a5,12(s0)
   13dd8:	f61ff06f          	j	13d38 <__smakebuf_r+0x34>

00013ddc <_putc_r>:
   13ddc:	fe010113          	addi	sp,sp,-32
   13de0:	00812c23          	sw	s0,24(sp)
   13de4:	00912a23          	sw	s1,20(sp)
   13de8:	00112e23          	sw	ra,28(sp)
   13dec:	00050493          	mv	s1,a0
   13df0:	00060413          	mv	s0,a2
   13df4:	00050e63          	beqz	a0,13e10 <_putc_r+0x34>
   13df8:	02052783          	lw	a5,32(a0)
   13dfc:	00079a63          	bnez	a5,13e10 <_putc_r+0x34>
   13e00:	00b12623          	sw	a1,12(sp)
   13e04:	00000097          	auipc	ra,0x0
   13e08:	d74080e7          	jalr	-652(ra) # 13b78 <__sinit>
   13e0c:	00c12583          	lw	a1,12(sp)
   13e10:	06442783          	lw	a5,100(s0)
   13e14:	0017f793          	andi	a5,a5,1
   13e18:	02079263          	bnez	a5,13e3c <_putc_r+0x60>
   13e1c:	00c45783          	lhu	a5,12(s0)
   13e20:	2007f793          	andi	a5,a5,512
   13e24:	00079c63          	bnez	a5,13e3c <_putc_r+0x60>
   13e28:	05842503          	lw	a0,88(s0)
   13e2c:	00b12623          	sw	a1,12(sp)
   13e30:	fffff097          	auipc	ra,0xfffff
   13e34:	b08080e7          	jalr	-1272(ra) # 12938 <__retarget_lock_acquire_recursive>
   13e38:	00c12583          	lw	a1,12(sp)
   13e3c:	00842783          	lw	a5,8(s0)
   13e40:	0ff5f713          	zext.b	a4,a1
   13e44:	fff78793          	addi	a5,a5,-1
   13e48:	00f42423          	sw	a5,8(s0)
   13e4c:	0007da63          	bgez	a5,13e60 <_putc_r+0x84>
   13e50:	01842683          	lw	a3,24(s0)
   13e54:	04d7ce63          	blt	a5,a3,13eb0 <_putc_r+0xd4>
   13e58:	ff670793          	addi	a5,a4,-10 # ffffdff6 <__stack_top__+0xfffcdff6>
   13e5c:	04078a63          	beqz	a5,13eb0 <_putc_r+0xd4>
   13e60:	00042783          	lw	a5,0(s0)
   13e64:	0ff5f493          	zext.b	s1,a1
   13e68:	00178693          	addi	a3,a5,1
   13e6c:	00d42023          	sw	a3,0(s0)
   13e70:	00e78023          	sb	a4,0(a5)
   13e74:	06442783          	lw	a5,100(s0)
   13e78:	0017f793          	andi	a5,a5,1
   13e7c:	00079e63          	bnez	a5,13e98 <_putc_r+0xbc>
   13e80:	00c45783          	lhu	a5,12(s0)
   13e84:	2007f793          	andi	a5,a5,512
   13e88:	00079863          	bnez	a5,13e98 <_putc_r+0xbc>
   13e8c:	05842503          	lw	a0,88(s0)
   13e90:	fffff097          	auipc	ra,0xfffff
   13e94:	aac080e7          	jalr	-1364(ra) # 1293c <__retarget_lock_release_recursive>
   13e98:	01c12083          	lw	ra,28(sp)
   13e9c:	01812403          	lw	s0,24(sp)
   13ea0:	00048513          	mv	a0,s1
   13ea4:	01412483          	lw	s1,20(sp)
   13ea8:	02010113          	addi	sp,sp,32
   13eac:	00008067          	ret
   13eb0:	00048513          	mv	a0,s1
   13eb4:	00040613          	mv	a2,s0
   13eb8:	fffff097          	auipc	ra,0xfffff
   13ebc:	848080e7          	jalr	-1976(ra) # 12700 <__swbuf_r>
   13ec0:	00050493          	mv	s1,a0
   13ec4:	fb1ff06f          	j	13e74 <_putc_r+0x98>

00013ec8 <__sread>:
   13ec8:	ff010113          	addi	sp,sp,-16
   13ecc:	00812423          	sw	s0,8(sp)
   13ed0:	00058413          	mv	s0,a1
   13ed4:	00e59583          	lh	a1,14(a1)
   13ed8:	00112623          	sw	ra,12(sp)
   13edc:	00000097          	auipc	ra,0x0
   13ee0:	294080e7          	jalr	660(ra) # 14170 <_read_r>
   13ee4:	02054063          	bltz	a0,13f04 <__sread+0x3c>
   13ee8:	05442783          	lw	a5,84(s0)
   13eec:	00a787b3          	add	a5,a5,a0
   13ef0:	04f42a23          	sw	a5,84(s0)
   13ef4:	00c12083          	lw	ra,12(sp)
   13ef8:	00812403          	lw	s0,8(sp)
   13efc:	01010113          	addi	sp,sp,16
   13f00:	00008067          	ret
   13f04:	00c45783          	lhu	a5,12(s0)
   13f08:	fffff737          	lui	a4,0xfffff
   13f0c:	fff70713          	addi	a4,a4,-1 # ffffefff <__stack_top__+0xfffcefff>
   13f10:	00e7f7b3          	and	a5,a5,a4
   13f14:	00f41623          	sh	a5,12(s0)
   13f18:	fddff06f          	j	13ef4 <__sread+0x2c>

00013f1c <__swrite>:
   13f1c:	00c5d783          	lhu	a5,12(a1)
   13f20:	fe010113          	addi	sp,sp,-32
   13f24:	00812c23          	sw	s0,24(sp)
   13f28:	00912a23          	sw	s1,20(sp)
   13f2c:	01212823          	sw	s2,16(sp)
   13f30:	01312623          	sw	s3,12(sp)
   13f34:	00112e23          	sw	ra,28(sp)
   13f38:	1007f793          	andi	a5,a5,256
   13f3c:	00050493          	mv	s1,a0
   13f40:	00058413          	mv	s0,a1
   13f44:	00060913          	mv	s2,a2
   13f48:	00068993          	mv	s3,a3
   13f4c:	00078c63          	beqz	a5,13f64 <__swrite+0x48>
   13f50:	00e59583          	lh	a1,14(a1)
   13f54:	00200693          	li	a3,2
   13f58:	00000613          	li	a2,0
   13f5c:	00000097          	auipc	ra,0x0
   13f60:	1c0080e7          	jalr	448(ra) # 1411c <_lseek_r>
   13f64:	00c45783          	lhu	a5,12(s0)
   13f68:	fffff737          	lui	a4,0xfffff
   13f6c:	fff70713          	addi	a4,a4,-1 # ffffefff <__stack_top__+0xfffcefff>
   13f70:	00e7f7b3          	and	a5,a5,a4
   13f74:	00e41583          	lh	a1,14(s0)
   13f78:	00f41623          	sh	a5,12(s0)
   13f7c:	01812403          	lw	s0,24(sp)
   13f80:	01c12083          	lw	ra,28(sp)
   13f84:	00098693          	mv	a3,s3
   13f88:	00090613          	mv	a2,s2
   13f8c:	00c12983          	lw	s3,12(sp)
   13f90:	01012903          	lw	s2,16(sp)
   13f94:	00048513          	mv	a0,s1
   13f98:	01412483          	lw	s1,20(sp)
   13f9c:	02010113          	addi	sp,sp,32
   13fa0:	00000317          	auipc	t1,0x0
   13fa4:	27030067          	jr	624(t1) # 14210 <_write_r>

00013fa8 <__sseek>:
   13fa8:	ff010113          	addi	sp,sp,-16
   13fac:	00812423          	sw	s0,8(sp)
   13fb0:	00058413          	mv	s0,a1
   13fb4:	00e59583          	lh	a1,14(a1)
   13fb8:	00112623          	sw	ra,12(sp)
   13fbc:	00000097          	auipc	ra,0x0
   13fc0:	160080e7          	jalr	352(ra) # 1411c <_lseek_r>
   13fc4:	fff00713          	li	a4,-1
   13fc8:	00c41783          	lh	a5,12(s0)
   13fcc:	02e51263          	bne	a0,a4,13ff0 <__sseek+0x48>
   13fd0:	80050713          	addi	a4,a0,-2048
   13fd4:	80070713          	addi	a4,a4,-2048
   13fd8:	00e7f7b3          	and	a5,a5,a4
   13fdc:	00f41623          	sh	a5,12(s0)
   13fe0:	00c12083          	lw	ra,12(sp)
   13fe4:	00812403          	lw	s0,8(sp)
   13fe8:	01010113          	addi	sp,sp,16
   13fec:	00008067          	ret
   13ff0:	00001737          	lui	a4,0x1
   13ff4:	00e7e7b3          	or	a5,a5,a4
   13ff8:	00f41623          	sh	a5,12(s0)
   13ffc:	04a42a23          	sw	a0,84(s0)
   14000:	fe1ff06f          	j	13fe0 <__sseek+0x38>

00014004 <__sclose>:
   14004:	00e59583          	lh	a1,14(a1)
   14008:	00000317          	auipc	t1,0x0
   1400c:	02c30067          	jr	44(t1) # 14034 <_close_r>

00014010 <memchr>:
   14010:	0ff5f593          	zext.b	a1,a1
   14014:	00c50633          	add	a2,a0,a2
   14018:	00c51663          	bne	a0,a2,14024 <memchr+0x14>
   1401c:	00000513          	li	a0,0
   14020:	00008067          	ret
   14024:	00054783          	lbu	a5,0(a0)
   14028:	feb78ce3          	beq	a5,a1,14020 <memchr+0x10>
   1402c:	00150513          	addi	a0,a0,1
   14030:	fe9ff06f          	j	14018 <memchr+0x8>

00014034 <_close_r>:
   14034:	ff010113          	addi	sp,sp,-16
   14038:	00812423          	sw	s0,8(sp)
   1403c:	00050413          	mv	s0,a0
   14040:	00058513          	mv	a0,a1
   14044:	0000c797          	auipc	a5,0xc
   14048:	7607aa23          	sw	zero,1908(a5) # 207b8 <errno>
   1404c:	00112623          	sw	ra,12(sp)
   14050:	ffffc097          	auipc	ra,0xffffc
   14054:	4e0080e7          	jalr	1248(ra) # 10530 <_close>
   14058:	fff00793          	li	a5,-1
   1405c:	00f51a63          	bne	a0,a5,14070 <_close_r+0x3c>
   14060:	0000c797          	auipc	a5,0xc
   14064:	7587a783          	lw	a5,1880(a5) # 207b8 <errno>
   14068:	00078463          	beqz	a5,14070 <_close_r+0x3c>
   1406c:	00f42023          	sw	a5,0(s0)
   14070:	00c12083          	lw	ra,12(sp)
   14074:	00812403          	lw	s0,8(sp)
   14078:	01010113          	addi	sp,sp,16
   1407c:	00008067          	ret

00014080 <_fstat_r>:
   14080:	ff010113          	addi	sp,sp,-16
   14084:	00812423          	sw	s0,8(sp)
   14088:	00050413          	mv	s0,a0
   1408c:	00058513          	mv	a0,a1
   14090:	00060593          	mv	a1,a2
   14094:	0000c797          	auipc	a5,0xc
   14098:	7207a223          	sw	zero,1828(a5) # 207b8 <errno>
   1409c:	00112623          	sw	ra,12(sp)
   140a0:	ffffc097          	auipc	ra,0xffffc
   140a4:	498080e7          	jalr	1176(ra) # 10538 <_fstat>
   140a8:	fff00793          	li	a5,-1
   140ac:	00f51a63          	bne	a0,a5,140c0 <_fstat_r+0x40>
   140b0:	0000c797          	auipc	a5,0xc
   140b4:	7087a783          	lw	a5,1800(a5) # 207b8 <errno>
   140b8:	00078463          	beqz	a5,140c0 <_fstat_r+0x40>
   140bc:	00f42023          	sw	a5,0(s0)
   140c0:	00c12083          	lw	ra,12(sp)
   140c4:	00812403          	lw	s0,8(sp)
   140c8:	01010113          	addi	sp,sp,16
   140cc:	00008067          	ret

000140d0 <_isatty_r>:
   140d0:	ff010113          	addi	sp,sp,-16
   140d4:	00812423          	sw	s0,8(sp)
   140d8:	00050413          	mv	s0,a0
   140dc:	00058513          	mv	a0,a1
   140e0:	0000c797          	auipc	a5,0xc
   140e4:	6c07ac23          	sw	zero,1752(a5) # 207b8 <errno>
   140e8:	00112623          	sw	ra,12(sp)
   140ec:	ffffc097          	auipc	ra,0xffffc
   140f0:	45c080e7          	jalr	1116(ra) # 10548 <_isatty>
   140f4:	fff00793          	li	a5,-1
   140f8:	00f51a63          	bne	a0,a5,1410c <_isatty_r+0x3c>
   140fc:	0000c797          	auipc	a5,0xc
   14100:	6bc7a783          	lw	a5,1724(a5) # 207b8 <errno>
   14104:	00078463          	beqz	a5,1410c <_isatty_r+0x3c>
   14108:	00f42023          	sw	a5,0(s0)
   1410c:	00c12083          	lw	ra,12(sp)
   14110:	00812403          	lw	s0,8(sp)
   14114:	01010113          	addi	sp,sp,16
   14118:	00008067          	ret

0001411c <_lseek_r>:
   1411c:	ff010113          	addi	sp,sp,-16
   14120:	00812423          	sw	s0,8(sp)
   14124:	00050413          	mv	s0,a0
   14128:	00058513          	mv	a0,a1
   1412c:	00060593          	mv	a1,a2
   14130:	00068613          	mv	a2,a3
   14134:	0000c797          	auipc	a5,0xc
   14138:	6807a223          	sw	zero,1668(a5) # 207b8 <errno>
   1413c:	00112623          	sw	ra,12(sp)
   14140:	ffffc097          	auipc	ra,0xffffc
   14144:	410080e7          	jalr	1040(ra) # 10550 <_lseek>
   14148:	fff00793          	li	a5,-1
   1414c:	00f51a63          	bne	a0,a5,14160 <_lseek_r+0x44>
   14150:	0000c797          	auipc	a5,0xc
   14154:	6687a783          	lw	a5,1640(a5) # 207b8 <errno>
   14158:	00078463          	beqz	a5,14160 <_lseek_r+0x44>
   1415c:	00f42023          	sw	a5,0(s0)
   14160:	00c12083          	lw	ra,12(sp)
   14164:	00812403          	lw	s0,8(sp)
   14168:	01010113          	addi	sp,sp,16
   1416c:	00008067          	ret

00014170 <_read_r>:
   14170:	ff010113          	addi	sp,sp,-16
   14174:	00812423          	sw	s0,8(sp)
   14178:	00050413          	mv	s0,a0
   1417c:	00058513          	mv	a0,a1
   14180:	00060593          	mv	a1,a2
   14184:	00068613          	mv	a2,a3
   14188:	0000c797          	auipc	a5,0xc
   1418c:	6207a823          	sw	zero,1584(a5) # 207b8 <errno>
   14190:	00112623          	sw	ra,12(sp)
   14194:	ffffc097          	auipc	ra,0xffffc
   14198:	3c4080e7          	jalr	964(ra) # 10558 <_read>
   1419c:	fff00793          	li	a5,-1
   141a0:	00f51a63          	bne	a0,a5,141b4 <_read_r+0x44>
   141a4:	0000c797          	auipc	a5,0xc
   141a8:	6147a783          	lw	a5,1556(a5) # 207b8 <errno>
   141ac:	00078463          	beqz	a5,141b4 <_read_r+0x44>
   141b0:	00f42023          	sw	a5,0(s0)
   141b4:	00c12083          	lw	ra,12(sp)
   141b8:	00812403          	lw	s0,8(sp)
   141bc:	01010113          	addi	sp,sp,16
   141c0:	00008067          	ret

000141c4 <_sbrk_r>:
   141c4:	ff010113          	addi	sp,sp,-16
   141c8:	00812423          	sw	s0,8(sp)
   141cc:	00050413          	mv	s0,a0
   141d0:	00058513          	mv	a0,a1
   141d4:	0000c797          	auipc	a5,0xc
   141d8:	5e07a223          	sw	zero,1508(a5) # 207b8 <errno>
   141dc:	00112623          	sw	ra,12(sp)
   141e0:	ffffc097          	auipc	ra,0xffffc
   141e4:	380080e7          	jalr	896(ra) # 10560 <_sbrk>
   141e8:	fff00793          	li	a5,-1
   141ec:	00f51a63          	bne	a0,a5,14200 <_sbrk_r+0x3c>
   141f0:	0000c797          	auipc	a5,0xc
   141f4:	5c87a783          	lw	a5,1480(a5) # 207b8 <errno>
   141f8:	00078463          	beqz	a5,14200 <_sbrk_r+0x3c>
   141fc:	00f42023          	sw	a5,0(s0)
   14200:	00c12083          	lw	ra,12(sp)
   14204:	00812403          	lw	s0,8(sp)
   14208:	01010113          	addi	sp,sp,16
   1420c:	00008067          	ret

00014210 <_write_r>:
   14210:	ff010113          	addi	sp,sp,-16
   14214:	00812423          	sw	s0,8(sp)
   14218:	00050413          	mv	s0,a0
   1421c:	00058513          	mv	a0,a1
   14220:	00060593          	mv	a1,a2
   14224:	00068613          	mv	a2,a3
   14228:	0000c797          	auipc	a5,0xc
   1422c:	5807a823          	sw	zero,1424(a5) # 207b8 <errno>
   14230:	00112623          	sw	ra,12(sp)
   14234:	ffffc097          	auipc	ra,0xffffc
   14238:	374080e7          	jalr	884(ra) # 105a8 <_write>
   1423c:	fff00793          	li	a5,-1
   14240:	00f51a63          	bne	a0,a5,14254 <_write_r+0x44>
   14244:	0000c797          	auipc	a5,0xc
   14248:	5747a783          	lw	a5,1396(a5) # 207b8 <errno>
   1424c:	00078463          	beqz	a5,14254 <_write_r+0x44>
   14250:	00f42023          	sw	a5,0(s0)
   14254:	00c12083          	lw	ra,12(sp)
   14258:	00812403          	lw	s0,8(sp)
   1425c:	01010113          	addi	sp,sp,16
   14260:	00008067          	ret

00014264 <__udivdi3>:
   14264:	00060813          	mv	a6,a2
   14268:	00050793          	mv	a5,a0
   1426c:	00058893          	mv	a7,a1
   14270:	0c069c63          	bnez	a3,14348 <__udivdi3+0xe4>
   14274:	22c5fa63          	bgeu	a1,a2,144a8 <__udivdi3+0x244>
   14278:	00010737          	lui	a4,0x10
   1427c:	36e66863          	bltu	a2,a4,145ec <__udivdi3+0x388>
   14280:	01000737          	lui	a4,0x1000
   14284:	01800313          	li	t1,24
   14288:	00e67463          	bgeu	a2,a4,14290 <__udivdi3+0x2c>
   1428c:	01000313          	li	t1,16
   14290:	006656b3          	srl	a3,a2,t1
   14294:	0000c717          	auipc	a4,0xc
   14298:	42470713          	addi	a4,a4,1060 # 206b8 <__clz_tab>
   1429c:	00d70733          	add	a4,a4,a3
   142a0:	00074703          	lbu	a4,0(a4)
   142a4:	02000693          	li	a3,32
   142a8:	00670733          	add	a4,a4,t1
   142ac:	00d70e63          	beq	a4,a3,142c8 <__udivdi3+0x64>
   142b0:	40e686b3          	sub	a3,a3,a4
   142b4:	00d598b3          	sll	a7,a1,a3
   142b8:	00e55733          	srl	a4,a0,a4
   142bc:	00d61833          	sll	a6,a2,a3
   142c0:	00d517b3          	sll	a5,a0,a3
   142c4:	011768b3          	or	a7,a4,a7
   142c8:	01085613          	srli	a2,a6,0x10
   142cc:	02c8d533          	divu	a0,a7,a2
   142d0:	01081693          	slli	a3,a6,0x10
   142d4:	0106d693          	srli	a3,a3,0x10
   142d8:	0107d713          	srli	a4,a5,0x10
   142dc:	02c8f8b3          	remu	a7,a7,a2
   142e0:	02a685b3          	mul	a1,a3,a0
   142e4:	01089893          	slli	a7,a7,0x10
   142e8:	01176733          	or	a4,a4,a7
   142ec:	00b77c63          	bgeu	a4,a1,14304 <__udivdi3+0xa0>
   142f0:	00e808b3          	add	a7,a6,a4
   142f4:	00088713          	mv	a4,a7
   142f8:	00b8f463          	bgeu	a7,a1,14300 <__udivdi3+0x9c>
   142fc:	3908f463          	bgeu	a7,a6,14684 <__udivdi3+0x420>
   14300:	fff50513          	addi	a0,a0,-1
   14304:	40b70733          	sub	a4,a4,a1
   14308:	02c755b3          	divu	a1,a4,a2
   1430c:	01079793          	slli	a5,a5,0x10
   14310:	0107d793          	srli	a5,a5,0x10
   14314:	02c77733          	remu	a4,a4,a2
   14318:	02b686b3          	mul	a3,a3,a1
   1431c:	01071713          	slli	a4,a4,0x10
   14320:	00e7e7b3          	or	a5,a5,a4
   14324:	00d7fa63          	bgeu	a5,a3,14338 <__udivdi3+0xd4>
   14328:	00f807b3          	add	a5,a6,a5
   1432c:	00d7f463          	bgeu	a5,a3,14334 <__udivdi3+0xd0>
   14330:	3507f663          	bgeu	a5,a6,1467c <__udivdi3+0x418>
   14334:	fff58593          	addi	a1,a1,-1
   14338:	01051513          	slli	a0,a0,0x10
   1433c:	00b56533          	or	a0,a0,a1
   14340:	00000593          	li	a1,0
   14344:	00008067          	ret
   14348:	00d5f863          	bgeu	a1,a3,14358 <__udivdi3+0xf4>
   1434c:	00000593          	li	a1,0
   14350:	00000513          	li	a0,0
   14354:	00008067          	ret
   14358:	000107b7          	lui	a5,0x10
   1435c:	2af6e663          	bltu	a3,a5,14608 <__udivdi3+0x3a4>
   14360:	01000737          	lui	a4,0x1000
   14364:	01800793          	li	a5,24
   14368:	00e6f463          	bgeu	a3,a4,14370 <__udivdi3+0x10c>
   1436c:	01000793          	li	a5,16
   14370:	00f6d833          	srl	a6,a3,a5
   14374:	0000c717          	auipc	a4,0xc
   14378:	34470713          	addi	a4,a4,836 # 206b8 <__clz_tab>
   1437c:	01070733          	add	a4,a4,a6
   14380:	00074703          	lbu	a4,0(a4)
   14384:	02000813          	li	a6,32
   14388:	00f70733          	add	a4,a4,a5
   1438c:	29070663          	beq	a4,a6,14618 <__udivdi3+0x3b4>
   14390:	40e80833          	sub	a6,a6,a4
   14394:	00e658b3          	srl	a7,a2,a4
   14398:	010696b3          	sll	a3,a3,a6
   1439c:	00d8e8b3          	or	a7,a7,a3
   143a0:	00e5d333          	srl	t1,a1,a4
   143a4:	0108de93          	srli	t4,a7,0x10
   143a8:	03d357b3          	divu	a5,t1,t4
   143ac:	01089e13          	slli	t3,a7,0x10
   143b0:	010595b3          	sll	a1,a1,a6
   143b4:	010e5e13          	srli	t3,t3,0x10
   143b8:	00e55733          	srl	a4,a0,a4
   143bc:	00b76733          	or	a4,a4,a1
   143c0:	01075693          	srli	a3,a4,0x10
   143c4:	01061633          	sll	a2,a2,a6
   143c8:	03d37333          	remu	t1,t1,t4
   143cc:	02fe05b3          	mul	a1,t3,a5
   143d0:	01031313          	slli	t1,t1,0x10
   143d4:	0066e6b3          	or	a3,a3,t1
   143d8:	00b6fc63          	bgeu	a3,a1,143f0 <__udivdi3+0x18c>
   143dc:	00d88333          	add	t1,a7,a3
   143e0:	00030693          	mv	a3,t1
   143e4:	00b37463          	bgeu	t1,a1,143ec <__udivdi3+0x188>
   143e8:	2d137c63          	bgeu	t1,a7,146c0 <__udivdi3+0x45c>
   143ec:	fff78793          	addi	a5,a5,-1 # ffff <__HEAP_SIZE+0xdfff>
   143f0:	40b686b3          	sub	a3,a3,a1
   143f4:	03d6d333          	divu	t1,a3,t4
   143f8:	01071713          	slli	a4,a4,0x10
   143fc:	01075713          	srli	a4,a4,0x10
   14400:	03d6f6b3          	remu	a3,a3,t4
   14404:	026e05b3          	mul	a1,t3,t1
   14408:	01069693          	slli	a3,a3,0x10
   1440c:	00d76733          	or	a4,a4,a3
   14410:	00b77c63          	bgeu	a4,a1,14428 <__udivdi3+0x1c4>
   14414:	00e886b3          	add	a3,a7,a4
   14418:	00068713          	mv	a4,a3
   1441c:	00b6f463          	bgeu	a3,a1,14424 <__udivdi3+0x1c0>
   14420:	2916f463          	bgeu	a3,a7,146a8 <__udivdi3+0x444>
   14424:	fff30313          	addi	t1,t1,-1
   14428:	01079793          	slli	a5,a5,0x10
   1442c:	0067e6b3          	or	a3,a5,t1
   14430:	40b70733          	sub	a4,a4,a1
   14434:	01061793          	slli	a5,a2,0x10
   14438:	01031593          	slli	a1,t1,0x10
   1443c:	0107d793          	srli	a5,a5,0x10
   14440:	0105d593          	srli	a1,a1,0x10
   14444:	0106d313          	srli	t1,a3,0x10
   14448:	01065613          	srli	a2,a2,0x10
   1444c:	02f30e33          	mul	t3,t1,a5
   14450:	02f588b3          	mul	a7,a1,a5
   14454:	02c585b3          	mul	a1,a1,a2
   14458:	0108d793          	srli	a5,a7,0x10
   1445c:	01c585b3          	add	a1,a1,t3
   14460:	00b787b3          	add	a5,a5,a1
   14464:	02c30333          	mul	t1,t1,a2
   14468:	01c7f663          	bgeu	a5,t3,14474 <__udivdi3+0x210>
   1446c:	00010637          	lui	a2,0x10
   14470:	00c30333          	add	t1,t1,a2
   14474:	0107d613          	srli	a2,a5,0x10
   14478:	00660633          	add	a2,a2,t1
   1447c:	02c76063          	bltu	a4,a2,1449c <__udivdi3+0x238>
   14480:	01089893          	slli	a7,a7,0x10
   14484:	0108d893          	srli	a7,a7,0x10
   14488:	01079793          	slli	a5,a5,0x10
   1448c:	01051533          	sll	a0,a0,a6
   14490:	011787b3          	add	a5,a5,a7
   14494:	1ef57e63          	bgeu	a0,a5,14690 <__udivdi3+0x42c>
   14498:	1ec71c63          	bne	a4,a2,14690 <__udivdi3+0x42c>
   1449c:	fff68513          	addi	a0,a3,-1
   144a0:	00000593          	li	a1,0
   144a4:	00008067          	ret
   144a8:	14060a63          	beqz	a2,145fc <__udivdi3+0x398>
   144ac:	00010737          	lui	a4,0x10
   144b0:	18e67c63          	bgeu	a2,a4,14648 <__udivdi3+0x3e4>
   144b4:	10063893          	sltiu	a7,a2,256
   144b8:	0018b893          	seqz	a7,a7
   144bc:	00389893          	slli	a7,a7,0x3
   144c0:	011656b3          	srl	a3,a2,a7
   144c4:	0000c717          	auipc	a4,0xc
   144c8:	1f470713          	addi	a4,a4,500 # 206b8 <__clz_tab>
   144cc:	00d70733          	add	a4,a4,a3
   144d0:	00074703          	lbu	a4,0(a4)
   144d4:	02000693          	li	a3,32
   144d8:	01170733          	add	a4,a4,a7
   144dc:	14d70a63          	beq	a4,a3,14630 <__udivdi3+0x3cc>
   144e0:	40e687b3          	sub	a5,a3,a4
   144e4:	00f61833          	sll	a6,a2,a5
   144e8:	00e5d333          	srl	t1,a1,a4
   144ec:	01085893          	srli	a7,a6,0x10
   144f0:	03135e33          	divu	t3,t1,a7
   144f4:	01081613          	slli	a2,a6,0x10
   144f8:	00f595b3          	sll	a1,a1,a5
   144fc:	01065613          	srli	a2,a2,0x10
   14500:	00e55733          	srl	a4,a0,a4
   14504:	00b76733          	or	a4,a4,a1
   14508:	01075693          	srli	a3,a4,0x10
   1450c:	00f517b3          	sll	a5,a0,a5
   14510:	03137333          	remu	t1,t1,a7
   14514:	03c605b3          	mul	a1,a2,t3
   14518:	01031313          	slli	t1,t1,0x10
   1451c:	0066e6b3          	or	a3,a3,t1
   14520:	00b6fc63          	bgeu	a3,a1,14538 <__udivdi3+0x2d4>
   14524:	00d80533          	add	a0,a6,a3
   14528:	00050693          	mv	a3,a0
   1452c:	00b57463          	bgeu	a0,a1,14534 <__udivdi3+0x2d0>
   14530:	17057663          	bgeu	a0,a6,1469c <__udivdi3+0x438>
   14534:	fffe0e13          	addi	t3,t3,-1
   14538:	40b686b3          	sub	a3,a3,a1
   1453c:	0316d533          	divu	a0,a3,a7
   14540:	01071713          	slli	a4,a4,0x10
   14544:	01075713          	srli	a4,a4,0x10
   14548:	0316f6b3          	remu	a3,a3,a7
   1454c:	02a60333          	mul	t1,a2,a0
   14550:	01069693          	slli	a3,a3,0x10
   14554:	00d76733          	or	a4,a4,a3
   14558:	00677c63          	bgeu	a4,t1,14570 <__udivdi3+0x30c>
   1455c:	00e806b3          	add	a3,a6,a4
   14560:	00068713          	mv	a4,a3
   14564:	0066f463          	bgeu	a3,t1,1456c <__udivdi3+0x308>
   14568:	1506f663          	bgeu	a3,a6,146b4 <__udivdi3+0x450>
   1456c:	fff50513          	addi	a0,a0,-1
   14570:	010e1593          	slli	a1,t3,0x10
   14574:	00a5e5b3          	or	a1,a1,a0
   14578:	40670733          	sub	a4,a4,t1
   1457c:	03175533          	divu	a0,a4,a7
   14580:	0107d693          	srli	a3,a5,0x10
   14584:	03177733          	remu	a4,a4,a7
   14588:	02c50333          	mul	t1,a0,a2
   1458c:	01071713          	slli	a4,a4,0x10
   14590:	00e6e733          	or	a4,a3,a4
   14594:	00677c63          	bgeu	a4,t1,145ac <__udivdi3+0x348>
   14598:	00e806b3          	add	a3,a6,a4
   1459c:	00068713          	mv	a4,a3
   145a0:	0066f463          	bgeu	a3,t1,145a8 <__udivdi3+0x344>
   145a4:	0d06f663          	bgeu	a3,a6,14670 <__udivdi3+0x40c>
   145a8:	fff50513          	addi	a0,a0,-1
   145ac:	40670733          	sub	a4,a4,t1
   145b0:	031756b3          	divu	a3,a4,a7
   145b4:	01079793          	slli	a5,a5,0x10
   145b8:	0107d793          	srli	a5,a5,0x10
   145bc:	03177733          	remu	a4,a4,a7
   145c0:	02c68633          	mul	a2,a3,a2
   145c4:	01071713          	slli	a4,a4,0x10
   145c8:	00e7e7b3          	or	a5,a5,a4
   145cc:	00c7fa63          	bgeu	a5,a2,145e0 <__udivdi3+0x37c>
   145d0:	00f807b3          	add	a5,a6,a5
   145d4:	00c7f463          	bgeu	a5,a2,145dc <__udivdi3+0x378>
   145d8:	0907f863          	bgeu	a5,a6,14668 <__udivdi3+0x404>
   145dc:	fff68693          	addi	a3,a3,-1
   145e0:	01051513          	slli	a0,a0,0x10
   145e4:	00d56533          	or	a0,a0,a3
   145e8:	00008067          	ret
   145ec:	10063313          	sltiu	t1,a2,256
   145f0:	00133313          	seqz	t1,t1
   145f4:	00331313          	slli	t1,t1,0x3
   145f8:	c99ff06f          	j	14290 <__udivdi3+0x2c>
   145fc:	00000693          	li	a3,0
   14600:	00000893          	li	a7,0
   14604:	ec1ff06f          	j	144c4 <__udivdi3+0x260>
   14608:	1006b793          	sltiu	a5,a3,256
   1460c:	0017b793          	seqz	a5,a5
   14610:	00379793          	slli	a5,a5,0x3
   14614:	d5dff06f          	j	14370 <__udivdi3+0x10c>
   14618:	00c53633          	sltu	a2,a0,a2
   1461c:	00b6b6b3          	sltu	a3,a3,a1
   14620:	00163613          	seqz	a2,a2
   14624:	00c6e533          	or	a0,a3,a2
   14628:	00000593          	li	a1,0
   1462c:	00008067          	ret
   14630:	40c58733          	sub	a4,a1,a2
   14634:	01065893          	srli	a7,a2,0x10
   14638:	01061613          	slli	a2,a2,0x10
   1463c:	01065613          	srli	a2,a2,0x10
   14640:	00100593          	li	a1,1
   14644:	f39ff06f          	j	1457c <__udivdi3+0x318>
   14648:	01000737          	lui	a4,0x1000
   1464c:	00e67863          	bgeu	a2,a4,1465c <__udivdi3+0x3f8>
   14650:	01065693          	srli	a3,a2,0x10
   14654:	01000893          	li	a7,16
   14658:	e6dff06f          	j	144c4 <__udivdi3+0x260>
   1465c:	01865693          	srli	a3,a2,0x18
   14660:	01800893          	li	a7,24
   14664:	e61ff06f          	j	144c4 <__udivdi3+0x260>
   14668:	ffe68693          	addi	a3,a3,-2
   1466c:	f75ff06f          	j	145e0 <__udivdi3+0x37c>
   14670:	ffe50513          	addi	a0,a0,-2
   14674:	01068733          	add	a4,a3,a6
   14678:	f35ff06f          	j	145ac <__udivdi3+0x348>
   1467c:	ffe58593          	addi	a1,a1,-2
   14680:	cb9ff06f          	j	14338 <__udivdi3+0xd4>
   14684:	ffe50513          	addi	a0,a0,-2
   14688:	01088733          	add	a4,a7,a6
   1468c:	c79ff06f          	j	14304 <__udivdi3+0xa0>
   14690:	00068513          	mv	a0,a3
   14694:	00000593          	li	a1,0
   14698:	00008067          	ret
   1469c:	ffee0e13          	addi	t3,t3,-2
   146a0:	010506b3          	add	a3,a0,a6
   146a4:	e95ff06f          	j	14538 <__udivdi3+0x2d4>
   146a8:	ffe30313          	addi	t1,t1,-2
   146ac:	01168733          	add	a4,a3,a7
   146b0:	d79ff06f          	j	14428 <__udivdi3+0x1c4>
   146b4:	ffe50513          	addi	a0,a0,-2
   146b8:	01068733          	add	a4,a3,a6
   146bc:	eb5ff06f          	j	14570 <__udivdi3+0x30c>
   146c0:	ffe78793          	addi	a5,a5,-2
   146c4:	011306b3          	add	a3,t1,a7
   146c8:	d29ff06f          	j	143f0 <__udivdi3+0x18c>
