
D:\Desktop\OpenClaw_Workspace\Working\SDK\demos\newlib\coremark\build_O3\coremark.elf:     file format elf32-littleriscv


Disassembly of section .text:

00010000 <_reset_vector>:
   10000:	1000006f          	j	10100 <_start>
	...

00010080 <__vector_table>:
   10080:	0c40006f 3380006f 3340006f 1f80006f     o.@.o..3o.@3o...
   10090:	32c0006f 3280006f 3240006f 14c0006f     o..2o..2o.@2o...
   100a0:	31c0006f 3180006f 3140006f 2740006f     o..1o..1o.@1o.@'
   100b0:	30c0006f 3080006f 3040006f 3000006f     o..0o..0o.@0o..0
   100c0:	2fc0006f 2f80006f 2f40006f 2f00006f     o../o../o.@/o../
   100d0:	2ec0006f 2e80006f 2e40006f 2e00006f     o...o...o.@.o...
   100e0:	2dc0006f 2d80006f 2d40006f 2d00006f     o..-o..-o.@-o..-
   100f0:	2cc0006f 2c80006f 2c40006f 2c00006f     o..,o..,o.@,o..,

00010100 <_start>:
   10100:	00010197          	auipc	gp,0x10
   10104:	76818193          	addi	gp,gp,1896 # 20868 <__global_pointer$>
   10108:	00020117          	auipc	sp,0x20
   1010c:	ef810113          	addi	sp,sp,-264 # 30000 <__stack_top__>
   10110:	00011517          	auipc	a0,0x11
   10114:	88850513          	addi	a0,a0,-1912 # 20998 <errno>
   10118:	00011597          	auipc	a1,0x11
   1011c:	1c458593          	addi	a1,a1,452 # 212dc <__bss_end>
   10120:	00b50863          	beq	a0,a1,10130 <_start+0x30>
   10124:	00052023          	sw	zero,0(a0)
   10128:	00450513          	addi	a0,a0,4
   1012c:	feb56ce3          	bltu	a0,a1,10124 <_start+0x24>
   10130:	00000097          	auipc	ra,0x0
   10134:	2b4080e7          	jalr	692(ra) # 103e4 <_init>
   10138:	00001097          	auipc	ra,0x1
   1013c:	218080e7          	jalr	536(ra) # 11350 <main>
   10140:	0000006f          	j	10140 <_start+0x40>

00010144 <exc_entry>:
   10144:	fb010113          	addi	sp,sp,-80
   10148:	00112023          	sw	ra,0(sp)
   1014c:	00412223          	sw	tp,4(sp)
   10150:	00512423          	sw	t0,8(sp)
   10154:	00612623          	sw	t1,12(sp)
   10158:	00712823          	sw	t2,16(sp)
   1015c:	00a12a23          	sw	a0,20(sp)
   10160:	00b12c23          	sw	a1,24(sp)
   10164:	00c12e23          	sw	a2,28(sp)
   10168:	02d12023          	sw	a3,32(sp)
   1016c:	02e12223          	sw	a4,36(sp)
   10170:	02f12423          	sw	a5,40(sp)
   10174:	03012623          	sw	a6,44(sp)
   10178:	03112823          	sw	a7,48(sp)
   1017c:	03c12a23          	sw	t3,52(sp)
   10180:	03d12c23          	sw	t4,56(sp)
   10184:	03e12e23          	sw	t5,60(sp)
   10188:	05f12023          	sw	t6,64(sp)
   1018c:	34202573          	csrr	a0,mcause
   10190:	341025f3          	csrr	a1,mepc
   10194:	00000097          	auipc	ra,0x0
   10198:	430080e7          	jalr	1072(ra) # 105c4 <serr_handler>
   1019c:	00012083          	lw	ra,0(sp)
   101a0:	00412203          	lw	tp,4(sp)
   101a4:	00812283          	lw	t0,8(sp)
   101a8:	00c12303          	lw	t1,12(sp)
   101ac:	01012383          	lw	t2,16(sp)
   101b0:	01412503          	lw	a0,20(sp)
   101b4:	01812583          	lw	a1,24(sp)
   101b8:	01c12603          	lw	a2,28(sp)
   101bc:	02012683          	lw	a3,32(sp)
   101c0:	02412703          	lw	a4,36(sp)
   101c4:	02812783          	lw	a5,40(sp)
   101c8:	02c12803          	lw	a6,44(sp)
   101cc:	03012883          	lw	a7,48(sp)
   101d0:	03412e03          	lw	t3,52(sp)
   101d4:	03812e83          	lw	t4,56(sp)
   101d8:	03c12f03          	lw	t5,60(sp)
   101dc:	04012f83          	lw	t6,64(sp)
   101e0:	05010113          	addi	sp,sp,80
   101e4:	30200073          	mret

000101e8 <irq_timer_entry>:
   101e8:	fb010113          	addi	sp,sp,-80
   101ec:	00112023          	sw	ra,0(sp)
   101f0:	00412223          	sw	tp,4(sp)
   101f4:	00512423          	sw	t0,8(sp)
   101f8:	00612623          	sw	t1,12(sp)
   101fc:	00712823          	sw	t2,16(sp)
   10200:	00a12a23          	sw	a0,20(sp)
   10204:	00b12c23          	sw	a1,24(sp)
   10208:	00c12e23          	sw	a2,28(sp)
   1020c:	02d12023          	sw	a3,32(sp)
   10210:	02e12223          	sw	a4,36(sp)
   10214:	02f12423          	sw	a5,40(sp)
   10218:	03012623          	sw	a6,44(sp)
   1021c:	03112823          	sw	a7,48(sp)
   10220:	03c12a23          	sw	t3,52(sp)
   10224:	03d12c23          	sw	t4,56(sp)
   10228:	03e12e23          	sw	t5,60(sp)
   1022c:	05f12023          	sw	t6,64(sp)
   10230:	00000097          	auipc	ra,0x0
   10234:	38c080e7          	jalr	908(ra) # 105bc <tmr_irq_handler>
   10238:	00012083          	lw	ra,0(sp)
   1023c:	00412203          	lw	tp,4(sp)
   10240:	00812283          	lw	t0,8(sp)
   10244:	00c12303          	lw	t1,12(sp)
   10248:	01012383          	lw	t2,16(sp)
   1024c:	01412503          	lw	a0,20(sp)
   10250:	01812583          	lw	a1,24(sp)
   10254:	01c12603          	lw	a2,28(sp)
   10258:	02012683          	lw	a3,32(sp)
   1025c:	02412703          	lw	a4,36(sp)
   10260:	02812783          	lw	a5,40(sp)
   10264:	02c12803          	lw	a6,44(sp)
   10268:	03012883          	lw	a7,48(sp)
   1026c:	03412e03          	lw	t3,52(sp)
   10270:	03812e83          	lw	t4,56(sp)
   10274:	03c12f03          	lw	t5,60(sp)
   10278:	04012f83          	lw	t6,64(sp)
   1027c:	05010113          	addi	sp,sp,80
   10280:	30200073          	mret

00010284 <irq_software_entry>:
   10284:	fb010113          	addi	sp,sp,-80
   10288:	00112023          	sw	ra,0(sp)
   1028c:	00412223          	sw	tp,4(sp)
   10290:	00512423          	sw	t0,8(sp)
   10294:	00612623          	sw	t1,12(sp)
   10298:	00712823          	sw	t2,16(sp)
   1029c:	00a12a23          	sw	a0,20(sp)
   102a0:	00b12c23          	sw	a1,24(sp)
   102a4:	00c12e23          	sw	a2,28(sp)
   102a8:	02d12023          	sw	a3,32(sp)
   102ac:	02e12223          	sw	a4,36(sp)
   102b0:	02f12423          	sw	a5,40(sp)
   102b4:	03012623          	sw	a6,44(sp)
   102b8:	03112823          	sw	a7,48(sp)
   102bc:	03c12a23          	sw	t3,52(sp)
   102c0:	03d12c23          	sw	t4,56(sp)
   102c4:	03e12e23          	sw	t5,60(sp)
   102c8:	05f12023          	sw	t6,64(sp)
   102cc:	00000097          	auipc	ra,0x0
   102d0:	2ec080e7          	jalr	748(ra) # 105b8 <sw_irq_handler>
   102d4:	00012083          	lw	ra,0(sp)
   102d8:	00412203          	lw	tp,4(sp)
   102dc:	00812283          	lw	t0,8(sp)
   102e0:	00c12303          	lw	t1,12(sp)
   102e4:	01012383          	lw	t2,16(sp)
   102e8:	01412503          	lw	a0,20(sp)
   102ec:	01812583          	lw	a1,24(sp)
   102f0:	01c12603          	lw	a2,28(sp)
   102f4:	02012683          	lw	a3,32(sp)
   102f8:	02412703          	lw	a4,36(sp)
   102fc:	02812783          	lw	a5,40(sp)
   10300:	02c12803          	lw	a6,44(sp)
   10304:	03012883          	lw	a7,48(sp)
   10308:	03412e03          	lw	t3,52(sp)
   1030c:	03812e83          	lw	t4,56(sp)
   10310:	03c12f03          	lw	t5,60(sp)
   10314:	04012f83          	lw	t6,64(sp)
   10318:	05010113          	addi	sp,sp,80
   1031c:	30200073          	mret

00010320 <irq_external_entry>:
   10320:	fb010113          	addi	sp,sp,-80
   10324:	00112023          	sw	ra,0(sp)
   10328:	00412223          	sw	tp,4(sp)
   1032c:	00512423          	sw	t0,8(sp)
   10330:	00612623          	sw	t1,12(sp)
   10334:	00712823          	sw	t2,16(sp)
   10338:	00a12a23          	sw	a0,20(sp)
   1033c:	00b12c23          	sw	a1,24(sp)
   10340:	00c12e23          	sw	a2,28(sp)
   10344:	02d12023          	sw	a3,32(sp)
   10348:	02e12223          	sw	a4,36(sp)
   1034c:	02f12423          	sw	a5,40(sp)
   10350:	03012623          	sw	a6,44(sp)
   10354:	03112823          	sw	a7,48(sp)
   10358:	03c12a23          	sw	t3,52(sp)
   1035c:	03d12c23          	sw	t4,56(sp)
   10360:	03e12e23          	sw	t5,60(sp)
   10364:	05f12023          	sw	t6,64(sp)
   10368:	00000097          	auipc	ra,0x0
   1036c:	258080e7          	jalr	600(ra) # 105c0 <ext_irq_handler>
   10370:	00012083          	lw	ra,0(sp)
   10374:	00412203          	lw	tp,4(sp)
   10378:	00812283          	lw	t0,8(sp)
   1037c:	00c12303          	lw	t1,12(sp)
   10380:	01012383          	lw	t2,16(sp)
   10384:	01412503          	lw	a0,20(sp)
   10388:	01812583          	lw	a1,24(sp)
   1038c:	01c12603          	lw	a2,28(sp)
   10390:	02012683          	lw	a3,32(sp)
   10394:	02412703          	lw	a4,36(sp)
   10398:	02812783          	lw	a5,40(sp)
   1039c:	02c12803          	lw	a6,44(sp)
   103a0:	03012883          	lw	a7,48(sp)
   103a4:	03412e03          	lw	t3,52(sp)
   103a8:	03812e83          	lw	t4,56(sp)
   103ac:	03c12f03          	lw	t5,60(sp)
   103b0:	04012f83          	lw	t6,64(sp)
   103b4:	05010113          	addi	sp,sp,80
   103b8:	30200073          	mret

000103bc <irq_unhandled>:
   103bc:	10500073          	wfi
   103c0:	ffdff06f          	j	103bc <irq_unhandled>

000103c4 <memset>:
   103c4:	00050313          	mv	t1,a0
   103c8:	00060a63          	beqz	a2,103dc <memset+0x18>
   103cc:	00b30023          	sb	a1,0(t1)
   103d0:	fff60613          	addi	a2,a2,-1
   103d4:	00130313          	addi	t1,t1,1
   103d8:	fe061ae3          	bnez	a2,103cc <memset+0x8>
   103dc:	00008067          	ret

000103e0 <board_init>:
   103e0:	00008067          	ret

000103e4 <_init>:
   103e4:	ff010113          	addi	sp,sp,-16
   103e8:	00112623          	sw	ra,12(sp)
   103ec:	3060d073          	csrwi	mcounteren,1
   103f0:	c0102773          	rdtime	a4
   103f4:	b00027f3          	csrr	a5,mcycle
   103f8:	c01027f3          	rdtime	a5
   103fc:	fef70ce3          	beq	a4,a5,103f4 <_init+0x10>
   10400:	c0102773          	rdtime	a4
   10404:	b00026f3          	csrr	a3,mcycle
   10408:	fee78ce3          	beq	a5,a4,10400 <_init+0x1c>
   1040c:	c0102773          	rdtime	a4
   10410:	b00026f3          	csrr	a3,mcycle
   10414:	c01027f3          	rdtime	a5
   10418:	fef70ce3          	beq	a4,a5,10410 <_init+0x2c>
   1041c:	00002737          	lui	a4,0x2
   10420:	70f70713          	addi	a4,a4,1807 # 270f <__HEAP_SIZE+0x70f>
   10424:	c0102673          	rdtime	a2
   10428:	40f60633          	sub	a2,a2,a5
   1042c:	b00025f3          	csrr	a1,mcycle
   10430:	fec77ae3          	bgeu	a4,a2,10424 <_init+0x40>
   10434:	000f4737          	lui	a4,0xf4
   10438:	24070713          	addi	a4,a4,576 # f4240 <__stack_top__+0xc4240>
   1043c:	40d585b3          	sub	a1,a1,a3
   10440:	02e587b3          	mul	a5,a1,a4
   10444:	00165513          	srli	a0,a2,0x1
   10448:	00000693          	li	a3,0
   1044c:	02e5b5b3          	mulhu	a1,a1,a4
   10450:	00a78533          	add	a0,a5,a0
   10454:	00f537b3          	sltu	a5,a0,a5
   10458:	00b785b3          	add	a1,a5,a1
   1045c:	00005097          	auipc	ra,0x5
   10460:	bfc080e7          	jalr	-1028(ra) # 15058 <__udivdi3>
   10464:	fbfa1737          	lui	a4,0xfbfa1
   10468:	82070713          	addi	a4,a4,-2016 # fbfa0820 <__stack_top__+0xfbf70820>
   1046c:	00e4e6b7          	lui	a3,0xe4e
   10470:	00e50733          	add	a4,a0,a4
   10474:	1c068693          	addi	a3,a3,448 # e4e1c0 <__stack_top__+0xe1e1c0>
   10478:	00050793          	mv	a5,a0
   1047c:	00e6f663          	bgeu	a3,a4,10488 <_init+0xa4>
   10480:	047877b7          	lui	a5,0x4787
   10484:	8c078793          	addi	a5,a5,-1856 # 47868c0 <__stack_top__+0x47568c0>
   10488:	0001c537          	lui	a0,0x1c
   1048c:	00021737          	lui	a4,0x21
   10490:	20050513          	addi	a0,a0,512 # 1c200 <_etext+0x6d40>
   10494:	9af72823          	sw	a5,-1616(a4) # 209b0 <g_cpu_freq_hz>
   10498:	00000097          	auipc	ra,0x0
   1049c:	034080e7          	jalr	52(ra) # 104cc <uart_init>
   104a0:	00000517          	auipc	a0,0x0
   104a4:	be050513          	addi	a0,a0,-1056 # 10080 <__vector_table>
   104a8:	00156513          	ori	a0,a0,1
   104ac:	30551073          	csrw	mtvec,a0
   104b0:	00000097          	auipc	ra,0x0
   104b4:	f30080e7          	jalr	-208(ra) # 103e0 <board_init>
   104b8:	3fd00513          	li	a0,1021
   104bc:	30652073          	csrs	mcounteren,a0
   104c0:	00c12083          	lw	ra,12(sp)
   104c4:	01010113          	addi	sp,sp,16
   104c8:	00008067          	ret

000104cc <uart_init>:
   104cc:	ff010113          	addi	sp,sp,-16
   104d0:	000217b7          	lui	a5,0x21
   104d4:	00812423          	sw	s0,8(sp)
   104d8:	9b07a403          	lw	s0,-1616(a5) # 209b0 <g_cpu_freq_hz>
   104dc:	00912223          	sw	s1,4(sp)
   104e0:	00112623          	sw	ra,12(sp)
   104e4:	00050493          	mv	s1,a0
   104e8:	06040063          	beqz	s0,10548 <uart_init+0x7c>
   104ec:	00145513          	srli	a0,s0,0x1
   104f0:	00040613          	mv	a2,s0
   104f4:	00449493          	slli	s1,s1,0x4
   104f8:	02945433          	divu	s0,s0,s1
   104fc:	00048593          	mv	a1,s1
   10500:	00000693          	li	a3,0
   10504:	00005097          	auipc	ra,0x5
   10508:	b54080e7          	jalr	-1196(ra) # 15058 <__udivdi3>
   1050c:	e00107b7          	lui	a5,0xe0010
   10510:	02478713          	addi	a4,a5,36 # e0010024 <__stack_top__+0xdffe0024>
   10514:	00a72023          	sw	a0,0(a4)
   10518:	08000713          	li	a4,128
   1051c:	00e7a623          	sw	a4,12(a5)
   10520:	00c12083          	lw	ra,12(sp)
   10524:	00300693          	li	a3,3
   10528:	00412483          	lw	s1,4(sp)
   1052c:	0ff47413          	zext.b	s0,s0
   10530:	0087a023          	sw	s0,0(a5)
   10534:	00812403          	lw	s0,8(sp)
   10538:	0007a223          	sw	zero,4(a5)
   1053c:	00d7a623          	sw	a3,12(a5)
   10540:	01010113          	addi	sp,sp,16
   10544:	00008067          	ret
   10548:	04787637          	lui	a2,0x4787
   1054c:	8c060613          	addi	a2,a2,-1856 # 47868c0 <__stack_top__+0x47568c0>
   10550:	023c3537          	lui	a0,0x23c3
   10554:	00060413          	mv	s0,a2
   10558:	46050513          	addi	a0,a0,1120 # 23c3460 <__stack_top__+0x2393460>
   1055c:	f99ff06f          	j	104f4 <uart_init+0x28>

00010560 <uart_puts>:
   10560:	00054683          	lbu	a3,0(a0)
   10564:	02068c63          	beqz	a3,1059c <uart_puts+0x3c>
   10568:	e0010737          	lui	a4,0xe0010
   1056c:	01470713          	addi	a4,a4,20 # e0010014 <__stack_top__+0xdffe0014>
   10570:	00a00593          	li	a1,10
   10574:	e0010637          	lui	a2,0xe0010
   10578:	00d00813          	li	a6,13
   1057c:	02b68263          	beq	a3,a1,105a0 <uart_puts+0x40>
   10580:	00150513          	addi	a0,a0,1
   10584:	00072783          	lw	a5,0(a4)
   10588:	0207f793          	andi	a5,a5,32
   1058c:	fe078ce3          	beqz	a5,10584 <uart_puts+0x24>
   10590:	00d62023          	sw	a3,0(a2) # e0010000 <__stack_top__+0xdffe0000>
   10594:	00054683          	lbu	a3,0(a0)
   10598:	fe0692e3          	bnez	a3,1057c <uart_puts+0x1c>
   1059c:	00008067          	ret
   105a0:	00072783          	lw	a5,0(a4)
   105a4:	0207f793          	andi	a5,a5,32
   105a8:	fe078ce3          	beqz	a5,105a0 <uart_puts+0x40>
   105ac:	01062023          	sw	a6,0(a2)
   105b0:	00054683          	lbu	a3,0(a0)
   105b4:	fcdff06f          	j	10580 <uart_puts+0x20>

000105b8 <sw_irq_handler>:
   105b8:	00008067          	ret

000105bc <tmr_irq_handler>:
   105bc:	00008067          	ret

000105c0 <ext_irq_handler>:
   105c0:	00008067          	ret

000105c4 <serr_handler>:
   105c4:	0000006f          	j	105c4 <serr_handler>

000105c8 <_close>:
   105c8:	fff00513          	li	a0,-1
   105cc:	00008067          	ret

000105d0 <_fstat>:
   105d0:	000027b7          	lui	a5,0x2
   105d4:	00f5a223          	sw	a5,4(a1)
   105d8:	00000513          	li	a0,0
   105dc:	00008067          	ret

000105e0 <_isatty>:
   105e0:	00100513          	li	a0,1
   105e4:	00008067          	ret

000105e8 <_lseek>:
   105e8:	00000513          	li	a0,0
   105ec:	00008067          	ret

000105f0 <_read>:
   105f0:	00000513          	li	a0,0
   105f4:	00008067          	ret

000105f8 <_sbrk>:
   105f8:	000206b7          	lui	a3,0x20
   105fc:	0006a703          	lw	a4,0(a3) # 20000 <heap_ptr>
   10600:	000217b7          	lui	a5,0x21
   10604:	2dc78793          	addi	a5,a5,732 # 212dc <__bss_end>
   10608:	00a70533          	add	a0,a4,a0
   1060c:	00f56e63          	bltu	a0,a5,10628 <_sbrk+0x30>
   10610:	000237b7          	lui	a5,0x23
   10614:	2dc78793          	addi	a5,a5,732 # 232dc <__heap_end>
   10618:	00a7e863          	bltu	a5,a0,10628 <_sbrk+0x30>
   1061c:	00a6a023          	sw	a0,0(a3)
   10620:	00070513          	mv	a0,a4
   10624:	00008067          	ret
   10628:	000217b7          	lui	a5,0x21
   1062c:	00c00713          	li	a4,12
   10630:	98e7ac23          	sw	a4,-1640(a5) # 20998 <errno>
   10634:	fff00713          	li	a4,-1
   10638:	00070513          	mv	a0,a4
   1063c:	00008067          	ret

00010640 <_write>:
   10640:	fff50793          	addi	a5,a0,-1
   10644:	00100713          	li	a4,1
   10648:	02f76e63          	bltu	a4,a5,10684 <_write+0x44>
   1064c:	02060863          	beqz	a2,1067c <_write+0x3c>
   10650:	e0010737          	lui	a4,0xe0010
   10654:	00c588b3          	add	a7,a1,a2
   10658:	01470713          	addi	a4,a4,20 # e0010014 <__stack_top__+0xdffe0014>
   1065c:	e0010837          	lui	a6,0xe0010
   10660:	0005c683          	lbu	a3,0(a1)
   10664:	00072783          	lw	a5,0(a4)
   10668:	0207f793          	andi	a5,a5,32
   1066c:	fe078ce3          	beqz	a5,10664 <_write+0x24>
   10670:	00d82023          	sw	a3,0(a6) # e0010000 <__stack_top__+0xdffe0000>
   10674:	00158593          	addi	a1,a1,1
   10678:	ff1594e3          	bne	a1,a7,10660 <_write+0x20>
   1067c:	00060513          	mv	a0,a2
   10680:	00008067          	ret
   10684:	fff00513          	li	a0,-1
   10688:	00008067          	ret

0001068c <print_fixed_scaled>:
   1068c:	0cb05263          	blez	a1,10750 <print_fixed_scaled+0xc4>
   10690:	fe010113          	addi	sp,sp,-32
   10694:	00812c23          	sw	s0,24(sp)
   10698:	00912a23          	sw	s1,20(sp)
   1069c:	00112e23          	sw	ra,28(sp)
   106a0:	00050413          	mv	s0,a0
   106a4:	00058493          	mv	s1,a1
   106a8:	0a054663          	bltz	a0,10754 <print_fixed_scaled+0xc8>
   106ac:	029445b3          	div	a1,s0,s1
   106b0:	00020537          	lui	a0,0x20
   106b4:	26c50513          	addi	a0,a0,620 # 2026c <_impure_ptr+0x204>
   106b8:	00003097          	auipc	ra,0x3
   106bc:	c58080e7          	jalr	-936(ra) # 13310 <iprintf>
   106c0:	029467b3          	rem	a5,s0,s1
   106c4:	00079c63          	bnez	a5,106dc <print_fixed_scaled+0x50>
   106c8:	01c12083          	lw	ra,28(sp)
   106cc:	01812403          	lw	s0,24(sp)
   106d0:	01412483          	lw	s1,20(sp)
   106d4:	02010113          	addi	sp,sp,32
   106d8:	00008067          	ret
   106dc:	02e00513          	li	a0,46
   106e0:	01212823          	sw	s2,16(sp)
   106e4:	00f12623          	sw	a5,12(sp)
   106e8:	00003097          	auipc	ra,0x3
   106ec:	c7c080e7          	jalr	-900(ra) # 13364 <putchar>
   106f0:	00c12783          	lw	a5,12(sp)
   106f4:	ccccd937          	lui	s2,0xccccd
   106f8:	ccd90913          	addi	s2,s2,-819 # cccccccd <__stack_top__+0xccc9cccd>
   106fc:	00279413          	slli	s0,a5,0x2
   10700:	00f40433          	add	s0,s0,a5
   10704:	00141413          	slli	s0,s0,0x1
   10708:	02945533          	divu	a0,s0,s1
   1070c:	03253733          	mulhu	a4,a0,s2
   10710:	00375713          	srli	a4,a4,0x3
   10714:	00271793          	slli	a5,a4,0x2
   10718:	00e787b3          	add	a5,a5,a4
   1071c:	00179793          	slli	a5,a5,0x1
   10720:	40f50533          	sub	a0,a0,a5
   10724:	03050513          	addi	a0,a0,48
   10728:	00003097          	auipc	ra,0x3
   1072c:	c3c080e7          	jalr	-964(ra) # 13364 <putchar>
   10730:	029477b3          	remu	a5,s0,s1
   10734:	fc0794e3          	bnez	a5,106fc <print_fixed_scaled+0x70>
   10738:	01c12083          	lw	ra,28(sp)
   1073c:	01812403          	lw	s0,24(sp)
   10740:	01012903          	lw	s2,16(sp)
   10744:	01412483          	lw	s1,20(sp)
   10748:	02010113          	addi	sp,sp,32
   1074c:	00008067          	ret
   10750:	00008067          	ret
   10754:	02d00513          	li	a0,45
   10758:	00003097          	auipc	ra,0x3
   1075c:	c0c080e7          	jalr	-1012(ra) # 13364 <putchar>
   10760:	40800433          	neg	s0,s0
   10764:	f49ff06f          	j	106ac <print_fixed_scaled+0x20>

00010768 <cmp_complex>:
   10768:	00051803          	lh	a6,0(a0)
   1076c:	fe010113          	addi	sp,sp,-32
   10770:	00812c23          	sw	s0,24(sp)
   10774:	40785793          	srai	a5,a6,0x7
   10778:	00912a23          	sw	s1,20(sp)
   1077c:	00112e23          	sw	ra,28(sp)
   10780:	0017f793          	andi	a5,a5,1
   10784:	00058493          	mv	s1,a1
   10788:	00060413          	mv	s0,a2
   1078c:	07f87893          	andi	a7,a6,127
   10790:	0a079463          	bnez	a5,10838 <cmp_complex+0xd0>
   10794:	40385713          	srai	a4,a6,0x3
   10798:	00f77713          	andi	a4,a4,15
   1079c:	00471793          	slli	a5,a4,0x4
   107a0:	00f70633          	add	a2,a4,a5
   107a4:	01212823          	sw	s2,16(sp)
   107a8:	00787693          	andi	a3,a6,7
   107ac:	03845783          	lhu	a5,56(s0)
   107b0:	00050313          	mv	t1,a0
   107b4:	00060713          	mv	a4,a2
   107b8:	1c068a63          	beqz	a3,1098c <cmp_complex+0x224>
   107bc:	00100613          	li	a2,1
   107c0:	14c69e63          	bne	a3,a2,1091c <cmp_complex+0x1b4>
   107c4:	00a12623          	sw	a0,12(sp)
   107c8:	00078613          	mv	a2,a5
   107cc:	00070593          	mv	a1,a4
   107d0:	02840513          	addi	a0,s0,40
   107d4:	01012423          	sw	a6,8(sp)
   107d8:	00002097          	auipc	ra,0x2
   107dc:	920080e7          	jalr	-1760(ra) # 120f8 <core_bench_matrix>
   107e0:	03c45783          	lhu	a5,60(s0)
   107e4:	01051913          	slli	s2,a0,0x10
   107e8:	00812803          	lw	a6,8(sp)
   107ec:	00c12303          	lw	t1,12(sp)
   107f0:	41095913          	srai	s2,s2,0x10
   107f4:	1e079063          	bnez	a5,109d4 <cmp_complex+0x26c>
   107f8:	03845783          	lhu	a5,56(s0)
   107fc:	02a41e23          	sh	a0,60(s0)
   10800:	00078593          	mv	a1,a5
   10804:	00612623          	sw	t1,12(sp)
   10808:	01012423          	sw	a6,8(sp)
   1080c:	00002097          	auipc	ra,0x2
   10810:	288080e7          	jalr	648(ra) # 12a94 <crcu16>
   10814:	00812803          	lw	a6,8(sp)
   10818:	07f97893          	andi	a7,s2,127
   1081c:	00c12303          	lw	t1,12(sp)
   10820:	f0087813          	andi	a6,a6,-256
   10824:	0108e833          	or	a6,a7,a6
   10828:	01012903          	lw	s2,16(sp)
   1082c:	08086813          	ori	a6,a6,128
   10830:	02a41c23          	sh	a0,56(s0)
   10834:	01031023          	sh	a6,0(t1)
   10838:	00049803          	lh	a6,0(s1)
   1083c:	40785793          	srai	a5,a6,0x7
   10840:	0017f793          	andi	a5,a5,1
   10844:	02078063          	beqz	a5,10864 <cmp_complex+0xfc>
   10848:	01c12083          	lw	ra,28(sp)
   1084c:	01812403          	lw	s0,24(sp)
   10850:	07f87793          	andi	a5,a6,127
   10854:	01412483          	lw	s1,20(sp)
   10858:	40f88533          	sub	a0,a7,a5
   1085c:	02010113          	addi	sp,sp,32
   10860:	00008067          	ret
   10864:	40385713          	srai	a4,a6,0x3
   10868:	00f77713          	andi	a4,a4,15
   1086c:	00471793          	slli	a5,a4,0x4
   10870:	00f70633          	add	a2,a4,a5
   10874:	01212823          	sw	s2,16(sp)
   10878:	00787693          	andi	a3,a6,7
   1087c:	03845783          	lhu	a5,56(s0)
   10880:	00060713          	mv	a4,a2
   10884:	0a068c63          	beqz	a3,1093c <cmp_complex+0x1d4>
   10888:	00100613          	li	a2,1
   1088c:	0ac69063          	bne	a3,a2,1092c <cmp_complex+0x1c4>
   10890:	00078613          	mv	a2,a5
   10894:	00070593          	mv	a1,a4
   10898:	02840513          	addi	a0,s0,40
   1089c:	01112623          	sw	a7,12(sp)
   108a0:	01012423          	sw	a6,8(sp)
   108a4:	00002097          	auipc	ra,0x2
   108a8:	854080e7          	jalr	-1964(ra) # 120f8 <core_bench_matrix>
   108ac:	03c45783          	lhu	a5,60(s0)
   108b0:	01051913          	slli	s2,a0,0x10
   108b4:	00812803          	lw	a6,8(sp)
   108b8:	00c12883          	lw	a7,12(sp)
   108bc:	41095913          	srai	s2,s2,0x10
   108c0:	0c079263          	bnez	a5,10984 <cmp_complex+0x21c>
   108c4:	03845783          	lhu	a5,56(s0)
   108c8:	02a41e23          	sh	a0,60(s0)
   108cc:	00078593          	mv	a1,a5
   108d0:	01112623          	sw	a7,12(sp)
   108d4:	01012423          	sw	a6,8(sp)
   108d8:	00002097          	auipc	ra,0x2
   108dc:	1bc080e7          	jalr	444(ra) # 12a94 <crcu16>
   108e0:	00812803          	lw	a6,8(sp)
   108e4:	07f97793          	andi	a5,s2,127
   108e8:	02a41c23          	sh	a0,56(s0)
   108ec:	f0087813          	andi	a6,a6,-256
   108f0:	00c12883          	lw	a7,12(sp)
   108f4:	01c12083          	lw	ra,28(sp)
   108f8:	01812403          	lw	s0,24(sp)
   108fc:	0107e833          	or	a6,a5,a6
   10900:	08086813          	ori	a6,a6,128
   10904:	01049023          	sh	a6,0(s1)
   10908:	01012903          	lw	s2,16(sp)
   1090c:	01412483          	lw	s1,20(sp)
   10910:	40f88533          	sub	a0,a7,a5
   10914:	02010113          	addi	sp,sp,32
   10918:	00008067          	ret
   1091c:	01081513          	slli	a0,a6,0x10
   10920:	01055513          	srli	a0,a0,0x10
   10924:	00080913          	mv	s2,a6
   10928:	ed9ff06f          	j	10800 <cmp_complex+0x98>
   1092c:	01081513          	slli	a0,a6,0x10
   10930:	01055513          	srli	a0,a0,0x10
   10934:	00080913          	mv	s2,a6
   10938:	f95ff06f          	j	108cc <cmp_complex+0x164>
   1093c:	02100693          	li	a3,33
   10940:	00c6e463          	bltu	a3,a2,10948 <cmp_complex+0x1e0>
   10944:	02200713          	li	a4,34
   10948:	00241683          	lh	a3,2(s0)
   1094c:	00041603          	lh	a2,0(s0)
   10950:	01442583          	lw	a1,20(s0)
   10954:	01842503          	lw	a0,24(s0)
   10958:	01112623          	sw	a7,12(sp)
   1095c:	01012423          	sw	a6,8(sp)
   10960:	00002097          	auipc	ra,0x2
   10964:	eac080e7          	jalr	-340(ra) # 1280c <core_bench_state>
   10968:	03e45783          	lhu	a5,62(s0)
   1096c:	01051913          	slli	s2,a0,0x10
   10970:	00812803          	lw	a6,8(sp)
   10974:	00c12883          	lw	a7,12(sp)
   10978:	41095913          	srai	s2,s2,0x10
   1097c:	00079463          	bnez	a5,10984 <cmp_complex+0x21c>
   10980:	02a41f23          	sh	a0,62(s0)
   10984:	03845783          	lhu	a5,56(s0)
   10988:	f45ff06f          	j	108cc <cmp_complex+0x164>
   1098c:	02100693          	li	a3,33
   10990:	00c6e463          	bltu	a3,a2,10998 <cmp_complex+0x230>
   10994:	02200713          	li	a4,34
   10998:	00241683          	lh	a3,2(s0)
   1099c:	00041603          	lh	a2,0(s0)
   109a0:	01442583          	lw	a1,20(s0)
   109a4:	01842503          	lw	a0,24(s0)
   109a8:	00612623          	sw	t1,12(sp)
   109ac:	01012423          	sw	a6,8(sp)
   109b0:	00002097          	auipc	ra,0x2
   109b4:	e5c080e7          	jalr	-420(ra) # 1280c <core_bench_state>
   109b8:	03e45783          	lhu	a5,62(s0)
   109bc:	01051913          	slli	s2,a0,0x10
   109c0:	00812803          	lw	a6,8(sp)
   109c4:	00c12303          	lw	t1,12(sp)
   109c8:	41095913          	srai	s2,s2,0x10
   109cc:	00079463          	bnez	a5,109d4 <cmp_complex+0x26c>
   109d0:	02a41f23          	sh	a0,62(s0)
   109d4:	03845783          	lhu	a5,56(s0)
   109d8:	e29ff06f          	j	10800 <cmp_complex+0x98>

000109dc <core_bench_list>:
   109dc:	00451e03          	lh	t3,4(a0)
   109e0:	fc010113          	addi	sp,sp,-64
   109e4:	02812c23          	sw	s0,56(sp)
   109e8:	01812c23          	sw	s8,24(sp)
   109ec:	02112e23          	sw	ra,60(sp)
   109f0:	02912a23          	sw	s1,52(sp)
   109f4:	03212823          	sw	s2,48(sp)
   109f8:	03312623          	sw	s3,44(sp)
   109fc:	03412423          	sw	s4,40(sp)
   10a00:	03512223          	sw	s5,36(sp)
   10a04:	03612023          	sw	s6,32(sp)
   10a08:	01712e23          	sw	s7,28(sp)
   10a0c:	01912a23          	sw	s9,20(sp)
   10a10:	01a12823          	sw	s10,16(sp)
   10a14:	01b12623          	sw	s11,12(sp)
   10a18:	02452403          	lw	s0,36(a0)
   10a1c:	00000c13          	li	s8,0
   10a20:	53c05a63          	blez	t3,10f54 <core_bench_list+0x578>
   10a24:	5205ce63          	bltz	a1,10f60 <core_bench_list+0x584>
   10a28:	56040263          	beqz	s0,10f8c <core_bench_list+0x5b0>
   10a2c:	00058d13          	mv	s10,a1
   10a30:	00000813          	li	a6,0
   10a34:	00000e93          	li	t4,0
   10a38:	00000893          	li	a7,0
   10a3c:	00000313          	li	t1,0
   10a40:	00040793          	mv	a5,s0
   10a44:	00c0006f          	j	10a50 <core_bench_list+0x74>
   10a48:	0007a783          	lw	a5,0(a5)
   10a4c:	0e078863          	beqz	a5,10b3c <core_bench_list+0x160>
   10a50:	0047a703          	lw	a4,4(a5)
   10a54:	00271603          	lh	a2,2(a4)
   10a58:	ffa618e3          	bne	a2,s10,10a48 <core_bench_list+0x6c>
   10a5c:	00000693          	li	a3,0
   10a60:	0080006f          	j	10a68 <core_bench_list+0x8c>
   10a64:	00070413          	mv	s0,a4
   10a68:	00042703          	lw	a4,0(s0)
   10a6c:	00d42023          	sw	a3,0(s0)
   10a70:	00040693          	mv	a3,s0
   10a74:	fe0718e3          	bnez	a4,10a64 <core_bench_list+0x88>
   10a78:	0c078663          	beqz	a5,10b44 <core_bench_list+0x168>
   10a7c:	0047a703          	lw	a4,4(a5)
   10a80:	00188893          	addi	a7,a7,1
   10a84:	00071703          	lh	a4,0(a4)
   10a88:	00177693          	andi	a3,a4,1
   10a8c:	00068863          	beqz	a3,10a9c <core_bench_list+0xc0>
   10a90:	40975713          	srai	a4,a4,0x9
   10a94:	00177713          	andi	a4,a4,1
   10a98:	00e30333          	add	t1,t1,a4
   10a9c:	0007a703          	lw	a4,0(a5)
   10aa0:	00070c63          	beqz	a4,10ab8 <core_bench_list+0xdc>
   10aa4:	00072683          	lw	a3,0(a4)
   10aa8:	00d7a023          	sw	a3,0(a5)
   10aac:	00042783          	lw	a5,0(s0)
   10ab0:	00f72023          	sw	a5,0(a4)
   10ab4:	00e42023          	sw	a4,0(s0)
   10ab8:	00180793          	addi	a5,a6,1
   10abc:	01079813          	slli	a6,a5,0x10
   10ac0:	41085813          	srai	a6,a6,0x10
   10ac4:	06064063          	bltz	a2,10b24 <core_bench_list+0x148>
   10ac8:	00160613          	addi	a2,a2,1
   10acc:	01061d13          	slli	s10,a2,0x10
   10ad0:	01079793          	slli	a5,a5,0x10
   10ad4:	410d5d13          	srai	s10,s10,0x10
   10ad8:	0107d793          	srli	a5,a5,0x10
   10adc:	090e0463          	beq	t3,a6,10b64 <core_bench_list+0x188>
   10ae0:	0ff7fc13          	zext.b	s8,a5
   10ae4:	000c0693          	mv	a3,s8
   10ae8:	00040793          	mv	a5,s0
   10aec:	ffff8637          	lui	a2,0xffff8
   10af0:	f40d58e3          	bgez	s10,10a40 <core_bench_list+0x64>
   10af4:	0047a703          	lw	a4,4(a5)
   10af8:	00074c03          	lbu	s8,0(a4)
   10afc:	f6dc00e3          	beq	s8,a3,10a5c <core_bench_list+0x80>
   10b00:	0007a783          	lw	a5,0(a5)
   10b04:	00078c63          	beqz	a5,10b1c <core_bench_list+0x140>
   10b08:	0047a703          	lw	a4,4(a5)
   10b0c:	00074c03          	lbu	s8,0(a4)
   10b10:	f4dc06e3          	beq	s8,a3,10a5c <core_bench_list+0x80>
   10b14:	0007a783          	lw	a5,0(a5)
   10b18:	fe0798e3          	bnez	a5,10b08 <core_bench_list+0x12c>
   10b1c:	00068c13          	mv	s8,a3
   10b20:	f3dff06f          	j	10a5c <core_bench_list+0x80>
   10b24:	01079793          	slli	a5,a5,0x10
   10b28:	0107d793          	srli	a5,a5,0x10
   10b2c:	030e0a63          	beq	t3,a6,10b60 <core_bench_list+0x184>
   10b30:	0ff7f693          	zext.b	a3,a5
   10b34:	00040793          	mv	a5,s0
   10b38:	fd1ff06f          	j	10b08 <core_bench_list+0x12c>
   10b3c:	000d0613          	mv	a2,s10
   10b40:	f1dff06f          	j	10a5c <core_bench_list+0x80>
   10b44:	00042783          	lw	a5,0(s0)
   10b48:	001e8e93          	addi	t4,t4,1
   10b4c:	0047a783          	lw	a5,4(a5)
   10b50:	00178783          	lb	a5,1(a5)
   10b54:	0017f793          	andi	a5,a5,1
   10b58:	00f30333          	add	t1,t1,a5
   10b5c:	f5dff06f          	j	10ab8 <core_bench_list+0xdc>
   10b60:	00060d13          	mv	s10,a2
   10b64:	00289793          	slli	a5,a7,0x2
   10b68:	41d787b3          	sub	a5,a5,t4
   10b6c:	00f30333          	add	t1,t1,a5
   10b70:	01031493          	slli	s1,t1,0x10
   10b74:	0104d493          	srli	s1,s1,0x10
   10b78:	00050b13          	mv	s6,a0
   10b7c:	26b04c63          	bgtz	a1,10df4 <core_bench_list+0x418>
   10b80:	00042783          	lw	a5,0(s0)
   10b84:	00040913          	mv	s2,s0
   10b88:	0007a983          	lw	s3,0(a5)
   10b8c:	0047a703          	lw	a4,4(a5)
   10b90:	0049a603          	lw	a2,4(s3)
   10b94:	0009a683          	lw	a3,0(s3)
   10b98:	00c7a223          	sw	a2,4(a5)
   10b9c:	00e9a223          	sw	a4,4(s3)
   10ba0:	00d7a023          	sw	a3,0(a5)
   10ba4:	0009a023          	sw	zero,0(s3)
   10ba8:	140d4063          	bltz	s10,10ce8 <core_bench_list+0x30c>
   10bac:	00492783          	lw	a5,4(s2)
   10bb0:	00279783          	lh	a5,2(a5)
   10bb4:	01a78c63          	beq	a5,s10,10bcc <core_bench_list+0x1f0>
   10bb8:	00092903          	lw	s2,0(s2)
   10bbc:	36090663          	beqz	s2,10f28 <core_bench_list+0x54c>
   10bc0:	00492783          	lw	a5,4(s2)
   10bc4:	00279783          	lh	a5,2(a5)
   10bc8:	ffa798e3          	bne	a5,s10,10bb8 <core_bench_list+0x1dc>
   10bcc:	00442783          	lw	a5,4(s0)
   10bd0:	00048593          	mv	a1,s1
   10bd4:	00079503          	lh	a0,0(a5)
   10bd8:	00002097          	auipc	ra,0x2
   10bdc:	504080e7          	jalr	1284(ra) # 130dc <crc16>
   10be0:	00092903          	lw	s2,0(s2)
   10be4:	00050493          	mv	s1,a0
   10be8:	fe0912e3          	bnez	s2,10bcc <core_bench_list+0x1f0>
   10bec:	00042903          	lw	s2,0(s0)
   10bf0:	0049a703          	lw	a4,4(s3)
   10bf4:	00492683          	lw	a3,4(s2)
   10bf8:	00092783          	lw	a5,0(s2)
   10bfc:	00100e93          	li	t4,1
   10c00:	00d9a223          	sw	a3,4(s3)
   10c04:	00e92223          	sw	a4,4(s2)
   10c08:	00f9a023          	sw	a5,0(s3)
   10c0c:	01392023          	sw	s3,0(s2)
   10c10:	000e8f93          	mv	t6,t4
   10c14:	12040e63          	beqz	s0,10d50 <core_bench_list+0x374>
   10c18:	00000913          	li	s2,0
   10c1c:	00000713          	li	a4,0
   10c20:	00000f13          	li	t5,0
   10c24:	001f0f13          	addi	t5,t5,1
   10c28:	00040613          	mv	a2,s0
   10c2c:	00000793          	li	a5,0
   10c30:	01d7d863          	bge	a5,t4,10c40 <core_bench_list+0x264>
   10c34:	00062603          	lw	a2,0(a2) # ffff8000 <__stack_top__+0xfffc8000>
   10c38:	00178793          	addi	a5,a5,1
   10c3c:	fe061ae3          	bnez	a2,10c30 <core_bench_list+0x254>
   10c40:	00040693          	mv	a3,s0
   10c44:	000e8593          	mv	a1,t4
   10c48:	00060413          	mv	s0,a2
   10c4c:	02f05463          	blez	a5,10c74 <core_bench_list+0x298>
   10c50:	00058463          	beqz	a1,10c58 <core_bench_list+0x27c>
   10c54:	02041863          	bnez	s0,10c84 <core_bench_list+0x2a8>
   10c58:	00070613          	mv	a2,a4
   10c5c:	fff78793          	addi	a5,a5,-1
   10c60:	00068713          	mv	a4,a3
   10c64:	0006a683          	lw	a3,0(a3)
   10c68:	08060863          	beqz	a2,10cf8 <core_bench_list+0x31c>
   10c6c:	00e62023          	sw	a4,0(a2)
   10c70:	fef040e3          	bgtz	a5,10c50 <core_bench_list+0x274>
   10c74:	00803633          	snez	a2,s0
   10c78:	0cb05063          	blez	a1,10d38 <core_bench_list+0x35c>
   10c7c:	0c060063          	beqz	a2,10d3c <core_bench_list+0x360>
   10c80:	08078a63          	beqz	a5,10d14 <core_bench_list+0x338>
   10c84:	00442883          	lw	a7,4(s0)
   10c88:	0046a503          	lw	a0,4(a3)
   10c8c:	00289303          	lh	t1,2(a7)
   10c90:	00051603          	lh	a2,0(a0)
   10c94:	00251e03          	lh	t3,2(a0)
   10c98:	01061293          	slli	t0,a2,0x10
   10c9c:	f0067813          	andi	a6,a2,-256
   10ca0:	0182d613          	srli	a2,t0,0x18
   10ca4:	00c86633          	or	a2,a6,a2
   10ca8:	00c51023          	sh	a2,0(a0)
   10cac:	00089603          	lh	a2,0(a7)
   10cb0:	01061813          	slli	a6,a2,0x10
   10cb4:	f0067513          	andi	a0,a2,-256
   10cb8:	01885613          	srli	a2,a6,0x18
   10cbc:	00c56633          	or	a2,a0,a2
   10cc0:	00c89023          	sh	a2,0(a7)
   10cc4:	09c35a63          	bge	t1,t3,10d58 <core_bench_list+0x37c>
   10cc8:	00070613          	mv	a2,a4
   10ccc:	fff58593          	addi	a1,a1,-1
   10cd0:	00040713          	mv	a4,s0
   10cd4:	00042403          	lw	s0,0(s0)
   10cd8:	f8061ae3          	bnez	a2,10c6c <core_bench_list+0x290>
   10cdc:	01c0006f          	j	10cf8 <core_bench_list+0x31c>
   10ce0:	00092903          	lw	s2,0(s2)
   10ce4:	24090263          	beqz	s2,10f28 <core_bench_list+0x54c>
   10ce8:	00492783          	lw	a5,4(s2)
   10cec:	0007c783          	lbu	a5,0(a5)
   10cf0:	fefc18e3          	bne	s8,a5,10ce0 <core_bench_list+0x304>
   10cf4:	ed9ff06f          	j	10bcc <core_bench_list+0x1f0>
   10cf8:	00070913          	mv	s2,a4
   10cfc:	f51ff06f          	j	10c4c <core_bench_list+0x270>
   10d00:	00f72023          	sw	a5,0(a4)
   10d04:	00803633          	snez	a2,s0
   10d08:	00078713          	mv	a4,a5
   10d0c:	02058463          	beqz	a1,10d34 <core_bench_list+0x358>
   10d10:	02060263          	beqz	a2,10d34 <core_bench_list+0x358>
   10d14:	00040793          	mv	a5,s0
   10d18:	fff58593          	addi	a1,a1,-1
   10d1c:	00042403          	lw	s0,0(s0)
   10d20:	fe0710e3          	bnez	a4,10d00 <core_bench_list+0x324>
   10d24:	00078913          	mv	s2,a5
   10d28:	00803633          	snez	a2,s0
   10d2c:	00078713          	mv	a4,a5
   10d30:	fe0590e3          	bnez	a1,10d10 <core_bench_list+0x334>
   10d34:	00078713          	mv	a4,a5
   10d38:	ee0616e3          	bnez	a2,10c24 <core_bench_list+0x248>
   10d3c:	00072023          	sw	zero,0(a4)
   10d40:	05ff0663          	beq	t5,t6,10d8c <core_bench_list+0x3b0>
   10d44:	00090413          	mv	s0,s2
   10d48:	001e9e93          	slli	t4,t4,0x1
   10d4c:	ec0416e3          	bnez	s0,10c18 <core_bench_list+0x23c>
   10d50:	00002023          	sw	zero,0(zero) # 0 <__STACK_SIZE-0x1000>
   10d54:	00100073          	ebreak
   10d58:	0006a503          	lw	a0,0(a3)
   10d5c:	fff78793          	addi	a5,a5,-1
   10d60:	00070c63          	beqz	a4,10d78 <core_bench_list+0x39c>
   10d64:	00070613          	mv	a2,a4
   10d68:	00068713          	mv	a4,a3
   10d6c:	00e62023          	sw	a4,0(a2)
   10d70:	00050693          	mv	a3,a0
   10d74:	efdff06f          	j	10c70 <core_bench_list+0x294>
   10d78:	00068713          	mv	a4,a3
   10d7c:	00068913          	mv	s2,a3
   10d80:	00050693          	mv	a3,a0
   10d84:	f0f042e3          	bgtz	a5,10c88 <core_bench_list+0x2ac>
   10d88:	eedff06f          	j	10c74 <core_bench_list+0x298>
   10d8c:	00092403          	lw	s0,0(s2)
   10d90:	02040263          	beqz	s0,10db4 <core_bench_list+0x3d8>
   10d94:	00492783          	lw	a5,4(s2)
   10d98:	00048593          	mv	a1,s1
   10d9c:	00079503          	lh	a0,0(a5)
   10da0:	00002097          	auipc	ra,0x2
   10da4:	33c080e7          	jalr	828(ra) # 130dc <crc16>
   10da8:	00042403          	lw	s0,0(s0)
   10dac:	00050493          	mv	s1,a0
   10db0:	fe0412e3          	bnez	s0,10d94 <core_bench_list+0x3b8>
   10db4:	03c12083          	lw	ra,60(sp)
   10db8:	03812403          	lw	s0,56(sp)
   10dbc:	03012903          	lw	s2,48(sp)
   10dc0:	02c12983          	lw	s3,44(sp)
   10dc4:	02812a03          	lw	s4,40(sp)
   10dc8:	02412a83          	lw	s5,36(sp)
   10dcc:	02012b03          	lw	s6,32(sp)
   10dd0:	01c12b83          	lw	s7,28(sp)
   10dd4:	01812c03          	lw	s8,24(sp)
   10dd8:	01412c83          	lw	s9,20(sp)
   10ddc:	01012d03          	lw	s10,16(sp)
   10de0:	00c12d83          	lw	s11,12(sp)
   10de4:	00048513          	mv	a0,s1
   10de8:	03412483          	lw	s1,52(sp)
   10dec:	04010113          	addi	sp,sp,64
   10df0:	00008067          	ret
   10df4:	00100a93          	li	s5,1
   10df8:	f4040ce3          	beqz	s0,10d50 <core_bench_list+0x374>
   10dfc:	00000b93          	li	s7,0
   10e00:	00000993          	li	s3,0
   10e04:	00000c93          	li	s9,0
   10e08:	001c8c93          	addi	s9,s9,1
   10e0c:	00040793          	mv	a5,s0
   10e10:	00000913          	li	s2,0
   10e14:	01595863          	bge	s2,s5,10e24 <core_bench_list+0x448>
   10e18:	0007a783          	lw	a5,0(a5)
   10e1c:	00190913          	addi	s2,s2,1
   10e20:	fe079ae3          	bnez	a5,10e14 <core_bench_list+0x438>
   10e24:	00040a13          	mv	s4,s0
   10e28:	000a8d93          	mv	s11,s5
   10e2c:	00078413          	mv	s0,a5
   10e30:	03205463          	blez	s2,10e58 <core_bench_list+0x47c>
   10e34:	000d8463          	beqz	s11,10e3c <core_bench_list+0x460>
   10e38:	02041863          	bnez	s0,10e68 <core_bench_list+0x48c>
   10e3c:	00098793          	mv	a5,s3
   10e40:	fff90913          	addi	s2,s2,-1
   10e44:	000a0993          	mv	s3,s4
   10e48:	000a2a03          	lw	s4,0(s4)
   10e4c:	04078463          	beqz	a5,10e94 <core_bench_list+0x4b8>
   10e50:	0137a023          	sw	s3,0(a5)
   10e54:	ff2040e3          	bgtz	s2,10e34 <core_bench_list+0x458>
   10e58:	008037b3          	snez	a5,s0
   10e5c:	07b05e63          	blez	s11,10ed8 <core_bench_list+0x4fc>
   10e60:	06078e63          	beqz	a5,10edc <core_bench_list+0x500>
   10e64:	02090c63          	beqz	s2,10e9c <core_bench_list+0x4c0>
   10e68:	00442583          	lw	a1,4(s0)
   10e6c:	004a2503          	lw	a0,4(s4)
   10e70:	000b0613          	mv	a2,s6
   10e74:	00000097          	auipc	ra,0x0
   10e78:	8f4080e7          	jalr	-1804(ra) # 10768 <cmp_complex>
   10e7c:	06a05c63          	blez	a0,10ef4 <core_bench_list+0x518>
   10e80:	00098793          	mv	a5,s3
   10e84:	fffd8d93          	addi	s11,s11,-1
   10e88:	00040993          	mv	s3,s0
   10e8c:	00042403          	lw	s0,0(s0)
   10e90:	fc0790e3          	bnez	a5,10e50 <core_bench_list+0x474>
   10e94:	00098b93          	mv	s7,s3
   10e98:	f99ff06f          	j	10e30 <core_bench_list+0x454>
   10e9c:	00098693          	mv	a3,s3
   10ea0:	0180006f          	j	10eb8 <core_bench_list+0x4dc>
   10ea4:	0136a023          	sw	s3,0(a3)
   10ea8:	008037b3          	snez	a5,s0
   10eac:	00098693          	mv	a3,s3
   10eb0:	020d8463          	beqz	s11,10ed8 <core_bench_list+0x4fc>
   10eb4:	02078463          	beqz	a5,10edc <core_bench_list+0x500>
   10eb8:	00040993          	mv	s3,s0
   10ebc:	fffd8d93          	addi	s11,s11,-1
   10ec0:	00042403          	lw	s0,0(s0)
   10ec4:	fe0690e3          	bnez	a3,10ea4 <core_bench_list+0x4c8>
   10ec8:	00098b93          	mv	s7,s3
   10ecc:	008037b3          	snez	a5,s0
   10ed0:	00098693          	mv	a3,s3
   10ed4:	fe0d90e3          	bnez	s11,10eb4 <core_bench_list+0x4d8>
   10ed8:	f20798e3          	bnez	a5,10e08 <core_bench_list+0x42c>
   10edc:	0009a023          	sw	zero,0(s3)
   10ee0:	00100793          	li	a5,1
   10ee4:	0afc8063          	beq	s9,a5,10f84 <core_bench_list+0x5a8>
   10ee8:	001a9a93          	slli	s5,s5,0x1
   10eec:	000b8413          	mv	s0,s7
   10ef0:	f09ff06f          	j	10df8 <core_bench_list+0x41c>
   10ef4:	000a2683          	lw	a3,0(s4)
   10ef8:	fff90913          	addi	s2,s2,-1
   10efc:	00098c63          	beqz	s3,10f14 <core_bench_list+0x538>
   10f00:	00098793          	mv	a5,s3
   10f04:	000a0993          	mv	s3,s4
   10f08:	0137a023          	sw	s3,0(a5)
   10f0c:	00068a13          	mv	s4,a3
   10f10:	f45ff06f          	j	10e54 <core_bench_list+0x478>
   10f14:	000a0993          	mv	s3,s4
   10f18:	000a0b93          	mv	s7,s4
   10f1c:	00068a13          	mv	s4,a3
   10f20:	f52044e3          	bgtz	s2,10e68 <core_bench_list+0x48c>
   10f24:	f35ff06f          	j	10e58 <core_bench_list+0x47c>
   10f28:	00042903          	lw	s2,0(s0)
   10f2c:	cc0904e3          	beqz	s2,10bf4 <core_bench_list+0x218>
   10f30:	00442783          	lw	a5,4(s0)
   10f34:	00048593          	mv	a1,s1
   10f38:	00079503          	lh	a0,0(a5)
   10f3c:	00002097          	auipc	ra,0x2
   10f40:	1a0080e7          	jalr	416(ra) # 130dc <crc16>
   10f44:	00092903          	lw	s2,0(s2)
   10f48:	00050493          	mv	s1,a0
   10f4c:	c80910e3          	bnez	s2,10bcc <core_bench_list+0x1f0>
   10f50:	c9dff06f          	j	10bec <core_bench_list+0x210>
   10f54:	00058d13          	mv	s10,a1
   10f58:	00000493          	li	s1,0
   10f5c:	c1dff06f          	j	10b78 <core_bench_list+0x19c>
   10f60:	02040663          	beqz	s0,10f8c <core_bench_list+0x5b0>
   10f64:	00058613          	mv	a2,a1
   10f68:	00040793          	mv	a5,s0
   10f6c:	00000813          	li	a6,0
   10f70:	00000e93          	li	t4,0
   10f74:	00000893          	li	a7,0
   10f78:	00000693          	li	a3,0
   10f7c:	00000313          	li	t1,0
   10f80:	b89ff06f          	j	10b08 <core_bench_list+0x12c>
   10f84:	000b8413          	mv	s0,s7
   10f88:	bf9ff06f          	j	10b80 <core_bench_list+0x1a4>
   10f8c:	00002783          	lw	a5,0(zero) # 0 <__STACK_SIZE-0x1000>
   10f90:	00100073          	ebreak

00010f94 <core_list_init>:
   10f94:	ccccd7b7          	lui	a5,0xccccd
   10f98:	ccd78793          	addi	a5,a5,-819 # cccccccd <__stack_top__+0xccc9cccd>
   10f9c:	02f537b3          	mulhu	a5,a0,a5
   10fa0:	ff010113          	addi	sp,sp,-16
   10fa4:	00812623          	sw	s0,12(sp)
   10fa8:	00058513          	mv	a0,a1
   10fac:	0005a023          	sw	zero,0(a1)
   10fb0:	ffff86b7          	lui	a3,0xffff8
   10fb4:	08068693          	addi	a3,a3,128 # ffff8080 <__stack_top__+0xfffc8080>
   10fb8:	01058f13          	addi	t5,a1,16
   10fbc:	00858593          	addi	a1,a1,8
   10fc0:	0047d793          	srli	a5,a5,0x4
   10fc4:	ffe78713          	addi	a4,a5,-2
   10fc8:	00371813          	slli	a6,a4,0x3
   10fcc:	01050833          	add	a6,a0,a6
   10fd0:	01052223          	sw	a6,4(a0)
   10fd4:	00271e13          	slli	t3,a4,0x2
   10fd8:	00d81023          	sh	a3,0(a6)
   10fdc:	00081123          	sh	zero,2(a6)
   10fe0:	01c80e33          	add	t3,a6,t3
   10fe4:	00480793          	addi	a5,a6,4
   10fe8:	270f7c63          	bgeu	t5,a6,11260 <core_list_init+0x2cc>
   10fec:	00880693          	addi	a3,a6,8
   10ff0:	27c6f863          	bgeu	a3,t3,11260 <core_list_init+0x2cc>
   10ff4:	ffff88b7          	lui	a7,0xffff8
   10ff8:	00f52623          	sw	a5,12(a0)
   10ffc:	00052423          	sw	zero,8(a0)
   11000:	00b52023          	sw	a1,0(a0)
   11004:	fff8c793          	not	a5,a7
   11008:	fff00893          	li	a7,-1
   1100c:	00f81323          	sh	a5,6(a6)
   11010:	01181223          	sh	a7,4(a6)
   11014:	06070863          	beqz	a4,11084 <core_list_init+0xf0>
   11018:	ffff8eb7          	lui	t4,0xffff8
   1101c:	008f0893          	addi	a7,t5,8
   11020:	fffece93          	not	t4,t4
   11024:	00000593          	li	a1,0
   11028:	0508fc63          	bgeu	a7,a6,11080 <core_list_init+0xec>
   1102c:	00468313          	addi	t1,a3,4
   11030:	21c37e63          	bgeu	t1,t3,1124c <core_list_init+0x2b8>
   11034:	00052f83          	lw	t6,0(a0)
   11038:	00b647b3          	xor	a5,a2,a1
   1103c:	00379793          	slli	a5,a5,0x3
   11040:	0075f293          	andi	t0,a1,7
   11044:	0787f793          	andi	a5,a5,120
   11048:	01ff2023          	sw	t6,0(t5)
   1104c:	0057e7b3          	or	a5,a5,t0
   11050:	01e52023          	sw	t5,0(a0)
   11054:	00879f93          	slli	t6,a5,0x8
   11058:	00df2223          	sw	a3,4(t5)
   1105c:	01f787b3          	add	a5,a5,t6
   11060:	00158593          	addi	a1,a1,1
   11064:	00f69023          	sh	a5,0(a3)
   11068:	01d69123          	sh	t4,2(a3)
   1106c:	00b70a63          	beq	a4,a1,11080 <core_list_init+0xec>
   11070:	00088f13          	mv	t5,a7
   11074:	008f0893          	addi	a7,t5,8
   11078:	00030693          	mv	a3,t1
   1107c:	fb08e8e3          	bltu	a7,a6,1102c <core_list_init+0x98>
   11080:	00052583          	lw	a1,0(a0)
   11084:	0005a803          	lw	a6,0(a1)
   11088:	06080463          	beqz	a6,110f0 <core_list_init+0x15c>
   1108c:	ccccd7b7          	lui	a5,0xccccd
   11090:	ccd78793          	addi	a5,a5,-819 # cccccccd <__stack_top__+0xccc9cccd>
   11094:	02f73733          	mulhu	a4,a4,a5
   11098:	00004e37          	lui	t3,0x4
   1109c:	fffe0e13          	addi	t3,t3,-1 # 3fff <__HEAP_SIZE+0x1fff>
   110a0:	20000313          	li	t1,512
   110a4:	00100793          	li	a5,1
   110a8:	00275713          	srli	a4,a4,0x2
   110ac:	0200006f          	j	110cc <core_list_init+0x138>
   110b0:	00082883          	lw	a7,0(a6)
   110b4:	00f59123          	sh	a5,2(a1)
   110b8:	02088c63          	beqz	a7,110f0 <core_list_init+0x15c>
   110bc:	00080593          	mv	a1,a6
   110c0:	00178793          	addi	a5,a5,1
   110c4:	10030313          	addi	t1,t1,256
   110c8:	00088813          	mv	a6,a7
   110cc:	0045a583          	lw	a1,4(a1)
   110d0:	fee7e0e3          	bltu	a5,a4,110b0 <core_list_init+0x11c>
   110d4:	00c7c8b3          	xor	a7,a5,a2
   110d8:	70037693          	andi	a3,t1,1792
   110dc:	0116e6b3          	or	a3,a3,a7
   110e0:	00082883          	lw	a7,0(a6)
   110e4:	01c6f6b3          	and	a3,a3,t3
   110e8:	00d59123          	sh	a3,2(a1)
   110ec:	fc0898e3          	bnez	a7,110bc <core_list_init+0x128>
   110f0:	00100f93          	li	t6,1
   110f4:	000f8413          	mv	s0,t6
   110f8:	00050713          	mv	a4,a0
   110fc:	00000613          	li	a2,0
   11100:	00000513          	li	a0,0
   11104:	00000393          	li	t2,0
   11108:	00138393          	addi	t2,t2,1
   1110c:	00070593          	mv	a1,a4
   11110:	00000793          	li	a5,0
   11114:	01f7d863          	bge	a5,t6,11124 <core_list_init+0x190>
   11118:	0005a583          	lw	a1,0(a1)
   1111c:	00178793          	addi	a5,a5,1
   11120:	fe059ae3          	bnez	a1,11114 <core_list_init+0x180>
   11124:	00070693          	mv	a3,a4
   11128:	000f8813          	mv	a6,t6
   1112c:	00058713          	mv	a4,a1
   11130:	02f05463          	blez	a5,11158 <core_list_init+0x1c4>
   11134:	00080463          	beqz	a6,1113c <core_list_init+0x1a8>
   11138:	02071863          	bnez	a4,11168 <core_list_init+0x1d4>
   1113c:	0006a583          	lw	a1,0(a3)
   11140:	fff78793          	addi	a5,a5,-1
   11144:	06060e63          	beqz	a2,111c0 <core_list_init+0x22c>
   11148:	00d62023          	sw	a3,0(a2)
   1114c:	00068613          	mv	a2,a3
   11150:	00058693          	mv	a3,a1
   11154:	fef040e3          	bgtz	a5,11134 <core_list_init+0x1a0>
   11158:	00e035b3          	snez	a1,a4
   1115c:	0b005463          	blez	a6,11204 <core_list_init+0x270>
   11160:	0a058463          	beqz	a1,11208 <core_list_init+0x274>
   11164:	06078263          	beqz	a5,111c8 <core_list_init+0x234>
   11168:	00472e03          	lw	t3,4(a4)
   1116c:	0046a883          	lw	a7,4(a3)
   11170:	002e1e83          	lh	t4,2(t3)
   11174:	00089583          	lh	a1,0(a7) # ffff8000 <__stack_top__+0xfffc8000>
   11178:	00289f03          	lh	t5,2(a7)
   1117c:	01059293          	slli	t0,a1,0x10
   11180:	f005f313          	andi	t1,a1,-256
   11184:	0182d593          	srli	a1,t0,0x18
   11188:	00b365b3          	or	a1,t1,a1
   1118c:	00b89023          	sh	a1,0(a7)
   11190:	000e1583          	lh	a1,0(t3)
   11194:	01059313          	slli	t1,a1,0x10
   11198:	f005f893          	andi	a7,a1,-256
   1119c:	01835593          	srli	a1,t1,0x18
   111a0:	00b8e5b3          	or	a1,a7,a1
   111a4:	00be1023          	sh	a1,0(t3)
   111a8:	07eedc63          	bge	t4,t5,11220 <core_list_init+0x28c>
   111ac:	00068593          	mv	a1,a3
   111b0:	fff80813          	addi	a6,a6,-1
   111b4:	00070693          	mv	a3,a4
   111b8:	00072703          	lw	a4,0(a4)
   111bc:	f80616e3          	bnez	a2,11148 <core_list_init+0x1b4>
   111c0:	00068513          	mv	a0,a3
   111c4:	f89ff06f          	j	1114c <core_list_init+0x1b8>
   111c8:	00060793          	mv	a5,a2
   111cc:	0180006f          	j	111e4 <core_list_init+0x250>
   111d0:	00c7a023          	sw	a2,0(a5)
   111d4:	00e035b3          	snez	a1,a4
   111d8:	00060793          	mv	a5,a2
   111dc:	02080463          	beqz	a6,11204 <core_list_init+0x270>
   111e0:	02058463          	beqz	a1,11208 <core_list_init+0x274>
   111e4:	00070613          	mv	a2,a4
   111e8:	fff80813          	addi	a6,a6,-1
   111ec:	00072703          	lw	a4,0(a4)
   111f0:	fe0790e3          	bnez	a5,111d0 <core_list_init+0x23c>
   111f4:	00060513          	mv	a0,a2
   111f8:	00e035b3          	snez	a1,a4
   111fc:	00060793          	mv	a5,a2
   11200:	fe0810e3          	bnez	a6,111e0 <core_list_init+0x24c>
   11204:	f00592e3          	bnez	a1,11108 <core_list_init+0x174>
   11208:	00062023          	sw	zero,0(a2)
   1120c:	02838a63          	beq	t2,s0,11240 <core_list_init+0x2ac>
   11210:	001f9f93          	slli	t6,t6,0x1
   11214:	ee0512e3          	bnez	a0,110f8 <core_list_init+0x164>
   11218:	00002023          	sw	zero,0(zero) # 0 <__STACK_SIZE-0x1000>
   1121c:	00100073          	ebreak
   11220:	0006a583          	lw	a1,0(a3)
   11224:	fff78793          	addi	a5,a5,-1
   11228:	f20610e3          	bnez	a2,11148 <core_list_init+0x1b4>
   1122c:	00068613          	mv	a2,a3
   11230:	00068513          	mv	a0,a3
   11234:	00058693          	mv	a3,a1
   11238:	f2f04ae3          	bgtz	a5,1116c <core_list_init+0x1d8>
   1123c:	f1dff06f          	j	11158 <core_list_init+0x1c4>
   11240:	00c12403          	lw	s0,12(sp)
   11244:	01010113          	addi	sp,sp,16
   11248:	00008067          	ret
   1124c:	00158593          	addi	a1,a1,1
   11250:	e2b708e3          	beq	a4,a1,11080 <core_list_init+0xec>
   11254:	00068313          	mv	t1,a3
   11258:	000f0893          	mv	a7,t5
   1125c:	e15ff06f          	j	11070 <core_list_init+0xdc>
   11260:	00058f13          	mv	t5,a1
   11264:	00078693          	mv	a3,a5
   11268:	00000593          	li	a1,0
   1126c:	da9ff06f          	j	11014 <core_list_init+0x80>

00011270 <iterate>:
   11270:	ff010113          	addi	sp,sp,-16
   11274:	01212023          	sw	s2,0(sp)
   11278:	01c52903          	lw	s2,28(a0)
   1127c:	00112623          	sw	ra,12(sp)
   11280:	02052c23          	sw	zero,56(a0)
   11284:	02052e23          	sw	zero,60(a0)
   11288:	0a090a63          	beqz	s2,1133c <iterate+0xcc>
   1128c:	00100593          	li	a1,1
   11290:	00812423          	sw	s0,8(sp)
   11294:	00912223          	sw	s1,4(sp)
   11298:	00050413          	mv	s0,a0
   1129c:	fffff097          	auipc	ra,0xfffff
   112a0:	740080e7          	jalr	1856(ra) # 109dc <core_bench_list>
   112a4:	03845583          	lhu	a1,56(s0)
   112a8:	00100493          	li	s1,1
   112ac:	00001097          	auipc	ra,0x1
   112b0:	7e8080e7          	jalr	2024(ra) # 12a94 <crcu16>
   112b4:	02a41c23          	sh	a0,56(s0)
   112b8:	fff00593          	li	a1,-1
   112bc:	00040513          	mv	a0,s0
   112c0:	fffff097          	auipc	ra,0xfffff
   112c4:	71c080e7          	jalr	1820(ra) # 109dc <core_bench_list>
   112c8:	03845583          	lhu	a1,56(s0)
   112cc:	00001097          	auipc	ra,0x1
   112d0:	7c8080e7          	jalr	1992(ra) # 12a94 <crcu16>
   112d4:	01051793          	slli	a5,a0,0x10
   112d8:	0107d793          	srli	a5,a5,0x10
   112dc:	01051513          	slli	a0,a0,0x10
   112e0:	00a7e7b3          	or	a5,a5,a0
   112e4:	02f42c23          	sw	a5,56(s0)
   112e8:	04990663          	beq	s2,s1,11334 <iterate+0xc4>
   112ec:	00100593          	li	a1,1
   112f0:	00040513          	mv	a0,s0
   112f4:	fffff097          	auipc	ra,0xfffff
   112f8:	6e8080e7          	jalr	1768(ra) # 109dc <core_bench_list>
   112fc:	03845583          	lhu	a1,56(s0)
   11300:	00148493          	addi	s1,s1,1
   11304:	00001097          	auipc	ra,0x1
   11308:	790080e7          	jalr	1936(ra) # 12a94 <crcu16>
   1130c:	02a41c23          	sh	a0,56(s0)
   11310:	fff00593          	li	a1,-1
   11314:	00040513          	mv	a0,s0
   11318:	fffff097          	auipc	ra,0xfffff
   1131c:	6c4080e7          	jalr	1732(ra) # 109dc <core_bench_list>
   11320:	03845583          	lhu	a1,56(s0)
   11324:	00001097          	auipc	ra,0x1
   11328:	770080e7          	jalr	1904(ra) # 12a94 <crcu16>
   1132c:	02a41c23          	sh	a0,56(s0)
   11330:	fa991ee3          	bne	s2,s1,112ec <iterate+0x7c>
   11334:	00812403          	lw	s0,8(sp)
   11338:	00412483          	lw	s1,4(sp)
   1133c:	00c12083          	lw	ra,12(sp)
   11340:	00012903          	lw	s2,0(sp)
   11344:	00000513          	li	a0,0
   11348:	01010113          	addi	sp,sp,16
   1134c:	00008067          	ret

00011350 <main>:
   11350:	f9010113          	addi	sp,sp,-112
   11354:	00410613          	addi	a2,sp,4
   11358:	00010593          	mv	a1,sp
   1135c:	04c10513          	addi	a0,sp,76
   11360:	06112623          	sw	ra,108(sp)
   11364:	06812423          	sw	s0,104(sp)
   11368:	06912223          	sw	s1,100(sp)
   1136c:	07212023          	sw	s2,96(sp)
   11370:	05312e23          	sw	s3,92(sp)
   11374:	00012023          	sw	zero,0(sp)
   11378:	00001097          	auipc	ra,0x1
   1137c:	f74080e7          	jalr	-140(ra) # 122ec <portable_init>
   11380:	00100513          	li	a0,1
   11384:	00001097          	auipc	ra,0x1
   11388:	6ac080e7          	jalr	1708(ra) # 12a30 <get_seed_32>
   1138c:	00a11423          	sh	a0,8(sp)
   11390:	00200513          	li	a0,2
   11394:	00001097          	auipc	ra,0x1
   11398:	69c080e7          	jalr	1692(ra) # 12a30 <get_seed_32>
   1139c:	00a11523          	sh	a0,10(sp)
   113a0:	00300513          	li	a0,3
   113a4:	00001097          	auipc	ra,0x1
   113a8:	68c080e7          	jalr	1676(ra) # 12a30 <get_seed_32>
   113ac:	00a11623          	sh	a0,12(sp)
   113b0:	00400513          	li	a0,4
   113b4:	00001097          	auipc	ra,0x1
   113b8:	67c080e7          	jalr	1660(ra) # 12a30 <get_seed_32>
   113bc:	02a12223          	sw	a0,36(sp)
   113c0:	00500513          	li	a0,5
   113c4:	00001097          	auipc	ra,0x1
   113c8:	66c080e7          	jalr	1644(ra) # 12a30 <get_seed_32>
   113cc:	00051463          	bnez	a0,113d4 <main+0x84>
   113d0:	00700513          	li	a0,7
   113d4:	00812783          	lw	a5,8(sp)
   113d8:	02a12423          	sw	a0,40(sp)
   113dc:	68078863          	beqz	a5,11a6c <main+0x71c>
   113e0:	00100713          	li	a4,1
   113e4:	7ae78063          	beq	a5,a4,11b84 <main+0x834>
   113e8:	000217b7          	lui	a5,0x21
   113ec:	9b478793          	addi	a5,a5,-1612 # 209b4 <static_memblk>
   113f0:	00157713          	andi	a4,a0,1
   113f4:	00257693          	andi	a3,a0,2
   113f8:	04011423          	sh	zero,72(sp)
   113fc:	00f12823          	sw	a5,16(sp)
   11400:	00070613          	mv	a2,a4
   11404:	00457513          	andi	a0,a0,4
   11408:	22069a63          	bnez	a3,1163c <main+0x2ec>
   1140c:	26050e63          	beqz	a0,11688 <main+0x338>
   11410:	00170693          	addi	a3,a4,1
   11414:	7d000593          	li	a1,2000
   11418:	02d5d5b3          	divu	a1,a1,a3
   1141c:	02b12023          	sw	a1,32(sp)
   11420:	66071a63          	bnez	a4,11a94 <main+0x744>
   11424:	02b70733          	mul	a4,a4,a1
   11428:	00e787b3          	add	a5,a5,a4
   1142c:	00f12e23          	sw	a5,28(sp)
   11430:	02812783          	lw	a5,40(sp)
   11434:	0017f713          	andi	a4,a5,1
   11438:	02070063          	beqz	a4,11458 <main+0x108>
   1143c:	00811603          	lh	a2,8(sp)
   11440:	01412583          	lw	a1,20(sp)
   11444:	02012503          	lw	a0,32(sp)
   11448:	00000097          	auipc	ra,0x0
   1144c:	b4c080e7          	jalr	-1204(ra) # 10f94 <core_list_init>
   11450:	02812783          	lw	a5,40(sp)
   11454:	02a12623          	sw	a0,44(sp)
   11458:	0027f713          	andi	a4,a5,2
   1145c:	24071063          	bnez	a4,1169c <main+0x34c>
   11460:	0047f793          	andi	a5,a5,4
   11464:	00078c63          	beqz	a5,1147c <main+0x12c>
   11468:	01c12603          	lw	a2,28(sp)
   1146c:	00811583          	lh	a1,8(sp)
   11470:	02012503          	lw	a0,32(sp)
   11474:	00001097          	auipc	ra,0x1
   11478:	e88080e7          	jalr	-376(ra) # 122fc <core_init_state>
   1147c:	02412783          	lw	a5,36(sp)
   11480:	10079663          	bnez	a5,1158c <main+0x23c>
   11484:	00100913          	li	s2,1
   11488:	03212223          	sw	s2,36(sp)
   1148c:	02412703          	lw	a4,36(sp)
   11490:	00271793          	slli	a5,a4,0x2
   11494:	00e787b3          	add	a5,a5,a4
   11498:	00179793          	slli	a5,a5,0x1
   1149c:	02f12223          	sw	a5,36(sp)
   114a0:	00001097          	auipc	ra,0x1
   114a4:	db8080e7          	jalr	-584(ra) # 12258 <start_time>
   114a8:	02412483          	lw	s1,36(sp)
   114ac:	04012023          	sw	zero,64(sp)
   114b0:	04012223          	sw	zero,68(sp)
   114b4:	0a048263          	beqz	s1,11558 <main+0x208>
   114b8:	00100593          	li	a1,1
   114bc:	00810513          	addi	a0,sp,8
   114c0:	fffff097          	auipc	ra,0xfffff
   114c4:	51c080e7          	jalr	1308(ra) # 109dc <core_bench_list>
   114c8:	04015583          	lhu	a1,64(sp)
   114cc:	00100413          	li	s0,1
   114d0:	00001097          	auipc	ra,0x1
   114d4:	5c4080e7          	jalr	1476(ra) # 12a94 <crcu16>
   114d8:	04a11023          	sh	a0,64(sp)
   114dc:	fff00593          	li	a1,-1
   114e0:	00810513          	addi	a0,sp,8
   114e4:	fffff097          	auipc	ra,0xfffff
   114e8:	4f8080e7          	jalr	1272(ra) # 109dc <core_bench_list>
   114ec:	04015583          	lhu	a1,64(sp)
   114f0:	00001097          	auipc	ra,0x1
   114f4:	5a4080e7          	jalr	1444(ra) # 12a94 <crcu16>
   114f8:	01051793          	slli	a5,a0,0x10
   114fc:	0107d793          	srli	a5,a5,0x10
   11500:	01051513          	slli	a0,a0,0x10
   11504:	00a7e7b3          	or	a5,a5,a0
   11508:	04f12023          	sw	a5,64(sp)
   1150c:	05248663          	beq	s1,s2,11558 <main+0x208>
   11510:	00100593          	li	a1,1
   11514:	00810513          	addi	a0,sp,8
   11518:	fffff097          	auipc	ra,0xfffff
   1151c:	4c4080e7          	jalr	1220(ra) # 109dc <core_bench_list>
   11520:	04015583          	lhu	a1,64(sp)
   11524:	00140413          	addi	s0,s0,1
   11528:	00001097          	auipc	ra,0x1
   1152c:	56c080e7          	jalr	1388(ra) # 12a94 <crcu16>
   11530:	04a11023          	sh	a0,64(sp)
   11534:	fff00593          	li	a1,-1
   11538:	00810513          	addi	a0,sp,8
   1153c:	fffff097          	auipc	ra,0xfffff
   11540:	4a0080e7          	jalr	1184(ra) # 109dc <core_bench_list>
   11544:	04015583          	lhu	a1,64(sp)
   11548:	00001097          	auipc	ra,0x1
   1154c:	54c080e7          	jalr	1356(ra) # 12a94 <crcu16>
   11550:	04a11023          	sh	a0,64(sp)
   11554:	fa941ee3          	bne	s0,s1,11510 <main+0x1c0>
   11558:	00001097          	auipc	ra,0x1
   1155c:	d20080e7          	jalr	-736(ra) # 12278 <stop_time>
   11560:	00001097          	auipc	ra,0x1
   11564:	d38080e7          	jalr	-712(ra) # 12298 <get_time>
   11568:	00001097          	auipc	ra,0x1
   1156c:	d5c080e7          	jalr	-676(ra) # 122c4 <time_in_secs>
   11570:	f0050ee3          	beqz	a0,1148c <main+0x13c>
   11574:	00a00793          	li	a5,10
   11578:	02a7d7b3          	divu	a5,a5,a0
   1157c:	02412703          	lw	a4,36(sp)
   11580:	00178793          	addi	a5,a5,1
   11584:	02f707b3          	mul	a5,a4,a5
   11588:	02f12223          	sw	a5,36(sp)
   1158c:	00001097          	auipc	ra,0x1
   11590:	ccc080e7          	jalr	-820(ra) # 12258 <start_time>
   11594:	00810513          	addi	a0,sp,8
   11598:	00000097          	auipc	ra,0x0
   1159c:	cd8080e7          	jalr	-808(ra) # 11270 <iterate>
   115a0:	00001097          	auipc	ra,0x1
   115a4:	cd8080e7          	jalr	-808(ra) # 12278 <stop_time>
   115a8:	00001097          	auipc	ra,0x1
   115ac:	cf0080e7          	jalr	-784(ra) # 12298 <get_time>
   115b0:	00050913          	mv	s2,a0
   115b4:	00811503          	lh	a0,8(sp)
   115b8:	00058993          	mv	s3,a1
   115bc:	00000593          	li	a1,0
   115c0:	00002097          	auipc	ra,0x2
   115c4:	b1c080e7          	jalr	-1252(ra) # 130dc <crc16>
   115c8:	00050593          	mv	a1,a0
   115cc:	00a11503          	lh	a0,10(sp)
   115d0:	00002097          	auipc	ra,0x2
   115d4:	b0c080e7          	jalr	-1268(ra) # 130dc <crc16>
   115d8:	00050593          	mv	a1,a0
   115dc:	00c11503          	lh	a0,12(sp)
   115e0:	00002097          	auipc	ra,0x2
   115e4:	afc080e7          	jalr	-1284(ra) # 130dc <crc16>
   115e8:	00050593          	mv	a1,a0
   115ec:	02011503          	lh	a0,32(sp)
   115f0:	00002097          	auipc	ra,0x2
   115f4:	aec080e7          	jalr	-1300(ra) # 130dc <crc16>
   115f8:	000087b7          	lui	a5,0x8
   115fc:	b0578793          	addi	a5,a5,-1275 # 7b05 <__HEAP_SIZE+0x5b05>
   11600:	00050493          	mv	s1,a0
   11604:	56f50463          	beq	a0,a5,11b6c <main+0x81c>
   11608:	0ca7e463          	bltu	a5,a0,116d0 <main+0x380>
   1160c:	000027b7          	lui	a5,0x2
   11610:	8f278793          	addi	a5,a5,-1806 # 18f2 <__STACK_SIZE+0x8f2>
   11614:	54f50063          	beq	a0,a5,11b54 <main+0x804>
   11618:	000057b7          	lui	a5,0x5
   1161c:	eaf78793          	addi	a5,a5,-337 # 4eaf <__HEAP_SIZE+0x2eaf>
   11620:	46f51063          	bne	a0,a5,11a80 <main+0x730>
   11624:	00020537          	lui	a0,0x20
   11628:	2cc50513          	addi	a0,a0,716 # 202cc <_impure_ptr+0x264>
   1162c:	00002097          	auipc	ra,0x2
   11630:	eb4080e7          	jalr	-332(ra) # 134e0 <puts>
   11634:	00200413          	li	s0,2
   11638:	0c40006f          	j	116fc <main+0x3ac>
   1163c:	00170713          	addi	a4,a4,1
   11640:	02050863          	beqz	a0,11670 <main+0x320>
   11644:	00260693          	addi	a3,a2,2
   11648:	7d000593          	li	a1,2000
   1164c:	02d5d5b3          	divu	a1,a1,a3
   11650:	02b12023          	sw	a1,32(sp)
   11654:	42061a63          	bnez	a2,11a88 <main+0x738>
   11658:	00400513          	li	a0,4
   1165c:	02b606b3          	mul	a3,a2,a1
   11660:	00d786b3          	add	a3,a5,a3
   11664:	00d12c23          	sw	a3,24(sp)
   11668:	dc0504e3          	beqz	a0,11430 <main+0xe0>
   1166c:	db9ff06f          	j	11424 <main+0xd4>
   11670:	7d000593          	li	a1,2000
   11674:	02e5d5b3          	divu	a1,a1,a4
   11678:	02b12023          	sw	a1,32(sp)
   1167c:	fe0600e3          	beqz	a2,1165c <main+0x30c>
   11680:	00f12a23          	sw	a5,20(sp)
   11684:	fd9ff06f          	j	1165c <main+0x30c>
   11688:	7d000693          	li	a3,2000
   1168c:	02d12023          	sw	a3,32(sp)
   11690:	da0700e3          	beqz	a4,11430 <main+0xe0>
   11694:	00f12a23          	sw	a5,20(sp)
   11698:	d99ff06f          	j	11430 <main+0xe0>
   1169c:	00a11783          	lh	a5,10(sp)
   116a0:	00811603          	lh	a2,8(sp)
   116a4:	01812583          	lw	a1,24(sp)
   116a8:	02012503          	lw	a0,32(sp)
   116ac:	01079793          	slli	a5,a5,0x10
   116b0:	00c7e633          	or	a2,a5,a2
   116b4:	03010693          	addi	a3,sp,48
   116b8:	00001097          	auipc	ra,0x1
   116bc:	a84080e7          	jalr	-1404(ra) # 1213c <core_init_matrix>
   116c0:	02812783          	lw	a5,40(sp)
   116c4:	0047f793          	andi	a5,a5,4
   116c8:	da0790e3          	bnez	a5,11468 <main+0x118>
   116cc:	db1ff06f          	j	1147c <main+0x12c>
   116d0:	000097b7          	lui	a5,0x9
   116d4:	a0278793          	addi	a5,a5,-1534 # 8a02 <__HEAP_SIZE+0x6a02>
   116d8:	46f50263          	beq	a0,a5,11b3c <main+0x7ec>
   116dc:	0000f7b7          	lui	a5,0xf
   116e0:	9f578793          	addi	a5,a5,-1547 # e9f5 <__HEAP_SIZE+0xc9f5>
   116e4:	38f51e63          	bne	a0,a5,11a80 <main+0x730>
   116e8:	00020537          	lui	a0,0x20
   116ec:	2fc50513          	addi	a0,a0,764 # 202fc <_impure_ptr+0x294>
   116f0:	00002097          	auipc	ra,0x2
   116f4:	df0080e7          	jalr	-528(ra) # 134e0 <puts>
   116f8:	00300413          	li	s0,3
   116fc:	02812783          	lw	a5,40(sp)
   11700:	04011423          	sh	zero,72(sp)
   11704:	0017f713          	andi	a4,a5,1
   11708:	04070263          	beqz	a4,1174c <main+0x3fc>
   1170c:	00020737          	lui	a4,0x20
   11710:	00141693          	slli	a3,s0,0x1
   11714:	7dc70713          	addi	a4,a4,2012 # 207dc <list_known_crc>
   11718:	00d70733          	add	a4,a4,a3
   1171c:	00075683          	lhu	a3,0(a4)
   11720:	04215603          	lhu	a2,66(sp)
   11724:	02d60463          	beq	a2,a3,1174c <main+0x3fc>
   11728:	00020537          	lui	a0,0x20
   1172c:	35450513          	addi	a0,a0,852 # 20354 <_impure_ptr+0x2ec>
   11730:	00000593          	li	a1,0
   11734:	00002097          	auipc	ra,0x2
   11738:	bdc080e7          	jalr	-1060(ra) # 13310 <iprintf>
   1173c:	04815703          	lhu	a4,72(sp)
   11740:	02812783          	lw	a5,40(sp)
   11744:	00170713          	addi	a4,a4,1
   11748:	04e11423          	sh	a4,72(sp)
   1174c:	0027f713          	andi	a4,a5,2
   11750:	04070263          	beqz	a4,11794 <main+0x444>
   11754:	00020737          	lui	a4,0x20
   11758:	00141693          	slli	a3,s0,0x1
   1175c:	7d070713          	addi	a4,a4,2000 # 207d0 <matrix_known_crc>
   11760:	00d70733          	add	a4,a4,a3
   11764:	00075683          	lhu	a3,0(a4)
   11768:	04415603          	lhu	a2,68(sp)
   1176c:	02d60463          	beq	a2,a3,11794 <main+0x444>
   11770:	00020537          	lui	a0,0x20
   11774:	38450513          	addi	a0,a0,900 # 20384 <_impure_ptr+0x31c>
   11778:	00000593          	li	a1,0
   1177c:	00002097          	auipc	ra,0x2
   11780:	b94080e7          	jalr	-1132(ra) # 13310 <iprintf>
   11784:	04815703          	lhu	a4,72(sp)
   11788:	02812783          	lw	a5,40(sp)
   1178c:	00170713          	addi	a4,a4,1
   11790:	04e11423          	sh	a4,72(sp)
   11794:	0047f793          	andi	a5,a5,4
   11798:	04078063          	beqz	a5,117d8 <main+0x488>
   1179c:	000207b7          	lui	a5,0x20
   117a0:	00141413          	slli	s0,s0,0x1
   117a4:	7c478793          	addi	a5,a5,1988 # 207c4 <state_known_crc>
   117a8:	008787b3          	add	a5,a5,s0
   117ac:	0007d683          	lhu	a3,0(a5)
   117b0:	04615603          	lhu	a2,70(sp)
   117b4:	02d60263          	beq	a2,a3,117d8 <main+0x488>
   117b8:	00020537          	lui	a0,0x20
   117bc:	3b850513          	addi	a0,a0,952 # 203b8 <_impure_ptr+0x350>
   117c0:	00000593          	li	a1,0
   117c4:	00002097          	auipc	ra,0x2
   117c8:	b4c080e7          	jalr	-1204(ra) # 13310 <iprintf>
   117cc:	04815783          	lhu	a5,72(sp)
   117d0:	00178793          	addi	a5,a5,1
   117d4:	04f11423          	sh	a5,72(sp)
   117d8:	04811403          	lh	s0,72(sp)
   117dc:	00002097          	auipc	ra,0x2
   117e0:	b2c080e7          	jalr	-1236(ra) # 13308 <check_data_types>
   117e4:	02012583          	lw	a1,32(sp)
   117e8:	00850433          	add	s0,a0,s0
   117ec:	00020537          	lui	a0,0x20
   117f0:	3e850513          	addi	a0,a0,1000 # 203e8 <_impure_ptr+0x380>
   117f4:	00002097          	auipc	ra,0x2
   117f8:	b1c080e7          	jalr	-1252(ra) # 13310 <iprintf>
   117fc:	00020537          	lui	a0,0x20
   11800:	00090593          	mv	a1,s2
   11804:	40050513          	addi	a0,a0,1024 # 20400 <_impure_ptr+0x398>
   11808:	00002097          	auipc	ra,0x2
   1180c:	b08080e7          	jalr	-1272(ra) # 13310 <iprintf>
   11810:	000f4537          	lui	a0,0xf4
   11814:	24050513          	addi	a0,a0,576 # f4240 <__stack_top__+0xc4240>
   11818:	02a985b3          	mul	a1,s3,a0
   1181c:	04787637          	lui	a2,0x4787
   11820:	8c060613          	addi	a2,a2,-1856 # 47868c0 <__stack_top__+0x47568c0>
   11824:	00000693          	li	a3,0
   11828:	01041413          	slli	s0,s0,0x10
   1182c:	41045413          	srai	s0,s0,0x10
   11830:	02a937b3          	mulhu	a5,s2,a0
   11834:	02a90533          	mul	a0,s2,a0
   11838:	00f585b3          	add	a1,a1,a5
   1183c:	00004097          	auipc	ra,0x4
   11840:	81c080e7          	jalr	-2020(ra) # 15058 <__udivdi3>
   11844:	00050993          	mv	s3,a0
   11848:	00050593          	mv	a1,a0
   1184c:	00020537          	lui	a0,0x20
   11850:	41850513          	addi	a0,a0,1048 # 20418 <_impure_ptr+0x3b0>
   11854:	00002097          	auipc	ra,0x2
   11858:	abc080e7          	jalr	-1348(ra) # 13310 <iprintf>
   1185c:	24098063          	beqz	s3,11a9c <main+0x74c>
   11860:	02412503          	lw	a0,36(sp)
   11864:	9f7bd7b7          	lui	a5,0x9f7bd
   11868:	c0078793          	addi	a5,a5,-1024 # 9f7bcc00 <__stack_top__+0x9f78cc00>
   1186c:	0ae00713          	li	a4,174
   11870:	02f535b3          	mulhu	a1,a0,a5
   11874:	00090613          	mv	a2,s2
   11878:	00000693          	li	a3,0
   1187c:	02e50733          	mul	a4,a0,a4
   11880:	02f50533          	mul	a0,a0,a5
   11884:	00b705b3          	add	a1,a4,a1
   11888:	00003097          	auipc	ra,0x3
   1188c:	7d0080e7          	jalr	2000(ra) # 15058 <__udivdi3>
   11890:	00050913          	mv	s2,a0
   11894:	00020537          	lui	a0,0x20
   11898:	43050513          	addi	a0,a0,1072 # 20430 <_impure_ptr+0x3c8>
   1189c:	00058993          	mv	s3,a1
   118a0:	00002097          	auipc	ra,0x2
   118a4:	a70080e7          	jalr	-1424(ra) # 13310 <iprintf>
   118a8:	000025b7          	lui	a1,0x2
   118ac:	71058593          	addi	a1,a1,1808 # 2710 <__HEAP_SIZE+0x710>
   118b0:	00090513          	mv	a0,s2
   118b4:	fffff097          	auipc	ra,0xfffff
   118b8:	dd8080e7          	jalr	-552(ra) # 1068c <print_fixed_scaled>
   118bc:	00a00513          	li	a0,10
   118c0:	00002097          	auipc	ra,0x2
   118c4:	aa4080e7          	jalr	-1372(ra) # 13364 <putchar>
   118c8:	00020537          	lui	a0,0x20
   118cc:	44450513          	addi	a0,a0,1092 # 20444 <_impure_ptr+0x3dc>
   118d0:	00002097          	auipc	ra,0x2
   118d4:	a40080e7          	jalr	-1472(ra) # 13310 <iprintf>
   118d8:	04b00613          	li	a2,75
   118dc:	00000693          	li	a3,0
   118e0:	00090513          	mv	a0,s2
   118e4:	00098593          	mv	a1,s3
   118e8:	00003097          	auipc	ra,0x3
   118ec:	770080e7          	jalr	1904(ra) # 15058 <__udivdi3>
   118f0:	000025b7          	lui	a1,0x2
   118f4:	71058593          	addi	a1,a1,1808 # 2710 <__HEAP_SIZE+0x710>
   118f8:	fffff097          	auipc	ra,0xfffff
   118fc:	d94080e7          	jalr	-620(ra) # 1068c <print_fixed_scaled>
   11900:	00a00513          	li	a0,10
   11904:	00002097          	auipc	ra,0x2
   11908:	a60080e7          	jalr	-1440(ra) # 13364 <putchar>
   1190c:	bc602973          	csrr	s2,0xbc6
   11910:	bc9029f3          	csrr	s3,0xbc9
   11914:	00020537          	lui	a0,0x20
   11918:	00090593          	mv	a1,s2
   1191c:	49850513          	addi	a0,a0,1176 # 20498 <_impure_ptr+0x430>
   11920:	00002097          	auipc	ra,0x2
   11924:	9f0080e7          	jalr	-1552(ra) # 13310 <iprintf>
   11928:	00020537          	lui	a0,0x20
   1192c:	00098593          	mv	a1,s3
   11930:	4b050513          	addi	a0,a0,1200 # 204b0 <_impure_ptr+0x448>
   11934:	00002097          	auipc	ra,0x2
   11938:	9dc080e7          	jalr	-1572(ra) # 13310 <iprintf>
   1193c:	18091c63          	bnez	s2,11ad4 <main+0x784>
   11940:	02412583          	lw	a1,36(sp)
   11944:	00020537          	lui	a0,0x20
   11948:	4e050513          	addi	a0,a0,1248 # 204e0 <_impure_ptr+0x478>
   1194c:	00002097          	auipc	ra,0x2
   11950:	9c4080e7          	jalr	-1596(ra) # 13310 <iprintf>
   11954:	000205b7          	lui	a1,0x20
   11958:	00020537          	lui	a0,0x20
   1195c:	4f858593          	addi	a1,a1,1272 # 204f8 <_impure_ptr+0x490>
   11960:	50450513          	addi	a0,a0,1284 # 20504 <_impure_ptr+0x49c>
   11964:	00002097          	auipc	ra,0x2
   11968:	9ac080e7          	jalr	-1620(ra) # 13310 <iprintf>
   1196c:	000205b7          	lui	a1,0x20
   11970:	00020537          	lui	a0,0x20
   11974:	51c58593          	addi	a1,a1,1308 # 2051c <_impure_ptr+0x4b4>
   11978:	54050513          	addi	a0,a0,1344 # 20540 <_impure_ptr+0x4d8>
   1197c:	00002097          	auipc	ra,0x2
   11980:	994080e7          	jalr	-1644(ra) # 13310 <iprintf>
   11984:	000205b7          	lui	a1,0x20
   11988:	00020537          	lui	a0,0x20
   1198c:	55858593          	addi	a1,a1,1368 # 20558 <_impure_ptr+0x4f0>
   11990:	56050513          	addi	a0,a0,1376 # 20560 <_impure_ptr+0x4f8>
   11994:	00002097          	auipc	ra,0x2
   11998:	97c080e7          	jalr	-1668(ra) # 13310 <iprintf>
   1199c:	00020537          	lui	a0,0x20
   119a0:	00048593          	mv	a1,s1
   119a4:	57850513          	addi	a0,a0,1400 # 20578 <_impure_ptr+0x510>
   119a8:	00002097          	auipc	ra,0x2
   119ac:	968080e7          	jalr	-1688(ra) # 13310 <iprintf>
   119b0:	02812783          	lw	a5,40(sp)
   119b4:	0017f713          	andi	a4,a5,1
   119b8:	02070063          	beqz	a4,119d8 <main+0x688>
   119bc:	04215603          	lhu	a2,66(sp)
   119c0:	00020537          	lui	a0,0x20
   119c4:	59450513          	addi	a0,a0,1428 # 20594 <_impure_ptr+0x52c>
   119c8:	00000593          	li	a1,0
   119cc:	00002097          	auipc	ra,0x2
   119d0:	944080e7          	jalr	-1724(ra) # 13310 <iprintf>
   119d4:	02812783          	lw	a5,40(sp)
   119d8:	0027f713          	andi	a4,a5,2
   119dc:	02070063          	beqz	a4,119fc <main+0x6ac>
   119e0:	04415603          	lhu	a2,68(sp)
   119e4:	00020537          	lui	a0,0x20
   119e8:	5b050513          	addi	a0,a0,1456 # 205b0 <_impure_ptr+0x548>
   119ec:	00000593          	li	a1,0
   119f0:	00002097          	auipc	ra,0x2
   119f4:	920080e7          	jalr	-1760(ra) # 13310 <iprintf>
   119f8:	02812783          	lw	a5,40(sp)
   119fc:	0047f793          	andi	a5,a5,4
   11a00:	00078e63          	beqz	a5,11a1c <main+0x6cc>
   11a04:	04615603          	lhu	a2,70(sp)
   11a08:	00020537          	lui	a0,0x20
   11a0c:	5cc50513          	addi	a0,a0,1484 # 205cc <_impure_ptr+0x564>
   11a10:	00000593          	li	a1,0
   11a14:	00002097          	auipc	ra,0x2
   11a18:	8fc080e7          	jalr	-1796(ra) # 13310 <iprintf>
   11a1c:	04015603          	lhu	a2,64(sp)
   11a20:	00020537          	lui	a0,0x20
   11a24:	5e850513          	addi	a0,a0,1512 # 205e8 <_impure_ptr+0x580>
   11a28:	00000593          	li	a1,0
   11a2c:	00002097          	auipc	ra,0x2
   11a30:	8e4080e7          	jalr	-1820(ra) # 13310 <iprintf>
   11a34:	08040663          	beqz	s0,11ac0 <main+0x770>
   11a38:	0e805863          	blez	s0,11b28 <main+0x7d8>
   11a3c:	00020537          	lui	a0,0x20
   11a40:	6b050513          	addi	a0,a0,1712 # 206b0 <_impure_ptr+0x648>
   11a44:	00002097          	auipc	ra,0x2
   11a48:	a9c080e7          	jalr	-1380(ra) # 134e0 <puts>
   11a4c:	06c12083          	lw	ra,108(sp)
   11a50:	06812403          	lw	s0,104(sp)
   11a54:	06412483          	lw	s1,100(sp)
   11a58:	06012903          	lw	s2,96(sp)
   11a5c:	05c12983          	lw	s3,92(sp)
   11a60:	00000513          	li	a0,0
   11a64:	07010113          	addi	sp,sp,112
   11a68:	00008067          	ret
   11a6c:	00c11783          	lh	a5,12(sp)
   11a70:	96079ce3          	bnez	a5,113e8 <main+0x98>
   11a74:	06600793          	li	a5,102
   11a78:	00f11623          	sh	a5,12(sp)
   11a7c:	96dff06f          	j	113e8 <main+0x98>
   11a80:	fff00413          	li	s0,-1
   11a84:	d59ff06f          	j	117dc <main+0x48c>
   11a88:	00f12a23          	sw	a5,20(sp)
   11a8c:	00400513          	li	a0,4
   11a90:	bcdff06f          	j	1165c <main+0x30c>
   11a94:	00f12a23          	sw	a5,20(sp)
   11a98:	98dff06f          	j	11424 <main+0xd4>
   11a9c:	00020537          	lui	a0,0x20
   11aa0:	45850513          	addi	a0,a0,1112 # 20458 <_impure_ptr+0x3f0>
   11aa4:	00002097          	auipc	ra,0x2
   11aa8:	a3c080e7          	jalr	-1476(ra) # 134e0 <puts>
   11aac:	00020537          	lui	a0,0x20
   11ab0:	48050513          	addi	a0,a0,1152 # 20480 <_impure_ptr+0x418>
   11ab4:	00002097          	auipc	ra,0x2
   11ab8:	a2c080e7          	jalr	-1492(ra) # 134e0 <puts>
   11abc:	e51ff06f          	j	1190c <main+0x5bc>
   11ac0:	00020537          	lui	a0,0x20
   11ac4:	60450513          	addi	a0,a0,1540 # 20604 <_impure_ptr+0x59c>
   11ac8:	00002097          	auipc	ra,0x2
   11acc:	a18080e7          	jalr	-1512(ra) # 134e0 <puts>
   11ad0:	f7dff06f          	j	11a4c <main+0x6fc>
   11ad4:	00020537          	lui	a0,0x20
   11ad8:	4c850513          	addi	a0,a0,1224 # 204c8 <_impure_ptr+0x460>
   11adc:	00002097          	auipc	ra,0x2
   11ae0:	834080e7          	jalr	-1996(ra) # 13310 <iprintf>
   11ae4:	00002537          	lui	a0,0x2
   11ae8:	413909b3          	sub	s3,s2,s3
   11aec:	71050513          	addi	a0,a0,1808 # 2710 <__HEAP_SIZE+0x710>
   11af0:	02a9b5b3          	mulhu	a1,s3,a0
   11af4:	00090613          	mv	a2,s2
   11af8:	00000693          	li	a3,0
   11afc:	02a98533          	mul	a0,s3,a0
   11b00:	00003097          	auipc	ra,0x3
   11b04:	558080e7          	jalr	1368(ra) # 15058 <__udivdi3>
   11b08:	06400593          	li	a1,100
   11b0c:	fffff097          	auipc	ra,0xfffff
   11b10:	b80080e7          	jalr	-1152(ra) # 1068c <print_fixed_scaled>
   11b14:	00020537          	lui	a0,0x20
   11b18:	4dc50513          	addi	a0,a0,1244 # 204dc <_impure_ptr+0x474>
   11b1c:	00001097          	auipc	ra,0x1
   11b20:	7f4080e7          	jalr	2036(ra) # 13310 <iprintf>
   11b24:	e1dff06f          	j	11940 <main+0x5f0>
   11b28:	00020537          	lui	a0,0x20
   11b2c:	64c50513          	addi	a0,a0,1612 # 2064c <_impure_ptr+0x5e4>
   11b30:	00002097          	auipc	ra,0x2
   11b34:	9b0080e7          	jalr	-1616(ra) # 134e0 <puts>
   11b38:	f15ff06f          	j	11a4c <main+0x6fc>
   11b3c:	00020537          	lui	a0,0x20
   11b40:	27050513          	addi	a0,a0,624 # 20270 <_impure_ptr+0x208>
   11b44:	00002097          	auipc	ra,0x2
   11b48:	99c080e7          	jalr	-1636(ra) # 134e0 <puts>
   11b4c:	00000413          	li	s0,0
   11b50:	badff06f          	j	116fc <main+0x3ac>
   11b54:	00020537          	lui	a0,0x20
   11b58:	32850513          	addi	a0,a0,808 # 20328 <_impure_ptr+0x2c0>
   11b5c:	00002097          	auipc	ra,0x2
   11b60:	984080e7          	jalr	-1660(ra) # 134e0 <puts>
   11b64:	00400413          	li	s0,4
   11b68:	b95ff06f          	j	116fc <main+0x3ac>
   11b6c:	00020537          	lui	a0,0x20
   11b70:	29c50513          	addi	a0,a0,668 # 2029c <_impure_ptr+0x234>
   11b74:	00002097          	auipc	ra,0x2
   11b78:	96c080e7          	jalr	-1684(ra) # 134e0 <puts>
   11b7c:	00100413          	li	s0,1
   11b80:	b7dff06f          	j	116fc <main+0x3ac>
   11b84:	00c11783          	lh	a5,12(sp)
   11b88:	860790e3          	bnez	a5,113e8 <main+0x98>
   11b8c:	341537b7          	lui	a5,0x34153
   11b90:	41578793          	addi	a5,a5,1045 # 34153415 <__stack_top__+0x34123415>
   11b94:	06600713          	li	a4,102
   11b98:	00f12423          	sw	a5,8(sp)
   11b9c:	00e11623          	sh	a4,12(sp)
   11ba0:	849ff06f          	j	113e8 <main+0x98>

00011ba4 <matrix_test>:
   11ba4:	fd010113          	addi	sp,sp,-48
   11ba8:	02112623          	sw	ra,44(sp)
   11bac:	4e050e63          	beqz	a0,120a8 <matrix_test+0x504>
   11bb0:	02912223          	sw	s1,36(sp)
   11bb4:	00151493          	slli	s1,a0,0x1
   11bb8:	03212023          	sw	s2,32(sp)
   11bbc:	01512a23          	sw	s5,20(sp)
   11bc0:	fffff937          	lui	s2,0xfffff
   11bc4:	00060a93          	mv	s5,a2
   11bc8:	00960633          	add	a2,a2,s1
   11bcc:	01312e23          	sw	s3,28(sp)
   11bd0:	01412c23          	sw	s4,24(sp)
   11bd4:	01612823          	sw	s6,16(sp)
   11bd8:	02812423          	sw	s0,40(sp)
   11bdc:	00068b13          	mv	s6,a3
   11be0:	01712623          	sw	s7,12(sp)
   11be4:	01812423          	sw	s8,8(sp)
   11be8:	00058a13          	mv	s4,a1
   11bec:	00070993          	mv	s3,a4
   11bf0:	00060693          	mv	a3,a2
   11bf4:	01276933          	or	s2,a4,s2
   11bf8:	00000813          	li	a6,0
   11bfc:	409687b3          	sub	a5,a3,s1
   11c00:	0007d703          	lhu	a4,0(a5)
   11c04:	00278793          	addi	a5,a5,2
   11c08:	00e98733          	add	a4,s3,a4
   11c0c:	fee79f23          	sh	a4,-2(a5)
   11c10:	fed798e3          	bne	a5,a3,11c00 <matrix_test+0x5c>
   11c14:	00180413          	addi	s0,a6,1
   11c18:	009786b3          	add	a3,a5,s1
   11c1c:	00850663          	beq	a0,s0,11c28 <matrix_test+0x84>
   11c20:	00040813          	mv	a6,s0
   11c24:	fd9ff06f          	j	11bfc <matrix_test+0x58>
   11c28:	00000593          	li	a1,0
   11c2c:	00000513          	li	a0,0
   11c30:	00259693          	slli	a3,a1,0x2
   11c34:	00da06b3          	add	a3,s4,a3
   11c38:	409607b3          	sub	a5,a2,s1
   11c3c:	00079703          	lh	a4,0(a5)
   11c40:	00278793          	addi	a5,a5,2
   11c44:	00468693          	addi	a3,a3,4
   11c48:	03370733          	mul	a4,a4,s3
   11c4c:	fee6ae23          	sw	a4,-4(a3)
   11c50:	fef616e3          	bne	a2,a5,11c3c <matrix_test+0x98>
   11c54:	008585b3          	add	a1,a1,s0
   11c58:	00960633          	add	a2,a2,s1
   11c5c:	01050663          	beq	a0,a6,11c68 <matrix_test+0xc4>
   11c60:	00150513          	addi	a0,a0,1
   11c64:	fcdff06f          	j	11c30 <matrix_test+0x8c>
   11c68:	00241b93          	slli	s7,s0,0x2
   11c6c:	017a0c33          	add	s8,s4,s7
   11c70:	000c0893          	mv	a7,s8
   11c74:	00000713          	li	a4,0
   11c78:	00000613          	li	a2,0
   11c7c:	00000513          	li	a0,0
   11c80:	00000313          	li	t1,0
   11c84:	417887b3          	sub	a5,a7,s7
   11c88:	00070693          	mv	a3,a4
   11c8c:	0007a703          	lw	a4,0(a5)
   11c90:	00a50593          	addi	a1,a0,10
   11c94:	00478793          	addi	a5,a5,4
   11c98:	00e6a6b3          	slt	a3,a3,a4
   11c9c:	00e60633          	add	a2,a2,a4
   11ca0:	00d50533          	add	a0,a0,a3
   11ca4:	02c94863          	blt	s2,a2,11cd4 <matrix_test+0x130>
   11ca8:	01051513          	slli	a0,a0,0x10
   11cac:	41055513          	srai	a0,a0,0x10
   11cb0:	02f88a63          	beq	a7,a5,11ce4 <matrix_test+0x140>
   11cb4:	00070693          	mv	a3,a4
   11cb8:	0007a703          	lw	a4,0(a5)
   11cbc:	00a50593          	addi	a1,a0,10
   11cc0:	00478793          	addi	a5,a5,4
   11cc4:	00e6a6b3          	slt	a3,a3,a4
   11cc8:	00e60633          	add	a2,a2,a4
   11ccc:	00d50533          	add	a0,a0,a3
   11cd0:	fcc95ce3          	bge	s2,a2,11ca8 <matrix_test+0x104>
   11cd4:	01059513          	slli	a0,a1,0x10
   11cd8:	41055513          	srai	a0,a0,0x10
   11cdc:	00000613          	li	a2,0
   11ce0:	fcf89ae3          	bne	a7,a5,11cb4 <matrix_test+0x110>
   11ce4:	017888b3          	add	a7,a7,s7
   11ce8:	00680663          	beq	a6,t1,11cf4 <matrix_test+0x150>
   11cec:	00130313          	addi	t1,t1,1
   11cf0:	f95ff06f          	j	11c84 <matrix_test+0xe0>
   11cf4:	00000593          	li	a1,0
   11cf8:	00001097          	auipc	ra,0x1
   11cfc:	3e4080e7          	jalr	996(ra) # 130dc <crc16>
   11d00:	00050593          	mv	a1,a0
   11d04:	000a0893          	mv	a7,s4
   11d08:	009b0533          	add	a0,s6,s1
   11d0c:	00000313          	li	t1,0
   11d10:	00131693          	slli	a3,t1,0x1
   11d14:	00da86b3          	add	a3,s5,a3
   11d18:	000b0793          	mv	a5,s6
   11d1c:	00000613          	li	a2,0
   11d20:	00069703          	lh	a4,0(a3)
   11d24:	00079803          	lh	a6,0(a5)
   11d28:	00278793          	addi	a5,a5,2
   11d2c:	00268693          	addi	a3,a3,2
   11d30:	03070733          	mul	a4,a4,a6
   11d34:	00e60633          	add	a2,a2,a4
   11d38:	fea794e3          	bne	a5,a0,11d20 <matrix_test+0x17c>
   11d3c:	00c8a023          	sw	a2,0(a7)
   11d40:	00488893          	addi	a7,a7,4
   11d44:	00830333          	add	t1,t1,s0
   11d48:	fd8894e3          	bne	a7,s8,11d10 <matrix_test+0x16c>
   11d4c:	00000e13          	li	t3,0
   11d50:	00000713          	li	a4,0
   11d54:	00000613          	li	a2,0
   11d58:	00000793          	li	a5,0
   11d5c:	00000513          	li	a0,0
   11d60:	002e1813          	slli	a6,t3,0x2
   11d64:	010a0833          	add	a6,s4,a6
   11d68:	00070693          	mv	a3,a4
   11d6c:	00082703          	lw	a4,0(a6)
   11d70:	00000893          	li	a7,0
   11d74:	00a78313          	addi	t1,a5,10
   11d78:	00e6a6b3          	slt	a3,a3,a4
   11d7c:	00e60633          	add	a2,a2,a4
   11d80:	00d787b3          	add	a5,a5,a3
   11d84:	00188893          	addi	a7,a7,1
   11d88:	02c94a63          	blt	s2,a2,11dbc <matrix_test+0x218>
   11d8c:	01079793          	slli	a5,a5,0x10
   11d90:	4107d793          	srai	a5,a5,0x10
   11d94:	0488f463          	bgeu	a7,s0,11ddc <matrix_test+0x238>
   11d98:	00480813          	addi	a6,a6,4
   11d9c:	00070693          	mv	a3,a4
   11da0:	00082703          	lw	a4,0(a6)
   11da4:	00a78313          	addi	t1,a5,10
   11da8:	00188893          	addi	a7,a7,1
   11dac:	00e6a6b3          	slt	a3,a3,a4
   11db0:	00e60633          	add	a2,a2,a4
   11db4:	00d787b3          	add	a5,a5,a3
   11db8:	fcc95ae3          	bge	s2,a2,11d8c <matrix_test+0x1e8>
   11dbc:	01031793          	slli	a5,t1,0x10
   11dc0:	4107d793          	srai	a5,a5,0x10
   11dc4:	0088fa63          	bgeu	a7,s0,11dd8 <matrix_test+0x234>
   11dc8:	00480813          	addi	a6,a6,4
   11dcc:	00000613          	li	a2,0
   11dd0:	00070693          	mv	a3,a4
   11dd4:	fcdff06f          	j	11da0 <matrix_test+0x1fc>
   11dd8:	00000613          	li	a2,0
   11ddc:	00150513          	addi	a0,a0,1
   11de0:	008e0e33          	add	t3,t3,s0
   11de4:	f6856ee3          	bltu	a0,s0,11d60 <matrix_test+0x1bc>
   11de8:	00078513          	mv	a0,a5
   11dec:	00001097          	auipc	ra,0x1
   11df0:	2f0080e7          	jalr	752(ra) # 130dc <crc16>
   11df4:	00050593          	mv	a1,a0
   11df8:	000a0f93          	mv	t6,s4
   11dfc:	000a8e93          	mv	t4,s5
   11e00:	00000f13          	li	t5,0
   11e04:	000b0513          	mv	a0,s6
   11e08:	000f8613          	mv	a2,t6
   11e0c:	00000693          	li	a3,0
   11e10:	00050313          	mv	t1,a0
   11e14:	000e8893          	mv	a7,t4
   11e18:	00000e13          	li	t3,0
   11e1c:	00000813          	li	a6,0
   11e20:	00089783          	lh	a5,0(a7)
   11e24:	00031703          	lh	a4,0(t1)
   11e28:	00180813          	addi	a6,a6,1
   11e2c:	00288893          	addi	a7,a7,2
   11e30:	02e787b3          	mul	a5,a5,a4
   11e34:	00930333          	add	t1,t1,s1
   11e38:	00fe0e33          	add	t3,t3,a5
   11e3c:	fe8862e3          	bltu	a6,s0,11e20 <matrix_test+0x27c>
   11e40:	01c62023          	sw	t3,0(a2)
   11e44:	00168693          	addi	a3,a3,1
   11e48:	00460613          	addi	a2,a2,4
   11e4c:	00250513          	addi	a0,a0,2
   11e50:	fc86e0e3          	bltu	a3,s0,11e10 <matrix_test+0x26c>
   11e54:	001f0f13          	addi	t5,t5,1
   11e58:	009e8eb3          	add	t4,t4,s1
   11e5c:	017f8fb3          	add	t6,t6,s7
   11e60:	fa8f62e3          	bltu	t5,s0,11e04 <matrix_test+0x260>
   11e64:	00000e13          	li	t3,0
   11e68:	00000713          	li	a4,0
   11e6c:	00000613          	li	a2,0
   11e70:	00000793          	li	a5,0
   11e74:	00000313          	li	t1,0
   11e78:	002e1813          	slli	a6,t3,0x2
   11e7c:	010a0833          	add	a6,s4,a6
   11e80:	00070693          	mv	a3,a4
   11e84:	00082703          	lw	a4,0(a6)
   11e88:	00000893          	li	a7,0
   11e8c:	00a78513          	addi	a0,a5,10
   11e90:	00e6a6b3          	slt	a3,a3,a4
   11e94:	00e60633          	add	a2,a2,a4
   11e98:	00d787b3          	add	a5,a5,a3
   11e9c:	00188893          	addi	a7,a7,1
   11ea0:	02c94a63          	blt	s2,a2,11ed4 <matrix_test+0x330>
   11ea4:	01079793          	slli	a5,a5,0x10
   11ea8:	4107d793          	srai	a5,a5,0x10
   11eac:	0488f463          	bgeu	a7,s0,11ef4 <matrix_test+0x350>
   11eb0:	00480813          	addi	a6,a6,4
   11eb4:	00070693          	mv	a3,a4
   11eb8:	00082703          	lw	a4,0(a6)
   11ebc:	00a78513          	addi	a0,a5,10
   11ec0:	00188893          	addi	a7,a7,1
   11ec4:	00e6a6b3          	slt	a3,a3,a4
   11ec8:	00e60633          	add	a2,a2,a4
   11ecc:	00d787b3          	add	a5,a5,a3
   11ed0:	fcc95ae3          	bge	s2,a2,11ea4 <matrix_test+0x300>
   11ed4:	01051793          	slli	a5,a0,0x10
   11ed8:	4107d793          	srai	a5,a5,0x10
   11edc:	0088fa63          	bgeu	a7,s0,11ef0 <matrix_test+0x34c>
   11ee0:	00480813          	addi	a6,a6,4
   11ee4:	00000613          	li	a2,0
   11ee8:	00070693          	mv	a3,a4
   11eec:	fcdff06f          	j	11eb8 <matrix_test+0x314>
   11ef0:	00000613          	li	a2,0
   11ef4:	00130313          	addi	t1,t1,1
   11ef8:	008e0e33          	add	t3,t3,s0
   11efc:	f6836ee3          	bltu	t1,s0,11e78 <matrix_test+0x2d4>
   11f00:	00078513          	mv	a0,a5
   11f04:	00001097          	auipc	ra,0x1
   11f08:	1d8080e7          	jalr	472(ra) # 130dc <crc16>
   11f0c:	00050593          	mv	a1,a0
   11f10:	000a0293          	mv	t0,s4
   11f14:	000a8f13          	mv	t5,s5
   11f18:	00000f93          	li	t6,0
   11f1c:	000b0513          	mv	a0,s6
   11f20:	00028613          	mv	a2,t0
   11f24:	00000693          	li	a3,0
   11f28:	00050e13          	mv	t3,a0
   11f2c:	000f0313          	mv	t1,t5
   11f30:	00000e93          	li	t4,0
   11f34:	00000893          	li	a7,0
   11f38:	00031783          	lh	a5,0(t1)
   11f3c:	000e1703          	lh	a4,0(t3)
   11f40:	00188893          	addi	a7,a7,1
   11f44:	00230313          	addi	t1,t1,2
   11f48:	02e787b3          	mul	a5,a5,a4
   11f4c:	009e0e33          	add	t3,t3,s1
   11f50:	4027d813          	srai	a6,a5,0x2
   11f54:	4057d793          	srai	a5,a5,0x5
   11f58:	00f87813          	andi	a6,a6,15
   11f5c:	07f7f793          	andi	a5,a5,127
   11f60:	02f807b3          	mul	a5,a6,a5
   11f64:	00fe8eb3          	add	t4,t4,a5
   11f68:	fc88e8e3          	bltu	a7,s0,11f38 <matrix_test+0x394>
   11f6c:	01d62023          	sw	t4,0(a2)
   11f70:	00168693          	addi	a3,a3,1
   11f74:	00460613          	addi	a2,a2,4
   11f78:	00250513          	addi	a0,a0,2
   11f7c:	fa86e6e3          	bltu	a3,s0,11f28 <matrix_test+0x384>
   11f80:	001f8f93          	addi	t6,t6,1
   11f84:	009f0f33          	add	t5,t5,s1
   11f88:	017282b3          	add	t0,t0,s7
   11f8c:	f88fe8e3          	bltu	t6,s0,11f1c <matrix_test+0x378>
   11f90:	00000e13          	li	t3,0
   11f94:	00000713          	li	a4,0
   11f98:	00000613          	li	a2,0
   11f9c:	00000793          	li	a5,0
   11fa0:	00000313          	li	t1,0
   11fa4:	002e1513          	slli	a0,t3,0x2
   11fa8:	00aa0533          	add	a0,s4,a0
   11fac:	00070693          	mv	a3,a4
   11fb0:	00052703          	lw	a4,0(a0)
   11fb4:	00000813          	li	a6,0
   11fb8:	00a78893          	addi	a7,a5,10
   11fbc:	00e6a6b3          	slt	a3,a3,a4
   11fc0:	00e60633          	add	a2,a2,a4
   11fc4:	00d787b3          	add	a5,a5,a3
   11fc8:	00180813          	addi	a6,a6,1
   11fcc:	02c94a63          	blt	s2,a2,12000 <matrix_test+0x45c>
   11fd0:	01079793          	slli	a5,a5,0x10
   11fd4:	4107d793          	srai	a5,a5,0x10
   11fd8:	04887463          	bgeu	a6,s0,12020 <matrix_test+0x47c>
   11fdc:	00450513          	addi	a0,a0,4
   11fe0:	00070693          	mv	a3,a4
   11fe4:	00052703          	lw	a4,0(a0)
   11fe8:	00a78893          	addi	a7,a5,10
   11fec:	00180813          	addi	a6,a6,1
   11ff0:	00e6a6b3          	slt	a3,a3,a4
   11ff4:	00e60633          	add	a2,a2,a4
   11ff8:	00d787b3          	add	a5,a5,a3
   11ffc:	fcc95ae3          	bge	s2,a2,11fd0 <matrix_test+0x42c>
   12000:	01089793          	slli	a5,a7,0x10
   12004:	4107d793          	srai	a5,a5,0x10
   12008:	00887a63          	bgeu	a6,s0,1201c <matrix_test+0x478>
   1200c:	00450513          	addi	a0,a0,4
   12010:	00000613          	li	a2,0
   12014:	00070693          	mv	a3,a4
   12018:	fcdff06f          	j	11fe4 <matrix_test+0x440>
   1201c:	00000613          	li	a2,0
   12020:	00130313          	addi	t1,t1,1
   12024:	008e0e33          	add	t3,t3,s0
   12028:	f6836ee3          	bltu	t1,s0,11fa4 <matrix_test+0x400>
   1202c:	00078513          	mv	a0,a5
   12030:	00001097          	auipc	ra,0x1
   12034:	0ac080e7          	jalr	172(ra) # 130dc <crc16>
   12038:	00000593          	li	a1,0
   1203c:	00000613          	li	a2,0
   12040:	00159793          	slli	a5,a1,0x1
   12044:	00fa87b3          	add	a5,s5,a5
   12048:	00000693          	li	a3,0
   1204c:	0007d703          	lhu	a4,0(a5)
   12050:	00168693          	addi	a3,a3,1
   12054:	00278793          	addi	a5,a5,2
   12058:	41370733          	sub	a4,a4,s3
   1205c:	fee79f23          	sh	a4,-2(a5)
   12060:	fe86e6e3          	bltu	a3,s0,1204c <matrix_test+0x4a8>
   12064:	00160613          	addi	a2,a2,1
   12068:	008585b3          	add	a1,a1,s0
   1206c:	fc866ae3          	bltu	a2,s0,12040 <matrix_test+0x49c>
   12070:	02812403          	lw	s0,40(sp)
   12074:	02c12083          	lw	ra,44(sp)
   12078:	01051513          	slli	a0,a0,0x10
   1207c:	02412483          	lw	s1,36(sp)
   12080:	02012903          	lw	s2,32(sp)
   12084:	01c12983          	lw	s3,28(sp)
   12088:	01812a03          	lw	s4,24(sp)
   1208c:	01412a83          	lw	s5,20(sp)
   12090:	01012b03          	lw	s6,16(sp)
   12094:	00c12b83          	lw	s7,12(sp)
   12098:	00812c03          	lw	s8,8(sp)
   1209c:	41055513          	srai	a0,a0,0x10
   120a0:	03010113          	addi	sp,sp,48
   120a4:	00008067          	ret
   120a8:	00000593          	li	a1,0
   120ac:	00001097          	auipc	ra,0x1
   120b0:	030080e7          	jalr	48(ra) # 130dc <crc16>
   120b4:	00050593          	mv	a1,a0
   120b8:	00000513          	li	a0,0
   120bc:	00001097          	auipc	ra,0x1
   120c0:	020080e7          	jalr	32(ra) # 130dc <crc16>
   120c4:	00050593          	mv	a1,a0
   120c8:	00000513          	li	a0,0
   120cc:	00001097          	auipc	ra,0x1
   120d0:	010080e7          	jalr	16(ra) # 130dc <crc16>
   120d4:	00050593          	mv	a1,a0
   120d8:	00000513          	li	a0,0
   120dc:	00001097          	auipc	ra,0x1
   120e0:	000080e7          	jalr	ra # 130dc <crc16>
   120e4:	02c12083          	lw	ra,44(sp)
   120e8:	01051513          	slli	a0,a0,0x10
   120ec:	41055513          	srai	a0,a0,0x10
   120f0:	03010113          	addi	sp,sp,48
   120f4:	00008067          	ret

000120f8 <core_bench_matrix>:
   120f8:	ff010113          	addi	sp,sp,-16
   120fc:	00812423          	sw	s0,8(sp)
   12100:	00852683          	lw	a3,8(a0)
   12104:	00060413          	mv	s0,a2
   12108:	00058713          	mv	a4,a1
   1210c:	00452603          	lw	a2,4(a0)
   12110:	00c52583          	lw	a1,12(a0)
   12114:	00052503          	lw	a0,0(a0)
   12118:	00112623          	sw	ra,12(sp)
   1211c:	00000097          	auipc	ra,0x0
   12120:	a88080e7          	jalr	-1400(ra) # 11ba4 <matrix_test>
   12124:	00040593          	mv	a1,s0
   12128:	00812403          	lw	s0,8(sp)
   1212c:	00c12083          	lw	ra,12(sp)
   12130:	01010113          	addi	sp,sp,16
   12134:	00001317          	auipc	t1,0x1
   12138:	fa830067          	jr	-88(t1) # 130dc <crc16>

0001213c <core_init_matrix>:
   1213c:	ff010113          	addi	sp,sp,-16
   12140:	00912423          	sw	s1,8(sp)
   12144:	01212223          	sw	s2,4(sp)
   12148:	00050813          	mv	a6,a0
   1214c:	00061463          	bnez	a2,12154 <core_init_matrix+0x18>
   12150:	00100613          	li	a2,1
   12154:	00358593          	addi	a1,a1,3
   12158:	ffc5f393          	andi	t2,a1,-4
   1215c:	00000793          	li	a5,0
   12160:	0c080a63          	beqz	a6,12234 <core_init_matrix+0xf8>
   12164:	00078513          	mv	a0,a5
   12168:	00178793          	addi	a5,a5,1
   1216c:	02f78733          	mul	a4,a5,a5
   12170:	00371713          	slli	a4,a4,0x3
   12174:	ff0768e3          	bltu	a4,a6,12164 <core_init_matrix+0x28>
   12178:	02a502b3          	mul	t0,a0,a0
   1217c:	00129293          	slli	t0,t0,0x1
   12180:	005384b3          	add	s1,t2,t0
   12184:	0c050463          	beqz	a0,1224c <core_init_matrix+0x110>
   12188:	00812623          	sw	s0,12(sp)
   1218c:	00050913          	mv	s2,a0
   12190:	00150313          	addi	t1,a0,1
   12194:	00151413          	slli	s0,a0,0x1
   12198:	00048f13          	mv	t5,s1
   1219c:	00000e93          	li	t4,0
   121a0:	00100793          	li	a5,1
   121a4:	40938e33          	sub	t3,t2,s1
   121a8:	00078f93          	mv	t6,a5
   121ac:	000f0593          	mv	a1,t5
   121b0:	02f60633          	mul	a2,a2,a5
   121b4:	00be08b3          	add	a7,t3,a1
   121b8:	00258593          	addi	a1,a1,2
   121bc:	41f65713          	srai	a4,a2,0x1f
   121c0:	01075713          	srli	a4,a4,0x10
   121c4:	00e60633          	add	a2,a2,a4
   121c8:	01061613          	slli	a2,a2,0x10
   121cc:	01065613          	srli	a2,a2,0x10
   121d0:	40e60633          	sub	a2,a2,a4
   121d4:	00c78833          	add	a6,a5,a2
   121d8:	00f80733          	add	a4,a6,a5
   121dc:	ff059f23          	sh	a6,-2(a1)
   121e0:	0ff77713          	zext.b	a4,a4
   121e4:	00178793          	addi	a5,a5,1
   121e8:	00e89023          	sh	a4,0(a7)
   121ec:	fc6792e3          	bne	a5,t1,121b0 <core_init_matrix+0x74>
   121f0:	001e8e93          	addi	t4,t4,1 # ffff8001 <__stack_top__+0xfffc8001>
   121f4:	01f507b3          	add	a5,a0,t6
   121f8:	00a30333          	add	t1,t1,a0
   121fc:	008f0f33          	add	t5,t5,s0
   12200:	faae94e3          	bne	t4,a0,121a8 <core_init_matrix+0x6c>
   12204:	00c12403          	lw	s0,12(sp)
   12208:	005487b3          	add	a5,s1,t0
   1220c:	00378793          	addi	a5,a5,3
   12210:	ffc7f793          	andi	a5,a5,-4
   12214:	0096a423          	sw	s1,8(a3)
   12218:	0126a023          	sw	s2,0(a3)
   1221c:	00f6a623          	sw	a5,12(a3)
   12220:	0076a223          	sw	t2,4(a3)
   12224:	00812483          	lw	s1,8(sp)
   12228:	00412903          	lw	s2,4(sp)
   1222c:	01010113          	addi	sp,sp,16
   12230:	00008067          	ret
   12234:	fff00913          	li	s2,-1
   12238:	00812623          	sw	s0,12(sp)
   1223c:	00090513          	mv	a0,s2
   12240:	00238493          	addi	s1,t2,2
   12244:	00200293          	li	t0,2
   12248:	f49ff06f          	j	12190 <core_init_matrix+0x54>
   1224c:	00000293          	li	t0,0
   12250:	00000913          	li	s2,0
   12254:	fb5ff06f          	j	12208 <core_init_matrix+0xcc>

00012258 <start_time>:
   12258:	b80027f3          	csrr	a5,mcycleh
   1225c:	b00026f3          	csrr	a3,mcycle
   12260:	b8002773          	csrr	a4,mcycleh
   12264:	fee79ae3          	bne	a5,a4,12258 <start_time>
   12268:	00021737          	lui	a4,0x21
   1226c:	18d72823          	sw	a3,400(a4) # 21190 <t0>
   12270:	18f72a23          	sw	a5,404(a4)
   12274:	00008067          	ret

00012278 <stop_time>:
   12278:	b80027f3          	csrr	a5,mcycleh
   1227c:	b00026f3          	csrr	a3,mcycle
   12280:	b8002773          	csrr	a4,mcycleh
   12284:	fee79ae3          	bne	a5,a4,12278 <stop_time>
   12288:	00021737          	lui	a4,0x21
   1228c:	18d72423          	sw	a3,392(a4) # 21188 <t1>
   12290:	18f72623          	sw	a5,396(a4)
   12294:	00008067          	ret

00012298 <get_time>:
   12298:	000216b7          	lui	a3,0x21
   1229c:	00021737          	lui	a4,0x21
   122a0:	1886a783          	lw	a5,392(a3) # 21188 <t1>
   122a4:	19072503          	lw	a0,400(a4) # 21190 <t0>
   122a8:	18c6a583          	lw	a1,396(a3)
   122ac:	19472703          	lw	a4,404(a4)
   122b0:	40a78533          	sub	a0,a5,a0
   122b4:	00a7b7b3          	sltu	a5,a5,a0
   122b8:	40e585b3          	sub	a1,a1,a4
   122bc:	40f585b3          	sub	a1,a1,a5
   122c0:	00008067          	ret

000122c4 <time_in_secs>:
   122c4:	04787637          	lui	a2,0x4787
   122c8:	ff010113          	addi	sp,sp,-16
   122cc:	8c060613          	addi	a2,a2,-1856 # 47868c0 <__stack_top__+0x47568c0>
   122d0:	00000693          	li	a3,0
   122d4:	00112623          	sw	ra,12(sp)
   122d8:	00003097          	auipc	ra,0x3
   122dc:	d80080e7          	jalr	-640(ra) # 15058 <__udivdi3>
   122e0:	00c12083          	lw	ra,12(sp)
   122e4:	01010113          	addi	sp,sp,16
   122e8:	00008067          	ret

000122ec <portable_init>:
   122ec:	00020537          	lui	a0,0x20
   122f0:	6c050513          	addi	a0,a0,1728 # 206c0 <_impure_ptr+0x658>
   122f4:	ffffe317          	auipc	t1,0xffffe
   122f8:	26c30067          	jr	620(t1) # 10560 <uart_puts>

000122fc <core_init_state>:
   122fc:	fff50813          	addi	a6,a0,-1
   12300:	00100e13          	li	t3,1
   12304:	00060893          	mv	a7,a2
   12308:	1f0e7263          	bgeu	t3,a6,124ec <core_init_state+0x1f0>
   1230c:	01c587b3          	add	a5,a1,t3
   12310:	01079793          	slli	a5,a5,0x10
   12314:	0107d793          	srli	a5,a5,0x10
   12318:	ff010113          	addi	sp,sp,-16
   1231c:	00020fb7          	lui	t6,0x20
   12320:	00020f37          	lui	t5,0x20
   12324:	00021eb7          	lui	t4,0x21
   12328:	01b79393          	slli	t2,a5,0x1b
   1232c:	00812623          	sw	s0,12(sp)
   12330:	00700613          	li	a2,7
   12334:	0077f693          	andi	a3,a5,7
   12338:	7e8f8f93          	addi	t6,t6,2024 # 207e8 <errpat>
   1233c:	7f8f0f13          	addi	t5,t5,2040 # 207f8 <scipat>
   12340:	808e8e93          	addi	t4,t4,-2040 # 20808 <floatpat>
   12344:	00000593          	li	a1,0
   12348:	00400313          	li	t1,4
   1234c:	02c00293          	li	t0,44
   12350:	01e3d713          	srli	a4,t2,0x1e
   12354:	08c68463          	beq	a3,a2,123dc <core_init_state+0xe0>
   12358:	14d36663          	bltu	t1,a3,124a4 <core_init_state+0x1a8>
   1235c:	ffd68693          	addi	a3,a3,-3
   12360:	01069693          	slli	a3,a3,0x10
   12364:	0106d693          	srli	a3,a3,0x10
   12368:	08de6263          	bltu	t3,a3,123ec <core_init_state+0xf0>
   1236c:	00271713          	slli	a4,a4,0x2
   12370:	00ee8733          	add	a4,t4,a4
   12374:	00072383          	lw	t2,0(a4)
   12378:	00178793          	addi	a5,a5,1
   1237c:	01079793          	slli	a5,a5,0x10
   12380:	00958413          	addi	s0,a1,9
   12384:	0107d793          	srli	a5,a5,0x10
   12388:	07047663          	bgeu	s0,a6,123f4 <core_init_state+0xf8>
   1238c:	00b886b3          	add	a3,a7,a1
   12390:	40768733          	sub	a4,a3,t2
   12394:	fff70713          	addi	a4,a4,-1
   12398:	00373713          	sltiu	a4,a4,3
   1239c:	10071c63          	bnez	a4,124b4 <core_init_state+0x1b8>
   123a0:	00d3e733          	or	a4,t2,a3
   123a4:	00377713          	andi	a4,a4,3
   123a8:	10071663          	bnez	a4,124b4 <core_init_state+0x1b8>
   123ac:	0003a583          	lw	a1,0(t2)
   123b0:	00800713          	li	a4,8
   123b4:	00b6a023          	sw	a1,0(a3)
   123b8:	0043a583          	lw	a1,4(t2)
   123bc:	00b6a223          	sw	a1,4(a3)
   123c0:	00e68733          	add	a4,a3,a4
   123c4:	00570023          	sb	t0,0(a4)
   123c8:	01b79393          	slli	t2,a5,0x1b
   123cc:	0077f693          	andi	a3,a5,7
   123d0:	00040593          	mv	a1,s0
   123d4:	01e3d713          	srli	a4,t2,0x1e
   123d8:	f8c690e3          	bne	a3,a2,12358 <core_init_state+0x5c>
   123dc:	00271713          	slli	a4,a4,0x2
   123e0:	00ef8733          	add	a4,t6,a4
   123e4:	00072383          	lw	t2,0(a4)
   123e8:	f91ff06f          	j	12378 <core_init_state+0x7c>
   123ec:	00558413          	addi	s0,a1,5
   123f0:	03046663          	bltu	s0,a6,1241c <core_init_state+0x120>
   123f4:	10a5fe63          	bgeu	a1,a0,12510 <core_init_state+0x214>
   123f8:	00158793          	addi	a5,a1,1
   123fc:	00100613          	li	a2,1
   12400:	0cf57863          	bgeu	a0,a5,124d0 <core_init_state+0x1d4>
   12404:	00c12403          	lw	s0,12(sp)
   12408:	00b88533          	add	a0,a7,a1
   1240c:	00000593          	li	a1,0
   12410:	01010113          	addi	sp,sp,16
   12414:	ffffe317          	auipc	t1,0xffffe
   12418:	fb030067          	jr	-80(t1) # 103c4 <memset>
   1241c:	000216b7          	lui	a3,0x21
   12420:	81868693          	addi	a3,a3,-2024 # 20818 <intpat>
   12424:	00271713          	slli	a4,a4,0x2
   12428:	00e68733          	add	a4,a3,a4
   1242c:	00072383          	lw	t2,0(a4)
   12430:	00912423          	sw	s1,8(sp)
   12434:	00178793          	addi	a5,a5,1
   12438:	0003c703          	lbu	a4,0(t2)
   1243c:	00b886b3          	add	a3,a7,a1
   12440:	01079793          	slli	a5,a5,0x10
   12444:	00e68023          	sb	a4,0(a3)
   12448:	0107d793          	srli	a5,a5,0x10
   1244c:	00158593          	addi	a1,a1,1
   12450:	00400713          	li	a4,4
   12454:	0013c483          	lbu	s1,1(t2)
   12458:	00b885b3          	add	a1,a7,a1
   1245c:	00958023          	sb	s1,0(a1)
   12460:	0023c583          	lbu	a1,2(t2)
   12464:	00b68123          	sb	a1,2(a3)
   12468:	0033c583          	lbu	a1,3(t2)
   1246c:	00b681a3          	sb	a1,3(a3)
   12470:	00400593          	li	a1,4
   12474:	0ab70463          	beq	a4,a1,1251c <core_init_state+0x220>
   12478:	0043c583          	lbu	a1,4(t2)
   1247c:	00800713          	li	a4,8
   12480:	00b68223          	sb	a1,4(a3)
   12484:	0053c583          	lbu	a1,5(t2)
   12488:	00b682a3          	sb	a1,5(a3)
   1248c:	0063c583          	lbu	a1,6(t2)
   12490:	00b68323          	sb	a1,6(a3)
   12494:	0073c583          	lbu	a1,7(t2)
   12498:	00b683a3          	sb	a1,7(a3)
   1249c:	00812483          	lw	s1,8(sp)
   124a0:	f21ff06f          	j	123c0 <core_init_state+0xc4>
   124a4:	00271713          	slli	a4,a4,0x2
   124a8:	00ef0733          	add	a4,t5,a4
   124ac:	00072383          	lw	t2,0(a4)
   124b0:	ec9ff06f          	j	12378 <core_init_state+0x7c>
   124b4:	00912423          	sw	s1,8(sp)
   124b8:	0003c703          	lbu	a4,0(t2)
   124bc:	00158593          	addi	a1,a1,1
   124c0:	00070493          	mv	s1,a4
   124c4:	00968023          	sb	s1,0(a3)
   124c8:	00800713          	li	a4,8
   124cc:	f89ff06f          	j	12454 <core_init_state+0x158>
   124d0:	00c12403          	lw	s0,12(sp)
   124d4:	40b50633          	sub	a2,a0,a1
   124d8:	00b88533          	add	a0,a7,a1
   124dc:	00000593          	li	a1,0
   124e0:	01010113          	addi	sp,sp,16
   124e4:	ffffe317          	auipc	t1,0xffffe
   124e8:	ee030067          	jr	-288(t1) # 103c4 <memset>
   124ec:	00000593          	li	a1,0
   124f0:	00158793          	addi	a5,a1,1
   124f4:	00100613          	li	a2,1
   124f8:	00f56463          	bltu	a0,a5,12500 <core_init_state+0x204>
   124fc:	40b50633          	sub	a2,a0,a1
   12500:	00b88533          	add	a0,a7,a1
   12504:	00000593          	li	a1,0
   12508:	ffffe317          	auipc	t1,0xffffe
   1250c:	ebc30067          	jr	-324(t1) # 103c4 <memset>
   12510:	00c12403          	lw	s0,12(sp)
   12514:	01010113          	addi	sp,sp,16
   12518:	00008067          	ret
   1251c:	00812483          	lw	s1,8(sp)
   12520:	ea1ff06f          	j	123c0 <core_init_state+0xc4>

00012524 <core_state_transition>:
   12524:	00052703          	lw	a4,0(a0)
   12528:	00050613          	mv	a2,a0
   1252c:	00074783          	lbu	a5,0(a4)
   12530:	26078663          	beqz	a5,1279c <core_state_transition+0x278>
   12534:	02c00693          	li	a3,44
   12538:	00000513          	li	a0,0
   1253c:	1cd78c63          	beq	a5,a3,12714 <core_state_transition+0x1f0>
   12540:	02e00813          	li	a6,46
   12544:	1d078c63          	beq	a5,a6,1271c <core_state_transition+0x1f8>
   12548:	02f86c63          	bltu	a6,a5,12580 <core_state_transition+0x5c>
   1254c:	fd578793          	addi	a5,a5,-43
   12550:	0fd7f793          	andi	a5,a5,253
   12554:	1e078663          	beqz	a5,12740 <core_state_transition+0x21c>
   12558:	0045a683          	lw	a3,4(a1)
   1255c:	0005a783          	lw	a5,0(a1)
   12560:	00170713          	addi	a4,a4,1
   12564:	00168693          	addi	a3,a3,1
   12568:	00178793          	addi	a5,a5,1
   1256c:	00d5a223          	sw	a3,4(a1)
   12570:	00f5a023          	sw	a5,0(a1)
   12574:	00100513          	li	a0,1
   12578:	00e62023          	sw	a4,0(a2)
   1257c:	00008067          	ret
   12580:	fd078793          	addi	a5,a5,-48
   12584:	0ff7f793          	zext.b	a5,a5
   12588:	00900513          	li	a0,9
   1258c:	fcf566e3          	bltu	a0,a5,12558 <core_state_transition+0x34>
   12590:	0005a503          	lw	a0,0(a1)
   12594:	00170793          	addi	a5,a4,1
   12598:	00150513          	addi	a0,a0,1
   1259c:	00a5a023          	sw	a0,0(a1)
   125a0:	00174703          	lbu	a4,1(a4)
   125a4:	1e070663          	beqz	a4,12790 <core_state_transition+0x26c>
   125a8:	1ed70e63          	beq	a4,a3,127a4 <core_state_transition+0x280>
   125ac:	02e00693          	li	a3,46
   125b0:	04d70463          	beq	a4,a3,125f8 <core_state_transition+0xd4>
   125b4:	fd070713          	addi	a4,a4,-48
   125b8:	0ff77713          	zext.b	a4,a4
   125bc:	00900693          	li	a3,9
   125c0:	02e6f263          	bgeu	a3,a4,125e4 <core_state_transition+0xc0>
   125c4:	0105a683          	lw	a3,16(a1)
   125c8:	00100513          	li	a0,1
   125cc:	00178713          	addi	a4,a5,1
   125d0:	00a687b3          	add	a5,a3,a0
   125d4:	00f5a823          	sw	a5,16(a1)
   125d8:	00e62023          	sw	a4,0(a2)
   125dc:	00008067          	ret
   125e0:	00a5a423          	sw	a0,8(a1)
   125e4:	0017c703          	lbu	a4,1(a5)
   125e8:	00178793          	addi	a5,a5,1
   125ec:	1a070263          	beqz	a4,12790 <core_state_transition+0x26c>
   125f0:	02c00693          	li	a3,44
   125f4:	fb5ff06f          	j	125a8 <core_state_transition+0x84>
   125f8:	0105a703          	lw	a4,16(a1)
   125fc:	00170713          	addi	a4,a4,1
   12600:	00e5a823          	sw	a4,16(a1)
   12604:	0017c703          	lbu	a4,1(a5)
   12608:	00178793          	addi	a5,a5,1
   1260c:	12070463          	beqz	a4,12734 <core_state_transition+0x210>
   12610:	02c00693          	li	a3,44
   12614:	0ed70c63          	beq	a4,a3,1270c <core_state_transition+0x1e8>
   12618:	0df77693          	andi	a3,a4,223
   1261c:	04500513          	li	a0,69
   12620:	0ca69263          	bne	a3,a0,126e4 <core_state_transition+0x1c0>
   12624:	0145a683          	lw	a3,20(a1)
   12628:	00178713          	addi	a4,a5,1
   1262c:	00168693          	addi	a3,a3,1
   12630:	00d5aa23          	sw	a3,20(a1)
   12634:	0017c683          	lbu	a3,1(a5)
   12638:	1a068863          	beqz	a3,127e8 <core_state_transition+0x2c4>
   1263c:	02c00513          	li	a0,44
   12640:	16a68a63          	beq	a3,a0,127b4 <core_state_transition+0x290>
   12644:	00c5a703          	lw	a4,12(a1)
   12648:	fd568693          	addi	a3,a3,-43
   1264c:	0fd6f693          	andi	a3,a3,253
   12650:	00170713          	addi	a4,a4,1
   12654:	00e5a623          	sw	a4,12(a1)
   12658:	08069063          	bnez	a3,126d8 <core_state_transition+0x1b4>
   1265c:	0027c683          	lbu	a3,2(a5)
   12660:	00278713          	addi	a4,a5,2
   12664:	14068e63          	beqz	a3,127c0 <core_state_transition+0x29c>
   12668:	16a68063          	beq	a3,a0,127c8 <core_state_transition+0x2a4>
   1266c:	0185a503          	lw	a0,24(a1)
   12670:	fd068693          	addi	a3,a3,-48
   12674:	0ff6f693          	zext.b	a3,a3
   12678:	00150513          	addi	a0,a0,1
   1267c:	00900813          	li	a6,9
   12680:	00a5ac23          	sw	a0,24(a1)
   12684:	00d87a63          	bgeu	a6,a3,12698 <core_state_transition+0x174>
   12688:	00378713          	addi	a4,a5,3
   1268c:	00100513          	li	a0,1
   12690:	00e62023          	sw	a4,0(a2)
   12694:	00008067          	ret
   12698:	00070513          	mv	a0,a4
   1269c:	00174683          	lbu	a3,1(a4)
   126a0:	00170713          	addi	a4,a4,1
   126a4:	02c00893          	li	a7,44
   126a8:	fd068793          	addi	a5,a3,-48
   126ac:	0ff7f793          	zext.b	a5,a5
   126b0:	12068263          	beqz	a3,127d4 <core_state_transition+0x2b0>
   126b4:	13168463          	beq	a3,a7,127dc <core_state_transition+0x2b8>
   126b8:	fef870e3          	bgeu	a6,a5,12698 <core_state_transition+0x174>
   126bc:	0045a783          	lw	a5,4(a1)
   126c0:	00250713          	addi	a4,a0,2
   126c4:	00100513          	li	a0,1
   126c8:	00a787b3          	add	a5,a5,a0
   126cc:	00f5a223          	sw	a5,4(a1)
   126d0:	00e62023          	sw	a4,0(a2)
   126d4:	00008067          	ret
   126d8:	00278713          	addi	a4,a5,2
   126dc:	00100513          	li	a0,1
   126e0:	e99ff06f          	j	12578 <core_state_transition+0x54>
   126e4:	fd070713          	addi	a4,a4,-48
   126e8:	0ff77713          	zext.b	a4,a4
   126ec:	00900693          	li	a3,9
   126f0:	f0e6fae3          	bgeu	a3,a4,12604 <core_state_transition+0xe0>
   126f4:	0145a683          	lw	a3,20(a1)
   126f8:	00100513          	li	a0,1
   126fc:	00178713          	addi	a4,a5,1
   12700:	00a687b3          	add	a5,a3,a0
   12704:	00f5aa23          	sw	a5,20(a1)
   12708:	e71ff06f          	j	12578 <core_state_transition+0x54>
   1270c:	00078713          	mv	a4,a5
   12710:	00500513          	li	a0,5
   12714:	00170713          	addi	a4,a4,1
   12718:	e61ff06f          	j	12578 <core_state_transition+0x54>
   1271c:	0005a503          	lw	a0,0(a1)
   12720:	00170793          	addi	a5,a4,1
   12724:	00150513          	addi	a0,a0,1
   12728:	00a5a023          	sw	a0,0(a1)
   1272c:	00174703          	lbu	a4,1(a4)
   12730:	ee0712e3          	bnez	a4,12614 <core_state_transition+0xf0>
   12734:	00078713          	mv	a4,a5
   12738:	00500513          	li	a0,5
   1273c:	e3dff06f          	j	12578 <core_state_transition+0x54>
   12740:	0005a503          	lw	a0,0(a1)
   12744:	00170793          	addi	a5,a4,1
   12748:	00150513          	addi	a0,a0,1
   1274c:	00a5a023          	sw	a0,0(a1)
   12750:	00174303          	lbu	t1,1(a4)
   12754:	08030e63          	beqz	t1,127f0 <core_state_transition+0x2cc>
   12758:	0ad30263          	beq	t1,a3,127fc <core_state_transition+0x2d8>
   1275c:	0085a503          	lw	a0,8(a1)
   12760:	fd030693          	addi	a3,t1,-48
   12764:	0ff6f693          	zext.b	a3,a3
   12768:	00900893          	li	a7,9
   1276c:	00150513          	addi	a0,a0,1
   12770:	e6d8f8e3          	bgeu	a7,a3,125e0 <core_state_transition+0xbc>
   12774:	01030a63          	beq	t1,a6,12788 <core_state_transition+0x264>
   12778:	00a5a423          	sw	a0,8(a1)
   1277c:	00270713          	addi	a4,a4,2
   12780:	00100513          	li	a0,1
   12784:	df5ff06f          	j	12578 <core_state_transition+0x54>
   12788:	00a5a423          	sw	a0,8(a1)
   1278c:	e79ff06f          	j	12604 <core_state_transition+0xe0>
   12790:	00078713          	mv	a4,a5
   12794:	00400513          	li	a0,4
   12798:	de1ff06f          	j	12578 <core_state_transition+0x54>
   1279c:	00000513          	li	a0,0
   127a0:	dd9ff06f          	j	12578 <core_state_transition+0x54>
   127a4:	00078713          	mv	a4,a5
   127a8:	00400513          	li	a0,4
   127ac:	00170713          	addi	a4,a4,1
   127b0:	dc9ff06f          	j	12578 <core_state_transition+0x54>
   127b4:	00300513          	li	a0,3
   127b8:	00170713          	addi	a4,a4,1
   127bc:	dbdff06f          	j	12578 <core_state_transition+0x54>
   127c0:	00600513          	li	a0,6
   127c4:	db5ff06f          	j	12578 <core_state_transition+0x54>
   127c8:	00600513          	li	a0,6
   127cc:	00170713          	addi	a4,a4,1
   127d0:	da9ff06f          	j	12578 <core_state_transition+0x54>
   127d4:	00700513          	li	a0,7
   127d8:	da1ff06f          	j	12578 <core_state_transition+0x54>
   127dc:	00700513          	li	a0,7
   127e0:	00170713          	addi	a4,a4,1
   127e4:	d95ff06f          	j	12578 <core_state_transition+0x54>
   127e8:	00300513          	li	a0,3
   127ec:	d8dff06f          	j	12578 <core_state_transition+0x54>
   127f0:	00078713          	mv	a4,a5
   127f4:	00200513          	li	a0,2
   127f8:	d81ff06f          	j	12578 <core_state_transition+0x54>
   127fc:	00078713          	mv	a4,a5
   12800:	00200513          	li	a0,2
   12804:	00170713          	addi	a4,a4,1
   12808:	d71ff06f          	j	12578 <core_state_transition+0x54>

0001280c <core_bench_state>:
   1280c:	f8010113          	addi	sp,sp,-128
   12810:	06812c23          	sw	s0,120(sp)
   12814:	06912a23          	sw	s1,116(sp)
   12818:	07212823          	sw	s2,112(sp)
   1281c:	07312623          	sw	s3,108(sp)
   12820:	07412423          	sw	s4,104(sp)
   12824:	07512223          	sw	s5,100(sp)
   12828:	07612023          	sw	s6,96(sp)
   1282c:	05712e23          	sw	s7,92(sp)
   12830:	05812c23          	sw	s8,88(sp)
   12834:	06112e23          	sw	ra,124(sp)
   12838:	00058493          	mv	s1,a1
   1283c:	0005c583          	lbu	a1,0(a1)
   12840:	03010993          	addi	s3,sp,48
   12844:	01010413          	addi	s0,sp,16
   12848:	02012823          	sw	zero,48(sp)
   1284c:	00012823          	sw	zero,16(sp)
   12850:	00912623          	sw	s1,12(sp)
   12854:	0009a223          	sw	zero,4(s3)
   12858:	0009a423          	sw	zero,8(s3)
   1285c:	0009a623          	sw	zero,12(s3)
   12860:	0009a823          	sw	zero,16(s3)
   12864:	0009aa23          	sw	zero,20(s3)
   12868:	0009ac23          	sw	zero,24(s3)
   1286c:	0009ae23          	sw	zero,28(s3)
   12870:	00042223          	sw	zero,4(s0)
   12874:	00042423          	sw	zero,8(s0)
   12878:	00042623          	sw	zero,12(s0)
   1287c:	00042823          	sw	zero,16(s0)
   12880:	00042a23          	sw	zero,20(s0)
   12884:	00042c23          	sw	zero,24(s0)
   12888:	00042e23          	sw	zero,28(s0)
   1288c:	00078913          	mv	s2,a5
   12890:	00050c13          	mv	s8,a0
   12894:	00060b93          	mv	s7,a2
   12898:	00068a93          	mv	s5,a3
   1289c:	00070b13          	mv	s6,a4
   128a0:	00c10a13          	addi	s4,sp,12
   128a4:	18058063          	beqz	a1,12a24 <core_bench_state+0x218>
   128a8:	00098593          	mv	a1,s3
   128ac:	000a0513          	mv	a0,s4
   128b0:	00000097          	auipc	ra,0x0
   128b4:	c74080e7          	jalr	-908(ra) # 12524 <core_state_transition>
   128b8:	00251713          	slli	a4,a0,0x2
   128bc:	00870733          	add	a4,a4,s0
   128c0:	00c12683          	lw	a3,12(sp)
   128c4:	00072783          	lw	a5,0(a4)
   128c8:	0006c683          	lbu	a3,0(a3)
   128cc:	00178793          	addi	a5,a5,1
   128d0:	00f72023          	sw	a5,0(a4)
   128d4:	fc069ae3          	bnez	a3,128a8 <core_bench_state+0x9c>
   128d8:	00912623          	sw	s1,12(sp)
   128dc:	01848c33          	add	s8,s1,s8
   128e0:	0384fc63          	bgeu	s1,s8,12918 <core_bench_state+0x10c>
   128e4:	00100713          	li	a4,1
   128e8:	00048793          	mv	a5,s1
   128ec:	02c00613          	li	a2,44
   128f0:	0eeb1263          	bne	s6,a4,129d4 <core_bench_state+0x1c8>
   128f4:	0007c703          	lbu	a4,0(a5)
   128f8:	017746b3          	xor	a3,a4,s7
   128fc:	00c70463          	beq	a4,a2,12904 <core_bench_state+0xf8>
   12900:	00d78023          	sb	a3,0(a5)
   12904:	00178793          	addi	a5,a5,1
   12908:	ff87e6e3          	bltu	a5,s8,128f4 <core_bench_state+0xe8>
   1290c:	0004c783          	lbu	a5,0(s1)
   12910:	00c10a13          	addi	s4,sp,12
   12914:	10078463          	beqz	a5,12a1c <core_bench_state+0x210>
   12918:	00098593          	mv	a1,s3
   1291c:	000a0513          	mv	a0,s4
   12920:	00000097          	auipc	ra,0x0
   12924:	c04080e7          	jalr	-1020(ra) # 12524 <core_state_transition>
   12928:	00251713          	slli	a4,a0,0x2
   1292c:	00870733          	add	a4,a4,s0
   12930:	00c12683          	lw	a3,12(sp)
   12934:	00072783          	lw	a5,0(a4)
   12938:	0006c683          	lbu	a3,0(a3)
   1293c:	00178793          	addi	a5,a5,1
   12940:	00f72023          	sw	a5,0(a4)
   12944:	fc069ae3          	bnez	a3,12918 <core_bench_state+0x10c>
   12948:	0384f463          	bgeu	s1,s8,12970 <core_bench_state+0x164>
   1294c:	00100793          	li	a5,1
   12950:	0afb1663          	bne	s6,a5,129fc <core_bench_state+0x1f0>
   12954:	02c00693          	li	a3,44
   12958:	0004c783          	lbu	a5,0(s1)
   1295c:	0157c733          	xor	a4,a5,s5
   12960:	00d78463          	beq	a5,a3,12968 <core_bench_state+0x15c>
   12964:	00e48023          	sb	a4,0(s1)
   12968:	00148493          	addi	s1,s1,1
   1296c:	ff84e6e3          	bltu	s1,s8,12958 <core_bench_state+0x14c>
   12970:	00098493          	mv	s1,s3
   12974:	00042503          	lw	a0,0(s0)
   12978:	00090593          	mv	a1,s2
   1297c:	00440413          	addi	s0,s0,4
   12980:	00000097          	auipc	ra,0x0
   12984:	33c080e7          	jalr	828(ra) # 12cbc <crcu32>
   12988:	00050593          	mv	a1,a0
   1298c:	0004a503          	lw	a0,0(s1)
   12990:	00448493          	addi	s1,s1,4
   12994:	00000097          	auipc	ra,0x0
   12998:	328080e7          	jalr	808(ra) # 12cbc <crcu32>
   1299c:	00050913          	mv	s2,a0
   129a0:	fc899ae3          	bne	s3,s0,12974 <core_bench_state+0x168>
   129a4:	07c12083          	lw	ra,124(sp)
   129a8:	07812403          	lw	s0,120(sp)
   129ac:	07412483          	lw	s1,116(sp)
   129b0:	07012903          	lw	s2,112(sp)
   129b4:	06c12983          	lw	s3,108(sp)
   129b8:	06812a03          	lw	s4,104(sp)
   129bc:	06412a83          	lw	s5,100(sp)
   129c0:	06012b03          	lw	s6,96(sp)
   129c4:	05c12b83          	lw	s7,92(sp)
   129c8:	05812c03          	lw	s8,88(sp)
   129cc:	08010113          	addi	sp,sp,128
   129d0:	00008067          	ret
   129d4:	0007c703          	lbu	a4,0(a5)
   129d8:	017746b3          	xor	a3,a4,s7
   129dc:	00c70463          	beq	a4,a2,129e4 <core_bench_state+0x1d8>
   129e0:	00d78023          	sb	a3,0(a5)
   129e4:	016787b3          	add	a5,a5,s6
   129e8:	ff87e6e3          	bltu	a5,s8,129d4 <core_bench_state+0x1c8>
   129ec:	0004c783          	lbu	a5,0(s1)
   129f0:	00c10a13          	addi	s4,sp,12
   129f4:	f20792e3          	bnez	a5,12918 <core_bench_state+0x10c>
   129f8:	f784fce3          	bgeu	s1,s8,12970 <core_bench_state+0x164>
   129fc:	02c00693          	li	a3,44
   12a00:	0004c783          	lbu	a5,0(s1)
   12a04:	0157c733          	xor	a4,a5,s5
   12a08:	00d78463          	beq	a5,a3,12a10 <core_bench_state+0x204>
   12a0c:	00e48023          	sb	a4,0(s1)
   12a10:	016484b3          	add	s1,s1,s6
   12a14:	ff84e6e3          	bltu	s1,s8,12a00 <core_bench_state+0x1f4>
   12a18:	f59ff06f          	j	12970 <core_bench_state+0x164>
   12a1c:	f384ece3          	bltu	s1,s8,12954 <core_bench_state+0x148>
   12a20:	f51ff06f          	j	12970 <core_bench_state+0x164>
   12a24:	00a48c33          	add	s8,s1,a0
   12a28:	eb84eee3          	bltu	s1,s8,128e4 <core_bench_state+0xd8>
   12a2c:	f45ff06f          	j	12970 <core_bench_state+0x164>

00012a30 <get_seed_32>:
   12a30:	00500793          	li	a5,5
   12a34:	04a7ec63          	bltu	a5,a0,12a8c <get_seed_32+0x5c>
   12a38:	000217b7          	lui	a5,0x21
   12a3c:	82878793          	addi	a5,a5,-2008 # 20828 <intpat+0x10>
   12a40:	00251513          	slli	a0,a0,0x2
   12a44:	00f50533          	add	a0,a0,a5
   12a48:	00052783          	lw	a5,0(a0)
   12a4c:	00078067          	jr	a5
   12a50:	000217b7          	lui	a5,0x21
   12a54:	1987a503          	lw	a0,408(a5) # 21198 <seed5_volatile>
   12a58:	00008067          	ret
   12a5c:	000217b7          	lui	a5,0x21
   12a60:	1a07a503          	lw	a0,416(a5) # 211a0 <seed1_volatile>
   12a64:	00008067          	ret
   12a68:	000217b7          	lui	a5,0x21
   12a6c:	19c7a503          	lw	a0,412(a5) # 2119c <seed2_volatile>
   12a70:	00008067          	ret
   12a74:	000207b7          	lui	a5,0x20
   12a78:	0087a503          	lw	a0,8(a5) # 20008 <seed3_volatile>
   12a7c:	00008067          	ret
   12a80:	000207b7          	lui	a5,0x20
   12a84:	0047a503          	lw	a0,4(a5) # 20004 <seed4_volatile>
   12a88:	00008067          	ret
   12a8c:	00000513          	li	a0,0
   12a90:	00008067          	ret

00012a94 <crcu16>:
   12a94:	0ff5f793          	zext.b	a5,a1
   12a98:	00879793          	slli	a5,a5,0x8
   12a9c:	0085d593          	srli	a1,a1,0x8
   12aa0:	00001737          	lui	a4,0x1
   12aa4:	fffff337          	lui	t1,0xfffff
   12aa8:	0f030313          	addi	t1,t1,240 # fffff0f0 <__stack_top__+0xfffcf0f0>
   12aac:	f0f70713          	addi	a4,a4,-241 # f0f <__STACK_SIZE-0xf1>
   12ab0:	00b7e7b3          	or	a5,a5,a1
   12ab4:	00e7f5b3          	and	a1,a5,a4
   12ab8:	0067f7b3          	and	a5,a5,t1
   12abc:	0047d793          	srli	a5,a5,0x4
   12ac0:	00459593          	slli	a1,a1,0x4
   12ac4:	00f5e5b3          	or	a1,a1,a5
   12ac8:	ffffd8b7          	lui	a7,0xffffd
   12acc:	000037b7          	lui	a5,0x3
   12ad0:	ccc88893          	addi	a7,a7,-820 # ffffcccc <__stack_top__+0xfffccccc>
   12ad4:	33378793          	addi	a5,a5,819 # 3333 <__HEAP_SIZE+0x1333>
   12ad8:	00f57693          	andi	a3,a0,15
   12adc:	0f057813          	andi	a6,a0,240
   12ae0:	00f5f633          	and	a2,a1,a5
   12ae4:	00485813          	srli	a6,a6,0x4
   12ae8:	0115f5b3          	and	a1,a1,a7
   12aec:	00469693          	slli	a3,a3,0x4
   12af0:	0106e6b3          	or	a3,a3,a6
   12af4:	0025d593          	srli	a1,a1,0x2
   12af8:	00261613          	slli	a2,a2,0x2
   12afc:	00b66633          	or	a2,a2,a1
   12b00:	0336fe13          	andi	t3,a3,51
   12b04:	000055b7          	lui	a1,0x5
   12b08:	0cc6f693          	andi	a3,a3,204
   12b0c:	ffffb837          	lui	a6,0xffffb
   12b10:	55558593          	addi	a1,a1,1365 # 5555 <__HEAP_SIZE+0x3555>
   12b14:	aaa80813          	addi	a6,a6,-1366 # ffffaaaa <__stack_top__+0xfffcaaaa>
   12b18:	0026de93          	srli	t4,a3,0x2
   12b1c:	002e1e13          	slli	t3,t3,0x2
   12b20:	00b676b3          	and	a3,a2,a1
   12b24:	01de6e33          	or	t3,t3,t4
   12b28:	01067633          	and	a2,a2,a6
   12b2c:	00169693          	slli	a3,a3,0x1
   12b30:	00165613          	srli	a2,a2,0x1
   12b34:	055e7f13          	andi	t5,t3,85
   12b38:	0aae7e13          	andi	t3,t3,170
   12b3c:	00c6eeb3          	or	t4,a3,a2
   12b40:	001f1f13          	slli	t5,t5,0x1
   12b44:	001e5e13          	srli	t3,t3,0x1
   12b48:	01cf6e33          	or	t3,t5,t3
   12b4c:	008ede93          	srli	t4,t4,0x8
   12b50:	01ceceb3          	xor	t4,t4,t3
   12b54:	00020e37          	lui	t3,0x20
   12b58:	06ce0e13          	addi	t3,t3,108 # 2006c <_impure_ptr+0x4>
   12b5c:	00c6e633          	or	a2,a3,a2
   12b60:	001e9693          	slli	a3,t4,0x1
   12b64:	01c686b3          	add	a3,a3,t3
   12b68:	0006d683          	lhu	a3,0(a3)
   12b6c:	00861613          	slli	a2,a2,0x8
   12b70:	00855513          	srli	a0,a0,0x8
   12b74:	00c6c633          	xor	a2,a3,a2
   12b78:	01061e93          	slli	t4,a2,0x10
   12b7c:	0ff6f693          	zext.b	a3,a3
   12b80:	018ed613          	srli	a2,t4,0x18
   12b84:	00869693          	slli	a3,a3,0x8
   12b88:	00c6e6b3          	or	a3,a3,a2
   12b8c:	00e6f633          	and	a2,a3,a4
   12b90:	0066f6b3          	and	a3,a3,t1
   12b94:	0046d693          	srli	a3,a3,0x4
   12b98:	00461613          	slli	a2,a2,0x4
   12b9c:	00d66633          	or	a2,a2,a3
   12ba0:	00f676b3          	and	a3,a2,a5
   12ba4:	01167633          	and	a2,a2,a7
   12ba8:	00265613          	srli	a2,a2,0x2
   12bac:	00269693          	slli	a3,a3,0x2
   12bb0:	00c6e6b3          	or	a3,a3,a2
   12bb4:	00b6f633          	and	a2,a3,a1
   12bb8:	0106f6b3          	and	a3,a3,a6
   12bbc:	00161613          	slli	a2,a2,0x1
   12bc0:	0016d693          	srli	a3,a3,0x1
   12bc4:	00d666b3          	or	a3,a2,a3
   12bc8:	0ff6f613          	zext.b	a2,a3
   12bcc:	00861613          	slli	a2,a2,0x8
   12bd0:	0086d693          	srli	a3,a3,0x8
   12bd4:	00d66633          	or	a2,a2,a3
   12bd8:	00e676b3          	and	a3,a2,a4
   12bdc:	00667eb3          	and	t4,a2,t1
   12be0:	004ede93          	srli	t4,t4,0x4
   12be4:	00f57613          	andi	a2,a0,15
   12be8:	00469693          	slli	a3,a3,0x4
   12bec:	01d6e6b3          	or	a3,a3,t4
   12bf0:	00455513          	srli	a0,a0,0x4
   12bf4:	00461613          	slli	a2,a2,0x4
   12bf8:	00a66633          	or	a2,a2,a0
   12bfc:	0116feb3          	and	t4,a3,a7
   12c00:	00f6f533          	and	a0,a3,a5
   12c04:	002ede93          	srli	t4,t4,0x2
   12c08:	03367693          	andi	a3,a2,51
   12c0c:	00251513          	slli	a0,a0,0x2
   12c10:	0cc67613          	andi	a2,a2,204
   12c14:	01d56533          	or	a0,a0,t4
   12c18:	00265613          	srli	a2,a2,0x2
   12c1c:	00269693          	slli	a3,a3,0x2
   12c20:	00c6e6b3          	or	a3,a3,a2
   12c24:	00b57633          	and	a2,a0,a1
   12c28:	01057533          	and	a0,a0,a6
   12c2c:	0556ff13          	andi	t5,a3,85
   12c30:	00161613          	slli	a2,a2,0x1
   12c34:	00155513          	srli	a0,a0,0x1
   12c38:	0aa6f693          	andi	a3,a3,170
   12c3c:	00a66eb3          	or	t4,a2,a0
   12c40:	0016d693          	srli	a3,a3,0x1
   12c44:	001f1f13          	slli	t5,t5,0x1
   12c48:	00df6f33          	or	t5,t5,a3
   12c4c:	008ed693          	srli	a3,t4,0x8
   12c50:	01e6c6b3          	xor	a3,a3,t5
   12c54:	00169693          	slli	a3,a3,0x1
   12c58:	01c686b3          	add	a3,a3,t3
   12c5c:	0006d683          	lhu	a3,0(a3)
   12c60:	008e9613          	slli	a2,t4,0x8
   12c64:	00c6c633          	xor	a2,a3,a2
   12c68:	01061513          	slli	a0,a2,0x10
   12c6c:	0ff6f693          	zext.b	a3,a3
   12c70:	01855613          	srli	a2,a0,0x18
   12c74:	00869693          	slli	a3,a3,0x8
   12c78:	00c6e6b3          	or	a3,a3,a2
   12c7c:	00e6f733          	and	a4,a3,a4
   12c80:	0066f6b3          	and	a3,a3,t1
   12c84:	0046d693          	srli	a3,a3,0x4
   12c88:	00471713          	slli	a4,a4,0x4
   12c8c:	00d76733          	or	a4,a4,a3
   12c90:	00f777b3          	and	a5,a4,a5
   12c94:	01177733          	and	a4,a4,a7
   12c98:	00275713          	srli	a4,a4,0x2
   12c9c:	00279793          	slli	a5,a5,0x2
   12ca0:	00e7e7b3          	or	a5,a5,a4
   12ca4:	00b7f533          	and	a0,a5,a1
   12ca8:	0107f7b3          	and	a5,a5,a6
   12cac:	0017d793          	srli	a5,a5,0x1
   12cb0:	00151513          	slli	a0,a0,0x1
   12cb4:	00f56533          	or	a0,a0,a5
   12cb8:	00008067          	ret

00012cbc <crcu32>:
   12cbc:	0ff5f793          	zext.b	a5,a1
   12cc0:	00879793          	slli	a5,a5,0x8
   12cc4:	0085d593          	srli	a1,a1,0x8
   12cc8:	00001737          	lui	a4,0x1
   12ccc:	fffff8b7          	lui	a7,0xfffff
   12cd0:	0f088893          	addi	a7,a7,240 # fffff0f0 <__stack_top__+0xfffcf0f0>
   12cd4:	f0f70713          	addi	a4,a4,-241 # f0f <__STACK_SIZE-0xf1>
   12cd8:	00b7e7b3          	or	a5,a5,a1
   12cdc:	00e7f6b3          	and	a3,a5,a4
   12ce0:	0117f7b3          	and	a5,a5,a7
   12ce4:	0047d793          	srli	a5,a5,0x4
   12ce8:	00469693          	slli	a3,a3,0x4
   12cec:	00f6e6b3          	or	a3,a3,a5
   12cf0:	ffffd837          	lui	a6,0xffffd
   12cf4:	000037b7          	lui	a5,0x3
   12cf8:	ccc80813          	addi	a6,a6,-820 # ffffcccc <__stack_top__+0xfffccccc>
   12cfc:	33378793          	addi	a5,a5,819 # 3333 <__HEAP_SIZE+0x1333>
   12d00:	00f57613          	andi	a2,a0,15
   12d04:	0f057593          	andi	a1,a0,240
   12d08:	00f6f333          	and	t1,a3,a5
   12d0c:	0045d593          	srli	a1,a1,0x4
   12d10:	0106f6b3          	and	a3,a3,a6
   12d14:	00461613          	slli	a2,a2,0x4
   12d18:	00b66633          	or	a2,a2,a1
   12d1c:	0026d693          	srli	a3,a3,0x2
   12d20:	00231313          	slli	t1,t1,0x2
   12d24:	00d36333          	or	t1,t1,a3
   12d28:	03367e13          	andi	t3,a2,51
   12d2c:	000056b7          	lui	a3,0x5
   12d30:	0cc67613          	andi	a2,a2,204
   12d34:	ffffb5b7          	lui	a1,0xffffb
   12d38:	55568693          	addi	a3,a3,1365 # 5555 <__HEAP_SIZE+0x3555>
   12d3c:	aaa58593          	addi	a1,a1,-1366 # ffffaaaa <__stack_top__+0xfffcaaaa>
   12d40:	00265e93          	srli	t4,a2,0x2
   12d44:	002e1e13          	slli	t3,t3,0x2
   12d48:	00d37633          	and	a2,t1,a3
   12d4c:	01de6e33          	or	t3,t3,t4
   12d50:	00b37333          	and	t1,t1,a1
   12d54:	00161613          	slli	a2,a2,0x1
   12d58:	00135313          	srli	t1,t1,0x1
   12d5c:	055e7f13          	andi	t5,t3,85
   12d60:	0aae7e13          	andi	t3,t3,170
   12d64:	00666eb3          	or	t4,a2,t1
   12d68:	001f1f13          	slli	t5,t5,0x1
   12d6c:	001e5e13          	srli	t3,t3,0x1
   12d70:	01cf6e33          	or	t3,t5,t3
   12d74:	008ede93          	srli	t4,t4,0x8
   12d78:	01ceceb3          	xor	t4,t4,t3
   12d7c:	00666e33          	or	t3,a2,t1
   12d80:	00020337          	lui	t1,0x20
   12d84:	06c30313          	addi	t1,t1,108 # 2006c <_impure_ptr+0x4>
   12d88:	001e9613          	slli	a2,t4,0x1
   12d8c:	00660633          	add	a2,a2,t1
   12d90:	00065603          	lhu	a2,0(a2)
   12d94:	008e1e13          	slli	t3,t3,0x8
   12d98:	00855f13          	srli	t5,a0,0x8
   12d9c:	01c64e33          	xor	t3,a2,t3
   12da0:	010e1e93          	slli	t4,t3,0x10
   12da4:	0ff67613          	zext.b	a2,a2
   12da8:	018ede13          	srli	t3,t4,0x18
   12dac:	00861613          	slli	a2,a2,0x8
   12db0:	01c66633          	or	a2,a2,t3
   12db4:	00e67e33          	and	t3,a2,a4
   12db8:	01167633          	and	a2,a2,a7
   12dbc:	00465613          	srli	a2,a2,0x4
   12dc0:	004e1e13          	slli	t3,t3,0x4
   12dc4:	00ce6e33          	or	t3,t3,a2
   12dc8:	00fe7633          	and	a2,t3,a5
   12dcc:	010e7e33          	and	t3,t3,a6
   12dd0:	002e5e13          	srli	t3,t3,0x2
   12dd4:	00261613          	slli	a2,a2,0x2
   12dd8:	01c66633          	or	a2,a2,t3
   12ddc:	00d67e33          	and	t3,a2,a3
   12de0:	00b67633          	and	a2,a2,a1
   12de4:	00165613          	srli	a2,a2,0x1
   12de8:	001e1e13          	slli	t3,t3,0x1
   12dec:	00ce6e33          	or	t3,t3,a2
   12df0:	0ffe7613          	zext.b	a2,t3
   12df4:	00861613          	slli	a2,a2,0x8
   12df8:	008e5e13          	srli	t3,t3,0x8
   12dfc:	01c66633          	or	a2,a2,t3
   12e00:	00e67eb3          	and	t4,a2,a4
   12e04:	01167633          	and	a2,a2,a7
   12e08:	00465613          	srli	a2,a2,0x4
   12e0c:	004e9e93          	slli	t4,t4,0x4
   12e10:	00ceeeb3          	or	t4,t4,a2
   12e14:	00ff7613          	andi	a2,t5,15
   12e18:	0f0f7f13          	andi	t5,t5,240
   12e1c:	00fefe33          	and	t3,t4,a5
   12e20:	004f5f13          	srli	t5,t5,0x4
   12e24:	010efeb3          	and	t4,t4,a6
   12e28:	00461613          	slli	a2,a2,0x4
   12e2c:	01e66633          	or	a2,a2,t5
   12e30:	002ede93          	srli	t4,t4,0x2
   12e34:	002e1e13          	slli	t3,t3,0x2
   12e38:	01de6e33          	or	t3,t3,t4
   12e3c:	03367e93          	andi	t4,a2,51
   12e40:	0cc67613          	andi	a2,a2,204
   12e44:	00265f13          	srli	t5,a2,0x2
   12e48:	002e9e93          	slli	t4,t4,0x2
   12e4c:	00de7633          	and	a2,t3,a3
   12e50:	01eeeeb3          	or	t4,t4,t5
   12e54:	00be7e33          	and	t3,t3,a1
   12e58:	00161613          	slli	a2,a2,0x1
   12e5c:	001e5e13          	srli	t3,t3,0x1
   12e60:	055eff93          	andi	t6,t4,85
   12e64:	0aaefe93          	andi	t4,t4,170
   12e68:	01c66f33          	or	t5,a2,t3
   12e6c:	001f9f93          	slli	t6,t6,0x1
   12e70:	001ede93          	srli	t4,t4,0x1
   12e74:	008f5f13          	srli	t5,t5,0x8
   12e78:	01dfeeb3          	or	t4,t6,t4
   12e7c:	01df4eb3          	xor	t4,t5,t4
   12e80:	01c66e33          	or	t3,a2,t3
   12e84:	001e9613          	slli	a2,t4,0x1
   12e88:	00660633          	add	a2,a2,t1
   12e8c:	00065603          	lhu	a2,0(a2)
   12e90:	008e1e13          	slli	t3,t3,0x8
   12e94:	01055e93          	srli	t4,a0,0x10
   12e98:	01c64e33          	xor	t3,a2,t3
   12e9c:	010e1f13          	slli	t5,t3,0x10
   12ea0:	0ff67613          	zext.b	a2,a2
   12ea4:	018f5e13          	srli	t3,t5,0x18
   12ea8:	00861613          	slli	a2,a2,0x8
   12eac:	01c66633          	or	a2,a2,t3
   12eb0:	00e67e33          	and	t3,a2,a4
   12eb4:	01167633          	and	a2,a2,a7
   12eb8:	00465613          	srli	a2,a2,0x4
   12ebc:	004e1e13          	slli	t3,t3,0x4
   12ec0:	00ce6e33          	or	t3,t3,a2
   12ec4:	00fe7633          	and	a2,t3,a5
   12ec8:	010e7e33          	and	t3,t3,a6
   12ecc:	002e5e13          	srli	t3,t3,0x2
   12ed0:	00261613          	slli	a2,a2,0x2
   12ed4:	01c66633          	or	a2,a2,t3
   12ed8:	00d67e33          	and	t3,a2,a3
   12edc:	00b67633          	and	a2,a2,a1
   12ee0:	001e1e13          	slli	t3,t3,0x1
   12ee4:	00165613          	srli	a2,a2,0x1
   12ee8:	00ce6633          	or	a2,t3,a2
   12eec:	0ff67e13          	zext.b	t3,a2
   12ef0:	008e1e13          	slli	t3,t3,0x8
   12ef4:	00865613          	srli	a2,a2,0x8
   12ef8:	00ce6e33          	or	t3,t3,a2
   12efc:	00ee7633          	and	a2,t3,a4
   12f00:	011e7e33          	and	t3,t3,a7
   12f04:	004e5e13          	srli	t3,t3,0x4
   12f08:	00461613          	slli	a2,a2,0x4
   12f0c:	01c66633          	or	a2,a2,t3
   12f10:	00fefe13          	andi	t3,t4,15
   12f14:	0f0efe93          	andi	t4,t4,240
   12f18:	004edf13          	srli	t5,t4,0x4
   12f1c:	004e1e13          	slli	t3,t3,0x4
   12f20:	00f67eb3          	and	t4,a2,a5
   12f24:	01067633          	and	a2,a2,a6
   12f28:	01ee6e33          	or	t3,t3,t5
   12f2c:	00265613          	srli	a2,a2,0x2
   12f30:	002e9e93          	slli	t4,t4,0x2
   12f34:	00ceeeb3          	or	t4,t4,a2
   12f38:	033e7613          	andi	a2,t3,51
   12f3c:	0cce7e13          	andi	t3,t3,204
   12f40:	002e5f13          	srli	t5,t3,0x2
   12f44:	00261613          	slli	a2,a2,0x2
   12f48:	00defe33          	and	t3,t4,a3
   12f4c:	01e66633          	or	a2,a2,t5
   12f50:	00befeb3          	and	t4,t4,a1
   12f54:	001ede93          	srli	t4,t4,0x1
   12f58:	001e1e13          	slli	t3,t3,0x1
   12f5c:	05567f93          	andi	t6,a2,85
   12f60:	0aa67613          	andi	a2,a2,170
   12f64:	01de6f33          	or	t5,t3,t4
   12f68:	001f9f93          	slli	t6,t6,0x1
   12f6c:	00165613          	srli	a2,a2,0x1
   12f70:	008f5f13          	srli	t5,t5,0x8
   12f74:	00cfe633          	or	a2,t6,a2
   12f78:	00cf4633          	xor	a2,t5,a2
   12f7c:	00161613          	slli	a2,a2,0x1
   12f80:	00660633          	add	a2,a2,t1
   12f84:	00065603          	lhu	a2,0(a2)
   12f88:	01de6e33          	or	t3,t3,t4
   12f8c:	008e1e13          	slli	t3,t3,0x8
   12f90:	01c64e33          	xor	t3,a2,t3
   12f94:	010e1e93          	slli	t4,t3,0x10
   12f98:	0ff67613          	zext.b	a2,a2
   12f9c:	018ede13          	srli	t3,t4,0x18
   12fa0:	00861613          	slli	a2,a2,0x8
   12fa4:	01c66633          	or	a2,a2,t3
   12fa8:	00e67e33          	and	t3,a2,a4
   12fac:	01167633          	and	a2,a2,a7
   12fb0:	00465613          	srli	a2,a2,0x4
   12fb4:	004e1e13          	slli	t3,t3,0x4
   12fb8:	00ce6e33          	or	t3,t3,a2
   12fbc:	00fe7633          	and	a2,t3,a5
   12fc0:	010e7e33          	and	t3,t3,a6
   12fc4:	002e5e13          	srli	t3,t3,0x2
   12fc8:	00261613          	slli	a2,a2,0x2
   12fcc:	01c66633          	or	a2,a2,t3
   12fd0:	00d67e33          	and	t3,a2,a3
   12fd4:	00b67633          	and	a2,a2,a1
   12fd8:	00165613          	srli	a2,a2,0x1
   12fdc:	001e1e13          	slli	t3,t3,0x1
   12fe0:	00ce6e33          	or	t3,t3,a2
   12fe4:	0ffe7613          	zext.b	a2,t3
   12fe8:	00861613          	slli	a2,a2,0x8
   12fec:	008e5e13          	srli	t3,t3,0x8
   12ff0:	01c66633          	or	a2,a2,t3
   12ff4:	00e67eb3          	and	t4,a2,a4
   12ff8:	01167e33          	and	t3,a2,a7
   12ffc:	01855513          	srli	a0,a0,0x18
   13000:	00f57613          	andi	a2,a0,15
   13004:	004e5e13          	srli	t3,t3,0x4
   13008:	004e9e93          	slli	t4,t4,0x4
   1300c:	00461613          	slli	a2,a2,0x4
   13010:	01ceeeb3          	or	t4,t4,t3
   13014:	00455513          	srli	a0,a0,0x4
   13018:	00fefe33          	and	t3,t4,a5
   1301c:	00a66533          	or	a0,a2,a0
   13020:	010efeb3          	and	t4,t4,a6
   13024:	03357613          	andi	a2,a0,51
   13028:	002ede93          	srli	t4,t4,0x2
   1302c:	0cc57513          	andi	a0,a0,204
   13030:	002e1e13          	slli	t3,t3,0x2
   13034:	01de6e33          	or	t3,t3,t4
   13038:	00255513          	srli	a0,a0,0x2
   1303c:	00261613          	slli	a2,a2,0x2
   13040:	00a66633          	or	a2,a2,a0
   13044:	00de7533          	and	a0,t3,a3
   13048:	00be7e33          	and	t3,t3,a1
   1304c:	05567f13          	andi	t5,a2,85
   13050:	00151513          	slli	a0,a0,0x1
   13054:	001e5e13          	srli	t3,t3,0x1
   13058:	0aa67613          	andi	a2,a2,170
   1305c:	01c56eb3          	or	t4,a0,t3
   13060:	00165613          	srli	a2,a2,0x1
   13064:	001f1f13          	slli	t5,t5,0x1
   13068:	00cf6f33          	or	t5,t5,a2
   1306c:	008ed613          	srli	a2,t4,0x8
   13070:	01e64633          	xor	a2,a2,t5
   13074:	00161613          	slli	a2,a2,0x1
   13078:	00660633          	add	a2,a2,t1
   1307c:	00065603          	lhu	a2,0(a2)
   13080:	008e9513          	slli	a0,t4,0x8
   13084:	00a64533          	xor	a0,a2,a0
   13088:	01051313          	slli	t1,a0,0x10
   1308c:	0ff67613          	zext.b	a2,a2
   13090:	01835513          	srli	a0,t1,0x18
   13094:	00861613          	slli	a2,a2,0x8
   13098:	00a66633          	or	a2,a2,a0
   1309c:	00e67733          	and	a4,a2,a4
   130a0:	01167633          	and	a2,a2,a7
   130a4:	00465613          	srli	a2,a2,0x4
   130a8:	00471713          	slli	a4,a4,0x4
   130ac:	00c76733          	or	a4,a4,a2
   130b0:	00f777b3          	and	a5,a4,a5
   130b4:	01077733          	and	a4,a4,a6
   130b8:	00275713          	srli	a4,a4,0x2
   130bc:	00279793          	slli	a5,a5,0x2
   130c0:	00e7e7b3          	or	a5,a5,a4
   130c4:	00d7f533          	and	a0,a5,a3
   130c8:	00b7f7b3          	and	a5,a5,a1
   130cc:	0017d793          	srli	a5,a5,0x1
   130d0:	00151513          	slli	a0,a0,0x1
   130d4:	00f56533          	or	a0,a0,a5
   130d8:	00008067          	ret

000130dc <crc16>:
   130dc:	0ff5f793          	zext.b	a5,a1
   130e0:	00879793          	slli	a5,a5,0x8
   130e4:	0085d593          	srli	a1,a1,0x8
   130e8:	00001737          	lui	a4,0x1
   130ec:	fffff337          	lui	t1,0xfffff
   130f0:	0f030313          	addi	t1,t1,240 # fffff0f0 <__stack_top__+0xfffcf0f0>
   130f4:	f0f70713          	addi	a4,a4,-241 # f0f <__STACK_SIZE-0xf1>
   130f8:	00b7e7b3          	or	a5,a5,a1
   130fc:	00e7f5b3          	and	a1,a5,a4
   13100:	0067f7b3          	and	a5,a5,t1
   13104:	0047d793          	srli	a5,a5,0x4
   13108:	00459593          	slli	a1,a1,0x4
   1310c:	00f5e5b3          	or	a1,a1,a5
   13110:	ffffd8b7          	lui	a7,0xffffd
   13114:	000037b7          	lui	a5,0x3
   13118:	ccc88893          	addi	a7,a7,-820 # ffffcccc <__stack_top__+0xfffccccc>
   1311c:	33378793          	addi	a5,a5,819 # 3333 <__HEAP_SIZE+0x1333>
   13120:	00f57693          	andi	a3,a0,15
   13124:	0f057813          	andi	a6,a0,240
   13128:	00f5f633          	and	a2,a1,a5
   1312c:	00485813          	srli	a6,a6,0x4
   13130:	0115f5b3          	and	a1,a1,a7
   13134:	00469693          	slli	a3,a3,0x4
   13138:	0106e6b3          	or	a3,a3,a6
   1313c:	0025d593          	srli	a1,a1,0x2
   13140:	00261613          	slli	a2,a2,0x2
   13144:	00b66633          	or	a2,a2,a1
   13148:	0336fe13          	andi	t3,a3,51
   1314c:	000055b7          	lui	a1,0x5
   13150:	0cc6f693          	andi	a3,a3,204
   13154:	ffffb837          	lui	a6,0xffffb
   13158:	55558593          	addi	a1,a1,1365 # 5555 <__HEAP_SIZE+0x3555>
   1315c:	aaa80813          	addi	a6,a6,-1366 # ffffaaaa <__stack_top__+0xfffcaaaa>
   13160:	0026de93          	srli	t4,a3,0x2
   13164:	002e1e13          	slli	t3,t3,0x2
   13168:	00b676b3          	and	a3,a2,a1
   1316c:	01de6e33          	or	t3,t3,t4
   13170:	01067633          	and	a2,a2,a6
   13174:	00169693          	slli	a3,a3,0x1
   13178:	00165613          	srli	a2,a2,0x1
   1317c:	055e7f13          	andi	t5,t3,85
   13180:	0aae7e13          	andi	t3,t3,170
   13184:	00c6eeb3          	or	t4,a3,a2
   13188:	001f1f13          	slli	t5,t5,0x1
   1318c:	001e5e13          	srli	t3,t3,0x1
   13190:	01cf6e33          	or	t3,t5,t3
   13194:	008ede93          	srli	t4,t4,0x8
   13198:	01ceceb3          	xor	t4,t4,t3
   1319c:	00020e37          	lui	t3,0x20
   131a0:	06ce0e13          	addi	t3,t3,108 # 2006c <_impure_ptr+0x4>
   131a4:	00c6e633          	or	a2,a3,a2
   131a8:	001e9693          	slli	a3,t4,0x1
   131ac:	01c686b3          	add	a3,a3,t3
   131b0:	0006d683          	lhu	a3,0(a3)
   131b4:	00861613          	slli	a2,a2,0x8
   131b8:	00855513          	srli	a0,a0,0x8
   131bc:	00c6c633          	xor	a2,a3,a2
   131c0:	01061e93          	slli	t4,a2,0x10
   131c4:	0ff6f693          	zext.b	a3,a3
   131c8:	018ed613          	srli	a2,t4,0x18
   131cc:	00869693          	slli	a3,a3,0x8
   131d0:	00c6e6b3          	or	a3,a3,a2
   131d4:	00e6f633          	and	a2,a3,a4
   131d8:	0066f6b3          	and	a3,a3,t1
   131dc:	0046d693          	srli	a3,a3,0x4
   131e0:	00461613          	slli	a2,a2,0x4
   131e4:	00d66633          	or	a2,a2,a3
   131e8:	00f676b3          	and	a3,a2,a5
   131ec:	01167633          	and	a2,a2,a7
   131f0:	00265613          	srli	a2,a2,0x2
   131f4:	00269693          	slli	a3,a3,0x2
   131f8:	00c6e6b3          	or	a3,a3,a2
   131fc:	00b6f633          	and	a2,a3,a1
   13200:	0106f6b3          	and	a3,a3,a6
   13204:	00161613          	slli	a2,a2,0x1
   13208:	0016d693          	srli	a3,a3,0x1
   1320c:	00d666b3          	or	a3,a2,a3
   13210:	0ff6f613          	zext.b	a2,a3
   13214:	00861613          	slli	a2,a2,0x8
   13218:	0086d693          	srli	a3,a3,0x8
   1321c:	00d66633          	or	a2,a2,a3
   13220:	00e676b3          	and	a3,a2,a4
   13224:	00667eb3          	and	t4,a2,t1
   13228:	004ede93          	srli	t4,t4,0x4
   1322c:	00f57613          	andi	a2,a0,15
   13230:	00469693          	slli	a3,a3,0x4
   13234:	0f057513          	andi	a0,a0,240
   13238:	01d6e6b3          	or	a3,a3,t4
   1323c:	00455513          	srli	a0,a0,0x4
   13240:	00461613          	slli	a2,a2,0x4
   13244:	00a66633          	or	a2,a2,a0
   13248:	0116feb3          	and	t4,a3,a7
   1324c:	00f6f533          	and	a0,a3,a5
   13250:	002ede93          	srli	t4,t4,0x2
   13254:	03367693          	andi	a3,a2,51
   13258:	00251513          	slli	a0,a0,0x2
   1325c:	0cc67613          	andi	a2,a2,204
   13260:	01d56533          	or	a0,a0,t4
   13264:	00265613          	srli	a2,a2,0x2
   13268:	00269693          	slli	a3,a3,0x2
   1326c:	00c6e6b3          	or	a3,a3,a2
   13270:	00b57633          	and	a2,a0,a1
   13274:	01057533          	and	a0,a0,a6
   13278:	0556ff13          	andi	t5,a3,85
   1327c:	00161613          	slli	a2,a2,0x1
   13280:	00155513          	srli	a0,a0,0x1
   13284:	0aa6f693          	andi	a3,a3,170
   13288:	00a66eb3          	or	t4,a2,a0
   1328c:	0016d693          	srli	a3,a3,0x1
   13290:	001f1f13          	slli	t5,t5,0x1
   13294:	00df6f33          	or	t5,t5,a3
   13298:	008ed693          	srli	a3,t4,0x8
   1329c:	01e6c6b3          	xor	a3,a3,t5
   132a0:	00169693          	slli	a3,a3,0x1
   132a4:	01c686b3          	add	a3,a3,t3
   132a8:	0006d683          	lhu	a3,0(a3)
   132ac:	008e9613          	slli	a2,t4,0x8
   132b0:	00c6c633          	xor	a2,a3,a2
   132b4:	01061513          	slli	a0,a2,0x10
   132b8:	0ff6f693          	zext.b	a3,a3
   132bc:	01855613          	srli	a2,a0,0x18
   132c0:	00869693          	slli	a3,a3,0x8
   132c4:	00c6e6b3          	or	a3,a3,a2
   132c8:	00e6f733          	and	a4,a3,a4
   132cc:	0066f6b3          	and	a3,a3,t1
   132d0:	0046d693          	srli	a3,a3,0x4
   132d4:	00471713          	slli	a4,a4,0x4
   132d8:	00d76733          	or	a4,a4,a3
   132dc:	00f777b3          	and	a5,a4,a5
   132e0:	01177733          	and	a4,a4,a7
   132e4:	00275713          	srli	a4,a4,0x2
   132e8:	00279793          	slli	a5,a5,0x2
   132ec:	00e7e7b3          	or	a5,a5,a4
   132f0:	00b7f533          	and	a0,a5,a1
   132f4:	0107f7b3          	and	a5,a5,a6
   132f8:	0017d793          	srli	a5,a5,0x1
   132fc:	00151513          	slli	a0,a0,0x1
   13300:	00f56533          	or	a0,a0,a5
   13304:	00008067          	ret

00013308 <check_data_types>:
   13308:	00000513          	li	a0,0
   1330c:	00008067          	ret

00013310 <iprintf>:
   13310:	fc010113          	addi	sp,sp,-64
   13314:	02f12a23          	sw	a5,52(sp)
   13318:	0000d797          	auipc	a5,0xd
   1331c:	d507a783          	lw	a5,-688(a5) # 20068 <_impure_ptr>
   13320:	02c12423          	sw	a2,40(sp)
   13324:	02d12623          	sw	a3,44(sp)
   13328:	02b12223          	sw	a1,36(sp)
   1332c:	02e12823          	sw	a4,48(sp)
   13330:	03012c23          	sw	a6,56(sp)
   13334:	03112e23          	sw	a7,60(sp)
   13338:	0087a583          	lw	a1,8(a5)
   1333c:	02410693          	addi	a3,sp,36
   13340:	00050613          	mv	a2,a0
   13344:	00078513          	mv	a0,a5
   13348:	00112e23          	sw	ra,28(sp)
   1334c:	00d12623          	sw	a3,12(sp)
   13350:	00001097          	auipc	ra,0x1
   13354:	83c080e7          	jalr	-1988(ra) # 13b8c <_vfiprintf_r>
   13358:	01c12083          	lw	ra,28(sp)
   1335c:	04010113          	addi	sp,sp,64
   13360:	00008067          	ret

00013364 <putchar>:
   13364:	00050593          	mv	a1,a0
   13368:	0000d517          	auipc	a0,0xd
   1336c:	d0052503          	lw	a0,-768(a0) # 20068 <_impure_ptr>
   13370:	00852603          	lw	a2,8(a0)
   13374:	00002317          	auipc	t1,0x2
   13378:	85c30067          	jr	-1956(t1) # 14bd0 <_putc_r>

0001337c <_puts_r>:
   1337c:	02052783          	lw	a5,32(a0)
   13380:	fe010113          	addi	sp,sp,-32
   13384:	00812c23          	sw	s0,24(sp)
   13388:	00912a23          	sw	s1,20(sp)
   1338c:	01212823          	sw	s2,16(sp)
   13390:	00112e23          	sw	ra,28(sp)
   13394:	01312623          	sw	s3,12(sp)
   13398:	00852403          	lw	s0,8(a0)
   1339c:	00050493          	mv	s1,a0
   133a0:	00058913          	mv	s2,a1
   133a4:	00079663          	bnez	a5,133b0 <_puts_r+0x34>
   133a8:	00001097          	auipc	ra,0x1
   133ac:	5c4080e7          	jalr	1476(ra) # 1496c <__sinit>
   133b0:	06442783          	lw	a5,100(s0)
   133b4:	0017f793          	andi	a5,a5,1
   133b8:	00079e63          	bnez	a5,133d4 <_puts_r+0x58>
   133bc:	00c45783          	lhu	a5,12(s0)
   133c0:	2007f793          	andi	a5,a5,512
   133c4:	00079863          	bnez	a5,133d4 <_puts_r+0x58>
   133c8:	05842503          	lw	a0,88(s0)
   133cc:	00000097          	auipc	ra,0x0
   133d0:	360080e7          	jalr	864(ra) # 1372c <__retarget_lock_acquire_recursive>
   133d4:	00c45783          	lhu	a5,12(s0)
   133d8:	0087f793          	andi	a5,a5,8
   133dc:	00078663          	beqz	a5,133e8 <_puts_r+0x6c>
   133e0:	01042783          	lw	a5,16(s0)
   133e4:	0c079e63          	bnez	a5,134c0 <_puts_r+0x144>
   133e8:	00040593          	mv	a1,s0
   133ec:	00048513          	mv	a0,s1
   133f0:	00000097          	auipc	ra,0x0
   133f4:	210080e7          	jalr	528(ra) # 13600 <__swsetup_r>
   133f8:	0c050463          	beqz	a0,134c0 <_puts_r+0x144>
   133fc:	fff00493          	li	s1,-1
   13400:	06442783          	lw	a5,100(s0)
   13404:	0017f793          	andi	a5,a5,1
   13408:	00079e63          	bnez	a5,13424 <_puts_r+0xa8>
   1340c:	00c45783          	lhu	a5,12(s0)
   13410:	2007f793          	andi	a5,a5,512
   13414:	00079863          	bnez	a5,13424 <_puts_r+0xa8>
   13418:	05842503          	lw	a0,88(s0)
   1341c:	00000097          	auipc	ra,0x0
   13420:	314080e7          	jalr	788(ra) # 13730 <__retarget_lock_release_recursive>
   13424:	01c12083          	lw	ra,28(sp)
   13428:	01812403          	lw	s0,24(sp)
   1342c:	01012903          	lw	s2,16(sp)
   13430:	00c12983          	lw	s3,12(sp)
   13434:	00048513          	mv	a0,s1
   13438:	01412483          	lw	s1,20(sp)
   1343c:	02010113          	addi	sp,sp,32
   13440:	00008067          	ret
   13444:	0007da63          	bgez	a5,13458 <_puts_r+0xdc>
   13448:	01842703          	lw	a4,24(s0)
   1344c:	04e7ce63          	blt	a5,a4,134a8 <_puts_r+0x12c>
   13450:	ff658793          	addi	a5,a1,-10
   13454:	04078a63          	beqz	a5,134a8 <_puts_r+0x12c>
   13458:	00042783          	lw	a5,0(s0)
   1345c:	00178713          	addi	a4,a5,1
   13460:	00e42023          	sw	a4,0(s0)
   13464:	00b78023          	sb	a1,0(a5)
   13468:	00190913          	addi	s2,s2,1 # fffff001 <__stack_top__+0xfffcf001>
   1346c:	00842783          	lw	a5,8(s0)
   13470:	00094583          	lbu	a1,0(s2)
   13474:	fff78793          	addi	a5,a5,-1
   13478:	00f42423          	sw	a5,8(s0)
   1347c:	fc0594e3          	bnez	a1,13444 <_puts_r+0xc8>
   13480:	0407d463          	bgez	a5,134c8 <_puts_r+0x14c>
   13484:	00040613          	mv	a2,s0
   13488:	00a00593          	li	a1,10
   1348c:	00048513          	mv	a0,s1
   13490:	00000097          	auipc	ra,0x0
   13494:	064080e7          	jalr	100(ra) # 134f4 <__swbuf_r>
   13498:	fff00793          	li	a5,-1
   1349c:	f6f500e3          	beq	a0,a5,133fc <_puts_r+0x80>
   134a0:	00a00493          	li	s1,10
   134a4:	f5dff06f          	j	13400 <_puts_r+0x84>
   134a8:	00040613          	mv	a2,s0
   134ac:	00048513          	mv	a0,s1
   134b0:	00000097          	auipc	ra,0x0
   134b4:	044080e7          	jalr	68(ra) # 134f4 <__swbuf_r>
   134b8:	fb3518e3          	bne	a0,s3,13468 <_puts_r+0xec>
   134bc:	f41ff06f          	j	133fc <_puts_r+0x80>
   134c0:	fff00993          	li	s3,-1
   134c4:	fa9ff06f          	j	1346c <_puts_r+0xf0>
   134c8:	00042783          	lw	a5,0(s0)
   134cc:	00178713          	addi	a4,a5,1
   134d0:	00e42023          	sw	a4,0(s0)
   134d4:	00a00713          	li	a4,10
   134d8:	00e78023          	sb	a4,0(a5)
   134dc:	fc5ff06f          	j	134a0 <_puts_r+0x124>

000134e0 <puts>:
   134e0:	00050593          	mv	a1,a0
   134e4:	0000d517          	auipc	a0,0xd
   134e8:	b8452503          	lw	a0,-1148(a0) # 20068 <_impure_ptr>
   134ec:	00000317          	auipc	t1,0x0
   134f0:	e9030067          	jr	-368(t1) # 1337c <_puts_r>

000134f4 <__swbuf_r>:
   134f4:	fe010113          	addi	sp,sp,-32
   134f8:	00812c23          	sw	s0,24(sp)
   134fc:	00912a23          	sw	s1,20(sp)
   13500:	01312623          	sw	s3,12(sp)
   13504:	00112e23          	sw	ra,28(sp)
   13508:	01212823          	sw	s2,16(sp)
   1350c:	00050493          	mv	s1,a0
   13510:	00058993          	mv	s3,a1
   13514:	00060413          	mv	s0,a2
   13518:	00050a63          	beqz	a0,1352c <__swbuf_r+0x38>
   1351c:	02052783          	lw	a5,32(a0)
   13520:	00079663          	bnez	a5,1352c <__swbuf_r+0x38>
   13524:	00001097          	auipc	ra,0x1
   13528:	448080e7          	jalr	1096(ra) # 1496c <__sinit>
   1352c:	01842783          	lw	a5,24(s0)
   13530:	00f42423          	sw	a5,8(s0)
   13534:	00c45783          	lhu	a5,12(s0)
   13538:	0087f793          	andi	a5,a5,8
   1353c:	00078663          	beqz	a5,13548 <__swbuf_r+0x54>
   13540:	01042783          	lw	a5,16(s0)
   13544:	02079e63          	bnez	a5,13580 <__swbuf_r+0x8c>
   13548:	00040593          	mv	a1,s0
   1354c:	00048513          	mv	a0,s1
   13550:	00000097          	auipc	ra,0x0
   13554:	0b0080e7          	jalr	176(ra) # 13600 <__swsetup_r>
   13558:	02050463          	beqz	a0,13580 <__swbuf_r+0x8c>
   1355c:	fff00913          	li	s2,-1
   13560:	01c12083          	lw	ra,28(sp)
   13564:	01812403          	lw	s0,24(sp)
   13568:	01412483          	lw	s1,20(sp)
   1356c:	00c12983          	lw	s3,12(sp)
   13570:	00090513          	mv	a0,s2
   13574:	01012903          	lw	s2,16(sp)
   13578:	02010113          	addi	sp,sp,32
   1357c:	00008067          	ret
   13580:	01042783          	lw	a5,16(s0)
   13584:	00042503          	lw	a0,0(s0)
   13588:	40f50533          	sub	a0,a0,a5
   1358c:	01442783          	lw	a5,20(s0)
   13590:	00f54c63          	blt	a0,a5,135a8 <__swbuf_r+0xb4>
   13594:	00040593          	mv	a1,s0
   13598:	00048513          	mv	a0,s1
   1359c:	00001097          	auipc	ra,0x1
   135a0:	120080e7          	jalr	288(ra) # 146bc <_fflush_r>
   135a4:	fa051ce3          	bnez	a0,1355c <__swbuf_r+0x68>
   135a8:	00842783          	lw	a5,8(s0)
   135ac:	00150513          	addi	a0,a0,1
   135b0:	0ff9f913          	zext.b	s2,s3
   135b4:	fff78793          	addi	a5,a5,-1
   135b8:	00f42423          	sw	a5,8(s0)
   135bc:	00042783          	lw	a5,0(s0)
   135c0:	00178713          	addi	a4,a5,1
   135c4:	00e42023          	sw	a4,0(s0)
   135c8:	01378023          	sb	s3,0(a5)
   135cc:	01442783          	lw	a5,20(s0)
   135d0:	00a78c63          	beq	a5,a0,135e8 <__swbuf_r+0xf4>
   135d4:	00c45783          	lhu	a5,12(s0)
   135d8:	0017f793          	andi	a5,a5,1
   135dc:	f80782e3          	beqz	a5,13560 <__swbuf_r+0x6c>
   135e0:	ff690793          	addi	a5,s2,-10
   135e4:	f6079ee3          	bnez	a5,13560 <__swbuf_r+0x6c>
   135e8:	00040593          	mv	a1,s0
   135ec:	00048513          	mv	a0,s1
   135f0:	00001097          	auipc	ra,0x1
   135f4:	0cc080e7          	jalr	204(ra) # 146bc <_fflush_r>
   135f8:	f60504e3          	beqz	a0,13560 <__swbuf_r+0x6c>
   135fc:	f61ff06f          	j	1355c <__swbuf_r+0x68>

00013600 <__swsetup_r>:
   13600:	ff010113          	addi	sp,sp,-16
   13604:	00912223          	sw	s1,4(sp)
   13608:	00050493          	mv	s1,a0
   1360c:	0000d517          	auipc	a0,0xd
   13610:	a5c52503          	lw	a0,-1444(a0) # 20068 <_impure_ptr>
   13614:	00812423          	sw	s0,8(sp)
   13618:	00112623          	sw	ra,12(sp)
   1361c:	00058413          	mv	s0,a1
   13620:	00050a63          	beqz	a0,13634 <__swsetup_r+0x34>
   13624:	02052783          	lw	a5,32(a0)
   13628:	00079663          	bnez	a5,13634 <__swsetup_r+0x34>
   1362c:	00001097          	auipc	ra,0x1
   13630:	340080e7          	jalr	832(ra) # 1496c <__sinit>
   13634:	00c41783          	lh	a5,12(s0)
   13638:	0087f713          	andi	a4,a5,8
   1363c:	06071463          	bnez	a4,136a4 <__swsetup_r+0xa4>
   13640:	0107f713          	andi	a4,a5,16
   13644:	00071e63          	bnez	a4,13660 <__swsetup_r+0x60>
   13648:	00900713          	li	a4,9
   1364c:	00e4a023          	sw	a4,0(s1)
   13650:	0407e793          	ori	a5,a5,64
   13654:	00f41623          	sh	a5,12(s0)
   13658:	fff00513          	li	a0,-1
   1365c:	0a00006f          	j	136fc <__swsetup_r+0xfc>
   13660:	0047f713          	andi	a4,a5,4
   13664:	02070c63          	beqz	a4,1369c <__swsetup_r+0x9c>
   13668:	03442583          	lw	a1,52(s0)
   1366c:	00058e63          	beqz	a1,13688 <__swsetup_r+0x88>
   13670:	04440793          	addi	a5,s0,68
   13674:	00f58863          	beq	a1,a5,13684 <__swsetup_r+0x84>
   13678:	00048513          	mv	a0,s1
   1367c:	00000097          	auipc	ra,0x0
   13680:	0b8080e7          	jalr	184(ra) # 13734 <_free_r>
   13684:	02042a23          	sw	zero,52(s0)
   13688:	00c45783          	lhu	a5,12(s0)
   1368c:	01042703          	lw	a4,16(s0)
   13690:	00042223          	sw	zero,4(s0)
   13694:	fdb7f793          	andi	a5,a5,-37
   13698:	00e42023          	sw	a4,0(s0)
   1369c:	0087e793          	ori	a5,a5,8
   136a0:	00f41623          	sh	a5,12(s0)
   136a4:	01042783          	lw	a5,16(s0)
   136a8:	02079263          	bnez	a5,136cc <__swsetup_r+0xcc>
   136ac:	00c42783          	lw	a5,12(s0)
   136b0:	20000713          	li	a4,512
   136b4:	2807f793          	andi	a5,a5,640
   136b8:	00e78a63          	beq	a5,a4,136cc <__swsetup_r+0xcc>
   136bc:	00040593          	mv	a1,s0
   136c0:	00048513          	mv	a0,s1
   136c4:	00001097          	auipc	ra,0x1
   136c8:	434080e7          	jalr	1076(ra) # 14af8 <__smakebuf_r>
   136cc:	00c41783          	lh	a5,12(s0)
   136d0:	0017f713          	andi	a4,a5,1
   136d4:	02070e63          	beqz	a4,13710 <__swsetup_r+0x110>
   136d8:	01442703          	lw	a4,20(s0)
   136dc:	00042423          	sw	zero,8(s0)
   136e0:	40e00733          	neg	a4,a4
   136e4:	00e42c23          	sw	a4,24(s0)
   136e8:	01042703          	lw	a4,16(s0)
   136ec:	00000513          	li	a0,0
   136f0:	00071663          	bnez	a4,136fc <__swsetup_r+0xfc>
   136f4:	0807f713          	andi	a4,a5,128
   136f8:	f4071ce3          	bnez	a4,13650 <__swsetup_r+0x50>
   136fc:	00c12083          	lw	ra,12(sp)
   13700:	00812403          	lw	s0,8(sp)
   13704:	00412483          	lw	s1,4(sp)
   13708:	01010113          	addi	sp,sp,16
   1370c:	00008067          	ret
   13710:	0027f713          	andi	a4,a5,2
   13714:	00000693          	li	a3,0
   13718:	00071463          	bnez	a4,13720 <__swsetup_r+0x120>
   1371c:	01442683          	lw	a3,20(s0)
   13720:	00d42423          	sw	a3,8(s0)
   13724:	fc5ff06f          	j	136e8 <__swsetup_r+0xe8>

00013728 <__retarget_lock_init_recursive>:
   13728:	00008067          	ret

0001372c <__retarget_lock_acquire_recursive>:
   1372c:	00008067          	ret

00013730 <__retarget_lock_release_recursive>:
   13730:	00008067          	ret

00013734 <_free_r>:
   13734:	10058263          	beqz	a1,13838 <_free_r+0x104>
   13738:	ffc5a783          	lw	a5,-4(a1)
   1373c:	fe010113          	addi	sp,sp,-32
   13740:	00812c23          	sw	s0,24(sp)
   13744:	00112e23          	sw	ra,28(sp)
   13748:	ffc58413          	addi	s0,a1,-4
   1374c:	0007d463          	bgez	a5,13754 <_free_r+0x20>
   13750:	00f40433          	add	s0,s0,a5
   13754:	00a12623          	sw	a0,12(sp)
   13758:	00000097          	auipc	ra,0x0
   1375c:	35c080e7          	jalr	860(ra) # 13ab4 <__malloc_lock>
   13760:	0000d797          	auipc	a5,0xd
   13764:	2487a783          	lw	a5,584(a5) # 209a8 <__malloc_free_list>
   13768:	00c12503          	lw	a0,12(sp)
   1376c:	02079263          	bnez	a5,13790 <_free_r+0x5c>
   13770:	00042223          	sw	zero,4(s0)
   13774:	0000d797          	auipc	a5,0xd
   13778:	2287aa23          	sw	s0,564(a5) # 209a8 <__malloc_free_list>
   1377c:	01812403          	lw	s0,24(sp)
   13780:	01c12083          	lw	ra,28(sp)
   13784:	02010113          	addi	sp,sp,32
   13788:	00000317          	auipc	t1,0x0
   1378c:	33c30067          	jr	828(t1) # 13ac4 <__malloc_unlock>
   13790:	02f47463          	bgeu	s0,a5,137b8 <_free_r+0x84>
   13794:	00042683          	lw	a3,0(s0)
   13798:	00d40733          	add	a4,s0,a3
   1379c:	00e79a63          	bne	a5,a4,137b0 <_free_r+0x7c>
   137a0:	0007a703          	lw	a4,0(a5)
   137a4:	0047a783          	lw	a5,4(a5)
   137a8:	00d70733          	add	a4,a4,a3
   137ac:	00e42023          	sw	a4,0(s0)
   137b0:	00f42223          	sw	a5,4(s0)
   137b4:	fc1ff06f          	j	13774 <_free_r+0x40>
   137b8:	00078713          	mv	a4,a5
   137bc:	0047a783          	lw	a5,4(a5)
   137c0:	00078463          	beqz	a5,137c8 <_free_r+0x94>
   137c4:	fef47ae3          	bgeu	s0,a5,137b8 <_free_r+0x84>
   137c8:	00072683          	lw	a3,0(a4)
   137cc:	00d70633          	add	a2,a4,a3
   137d0:	02861863          	bne	a2,s0,13800 <_free_r+0xcc>
   137d4:	00042603          	lw	a2,0(s0)
   137d8:	00c686b3          	add	a3,a3,a2
   137dc:	00d72023          	sw	a3,0(a4)
   137e0:	00d70633          	add	a2,a4,a3
   137e4:	f8c79ce3          	bne	a5,a2,1377c <_free_r+0x48>
   137e8:	0007a603          	lw	a2,0(a5)
   137ec:	0047a783          	lw	a5,4(a5)
   137f0:	00d606b3          	add	a3,a2,a3
   137f4:	00d72023          	sw	a3,0(a4)
   137f8:	00f72223          	sw	a5,4(a4)
   137fc:	f81ff06f          	j	1377c <_free_r+0x48>
   13800:	00c47863          	bgeu	s0,a2,13810 <_free_r+0xdc>
   13804:	00c00793          	li	a5,12
   13808:	00f52023          	sw	a5,0(a0)
   1380c:	f71ff06f          	j	1377c <_free_r+0x48>
   13810:	00042603          	lw	a2,0(s0)
   13814:	00c406b3          	add	a3,s0,a2
   13818:	00d79a63          	bne	a5,a3,1382c <_free_r+0xf8>
   1381c:	0007a683          	lw	a3,0(a5)
   13820:	0047a783          	lw	a5,4(a5)
   13824:	00c686b3          	add	a3,a3,a2
   13828:	00d42023          	sw	a3,0(s0)
   1382c:	00f42223          	sw	a5,4(s0)
   13830:	00872223          	sw	s0,4(a4)
   13834:	f49ff06f          	j	1377c <_free_r+0x48>
   13838:	00008067          	ret

0001383c <sbrk_aligned>:
   1383c:	0000d797          	auipc	a5,0xd
   13840:	1687a783          	lw	a5,360(a5) # 209a4 <__malloc_sbrk_start>
   13844:	ff010113          	addi	sp,sp,-16
   13848:	00812423          	sw	s0,8(sp)
   1384c:	01212023          	sw	s2,0(sp)
   13850:	00112623          	sw	ra,12(sp)
   13854:	00912223          	sw	s1,4(sp)
   13858:	00050913          	mv	s2,a0
   1385c:	00058413          	mv	s0,a1
   13860:	00079c63          	bnez	a5,13878 <sbrk_aligned+0x3c>
   13864:	00000593          	li	a1,0
   13868:	00001097          	auipc	ra,0x1
   1386c:	750080e7          	jalr	1872(ra) # 14fb8 <_sbrk_r>
   13870:	0000d797          	auipc	a5,0xd
   13874:	12a7aa23          	sw	a0,308(a5) # 209a4 <__malloc_sbrk_start>
   13878:	00040593          	mv	a1,s0
   1387c:	00090513          	mv	a0,s2
   13880:	00001097          	auipc	ra,0x1
   13884:	738080e7          	jalr	1848(ra) # 14fb8 <_sbrk_r>
   13888:	fff00493          	li	s1,-1
   1388c:	02951263          	bne	a0,s1,138b0 <sbrk_aligned+0x74>
   13890:	fff00413          	li	s0,-1
   13894:	00c12083          	lw	ra,12(sp)
   13898:	00040513          	mv	a0,s0
   1389c:	00812403          	lw	s0,8(sp)
   138a0:	00412483          	lw	s1,4(sp)
   138a4:	00012903          	lw	s2,0(sp)
   138a8:	01010113          	addi	sp,sp,16
   138ac:	00008067          	ret
   138b0:	00350413          	addi	s0,a0,3
   138b4:	ffc47413          	andi	s0,s0,-4
   138b8:	fc850ee3          	beq	a0,s0,13894 <sbrk_aligned+0x58>
   138bc:	40a405b3          	sub	a1,s0,a0
   138c0:	00090513          	mv	a0,s2
   138c4:	00001097          	auipc	ra,0x1
   138c8:	6f4080e7          	jalr	1780(ra) # 14fb8 <_sbrk_r>
   138cc:	fc9514e3          	bne	a0,s1,13894 <sbrk_aligned+0x58>
   138d0:	fc1ff06f          	j	13890 <sbrk_aligned+0x54>

000138d4 <_malloc_r>:
   138d4:	fe010113          	addi	sp,sp,-32
   138d8:	00912a23          	sw	s1,20(sp)
   138dc:	00358493          	addi	s1,a1,3
   138e0:	ffc4f493          	andi	s1,s1,-4
   138e4:	00112e23          	sw	ra,28(sp)
   138e8:	00812c23          	sw	s0,24(sp)
   138ec:	01212823          	sw	s2,16(sp)
   138f0:	01312623          	sw	s3,12(sp)
   138f4:	01412423          	sw	s4,8(sp)
   138f8:	00848493          	addi	s1,s1,8
   138fc:	00c00793          	li	a5,12
   13900:	00f4f463          	bgeu	s1,a5,13908 <_malloc_r+0x34>
   13904:	00078493          	mv	s1,a5
   13908:	0004c463          	bltz	s1,13910 <_malloc_r+0x3c>
   1390c:	02b4f863          	bgeu	s1,a1,1393c <_malloc_r+0x68>
   13910:	00c00793          	li	a5,12
   13914:	00f52023          	sw	a5,0(a0)
   13918:	00000513          	li	a0,0
   1391c:	01c12083          	lw	ra,28(sp)
   13920:	01812403          	lw	s0,24(sp)
   13924:	01412483          	lw	s1,20(sp)
   13928:	01012903          	lw	s2,16(sp)
   1392c:	00c12983          	lw	s3,12(sp)
   13930:	00812a03          	lw	s4,8(sp)
   13934:	02010113          	addi	sp,sp,32
   13938:	00008067          	ret
   1393c:	00050913          	mv	s2,a0
   13940:	0000d997          	auipc	s3,0xd
   13944:	06898993          	addi	s3,s3,104 # 209a8 <__malloc_free_list>
   13948:	00000097          	auipc	ra,0x0
   1394c:	16c080e7          	jalr	364(ra) # 13ab4 <__malloc_lock>
   13950:	0009a783          	lw	a5,0(s3)
   13954:	00078413          	mv	s0,a5
   13958:	08041863          	bnez	s0,139e8 <_malloc_r+0x114>
   1395c:	00048593          	mv	a1,s1
   13960:	00090513          	mv	a0,s2
   13964:	00000097          	auipc	ra,0x0
   13968:	ed8080e7          	jalr	-296(ra) # 1383c <sbrk_aligned>
   1396c:	fff00793          	li	a5,-1
   13970:	00050413          	mv	s0,a0
   13974:	12f51c63          	bne	a0,a5,13aac <_malloc_r+0x1d8>
   13978:	0009a403          	lw	s0,0(s3)
   1397c:	00040793          	mv	a5,s0
   13980:	0e079a63          	bnez	a5,13a74 <_malloc_r+0x1a0>
   13984:	10040863          	beqz	s0,13a94 <_malloc_r+0x1c0>
   13988:	00042a03          	lw	s4,0(s0)
   1398c:	00000593          	li	a1,0
   13990:	00090513          	mv	a0,s2
   13994:	01440a33          	add	s4,s0,s4
   13998:	00001097          	auipc	ra,0x1
   1399c:	620080e7          	jalr	1568(ra) # 14fb8 <_sbrk_r>
   139a0:	0eaa1a63          	bne	s4,a0,13a94 <_malloc_r+0x1c0>
   139a4:	00042783          	lw	a5,0(s0)
   139a8:	00090513          	mv	a0,s2
   139ac:	40f484b3          	sub	s1,s1,a5
   139b0:	00048593          	mv	a1,s1
   139b4:	00000097          	auipc	ra,0x0
   139b8:	e88080e7          	jalr	-376(ra) # 1383c <sbrk_aligned>
   139bc:	fff00793          	li	a5,-1
   139c0:	0cf50a63          	beq	a0,a5,13a94 <_malloc_r+0x1c0>
   139c4:	00042783          	lw	a5,0(s0)
   139c8:	009787b3          	add	a5,a5,s1
   139cc:	00f42023          	sw	a5,0(s0)
   139d0:	0009a783          	lw	a5,0(s3)
   139d4:	0047a703          	lw	a4,4(a5)
   139d8:	0a071463          	bnez	a4,13a80 <_malloc_r+0x1ac>
   139dc:	0000d797          	auipc	a5,0xd
   139e0:	fc07a623          	sw	zero,-52(a5) # 209a8 <__malloc_free_list>
   139e4:	0340006f          	j	13a18 <_malloc_r+0x144>
   139e8:	00042683          	lw	a3,0(s0)
   139ec:	409686b3          	sub	a3,a3,s1
   139f0:	0606cc63          	bltz	a3,13a68 <_malloc_r+0x194>
   139f4:	00b00713          	li	a4,11
   139f8:	04d77c63          	bgeu	a4,a3,13a50 <_malloc_r+0x17c>
   139fc:	00942023          	sw	s1,0(s0)
   13a00:	00940733          	add	a4,s0,s1
   13a04:	04879263          	bne	a5,s0,13a48 <_malloc_r+0x174>
   13a08:	00e9a023          	sw	a4,0(s3)
   13a0c:	00442783          	lw	a5,4(s0)
   13a10:	00d72023          	sw	a3,0(a4)
   13a14:	00f72223          	sw	a5,4(a4)
   13a18:	00090513          	mv	a0,s2
   13a1c:	00000097          	auipc	ra,0x0
   13a20:	0a8080e7          	jalr	168(ra) # 13ac4 <__malloc_unlock>
   13a24:	00b40513          	addi	a0,s0,11
   13a28:	00440793          	addi	a5,s0,4
   13a2c:	ff857513          	andi	a0,a0,-8
   13a30:	40f50733          	sub	a4,a0,a5
   13a34:	eef504e3          	beq	a0,a5,1391c <_malloc_r+0x48>
   13a38:	00e40433          	add	s0,s0,a4
   13a3c:	40a787b3          	sub	a5,a5,a0
   13a40:	00f42023          	sw	a5,0(s0)
   13a44:	ed9ff06f          	j	1391c <_malloc_r+0x48>
   13a48:	00e7a223          	sw	a4,4(a5)
   13a4c:	fc1ff06f          	j	13a0c <_malloc_r+0x138>
   13a50:	00442703          	lw	a4,4(s0)
   13a54:	00879663          	bne	a5,s0,13a60 <_malloc_r+0x18c>
   13a58:	00e9a023          	sw	a4,0(s3)
   13a5c:	fbdff06f          	j	13a18 <_malloc_r+0x144>
   13a60:	00e7a223          	sw	a4,4(a5)
   13a64:	fb5ff06f          	j	13a18 <_malloc_r+0x144>
   13a68:	00040793          	mv	a5,s0
   13a6c:	00442403          	lw	s0,4(s0)
   13a70:	ee9ff06f          	j	13958 <_malloc_r+0x84>
   13a74:	00078413          	mv	s0,a5
   13a78:	0047a783          	lw	a5,4(a5)
   13a7c:	f05ff06f          	j	13980 <_malloc_r+0xac>
   13a80:	00078713          	mv	a4,a5
   13a84:	0047a783          	lw	a5,4(a5)
   13a88:	fe879ce3          	bne	a5,s0,13a80 <_malloc_r+0x1ac>
   13a8c:	00072223          	sw	zero,4(a4)
   13a90:	f89ff06f          	j	13a18 <_malloc_r+0x144>
   13a94:	00c00793          	li	a5,12
   13a98:	00f92023          	sw	a5,0(s2)
   13a9c:	00090513          	mv	a0,s2
   13aa0:	00000097          	auipc	ra,0x0
   13aa4:	024080e7          	jalr	36(ra) # 13ac4 <__malloc_unlock>
   13aa8:	e71ff06f          	j	13918 <_malloc_r+0x44>
   13aac:	00952023          	sw	s1,0(a0)
   13ab0:	f69ff06f          	j	13a18 <_malloc_r+0x144>

00013ab4 <__malloc_lock>:
   13ab4:	0000d517          	auipc	a0,0xd
   13ab8:	ee850513          	addi	a0,a0,-280 # 2099c <__lock___malloc_recursive_mutex>
   13abc:	00000317          	auipc	t1,0x0
   13ac0:	c7030067          	jr	-912(t1) # 1372c <__retarget_lock_acquire_recursive>

00013ac4 <__malloc_unlock>:
   13ac4:	0000d517          	auipc	a0,0xd
   13ac8:	ed850513          	addi	a0,a0,-296 # 2099c <__lock___malloc_recursive_mutex>
   13acc:	00000317          	auipc	t1,0x0
   13ad0:	c6430067          	jr	-924(t1) # 13730 <__retarget_lock_release_recursive>

00013ad4 <__sfputc_r>:
   13ad4:	00862783          	lw	a5,8(a2)
   13ad8:	fff78793          	addi	a5,a5,-1
   13adc:	00f62423          	sw	a5,8(a2)
   13ae0:	0007de63          	bgez	a5,13afc <__sfputc_r+0x28>
   13ae4:	01862703          	lw	a4,24(a2)
   13ae8:	00e7c663          	blt	a5,a4,13af4 <__sfputc_r+0x20>
   13aec:	ff658793          	addi	a5,a1,-10
   13af0:	00079663          	bnez	a5,13afc <__sfputc_r+0x28>
   13af4:	00000317          	auipc	t1,0x0
   13af8:	a0030067          	jr	-1536(t1) # 134f4 <__swbuf_r>
   13afc:	00062783          	lw	a5,0(a2)
   13b00:	00058513          	mv	a0,a1
   13b04:	00178713          	addi	a4,a5,1
   13b08:	00e62023          	sw	a4,0(a2)
   13b0c:	00b78023          	sb	a1,0(a5)
   13b10:	00008067          	ret

00013b14 <__sfputs_r>:
   13b14:	fe010113          	addi	sp,sp,-32
   13b18:	00812c23          	sw	s0,24(sp)
   13b1c:	00912a23          	sw	s1,20(sp)
   13b20:	01212823          	sw	s2,16(sp)
   13b24:	01312623          	sw	s3,12(sp)
   13b28:	01412423          	sw	s4,8(sp)
   13b2c:	00112e23          	sw	ra,28(sp)
   13b30:	00050993          	mv	s3,a0
   13b34:	00058a13          	mv	s4,a1
   13b38:	00060413          	mv	s0,a2
   13b3c:	00d604b3          	add	s1,a2,a3
   13b40:	fff00913          	li	s2,-1
   13b44:	00941663          	bne	s0,s1,13b50 <__sfputs_r+0x3c>
   13b48:	00000513          	li	a0,0
   13b4c:	0200006f          	j	13b6c <__sfputs_r+0x58>
   13b50:	00044583          	lbu	a1,0(s0)
   13b54:	000a0613          	mv	a2,s4
   13b58:	00098513          	mv	a0,s3
   13b5c:	00000097          	auipc	ra,0x0
   13b60:	f78080e7          	jalr	-136(ra) # 13ad4 <__sfputc_r>
   13b64:	00140413          	addi	s0,s0,1
   13b68:	fd251ee3          	bne	a0,s2,13b44 <__sfputs_r+0x30>
   13b6c:	01c12083          	lw	ra,28(sp)
   13b70:	01812403          	lw	s0,24(sp)
   13b74:	01412483          	lw	s1,20(sp)
   13b78:	01012903          	lw	s2,16(sp)
   13b7c:	00c12983          	lw	s3,12(sp)
   13b80:	00812a03          	lw	s4,8(sp)
   13b84:	02010113          	addi	sp,sp,32
   13b88:	00008067          	ret

00013b8c <_vfiprintf_r>:
   13b8c:	f5010113          	addi	sp,sp,-176
   13b90:	0a812423          	sw	s0,168(sp)
   13b94:	0a912223          	sw	s1,164(sp)
   13b98:	09312e23          	sw	s3,156(sp)
   13b9c:	09412c23          	sw	s4,152(sp)
   13ba0:	0a112623          	sw	ra,172(sp)
   13ba4:	0b212023          	sw	s2,160(sp)
   13ba8:	09512a23          	sw	s5,148(sp)
   13bac:	09612823          	sw	s6,144(sp)
   13bb0:	09712623          	sw	s7,140(sp)
   13bb4:	09812423          	sw	s8,136(sp)
   13bb8:	09912223          	sw	s9,132(sp)
   13bbc:	00050993          	mv	s3,a0
   13bc0:	00058493          	mv	s1,a1
   13bc4:	00060413          	mv	s0,a2
   13bc8:	00068a13          	mv	s4,a3
   13bcc:	00050a63          	beqz	a0,13be0 <_vfiprintf_r+0x54>
   13bd0:	02052783          	lw	a5,32(a0)
   13bd4:	00079663          	bnez	a5,13be0 <_vfiprintf_r+0x54>
   13bd8:	00001097          	auipc	ra,0x1
   13bdc:	d94080e7          	jalr	-620(ra) # 1496c <__sinit>
   13be0:	0644a783          	lw	a5,100(s1)
   13be4:	0017f793          	andi	a5,a5,1
   13be8:	00079e63          	bnez	a5,13c04 <_vfiprintf_r+0x78>
   13bec:	00c4d783          	lhu	a5,12(s1)
   13bf0:	2007f793          	andi	a5,a5,512
   13bf4:	00079863          	bnez	a5,13c04 <_vfiprintf_r+0x78>
   13bf8:	0584a503          	lw	a0,88(s1)
   13bfc:	00000097          	auipc	ra,0x0
   13c00:	b30080e7          	jalr	-1232(ra) # 1372c <__retarget_lock_acquire_recursive>
   13c04:	00c4d783          	lhu	a5,12(s1)
   13c08:	0087f793          	andi	a5,a5,8
   13c0c:	00078663          	beqz	a5,13c18 <_vfiprintf_r+0x8c>
   13c10:	0104a783          	lw	a5,16(s1)
   13c14:	06079c63          	bnez	a5,13c8c <_vfiprintf_r+0x100>
   13c18:	00048593          	mv	a1,s1
   13c1c:	00098513          	mv	a0,s3
   13c20:	00000097          	auipc	ra,0x0
   13c24:	9e0080e7          	jalr	-1568(ra) # 13600 <__swsetup_r>
   13c28:	06050263          	beqz	a0,13c8c <_vfiprintf_r+0x100>
   13c2c:	0644a783          	lw	a5,100(s1)
   13c30:	0017f793          	andi	a5,a5,1
   13c34:	02078e63          	beqz	a5,13c70 <_vfiprintf_r+0xe4>
   13c38:	fff00513          	li	a0,-1
   13c3c:	0ac12083          	lw	ra,172(sp)
   13c40:	0a812403          	lw	s0,168(sp)
   13c44:	0a412483          	lw	s1,164(sp)
   13c48:	0a012903          	lw	s2,160(sp)
   13c4c:	09c12983          	lw	s3,156(sp)
   13c50:	09812a03          	lw	s4,152(sp)
   13c54:	09412a83          	lw	s5,148(sp)
   13c58:	09012b03          	lw	s6,144(sp)
   13c5c:	08c12b83          	lw	s7,140(sp)
   13c60:	08812c03          	lw	s8,136(sp)
   13c64:	08412c83          	lw	s9,132(sp)
   13c68:	0b010113          	addi	sp,sp,176
   13c6c:	00008067          	ret
   13c70:	00c4d783          	lhu	a5,12(s1)
   13c74:	2007f793          	andi	a5,a5,512
   13c78:	fc0790e3          	bnez	a5,13c38 <_vfiprintf_r+0xac>
   13c7c:	0584a503          	lw	a0,88(s1)
   13c80:	00000097          	auipc	ra,0x0
   13c84:	ab0080e7          	jalr	-1360(ra) # 13730 <__retarget_lock_release_recursive>
   13c88:	fb1ff06f          	j	13c38 <_vfiprintf_r+0xac>
   13c8c:	02000793          	li	a5,32
   13c90:	02f10ca3          	sb	a5,57(sp)
   13c94:	03000793          	li	a5,48
   13c98:	01412e23          	sw	s4,28(sp)
   13c9c:	02012a23          	sw	zero,52(sp)
   13ca0:	02f10d23          	sb	a5,58(sp)
   13ca4:	fff00a13          	li	s4,-1
   13ca8:	0000db17          	auipc	s6,0xd
   13cac:	ae0b0b13          	addi	s6,s6,-1312 # 20788 <_impure_ptr+0x720>
   13cb0:	00100b93          	li	s7,1
   13cb4:	00a00a93          	li	s5,10
   13cb8:	00040c13          	mv	s8,s0
   13cbc:	000c4783          	lbu	a5,0(s8)
   13cc0:	00f03cb3          	snez	s9,a5
   13cc4:	fdb78793          	addi	a5,a5,-37
   13cc8:	00f037b3          	snez	a5,a5
   13ccc:	00fcfcb3          	and	s9,s9,a5
   13cd0:	0c0c9863          	bnez	s9,13da0 <_vfiprintf_r+0x214>
   13cd4:	408c06b3          	sub	a3,s8,s0
   13cd8:	028c0863          	beq	s8,s0,13d08 <_vfiprintf_r+0x17c>
   13cdc:	00040613          	mv	a2,s0
   13ce0:	00048593          	mv	a1,s1
   13ce4:	00098513          	mv	a0,s3
   13ce8:	00d12623          	sw	a3,12(sp)
   13cec:	00000097          	auipc	ra,0x0
   13cf0:	e28080e7          	jalr	-472(ra) # 13b14 <__sfputs_r>
   13cf4:	25450863          	beq	a0,s4,13f44 <_vfiprintf_r+0x3b8>
   13cf8:	03412783          	lw	a5,52(sp)
   13cfc:	00c12683          	lw	a3,12(sp)
   13d00:	00d787b3          	add	a5,a5,a3
   13d04:	02f12a23          	sw	a5,52(sp)
   13d08:	000c4783          	lbu	a5,0(s8)
   13d0c:	22078c63          	beqz	a5,13f44 <_vfiprintf_r+0x3b8>
   13d10:	001c0413          	addi	s0,s8,1
   13d14:	02012023          	sw	zero,32(sp)
   13d18:	02012623          	sw	zero,44(sp)
   13d1c:	03412223          	sw	s4,36(sp)
   13d20:	02012423          	sw	zero,40(sp)
   13d24:	060101a3          	sb	zero,99(sp)
   13d28:	06012c23          	sw	zero,120(sp)
   13d2c:	00044583          	lbu	a1,0(s0)
   13d30:	00500613          	li	a2,5
   13d34:	0000d517          	auipc	a0,0xd
   13d38:	a5450513          	addi	a0,a0,-1452 # 20788 <_impure_ptr+0x720>
   13d3c:	00001097          	auipc	ra,0x1
   13d40:	0c8080e7          	jalr	200(ra) # 14e04 <memchr>
   13d44:	02012783          	lw	a5,32(sp)
   13d48:	00140693          	addi	a3,s0,1
   13d4c:	04051e63          	bnez	a0,13da8 <_vfiprintf_r+0x21c>
   13d50:	0107f713          	andi	a4,a5,16
   13d54:	00070663          	beqz	a4,13d60 <_vfiprintf_r+0x1d4>
   13d58:	02000713          	li	a4,32
   13d5c:	06e101a3          	sb	a4,99(sp)
   13d60:	0087f713          	andi	a4,a5,8
   13d64:	00070663          	beqz	a4,13d70 <_vfiprintf_r+0x1e4>
   13d68:	02b00713          	li	a4,43
   13d6c:	06e101a3          	sb	a4,99(sp)
   13d70:	00044603          	lbu	a2,0(s0)
   13d74:	02a00713          	li	a4,42
   13d78:	04e60463          	beq	a2,a4,13dc0 <_vfiprintf_r+0x234>
   13d7c:	02c12783          	lw	a5,44(sp)
   13d80:	00000693          	li	a3,0
   13d84:	00900613          	li	a2,9
   13d88:	00044703          	lbu	a4,0(s0)
   13d8c:	fd070713          	addi	a4,a4,-48
   13d90:	08e67e63          	bgeu	a2,a4,13e2c <_vfiprintf_r+0x2a0>
   13d94:	04068463          	beqz	a3,13ddc <_vfiprintf_r+0x250>
   13d98:	02f12623          	sw	a5,44(sp)
   13d9c:	0400006f          	j	13ddc <_vfiprintf_r+0x250>
   13da0:	001c0c13          	addi	s8,s8,1
   13da4:	f19ff06f          	j	13cbc <_vfiprintf_r+0x130>
   13da8:	41650533          	sub	a0,a0,s6
   13dac:	00ab9533          	sll	a0,s7,a0
   13db0:	00f56533          	or	a0,a0,a5
   13db4:	02a12023          	sw	a0,32(sp)
   13db8:	00068413          	mv	s0,a3
   13dbc:	f71ff06f          	j	13d2c <_vfiprintf_r+0x1a0>
   13dc0:	01c12703          	lw	a4,28(sp)
   13dc4:	00470613          	addi	a2,a4,4
   13dc8:	00072703          	lw	a4,0(a4)
   13dcc:	00c12e23          	sw	a2,28(sp)
   13dd0:	04074463          	bltz	a4,13e18 <_vfiprintf_r+0x28c>
   13dd4:	02e12623          	sw	a4,44(sp)
   13dd8:	00068413          	mv	s0,a3
   13ddc:	00044703          	lbu	a4,0(s0)
   13de0:	02e00793          	li	a5,46
   13de4:	06f71e63          	bne	a4,a5,13e60 <_vfiprintf_r+0x2d4>
   13de8:	00144703          	lbu	a4,1(s0)
   13dec:	02a00793          	li	a5,42
   13df0:	04f71863          	bne	a4,a5,13e40 <_vfiprintf_r+0x2b4>
   13df4:	01c12783          	lw	a5,28(sp)
   13df8:	00240413          	addi	s0,s0,2
   13dfc:	00478713          	addi	a4,a5,4
   13e00:	0007a783          	lw	a5,0(a5)
   13e04:	00e12e23          	sw	a4,28(sp)
   13e08:	0007d463          	bgez	a5,13e10 <_vfiprintf_r+0x284>
   13e0c:	fff00793          	li	a5,-1
   13e10:	02f12223          	sw	a5,36(sp)
   13e14:	04c0006f          	j	13e60 <_vfiprintf_r+0x2d4>
   13e18:	40e00733          	neg	a4,a4
   13e1c:	0027e793          	ori	a5,a5,2
   13e20:	02e12623          	sw	a4,44(sp)
   13e24:	02f12023          	sw	a5,32(sp)
   13e28:	fb1ff06f          	j	13dd8 <_vfiprintf_r+0x24c>
   13e2c:	035787b3          	mul	a5,a5,s5
   13e30:	00140413          	addi	s0,s0,1
   13e34:	00100693          	li	a3,1
   13e38:	00e787b3          	add	a5,a5,a4
   13e3c:	f4dff06f          	j	13d88 <_vfiprintf_r+0x1fc>
   13e40:	00140413          	addi	s0,s0,1
   13e44:	02012223          	sw	zero,36(sp)
   13e48:	00000793          	li	a5,0
   13e4c:	00900693          	li	a3,9
   13e50:	00044703          	lbu	a4,0(s0)
   13e54:	fd070713          	addi	a4,a4,-48
   13e58:	0ae6f063          	bgeu	a3,a4,13ef8 <_vfiprintf_r+0x36c>
   13e5c:	fa0c9ae3          	bnez	s9,13e10 <_vfiprintf_r+0x284>
   13e60:	00044583          	lbu	a1,0(s0)
   13e64:	00300613          	li	a2,3
   13e68:	0000d517          	auipc	a0,0xd
   13e6c:	92850513          	addi	a0,a0,-1752 # 20790 <_impure_ptr+0x728>
   13e70:	00001097          	auipc	ra,0x1
   13e74:	f94080e7          	jalr	-108(ra) # 14e04 <memchr>
   13e78:	02050463          	beqz	a0,13ea0 <_vfiprintf_r+0x314>
   13e7c:	0000d797          	auipc	a5,0xd
   13e80:	91478793          	addi	a5,a5,-1772 # 20790 <_impure_ptr+0x728>
   13e84:	40f50533          	sub	a0,a0,a5
   13e88:	02012783          	lw	a5,32(sp)
   13e8c:	04000713          	li	a4,64
   13e90:	00a71733          	sll	a4,a4,a0
   13e94:	00e7e7b3          	or	a5,a5,a4
   13e98:	00140413          	addi	s0,s0,1
   13e9c:	02f12023          	sw	a5,32(sp)
   13ea0:	00044583          	lbu	a1,0(s0)
   13ea4:	00600613          	li	a2,6
   13ea8:	0000d517          	auipc	a0,0xd
   13eac:	8ec50513          	addi	a0,a0,-1812 # 20794 <_impure_ptr+0x72c>
   13eb0:	02b10c23          	sb	a1,56(sp)
   13eb4:	00001097          	auipc	ra,0x1
   13eb8:	f50080e7          	jalr	-176(ra) # 14e04 <memchr>
   13ebc:	0c050063          	beqz	a0,13f7c <_vfiprintf_r+0x3f0>
   13ec0:	fffec797          	auipc	a5,0xfffec
   13ec4:	14078793          	addi	a5,a5,320 # 0 <__STACK_SIZE-0x1000>
   13ec8:	04079a63          	bnez	a5,13f1c <_vfiprintf_r+0x390>
   13ecc:	02012703          	lw	a4,32(sp)
   13ed0:	01c12783          	lw	a5,28(sp)
   13ed4:	10077713          	andi	a4,a4,256
   13ed8:	02070a63          	beqz	a4,13f0c <_vfiprintf_r+0x380>
   13edc:	00478793          	addi	a5,a5,4
   13ee0:	00f12e23          	sw	a5,28(sp)
   13ee4:	03412783          	lw	a5,52(sp)
   13ee8:	00140413          	addi	s0,s0,1
   13eec:	012787b3          	add	a5,a5,s2
   13ef0:	02f12a23          	sw	a5,52(sp)
   13ef4:	dc5ff06f          	j	13cb8 <_vfiprintf_r+0x12c>
   13ef8:	035787b3          	mul	a5,a5,s5
   13efc:	00140413          	addi	s0,s0,1
   13f00:	00100c93          	li	s9,1
   13f04:	00e787b3          	add	a5,a5,a4
   13f08:	f49ff06f          	j	13e50 <_vfiprintf_r+0x2c4>
   13f0c:	00778793          	addi	a5,a5,7
   13f10:	ff87f793          	andi	a5,a5,-8
   13f14:	00878793          	addi	a5,a5,8
   13f18:	fc9ff06f          	j	13ee0 <_vfiprintf_r+0x354>
   13f1c:	01c10713          	addi	a4,sp,28
   13f20:	00000697          	auipc	a3,0x0
   13f24:	bf468693          	addi	a3,a3,-1036 # 13b14 <__sfputs_r>
   13f28:	00048613          	mv	a2,s1
   13f2c:	02010593          	addi	a1,sp,32
   13f30:	00098513          	mv	a0,s3
   13f34:	00000097          	auipc	ra,0x0
   13f38:	000000e7          	jalr	zero # 0 <__STACK_SIZE-0x1000>
   13f3c:	00050913          	mv	s2,a0
   13f40:	fb4512e3          	bne	a0,s4,13ee4 <_vfiprintf_r+0x358>
   13f44:	0644a783          	lw	a5,100(s1)
   13f48:	0017f793          	andi	a5,a5,1
   13f4c:	00079e63          	bnez	a5,13f68 <_vfiprintf_r+0x3dc>
   13f50:	00c4d783          	lhu	a5,12(s1)
   13f54:	2007f793          	andi	a5,a5,512
   13f58:	00079863          	bnez	a5,13f68 <_vfiprintf_r+0x3dc>
   13f5c:	0584a503          	lw	a0,88(s1)
   13f60:	fffff097          	auipc	ra,0xfffff
   13f64:	7d0080e7          	jalr	2000(ra) # 13730 <__retarget_lock_release_recursive>
   13f68:	00c4d783          	lhu	a5,12(s1)
   13f6c:	0407f793          	andi	a5,a5,64
   13f70:	cc0794e3          	bnez	a5,13c38 <_vfiprintf_r+0xac>
   13f74:	03412503          	lw	a0,52(sp)
   13f78:	cc5ff06f          	j	13c3c <_vfiprintf_r+0xb0>
   13f7c:	01c10713          	addi	a4,sp,28
   13f80:	00000697          	auipc	a3,0x0
   13f84:	b9468693          	addi	a3,a3,-1132 # 13b14 <__sfputs_r>
   13f88:	00048613          	mv	a2,s1
   13f8c:	02010593          	addi	a1,sp,32
   13f90:	00098513          	mv	a0,s3
   13f94:	00000097          	auipc	ra,0x0
   13f98:	1c0080e7          	jalr	448(ra) # 14154 <_printf_i>
   13f9c:	fa1ff06f          	j	13f3c <_vfiprintf_r+0x3b0>

00013fa0 <_printf_common>:
   13fa0:	fd010113          	addi	sp,sp,-48
   13fa4:	01312e23          	sw	s3,28(sp)
   13fa8:	0105a783          	lw	a5,16(a1)
   13fac:	00070993          	mv	s3,a4
   13fb0:	0085a703          	lw	a4,8(a1)
   13fb4:	02812423          	sw	s0,40(sp)
   13fb8:	03212023          	sw	s2,32(sp)
   13fbc:	01612823          	sw	s6,16(sp)
   13fc0:	01712623          	sw	s7,12(sp)
   13fc4:	02112623          	sw	ra,44(sp)
   13fc8:	02912223          	sw	s1,36(sp)
   13fcc:	01412c23          	sw	s4,24(sp)
   13fd0:	01512a23          	sw	s5,20(sp)
   13fd4:	00050b13          	mv	s6,a0
   13fd8:	00058413          	mv	s0,a1
   13fdc:	00060913          	mv	s2,a2
   13fe0:	00068b93          	mv	s7,a3
   13fe4:	00e7d463          	bge	a5,a4,13fec <_printf_common+0x4c>
   13fe8:	00070793          	mv	a5,a4
   13fec:	00f92023          	sw	a5,0(s2)
   13ff0:	04344703          	lbu	a4,67(s0)
   13ff4:	00070663          	beqz	a4,14000 <_printf_common+0x60>
   13ff8:	00178793          	addi	a5,a5,1
   13ffc:	00f92023          	sw	a5,0(s2)
   14000:	00042783          	lw	a5,0(s0)
   14004:	0207f793          	andi	a5,a5,32
   14008:	00078863          	beqz	a5,14018 <_printf_common+0x78>
   1400c:	00092783          	lw	a5,0(s2)
   14010:	00278793          	addi	a5,a5,2
   14014:	00f92023          	sw	a5,0(s2)
   14018:	00042483          	lw	s1,0(s0)
   1401c:	0064f493          	andi	s1,s1,6
   14020:	00049e63          	bnez	s1,1403c <_printf_common+0x9c>
   14024:	01940a13          	addi	s4,s0,25
   14028:	fff00a93          	li	s5,-1
   1402c:	00c42783          	lw	a5,12(s0)
   14030:	00092703          	lw	a4,0(s2)
   14034:	40e787b3          	sub	a5,a5,a4
   14038:	08f4c463          	blt	s1,a5,140c0 <_printf_common+0x120>
   1403c:	00042783          	lw	a5,0(s0)
   14040:	04344683          	lbu	a3,67(s0)
   14044:	0207f793          	andi	a5,a5,32
   14048:	00d036b3          	snez	a3,a3
   1404c:	0c079263          	bnez	a5,14110 <_printf_common+0x170>
   14050:	04340613          	addi	a2,s0,67
   14054:	000b8593          	mv	a1,s7
   14058:	000b0513          	mv	a0,s6
   1405c:	000980e7          	jalr	s3
   14060:	fff00793          	li	a5,-1
   14064:	06f50a63          	beq	a0,a5,140d8 <_printf_common+0x138>
   14068:	00042783          	lw	a5,0(s0)
   1406c:	00400713          	li	a4,4
   14070:	00000493          	li	s1,0
   14074:	0067f793          	andi	a5,a5,6
   14078:	00e79e63          	bne	a5,a4,14094 <_printf_common+0xf4>
   1407c:	00092783          	lw	a5,0(s2)
   14080:	00c42483          	lw	s1,12(s0)
   14084:	40f484b3          	sub	s1,s1,a5
   14088:	fff4c793          	not	a5,s1
   1408c:	41f7d793          	srai	a5,a5,0x1f
   14090:	00f4f4b3          	and	s1,s1,a5
   14094:	00842783          	lw	a5,8(s0)
   14098:	01042703          	lw	a4,16(s0)
   1409c:	00f75663          	bge	a4,a5,140a8 <_printf_common+0x108>
   140a0:	40e787b3          	sub	a5,a5,a4
   140a4:	00f484b3          	add	s1,s1,a5
   140a8:	00000913          	li	s2,0
   140ac:	01a40413          	addi	s0,s0,26
   140b0:	fff00a13          	li	s4,-1
   140b4:	09249063          	bne	s1,s2,14134 <_printf_common+0x194>
   140b8:	00000513          	li	a0,0
   140bc:	0200006f          	j	140dc <_printf_common+0x13c>
   140c0:	00100693          	li	a3,1
   140c4:	000a0613          	mv	a2,s4
   140c8:	000b8593          	mv	a1,s7
   140cc:	000b0513          	mv	a0,s6
   140d0:	000980e7          	jalr	s3
   140d4:	03551a63          	bne	a0,s5,14108 <_printf_common+0x168>
   140d8:	fff00513          	li	a0,-1
   140dc:	02c12083          	lw	ra,44(sp)
   140e0:	02812403          	lw	s0,40(sp)
   140e4:	02412483          	lw	s1,36(sp)
   140e8:	02012903          	lw	s2,32(sp)
   140ec:	01c12983          	lw	s3,28(sp)
   140f0:	01812a03          	lw	s4,24(sp)
   140f4:	01412a83          	lw	s5,20(sp)
   140f8:	01012b03          	lw	s6,16(sp)
   140fc:	00c12b83          	lw	s7,12(sp)
   14100:	03010113          	addi	sp,sp,48
   14104:	00008067          	ret
   14108:	00148493          	addi	s1,s1,1
   1410c:	f21ff06f          	j	1402c <_printf_common+0x8c>
   14110:	00d40733          	add	a4,s0,a3
   14114:	03000613          	li	a2,48
   14118:	04c701a3          	sb	a2,67(a4)
   1411c:	04544703          	lbu	a4,69(s0)
   14120:	00168793          	addi	a5,a3,1
   14124:	00f407b3          	add	a5,s0,a5
   14128:	00268693          	addi	a3,a3,2
   1412c:	04e781a3          	sb	a4,67(a5)
   14130:	f21ff06f          	j	14050 <_printf_common+0xb0>
   14134:	00100693          	li	a3,1
   14138:	00040613          	mv	a2,s0
   1413c:	000b8593          	mv	a1,s7
   14140:	000b0513          	mv	a0,s6
   14144:	000980e7          	jalr	s3
   14148:	f94508e3          	beq	a0,s4,140d8 <_printf_common+0x138>
   1414c:	00190913          	addi	s2,s2,1
   14150:	f65ff06f          	j	140b4 <_printf_common+0x114>

00014154 <_printf_i>:
   14154:	fc010113          	addi	sp,sp,-64
   14158:	02812c23          	sw	s0,56(sp)
   1415c:	02912a23          	sw	s1,52(sp)
   14160:	03412423          	sw	s4,40(sp)
   14164:	03512223          	sw	s5,36(sp)
   14168:	02112e23          	sw	ra,60(sp)
   1416c:	03212823          	sw	s2,48(sp)
   14170:	03312623          	sw	s3,44(sp)
   14174:	0185c783          	lbu	a5,24(a1)
   14178:	00068493          	mv	s1,a3
   1417c:	07800693          	li	a3,120
   14180:	00050a13          	mv	s4,a0
   14184:	00058413          	mv	s0,a1
   14188:	00060a93          	mv	s5,a2
   1418c:	02f6e263          	bltu	a3,a5,141b0 <_printf_i+0x5c>
   14190:	06200693          	li	a3,98
   14194:	04358613          	addi	a2,a1,67
   14198:	02f6e063          	bltu	a3,a5,141b8 <_printf_i+0x64>
   1419c:	28078863          	beqz	a5,1442c <_printf_i+0x2d8>
   141a0:	05800593          	li	a1,88
   141a4:	0000c697          	auipc	a3,0xc
   141a8:	5f868693          	addi	a3,a3,1528 # 2079c <_impure_ptr+0x734>
   141ac:	1cb78c63          	beq	a5,a1,14384 <_printf_i+0x230>
   141b0:	04240913          	addi	s2,s0,66
   141b4:	0440006f          	j	141f8 <_printf_i+0xa4>
   141b8:	f9d78693          	addi	a3,a5,-99
   141bc:	0ff6f693          	zext.b	a3,a3
   141c0:	01500593          	li	a1,21
   141c4:	fed5e6e3          	bltu	a1,a3,141b0 <_printf_i+0x5c>
   141c8:	0000c597          	auipc	a1,0xc
   141cc:	67858593          	addi	a1,a1,1656 # 20840 <intpat+0x28>
   141d0:	00269693          	slli	a3,a3,0x2
   141d4:	00b686b3          	add	a3,a3,a1
   141d8:	0006a683          	lw	a3,0(a3)
   141dc:	00b686b3          	add	a3,a3,a1
   141e0:	00068067          	jr	a3
   141e4:	00072783          	lw	a5,0(a4)
   141e8:	04240913          	addi	s2,s0,66
   141ec:	00478693          	addi	a3,a5,4
   141f0:	0007a783          	lw	a5,0(a5)
   141f4:	00d72023          	sw	a3,0(a4)
   141f8:	04f40123          	sb	a5,66(s0)
   141fc:	00100793          	li	a5,1
   14200:	26c0006f          	j	1446c <_printf_i+0x318>
   14204:	00042783          	lw	a5,0(s0)
   14208:	00072503          	lw	a0,0(a4)
   1420c:	0807f693          	andi	a3,a5,128
   14210:	00450593          	addi	a1,a0,4
   14214:	02068663          	beqz	a3,14240 <_printf_i+0xec>
   14218:	00052783          	lw	a5,0(a0)
   1421c:	00b72023          	sw	a1,0(a4)
   14220:	0007d863          	bgez	a5,14230 <_printf_i+0xdc>
   14224:	02d00713          	li	a4,45
   14228:	40f007b3          	neg	a5,a5
   1422c:	04e401a3          	sb	a4,67(s0)
   14230:	0000c697          	auipc	a3,0xc
   14234:	56c68693          	addi	a3,a3,1388 # 2079c <_impure_ptr+0x734>
   14238:	00a00713          	li	a4,10
   1423c:	0680006f          	j	142a4 <_printf_i+0x150>
   14240:	0407f693          	andi	a3,a5,64
   14244:	00052783          	lw	a5,0(a0)
   14248:	00b72023          	sw	a1,0(a4)
   1424c:	fc068ae3          	beqz	a3,14220 <_printf_i+0xcc>
   14250:	01079793          	slli	a5,a5,0x10
   14254:	4107d793          	srai	a5,a5,0x10
   14258:	fc9ff06f          	j	14220 <_printf_i+0xcc>
   1425c:	00042583          	lw	a1,0(s0)
   14260:	00072683          	lw	a3,0(a4)
   14264:	0805f513          	andi	a0,a1,128
   14268:	0006a783          	lw	a5,0(a3)
   1426c:	00468693          	addi	a3,a3,4
   14270:	00051a63          	bnez	a0,14284 <_printf_i+0x130>
   14274:	0405f593          	andi	a1,a1,64
   14278:	00058663          	beqz	a1,14284 <_printf_i+0x130>
   1427c:	01079793          	slli	a5,a5,0x10
   14280:	0107d793          	srli	a5,a5,0x10
   14284:	00d72023          	sw	a3,0(a4)
   14288:	01844683          	lbu	a3,24(s0)
   1428c:	06f00713          	li	a4,111
   14290:	14e69863          	bne	a3,a4,143e0 <_printf_i+0x28c>
   14294:	0000c697          	auipc	a3,0xc
   14298:	50868693          	addi	a3,a3,1288 # 2079c <_impure_ptr+0x734>
   1429c:	00800713          	li	a4,8
   142a0:	040401a3          	sb	zero,67(s0)
   142a4:	00442583          	lw	a1,4(s0)
   142a8:	00b42423          	sw	a1,8(s0)
   142ac:	0005ce63          	bltz	a1,142c8 <_printf_i+0x174>
   142b0:	00042503          	lw	a0,0(s0)
   142b4:	00b7e5b3          	or	a1,a5,a1
   142b8:	00060913          	mv	s2,a2
   142bc:	ffb57513          	andi	a0,a0,-5
   142c0:	00a42023          	sw	a0,0(s0)
   142c4:	02058463          	beqz	a1,142ec <_printf_i+0x198>
   142c8:	00060913          	mv	s2,a2
   142cc:	02e7f5b3          	remu	a1,a5,a4
   142d0:	fff90913          	addi	s2,s2,-1
   142d4:	00b685b3          	add	a1,a3,a1
   142d8:	0005c583          	lbu	a1,0(a1)
   142dc:	00b90023          	sb	a1,0(s2)
   142e0:	00078593          	mv	a1,a5
   142e4:	02e7d7b3          	divu	a5,a5,a4
   142e8:	fee5f2e3          	bgeu	a1,a4,142cc <_printf_i+0x178>
   142ec:	00800793          	li	a5,8
   142f0:	02f71463          	bne	a4,a5,14318 <_printf_i+0x1c4>
   142f4:	00042783          	lw	a5,0(s0)
   142f8:	0017f793          	andi	a5,a5,1
   142fc:	00078e63          	beqz	a5,14318 <_printf_i+0x1c4>
   14300:	00442703          	lw	a4,4(s0)
   14304:	01042783          	lw	a5,16(s0)
   14308:	00e7c863          	blt	a5,a4,14318 <_printf_i+0x1c4>
   1430c:	03000793          	li	a5,48
   14310:	fef90fa3          	sb	a5,-1(s2)
   14314:	fff90913          	addi	s2,s2,-1
   14318:	41260633          	sub	a2,a2,s2
   1431c:	00c42823          	sw	a2,16(s0)
   14320:	00048713          	mv	a4,s1
   14324:	000a8693          	mv	a3,s5
   14328:	01c10613          	addi	a2,sp,28
   1432c:	00040593          	mv	a1,s0
   14330:	000a0513          	mv	a0,s4
   14334:	00000097          	auipc	ra,0x0
   14338:	c6c080e7          	jalr	-916(ra) # 13fa0 <_printf_common>
   1433c:	fff00993          	li	s3,-1
   14340:	13351c63          	bne	a0,s3,14478 <_printf_i+0x324>
   14344:	fff00513          	li	a0,-1
   14348:	03c12083          	lw	ra,60(sp)
   1434c:	03812403          	lw	s0,56(sp)
   14350:	03412483          	lw	s1,52(sp)
   14354:	03012903          	lw	s2,48(sp)
   14358:	02c12983          	lw	s3,44(sp)
   1435c:	02812a03          	lw	s4,40(sp)
   14360:	02412a83          	lw	s5,36(sp)
   14364:	04010113          	addi	sp,sp,64
   14368:	00008067          	ret
   1436c:	00042783          	lw	a5,0(s0)
   14370:	0207e793          	ori	a5,a5,32
   14374:	00f42023          	sw	a5,0(s0)
   14378:	07800793          	li	a5,120
   1437c:	0000c697          	auipc	a3,0xc
   14380:	43468693          	addi	a3,a3,1076 # 207b0 <_impure_ptr+0x748>
   14384:	04f402a3          	sb	a5,69(s0)
   14388:	00042583          	lw	a1,0(s0)
   1438c:	00072503          	lw	a0,0(a4)
   14390:	0805f813          	andi	a6,a1,128
   14394:	00052783          	lw	a5,0(a0)
   14398:	00450513          	addi	a0,a0,4
   1439c:	00081a63          	bnez	a6,143b0 <_printf_i+0x25c>
   143a0:	0405f813          	andi	a6,a1,64
   143a4:	00080663          	beqz	a6,143b0 <_printf_i+0x25c>
   143a8:	01079793          	slli	a5,a5,0x10
   143ac:	0107d793          	srli	a5,a5,0x10
   143b0:	00a72023          	sw	a0,0(a4)
   143b4:	0015f713          	andi	a4,a1,1
   143b8:	00070663          	beqz	a4,143c4 <_printf_i+0x270>
   143bc:	0205e593          	ori	a1,a1,32
   143c0:	00b42023          	sw	a1,0(s0)
   143c4:	00078663          	beqz	a5,143d0 <_printf_i+0x27c>
   143c8:	01000713          	li	a4,16
   143cc:	ed5ff06f          	j	142a0 <_printf_i+0x14c>
   143d0:	00042703          	lw	a4,0(s0)
   143d4:	fdf77713          	andi	a4,a4,-33
   143d8:	00e42023          	sw	a4,0(s0)
   143dc:	fedff06f          	j	143c8 <_printf_i+0x274>
   143e0:	0000c697          	auipc	a3,0xc
   143e4:	3bc68693          	addi	a3,a3,956 # 2079c <_impure_ptr+0x734>
   143e8:	00a00713          	li	a4,10
   143ec:	eb5ff06f          	j	142a0 <_printf_i+0x14c>
   143f0:	00042683          	lw	a3,0(s0)
   143f4:	00072783          	lw	a5,0(a4)
   143f8:	01442583          	lw	a1,20(s0)
   143fc:	0806f813          	andi	a6,a3,128
   14400:	00478513          	addi	a0,a5,4
   14404:	00080a63          	beqz	a6,14418 <_printf_i+0x2c4>
   14408:	00a72023          	sw	a0,0(a4)
   1440c:	0007a783          	lw	a5,0(a5)
   14410:	00b7a023          	sw	a1,0(a5)
   14414:	0180006f          	j	1442c <_printf_i+0x2d8>
   14418:	00a72023          	sw	a0,0(a4)
   1441c:	0406f693          	andi	a3,a3,64
   14420:	0007a783          	lw	a5,0(a5)
   14424:	fe0686e3          	beqz	a3,14410 <_printf_i+0x2bc>
   14428:	00b79023          	sh	a1,0(a5)
   1442c:	00042823          	sw	zero,16(s0)
   14430:	00060913          	mv	s2,a2
   14434:	eedff06f          	j	14320 <_printf_i+0x1cc>
   14438:	00072783          	lw	a5,0(a4)
   1443c:	00442603          	lw	a2,4(s0)
   14440:	00000593          	li	a1,0
   14444:	00478693          	addi	a3,a5,4
   14448:	00d72023          	sw	a3,0(a4)
   1444c:	0007a903          	lw	s2,0(a5)
   14450:	00090513          	mv	a0,s2
   14454:	00001097          	auipc	ra,0x1
   14458:	9b0080e7          	jalr	-1616(ra) # 14e04 <memchr>
   1445c:	00050663          	beqz	a0,14468 <_printf_i+0x314>
   14460:	41250533          	sub	a0,a0,s2
   14464:	00a42223          	sw	a0,4(s0)
   14468:	00442783          	lw	a5,4(s0)
   1446c:	00f42823          	sw	a5,16(s0)
   14470:	040401a3          	sb	zero,67(s0)
   14474:	eadff06f          	j	14320 <_printf_i+0x1cc>
   14478:	01042683          	lw	a3,16(s0)
   1447c:	00090613          	mv	a2,s2
   14480:	000a8593          	mv	a1,s5
   14484:	000a0513          	mv	a0,s4
   14488:	000480e7          	jalr	s1
   1448c:	eb350ce3          	beq	a0,s3,14344 <_printf_i+0x1f0>
   14490:	00042783          	lw	a5,0(s0)
   14494:	0027f793          	andi	a5,a5,2
   14498:	04079663          	bnez	a5,144e4 <_printf_i+0x390>
   1449c:	01c12783          	lw	a5,28(sp)
   144a0:	00c42503          	lw	a0,12(s0)
   144a4:	eaf552e3          	bge	a0,a5,14348 <_printf_i+0x1f4>
   144a8:	00078513          	mv	a0,a5
   144ac:	e9dff06f          	j	14348 <_printf_i+0x1f4>
   144b0:	00100693          	li	a3,1
   144b4:	000a8593          	mv	a1,s5
   144b8:	000a0513          	mv	a0,s4
   144bc:	00c12623          	sw	a2,12(sp)
   144c0:	000480e7          	jalr	s1
   144c4:	e93500e3          	beq	a0,s3,14344 <_printf_i+0x1f0>
   144c8:	00c12603          	lw	a2,12(sp)
   144cc:	00190913          	addi	s2,s2,1
   144d0:	00c42783          	lw	a5,12(s0)
   144d4:	01c12703          	lw	a4,28(sp)
   144d8:	40e787b3          	sub	a5,a5,a4
   144dc:	fcf94ae3          	blt	s2,a5,144b0 <_printf_i+0x35c>
   144e0:	fbdff06f          	j	1449c <_printf_i+0x348>
   144e4:	00000913          	li	s2,0
   144e8:	01940613          	addi	a2,s0,25
   144ec:	fe5ff06f          	j	144d0 <_printf_i+0x37c>

000144f0 <__sflush_r>:
   144f0:	00c59783          	lh	a5,12(a1)
   144f4:	fe010113          	addi	sp,sp,-32
   144f8:	00812c23          	sw	s0,24(sp)
   144fc:	00912a23          	sw	s1,20(sp)
   14500:	00112e23          	sw	ra,28(sp)
   14504:	01212823          	sw	s2,16(sp)
   14508:	0087f713          	andi	a4,a5,8
   1450c:	00050493          	mv	s1,a0
   14510:	00058413          	mv	s0,a1
   14514:	12071463          	bnez	a4,1463c <__sflush_r+0x14c>
   14518:	0045a703          	lw	a4,4(a1)
   1451c:	00e04663          	bgtz	a4,14528 <__sflush_r+0x38>
   14520:	0405a703          	lw	a4,64(a1)
   14524:	10e05863          	blez	a4,14634 <__sflush_r+0x144>
   14528:	02c42703          	lw	a4,44(s0)
   1452c:	10070463          	beqz	a4,14634 <__sflush_r+0x144>
   14530:	0004a903          	lw	s2,0(s1)
   14534:	01379693          	slli	a3,a5,0x13
   14538:	0004a023          	sw	zero,0(s1)
   1453c:	0a06de63          	bgez	a3,145f8 <__sflush_r+0x108>
   14540:	05442603          	lw	a2,84(s0)
   14544:	00c45783          	lhu	a5,12(s0)
   14548:	0047f793          	andi	a5,a5,4
   1454c:	00078e63          	beqz	a5,14568 <__sflush_r+0x78>
   14550:	00442783          	lw	a5,4(s0)
   14554:	40f60633          	sub	a2,a2,a5
   14558:	03442783          	lw	a5,52(s0)
   1455c:	00078663          	beqz	a5,14568 <__sflush_r+0x78>
   14560:	04042783          	lw	a5,64(s0)
   14564:	40f60633          	sub	a2,a2,a5
   14568:	02c42783          	lw	a5,44(s0)
   1456c:	02042583          	lw	a1,32(s0)
   14570:	00000693          	li	a3,0
   14574:	00048513          	mv	a0,s1
   14578:	000780e7          	jalr	a5
   1457c:	fff00713          	li	a4,-1
   14580:	00c41783          	lh	a5,12(s0)
   14584:	02e51263          	bne	a0,a4,145a8 <__sflush_r+0xb8>
   14588:	0004a683          	lw	a3,0(s1)
   1458c:	01d00713          	li	a4,29
   14590:	0ed76e63          	bltu	a4,a3,1468c <__sflush_r+0x19c>
   14594:	20400737          	lui	a4,0x20400
   14598:	00170713          	addi	a4,a4,1 # 20400001 <__stack_top__+0x203d0001>
   1459c:	00d75733          	srl	a4,a4,a3
   145a0:	00177713          	andi	a4,a4,1
   145a4:	0e070463          	beqz	a4,1468c <__sflush_r+0x19c>
   145a8:	01042703          	lw	a4,16(s0)
   145ac:	00042223          	sw	zero,4(s0)
   145b0:	00e42023          	sw	a4,0(s0)
   145b4:	01379713          	slli	a4,a5,0x13
   145b8:	00075c63          	bgez	a4,145d0 <__sflush_r+0xe0>
   145bc:	fff00793          	li	a5,-1
   145c0:	00f51663          	bne	a0,a5,145cc <__sflush_r+0xdc>
   145c4:	0004a783          	lw	a5,0(s1)
   145c8:	00079463          	bnez	a5,145d0 <__sflush_r+0xe0>
   145cc:	04a42a23          	sw	a0,84(s0)
   145d0:	03442583          	lw	a1,52(s0)
   145d4:	0124a023          	sw	s2,0(s1)
   145d8:	04058e63          	beqz	a1,14634 <__sflush_r+0x144>
   145dc:	04440793          	addi	a5,s0,68
   145e0:	00f58863          	beq	a1,a5,145f0 <__sflush_r+0x100>
   145e4:	00048513          	mv	a0,s1
   145e8:	fffff097          	auipc	ra,0xfffff
   145ec:	14c080e7          	jalr	332(ra) # 13734 <_free_r>
   145f0:	02042a23          	sw	zero,52(s0)
   145f4:	0400006f          	j	14634 <__sflush_r+0x144>
   145f8:	02042583          	lw	a1,32(s0)
   145fc:	00000613          	li	a2,0
   14600:	00100693          	li	a3,1
   14604:	00048513          	mv	a0,s1
   14608:	000700e7          	jalr	a4
   1460c:	fff00793          	li	a5,-1
   14610:	00050613          	mv	a2,a0
   14614:	f2f518e3          	bne	a0,a5,14544 <__sflush_r+0x54>
   14618:	0004a783          	lw	a5,0(s1)
   1461c:	f20784e3          	beqz	a5,14544 <__sflush_r+0x54>
   14620:	fe378713          	addi	a4,a5,-29
   14624:	00070663          	beqz	a4,14630 <__sflush_r+0x140>
   14628:	fea78793          	addi	a5,a5,-22
   1462c:	04079e63          	bnez	a5,14688 <__sflush_r+0x198>
   14630:	0124a023          	sw	s2,0(s1)
   14634:	00000513          	li	a0,0
   14638:	0600006f          	j	14698 <__sflush_r+0x1a8>
   1463c:	0105a603          	lw	a2,16(a1)
   14640:	fe060ae3          	beqz	a2,14634 <__sflush_r+0x144>
   14644:	0005a683          	lw	a3,0(a1)
   14648:	0037f793          	andi	a5,a5,3
   1464c:	00c5a023          	sw	a2,0(a1)
   14650:	40c68933          	sub	s2,a3,a2
   14654:	00000713          	li	a4,0
   14658:	00079463          	bnez	a5,14660 <__sflush_r+0x170>
   1465c:	0145a703          	lw	a4,20(a1)
   14660:	00e42423          	sw	a4,8(s0)
   14664:	fd2058e3          	blez	s2,14634 <__sflush_r+0x144>
   14668:	02842783          	lw	a5,40(s0)
   1466c:	02042583          	lw	a1,32(s0)
   14670:	00090693          	mv	a3,s2
   14674:	00048513          	mv	a0,s1
   14678:	00c12623          	sw	a2,12(sp)
   1467c:	000780e7          	jalr	a5
   14680:	00c12603          	lw	a2,12(sp)
   14684:	02a04663          	bgtz	a0,146b0 <__sflush_r+0x1c0>
   14688:	00c45783          	lhu	a5,12(s0)
   1468c:	0407e793          	ori	a5,a5,64
   14690:	00f41623          	sh	a5,12(s0)
   14694:	fff00513          	li	a0,-1
   14698:	01c12083          	lw	ra,28(sp)
   1469c:	01812403          	lw	s0,24(sp)
   146a0:	01412483          	lw	s1,20(sp)
   146a4:	01012903          	lw	s2,16(sp)
   146a8:	02010113          	addi	sp,sp,32
   146ac:	00008067          	ret
   146b0:	00a60633          	add	a2,a2,a0
   146b4:	40a90933          	sub	s2,s2,a0
   146b8:	fadff06f          	j	14664 <__sflush_r+0x174>

000146bc <_fflush_r>:
   146bc:	0105a783          	lw	a5,16(a1)
   146c0:	ff010113          	addi	sp,sp,-16
   146c4:	00112623          	sw	ra,12(sp)
   146c8:	00812423          	sw	s0,8(sp)
   146cc:	00912223          	sw	s1,4(sp)
   146d0:	02079063          	bnez	a5,146f0 <_fflush_r+0x34>
   146d4:	00000493          	li	s1,0
   146d8:	00c12083          	lw	ra,12(sp)
   146dc:	00812403          	lw	s0,8(sp)
   146e0:	00048513          	mv	a0,s1
   146e4:	00412483          	lw	s1,4(sp)
   146e8:	01010113          	addi	sp,sp,16
   146ec:	00008067          	ret
   146f0:	00050493          	mv	s1,a0
   146f4:	00058413          	mv	s0,a1
   146f8:	00050a63          	beqz	a0,1470c <_fflush_r+0x50>
   146fc:	02052783          	lw	a5,32(a0)
   14700:	00079663          	bnez	a5,1470c <_fflush_r+0x50>
   14704:	00000097          	auipc	ra,0x0
   14708:	268080e7          	jalr	616(ra) # 1496c <__sinit>
   1470c:	00c41783          	lh	a5,12(s0)
   14710:	fc0782e3          	beqz	a5,146d4 <_fflush_r+0x18>
   14714:	06442703          	lw	a4,100(s0)
   14718:	00177713          	andi	a4,a4,1
   1471c:	00071c63          	bnez	a4,14734 <_fflush_r+0x78>
   14720:	2007f793          	andi	a5,a5,512
   14724:	00079863          	bnez	a5,14734 <_fflush_r+0x78>
   14728:	05842503          	lw	a0,88(s0)
   1472c:	fffff097          	auipc	ra,0xfffff
   14730:	000080e7          	jalr	ra # 1372c <__retarget_lock_acquire_recursive>
   14734:	00048513          	mv	a0,s1
   14738:	00040593          	mv	a1,s0
   1473c:	00000097          	auipc	ra,0x0
   14740:	db4080e7          	jalr	-588(ra) # 144f0 <__sflush_r>
   14744:	06442783          	lw	a5,100(s0)
   14748:	00050493          	mv	s1,a0
   1474c:	0017f793          	andi	a5,a5,1
   14750:	f80794e3          	bnez	a5,146d8 <_fflush_r+0x1c>
   14754:	00c45783          	lhu	a5,12(s0)
   14758:	2007f793          	andi	a5,a5,512
   1475c:	f6079ee3          	bnez	a5,146d8 <_fflush_r+0x1c>
   14760:	05842503          	lw	a0,88(s0)
   14764:	fffff097          	auipc	ra,0xfffff
   14768:	fcc080e7          	jalr	-52(ra) # 13730 <__retarget_lock_release_recursive>
   1476c:	f6dff06f          	j	146d8 <_fflush_r+0x1c>

00014770 <std>:
   14770:	ff010113          	addi	sp,sp,-16
   14774:	00812423          	sw	s0,8(sp)
   14778:	00112623          	sw	ra,12(sp)
   1477c:	00050413          	mv	s0,a0
   14780:	00b51623          	sh	a1,12(a0)
   14784:	00c51723          	sh	a2,14(a0)
   14788:	00052023          	sw	zero,0(a0)
   1478c:	00052223          	sw	zero,4(a0)
   14790:	00052423          	sw	zero,8(a0)
   14794:	06052223          	sw	zero,100(a0)
   14798:	00052823          	sw	zero,16(a0)
   1479c:	00052a23          	sw	zero,20(a0)
   147a0:	00052c23          	sw	zero,24(a0)
   147a4:	00800613          	li	a2,8
   147a8:	00000593          	li	a1,0
   147ac:	05c50513          	addi	a0,a0,92
   147b0:	ffffc097          	auipc	ra,0xffffc
   147b4:	c14080e7          	jalr	-1004(ra) # 103c4 <memset>
   147b8:	00000797          	auipc	a5,0x0
   147bc:	50478793          	addi	a5,a5,1284 # 14cbc <__sread>
   147c0:	02f42223          	sw	a5,36(s0)
   147c4:	00000797          	auipc	a5,0x0
   147c8:	54c78793          	addi	a5,a5,1356 # 14d10 <__swrite>
   147cc:	02f42423          	sw	a5,40(s0)
   147d0:	00000797          	auipc	a5,0x0
   147d4:	5cc78793          	addi	a5,a5,1484 # 14d9c <__sseek>
   147d8:	02f42623          	sw	a5,44(s0)
   147dc:	00000797          	auipc	a5,0x0
   147e0:	61c78793          	addi	a5,a5,1564 # 14df8 <__sclose>
   147e4:	02f42823          	sw	a5,48(s0)
   147e8:	0000d717          	auipc	a4,0xd
   147ec:	9bc70713          	addi	a4,a4,-1604 # 211a4 <__sf>
   147f0:	0000d797          	auipc	a5,0xd
   147f4:	a1c78793          	addi	a5,a5,-1508 # 2120c <__sf+0x68>
   147f8:	40f407b3          	sub	a5,s0,a5
   147fc:	40e40733          	sub	a4,s0,a4
   14800:	0017b793          	seqz	a5,a5
   14804:	00173713          	seqz	a4,a4
   14808:	02842023          	sw	s0,32(s0)
   1480c:	00e7e7b3          	or	a5,a5,a4
   14810:	00079863          	bnez	a5,14820 <std+0xb0>
   14814:	0000d797          	auipc	a5,0xd
   14818:	a6078793          	addi	a5,a5,-1440 # 21274 <__sf+0xd0>
   1481c:	00f41e63          	bne	s0,a5,14838 <std+0xc8>
   14820:	05840513          	addi	a0,s0,88
   14824:	00812403          	lw	s0,8(sp)
   14828:	00c12083          	lw	ra,12(sp)
   1482c:	01010113          	addi	sp,sp,16
   14830:	fffff317          	auipc	t1,0xfffff
   14834:	ef830067          	jr	-264(t1) # 13728 <__retarget_lock_init_recursive>
   14838:	00c12083          	lw	ra,12(sp)
   1483c:	00812403          	lw	s0,8(sp)
   14840:	01010113          	addi	sp,sp,16
   14844:	00008067          	ret

00014848 <stdio_exit_handler>:
   14848:	0000c617          	auipc	a2,0xc
   1484c:	81060613          	addi	a2,a2,-2032 # 20058 <__sglue>
   14850:	00000597          	auipc	a1,0x0
   14854:	e6c58593          	addi	a1,a1,-404 # 146bc <_fflush_r>
   14858:	0000b517          	auipc	a0,0xb
   1485c:	7b450513          	addi	a0,a0,1972 # 2000c <_impure_data>
   14860:	00000317          	auipc	t1,0x0
   14864:	16030067          	jr	352(t1) # 149c0 <_fwalk_sglue>

00014868 <cleanup_stdio>:
   14868:	00452583          	lw	a1,4(a0)
   1486c:	ff010113          	addi	sp,sp,-16
   14870:	00812423          	sw	s0,8(sp)
   14874:	00112623          	sw	ra,12(sp)
   14878:	0000d797          	auipc	a5,0xd
   1487c:	92c78793          	addi	a5,a5,-1748 # 211a4 <__sf>
   14880:	00050413          	mv	s0,a0
   14884:	00f58663          	beq	a1,a5,14890 <cleanup_stdio+0x28>
   14888:	00000097          	auipc	ra,0x0
   1488c:	e34080e7          	jalr	-460(ra) # 146bc <_fflush_r>
   14890:	00842583          	lw	a1,8(s0)
   14894:	0000d797          	auipc	a5,0xd
   14898:	97878793          	addi	a5,a5,-1672 # 2120c <__sf+0x68>
   1489c:	00f58863          	beq	a1,a5,148ac <cleanup_stdio+0x44>
   148a0:	00040513          	mv	a0,s0
   148a4:	00000097          	auipc	ra,0x0
   148a8:	e18080e7          	jalr	-488(ra) # 146bc <_fflush_r>
   148ac:	00c42583          	lw	a1,12(s0)
   148b0:	0000d797          	auipc	a5,0xd
   148b4:	9c478793          	addi	a5,a5,-1596 # 21274 <__sf+0xd0>
   148b8:	00f58e63          	beq	a1,a5,148d4 <cleanup_stdio+0x6c>
   148bc:	00040513          	mv	a0,s0
   148c0:	00812403          	lw	s0,8(sp)
   148c4:	00c12083          	lw	ra,12(sp)
   148c8:	01010113          	addi	sp,sp,16
   148cc:	00000317          	auipc	t1,0x0
   148d0:	df030067          	jr	-528(t1) # 146bc <_fflush_r>
   148d4:	00c12083          	lw	ra,12(sp)
   148d8:	00812403          	lw	s0,8(sp)
   148dc:	01010113          	addi	sp,sp,16
   148e0:	00008067          	ret

000148e4 <global_stdio_init.part.0>:
   148e4:	ff010113          	addi	sp,sp,-16
   148e8:	00000797          	auipc	a5,0x0
   148ec:	f6078793          	addi	a5,a5,-160 # 14848 <stdio_exit_handler>
   148f0:	00000613          	li	a2,0
   148f4:	00400593          	li	a1,4
   148f8:	0000d517          	auipc	a0,0xd
   148fc:	8ac50513          	addi	a0,a0,-1876 # 211a4 <__sf>
   14900:	00112623          	sw	ra,12(sp)
   14904:	0000c717          	auipc	a4,0xc
   14908:	0af72423          	sw	a5,168(a4) # 209ac <__stdio_exit_handler>
   1490c:	00000097          	auipc	ra,0x0
   14910:	e64080e7          	jalr	-412(ra) # 14770 <std>
   14914:	00100613          	li	a2,1
   14918:	00900593          	li	a1,9
   1491c:	0000d517          	auipc	a0,0xd
   14920:	8f050513          	addi	a0,a0,-1808 # 2120c <__sf+0x68>
   14924:	00000097          	auipc	ra,0x0
   14928:	e4c080e7          	jalr	-436(ra) # 14770 <std>
   1492c:	00c12083          	lw	ra,12(sp)
   14930:	00200613          	li	a2,2
   14934:	01200593          	li	a1,18
   14938:	0000d517          	auipc	a0,0xd
   1493c:	93c50513          	addi	a0,a0,-1732 # 21274 <__sf+0xd0>
   14940:	01010113          	addi	sp,sp,16
   14944:	00000317          	auipc	t1,0x0
   14948:	e2c30067          	jr	-468(t1) # 14770 <std>

0001494c <__sfp_lock_acquire>:
   1494c:	0000c517          	auipc	a0,0xc
   14950:	05450513          	addi	a0,a0,84 # 209a0 <__lock___sfp_recursive_mutex>
   14954:	fffff317          	auipc	t1,0xfffff
   14958:	dd830067          	jr	-552(t1) # 1372c <__retarget_lock_acquire_recursive>

0001495c <__sfp_lock_release>:
   1495c:	0000c517          	auipc	a0,0xc
   14960:	04450513          	addi	a0,a0,68 # 209a0 <__lock___sfp_recursive_mutex>
   14964:	fffff317          	auipc	t1,0xfffff
   14968:	dcc30067          	jr	-564(t1) # 13730 <__retarget_lock_release_recursive>

0001496c <__sinit>:
   1496c:	fe010113          	addi	sp,sp,-32
   14970:	00a12623          	sw	a0,12(sp)
   14974:	00112e23          	sw	ra,28(sp)
   14978:	00000097          	auipc	ra,0x0
   1497c:	fd4080e7          	jalr	-44(ra) # 1494c <__sfp_lock_acquire>
   14980:	00c12503          	lw	a0,12(sp)
   14984:	02052783          	lw	a5,32(a0)
   14988:	00078a63          	beqz	a5,1499c <__sinit+0x30>
   1498c:	01c12083          	lw	ra,28(sp)
   14990:	02010113          	addi	sp,sp,32
   14994:	00000317          	auipc	t1,0x0
   14998:	fc830067          	jr	-56(t1) # 1495c <__sfp_lock_release>
   1499c:	00000797          	auipc	a5,0x0
   149a0:	ecc78793          	addi	a5,a5,-308 # 14868 <cleanup_stdio>
   149a4:	02f52023          	sw	a5,32(a0)
   149a8:	0000c797          	auipc	a5,0xc
   149ac:	0047a783          	lw	a5,4(a5) # 209ac <__stdio_exit_handler>
   149b0:	fc079ee3          	bnez	a5,1498c <__sinit+0x20>
   149b4:	00000097          	auipc	ra,0x0
   149b8:	f30080e7          	jalr	-208(ra) # 148e4 <global_stdio_init.part.0>
   149bc:	fd1ff06f          	j	1498c <__sinit+0x20>

000149c0 <_fwalk_sglue>:
   149c0:	fd010113          	addi	sp,sp,-48
   149c4:	02812423          	sw	s0,40(sp)
   149c8:	03212023          	sw	s2,32(sp)
   149cc:	01312e23          	sw	s3,28(sp)
   149d0:	01412c23          	sw	s4,24(sp)
   149d4:	01512a23          	sw	s5,20(sp)
   149d8:	02112623          	sw	ra,44(sp)
   149dc:	02912223          	sw	s1,36(sp)
   149e0:	00050a13          	mv	s4,a0
   149e4:	00058a93          	mv	s5,a1
   149e8:	00000413          	li	s0,0
   149ec:	00100913          	li	s2,1
   149f0:	fff00993          	li	s3,-1
   149f4:	00862583          	lw	a1,8(a2)
   149f8:	00462483          	lw	s1,4(a2)
   149fc:	fff48493          	addi	s1,s1,-1
   14a00:	0204da63          	bgez	s1,14a34 <_fwalk_sglue+0x74>
   14a04:	00062603          	lw	a2,0(a2)
   14a08:	fe0616e3          	bnez	a2,149f4 <_fwalk_sglue+0x34>
   14a0c:	02c12083          	lw	ra,44(sp)
   14a10:	00040513          	mv	a0,s0
   14a14:	02812403          	lw	s0,40(sp)
   14a18:	02412483          	lw	s1,36(sp)
   14a1c:	02012903          	lw	s2,32(sp)
   14a20:	01c12983          	lw	s3,28(sp)
   14a24:	01812a03          	lw	s4,24(sp)
   14a28:	01412a83          	lw	s5,20(sp)
   14a2c:	03010113          	addi	sp,sp,48
   14a30:	00008067          	ret
   14a34:	00c5d783          	lhu	a5,12(a1)
   14a38:	02f97463          	bgeu	s2,a5,14a60 <_fwalk_sglue+0xa0>
   14a3c:	00e59783          	lh	a5,14(a1)
   14a40:	03378063          	beq	a5,s3,14a60 <_fwalk_sglue+0xa0>
   14a44:	000a0513          	mv	a0,s4
   14a48:	00c12623          	sw	a2,12(sp)
   14a4c:	00b12423          	sw	a1,8(sp)
   14a50:	000a80e7          	jalr	s5
   14a54:	00c12603          	lw	a2,12(sp)
   14a58:	00812583          	lw	a1,8(sp)
   14a5c:	00a46433          	or	s0,s0,a0
   14a60:	06858593          	addi	a1,a1,104
   14a64:	f99ff06f          	j	149fc <_fwalk_sglue+0x3c>

00014a68 <__swhatbuf_r>:
   14a68:	f8010113          	addi	sp,sp,-128
   14a6c:	06812c23          	sw	s0,120(sp)
   14a70:	00058413          	mv	s0,a1
   14a74:	00e59583          	lh	a1,14(a1)
   14a78:	06912a23          	sw	s1,116(sp)
   14a7c:	06112e23          	sw	ra,124(sp)
   14a80:	00060493          	mv	s1,a2
   14a84:	0205da63          	bgez	a1,14ab8 <__swhatbuf_r+0x50>
   14a88:	00c45783          	lhu	a5,12(s0)
   14a8c:	0807f793          	andi	a5,a5,128
   14a90:	04079e63          	bnez	a5,14aec <__swhatbuf_r+0x84>
   14a94:	40000713          	li	a4,1024
   14a98:	07c12083          	lw	ra,124(sp)
   14a9c:	07812403          	lw	s0,120(sp)
   14aa0:	00f6a023          	sw	a5,0(a3)
   14aa4:	00e4a023          	sw	a4,0(s1)
   14aa8:	00000513          	li	a0,0
   14aac:	07412483          	lw	s1,116(sp)
   14ab0:	08010113          	addi	sp,sp,128
   14ab4:	00008067          	ret
   14ab8:	01810613          	addi	a2,sp,24
   14abc:	00d12623          	sw	a3,12(sp)
   14ac0:	00000097          	auipc	ra,0x0
   14ac4:	3b4080e7          	jalr	948(ra) # 14e74 <_fstat_r>
   14ac8:	00c12683          	lw	a3,12(sp)
   14acc:	fa054ee3          	bltz	a0,14a88 <__swhatbuf_r+0x20>
   14ad0:	01c12783          	lw	a5,28(sp)
   14ad4:	0000f737          	lui	a4,0xf
   14ad8:	00e7f7b3          	and	a5,a5,a4
   14adc:	ffffe737          	lui	a4,0xffffe
   14ae0:	00e787b3          	add	a5,a5,a4
   14ae4:	0017b793          	seqz	a5,a5
   14ae8:	fadff06f          	j	14a94 <__swhatbuf_r+0x2c>
   14aec:	00000793          	li	a5,0
   14af0:	04000713          	li	a4,64
   14af4:	fa5ff06f          	j	14a98 <__swhatbuf_r+0x30>

00014af8 <__smakebuf_r>:
   14af8:	00c5d703          	lhu	a4,12(a1)
   14afc:	fd010113          	addi	sp,sp,-48
   14b00:	02812423          	sw	s0,40(sp)
   14b04:	02112623          	sw	ra,44(sp)
   14b08:	02912223          	sw	s1,36(sp)
   14b0c:	00277713          	andi	a4,a4,2
   14b10:	00058413          	mv	s0,a1
   14b14:	02070663          	beqz	a4,14b40 <__smakebuf_r+0x48>
   14b18:	04740793          	addi	a5,s0,71
   14b1c:	00f42023          	sw	a5,0(s0)
   14b20:	00f42823          	sw	a5,16(s0)
   14b24:	00100793          	li	a5,1
   14b28:	00f42a23          	sw	a5,20(s0)
   14b2c:	02c12083          	lw	ra,44(sp)
   14b30:	02812403          	lw	s0,40(sp)
   14b34:	02412483          	lw	s1,36(sp)
   14b38:	03010113          	addi	sp,sp,48
   14b3c:	00008067          	ret
   14b40:	01c10693          	addi	a3,sp,28
   14b44:	01810613          	addi	a2,sp,24
   14b48:	00050493          	mv	s1,a0
   14b4c:	00000097          	auipc	ra,0x0
   14b50:	f1c080e7          	jalr	-228(ra) # 14a68 <__swhatbuf_r>
   14b54:	01812583          	lw	a1,24(sp)
   14b58:	00048513          	mv	a0,s1
   14b5c:	00b12623          	sw	a1,12(sp)
   14b60:	fffff097          	auipc	ra,0xfffff
   14b64:	d74080e7          	jalr	-652(ra) # 138d4 <_malloc_r>
   14b68:	00c41783          	lh	a5,12(s0)
   14b6c:	00c12583          	lw	a1,12(sp)
   14b70:	00051e63          	bnez	a0,14b8c <__smakebuf_r+0x94>
   14b74:	2007f713          	andi	a4,a5,512
   14b78:	fa071ae3          	bnez	a4,14b2c <__smakebuf_r+0x34>
   14b7c:	ffc7f793          	andi	a5,a5,-4
   14b80:	0027e793          	ori	a5,a5,2
   14b84:	00f41623          	sh	a5,12(s0)
   14b88:	f91ff06f          	j	14b18 <__smakebuf_r+0x20>
   14b8c:	0807e793          	ori	a5,a5,128
   14b90:	00f41623          	sh	a5,12(s0)
   14b94:	01c12783          	lw	a5,28(sp)
   14b98:	00a42023          	sw	a0,0(s0)
   14b9c:	00a42823          	sw	a0,16(s0)
   14ba0:	00b42a23          	sw	a1,20(s0)
   14ba4:	f80784e3          	beqz	a5,14b2c <__smakebuf_r+0x34>
   14ba8:	00e41583          	lh	a1,14(s0)
   14bac:	00048513          	mv	a0,s1
   14bb0:	00000097          	auipc	ra,0x0
   14bb4:	314080e7          	jalr	788(ra) # 14ec4 <_isatty_r>
   14bb8:	f6050ae3          	beqz	a0,14b2c <__smakebuf_r+0x34>
   14bbc:	00c45783          	lhu	a5,12(s0)
   14bc0:	ffc7f793          	andi	a5,a5,-4
   14bc4:	0017e793          	ori	a5,a5,1
   14bc8:	00f41623          	sh	a5,12(s0)
   14bcc:	f61ff06f          	j	14b2c <__smakebuf_r+0x34>

00014bd0 <_putc_r>:
   14bd0:	fe010113          	addi	sp,sp,-32
   14bd4:	00812c23          	sw	s0,24(sp)
   14bd8:	00912a23          	sw	s1,20(sp)
   14bdc:	00112e23          	sw	ra,28(sp)
   14be0:	00050493          	mv	s1,a0
   14be4:	00060413          	mv	s0,a2
   14be8:	00050e63          	beqz	a0,14c04 <_putc_r+0x34>
   14bec:	02052783          	lw	a5,32(a0)
   14bf0:	00079a63          	bnez	a5,14c04 <_putc_r+0x34>
   14bf4:	00b12623          	sw	a1,12(sp)
   14bf8:	00000097          	auipc	ra,0x0
   14bfc:	d74080e7          	jalr	-652(ra) # 1496c <__sinit>
   14c00:	00c12583          	lw	a1,12(sp)
   14c04:	06442783          	lw	a5,100(s0)
   14c08:	0017f793          	andi	a5,a5,1
   14c0c:	02079263          	bnez	a5,14c30 <_putc_r+0x60>
   14c10:	00c45783          	lhu	a5,12(s0)
   14c14:	2007f793          	andi	a5,a5,512
   14c18:	00079c63          	bnez	a5,14c30 <_putc_r+0x60>
   14c1c:	05842503          	lw	a0,88(s0)
   14c20:	00b12623          	sw	a1,12(sp)
   14c24:	fffff097          	auipc	ra,0xfffff
   14c28:	b08080e7          	jalr	-1272(ra) # 1372c <__retarget_lock_acquire_recursive>
   14c2c:	00c12583          	lw	a1,12(sp)
   14c30:	00842783          	lw	a5,8(s0)
   14c34:	0ff5f713          	zext.b	a4,a1
   14c38:	fff78793          	addi	a5,a5,-1
   14c3c:	00f42423          	sw	a5,8(s0)
   14c40:	0007da63          	bgez	a5,14c54 <_putc_r+0x84>
   14c44:	01842683          	lw	a3,24(s0)
   14c48:	04d7ce63          	blt	a5,a3,14ca4 <_putc_r+0xd4>
   14c4c:	ff670793          	addi	a5,a4,-10 # ffffdff6 <__stack_top__+0xfffcdff6>
   14c50:	04078a63          	beqz	a5,14ca4 <_putc_r+0xd4>
   14c54:	00042783          	lw	a5,0(s0)
   14c58:	0ff5f493          	zext.b	s1,a1
   14c5c:	00178693          	addi	a3,a5,1
   14c60:	00d42023          	sw	a3,0(s0)
   14c64:	00e78023          	sb	a4,0(a5)
   14c68:	06442783          	lw	a5,100(s0)
   14c6c:	0017f793          	andi	a5,a5,1
   14c70:	00079e63          	bnez	a5,14c8c <_putc_r+0xbc>
   14c74:	00c45783          	lhu	a5,12(s0)
   14c78:	2007f793          	andi	a5,a5,512
   14c7c:	00079863          	bnez	a5,14c8c <_putc_r+0xbc>
   14c80:	05842503          	lw	a0,88(s0)
   14c84:	fffff097          	auipc	ra,0xfffff
   14c88:	aac080e7          	jalr	-1364(ra) # 13730 <__retarget_lock_release_recursive>
   14c8c:	01c12083          	lw	ra,28(sp)
   14c90:	01812403          	lw	s0,24(sp)
   14c94:	00048513          	mv	a0,s1
   14c98:	01412483          	lw	s1,20(sp)
   14c9c:	02010113          	addi	sp,sp,32
   14ca0:	00008067          	ret
   14ca4:	00048513          	mv	a0,s1
   14ca8:	00040613          	mv	a2,s0
   14cac:	fffff097          	auipc	ra,0xfffff
   14cb0:	848080e7          	jalr	-1976(ra) # 134f4 <__swbuf_r>
   14cb4:	00050493          	mv	s1,a0
   14cb8:	fb1ff06f          	j	14c68 <_putc_r+0x98>

00014cbc <__sread>:
   14cbc:	ff010113          	addi	sp,sp,-16
   14cc0:	00812423          	sw	s0,8(sp)
   14cc4:	00058413          	mv	s0,a1
   14cc8:	00e59583          	lh	a1,14(a1)
   14ccc:	00112623          	sw	ra,12(sp)
   14cd0:	00000097          	auipc	ra,0x0
   14cd4:	294080e7          	jalr	660(ra) # 14f64 <_read_r>
   14cd8:	02054063          	bltz	a0,14cf8 <__sread+0x3c>
   14cdc:	05442783          	lw	a5,84(s0)
   14ce0:	00a787b3          	add	a5,a5,a0
   14ce4:	04f42a23          	sw	a5,84(s0)
   14ce8:	00c12083          	lw	ra,12(sp)
   14cec:	00812403          	lw	s0,8(sp)
   14cf0:	01010113          	addi	sp,sp,16
   14cf4:	00008067          	ret
   14cf8:	00c45783          	lhu	a5,12(s0)
   14cfc:	fffff737          	lui	a4,0xfffff
   14d00:	fff70713          	addi	a4,a4,-1 # ffffefff <__stack_top__+0xfffcefff>
   14d04:	00e7f7b3          	and	a5,a5,a4
   14d08:	00f41623          	sh	a5,12(s0)
   14d0c:	fddff06f          	j	14ce8 <__sread+0x2c>

00014d10 <__swrite>:
   14d10:	00c5d783          	lhu	a5,12(a1)
   14d14:	fe010113          	addi	sp,sp,-32
   14d18:	00812c23          	sw	s0,24(sp)
   14d1c:	00912a23          	sw	s1,20(sp)
   14d20:	01212823          	sw	s2,16(sp)
   14d24:	01312623          	sw	s3,12(sp)
   14d28:	00112e23          	sw	ra,28(sp)
   14d2c:	1007f793          	andi	a5,a5,256
   14d30:	00050493          	mv	s1,a0
   14d34:	00058413          	mv	s0,a1
   14d38:	00060913          	mv	s2,a2
   14d3c:	00068993          	mv	s3,a3
   14d40:	00078c63          	beqz	a5,14d58 <__swrite+0x48>
   14d44:	00e59583          	lh	a1,14(a1)
   14d48:	00200693          	li	a3,2
   14d4c:	00000613          	li	a2,0
   14d50:	00000097          	auipc	ra,0x0
   14d54:	1c0080e7          	jalr	448(ra) # 14f10 <_lseek_r>
   14d58:	00c45783          	lhu	a5,12(s0)
   14d5c:	fffff737          	lui	a4,0xfffff
   14d60:	fff70713          	addi	a4,a4,-1 # ffffefff <__stack_top__+0xfffcefff>
   14d64:	00e7f7b3          	and	a5,a5,a4
   14d68:	00e41583          	lh	a1,14(s0)
   14d6c:	00f41623          	sh	a5,12(s0)
   14d70:	01812403          	lw	s0,24(sp)
   14d74:	01c12083          	lw	ra,28(sp)
   14d78:	00098693          	mv	a3,s3
   14d7c:	00090613          	mv	a2,s2
   14d80:	00c12983          	lw	s3,12(sp)
   14d84:	01012903          	lw	s2,16(sp)
   14d88:	00048513          	mv	a0,s1
   14d8c:	01412483          	lw	s1,20(sp)
   14d90:	02010113          	addi	sp,sp,32
   14d94:	00000317          	auipc	t1,0x0
   14d98:	27030067          	jr	624(t1) # 15004 <_write_r>

00014d9c <__sseek>:
   14d9c:	ff010113          	addi	sp,sp,-16
   14da0:	00812423          	sw	s0,8(sp)
   14da4:	00058413          	mv	s0,a1
   14da8:	00e59583          	lh	a1,14(a1)
   14dac:	00112623          	sw	ra,12(sp)
   14db0:	00000097          	auipc	ra,0x0
   14db4:	160080e7          	jalr	352(ra) # 14f10 <_lseek_r>
   14db8:	fff00713          	li	a4,-1
   14dbc:	00c41783          	lh	a5,12(s0)
   14dc0:	02e51263          	bne	a0,a4,14de4 <__sseek+0x48>
   14dc4:	80050713          	addi	a4,a0,-2048
   14dc8:	80070713          	addi	a4,a4,-2048
   14dcc:	00e7f7b3          	and	a5,a5,a4
   14dd0:	00f41623          	sh	a5,12(s0)
   14dd4:	00c12083          	lw	ra,12(sp)
   14dd8:	00812403          	lw	s0,8(sp)
   14ddc:	01010113          	addi	sp,sp,16
   14de0:	00008067          	ret
   14de4:	00001737          	lui	a4,0x1
   14de8:	00e7e7b3          	or	a5,a5,a4
   14dec:	00f41623          	sh	a5,12(s0)
   14df0:	04a42a23          	sw	a0,84(s0)
   14df4:	fe1ff06f          	j	14dd4 <__sseek+0x38>

00014df8 <__sclose>:
   14df8:	00e59583          	lh	a1,14(a1)
   14dfc:	00000317          	auipc	t1,0x0
   14e00:	02c30067          	jr	44(t1) # 14e28 <_close_r>

00014e04 <memchr>:
   14e04:	0ff5f593          	zext.b	a1,a1
   14e08:	00c50633          	add	a2,a0,a2
   14e0c:	00c51663          	bne	a0,a2,14e18 <memchr+0x14>
   14e10:	00000513          	li	a0,0
   14e14:	00008067          	ret
   14e18:	00054783          	lbu	a5,0(a0)
   14e1c:	feb78ce3          	beq	a5,a1,14e14 <memchr+0x10>
   14e20:	00150513          	addi	a0,a0,1
   14e24:	fe9ff06f          	j	14e0c <memchr+0x8>

00014e28 <_close_r>:
   14e28:	ff010113          	addi	sp,sp,-16
   14e2c:	00812423          	sw	s0,8(sp)
   14e30:	00050413          	mv	s0,a0
   14e34:	00058513          	mv	a0,a1
   14e38:	0000c797          	auipc	a5,0xc
   14e3c:	b607a023          	sw	zero,-1184(a5) # 20998 <errno>
   14e40:	00112623          	sw	ra,12(sp)
   14e44:	ffffb097          	auipc	ra,0xffffb
   14e48:	784080e7          	jalr	1924(ra) # 105c8 <_close>
   14e4c:	fff00793          	li	a5,-1
   14e50:	00f51a63          	bne	a0,a5,14e64 <_close_r+0x3c>
   14e54:	0000c797          	auipc	a5,0xc
   14e58:	b447a783          	lw	a5,-1212(a5) # 20998 <errno>
   14e5c:	00078463          	beqz	a5,14e64 <_close_r+0x3c>
   14e60:	00f42023          	sw	a5,0(s0)
   14e64:	00c12083          	lw	ra,12(sp)
   14e68:	00812403          	lw	s0,8(sp)
   14e6c:	01010113          	addi	sp,sp,16
   14e70:	00008067          	ret

00014e74 <_fstat_r>:
   14e74:	ff010113          	addi	sp,sp,-16
   14e78:	00812423          	sw	s0,8(sp)
   14e7c:	00050413          	mv	s0,a0
   14e80:	00058513          	mv	a0,a1
   14e84:	00060593          	mv	a1,a2
   14e88:	0000c797          	auipc	a5,0xc
   14e8c:	b007a823          	sw	zero,-1264(a5) # 20998 <errno>
   14e90:	00112623          	sw	ra,12(sp)
   14e94:	ffffb097          	auipc	ra,0xffffb
   14e98:	73c080e7          	jalr	1852(ra) # 105d0 <_fstat>
   14e9c:	fff00793          	li	a5,-1
   14ea0:	00f51a63          	bne	a0,a5,14eb4 <_fstat_r+0x40>
   14ea4:	0000c797          	auipc	a5,0xc
   14ea8:	af47a783          	lw	a5,-1292(a5) # 20998 <errno>
   14eac:	00078463          	beqz	a5,14eb4 <_fstat_r+0x40>
   14eb0:	00f42023          	sw	a5,0(s0)
   14eb4:	00c12083          	lw	ra,12(sp)
   14eb8:	00812403          	lw	s0,8(sp)
   14ebc:	01010113          	addi	sp,sp,16
   14ec0:	00008067          	ret

00014ec4 <_isatty_r>:
   14ec4:	ff010113          	addi	sp,sp,-16
   14ec8:	00812423          	sw	s0,8(sp)
   14ecc:	00050413          	mv	s0,a0
   14ed0:	00058513          	mv	a0,a1
   14ed4:	0000c797          	auipc	a5,0xc
   14ed8:	ac07a223          	sw	zero,-1340(a5) # 20998 <errno>
   14edc:	00112623          	sw	ra,12(sp)
   14ee0:	ffffb097          	auipc	ra,0xffffb
   14ee4:	700080e7          	jalr	1792(ra) # 105e0 <_isatty>
   14ee8:	fff00793          	li	a5,-1
   14eec:	00f51a63          	bne	a0,a5,14f00 <_isatty_r+0x3c>
   14ef0:	0000c797          	auipc	a5,0xc
   14ef4:	aa87a783          	lw	a5,-1368(a5) # 20998 <errno>
   14ef8:	00078463          	beqz	a5,14f00 <_isatty_r+0x3c>
   14efc:	00f42023          	sw	a5,0(s0)
   14f00:	00c12083          	lw	ra,12(sp)
   14f04:	00812403          	lw	s0,8(sp)
   14f08:	01010113          	addi	sp,sp,16
   14f0c:	00008067          	ret

00014f10 <_lseek_r>:
   14f10:	ff010113          	addi	sp,sp,-16
   14f14:	00812423          	sw	s0,8(sp)
   14f18:	00050413          	mv	s0,a0
   14f1c:	00058513          	mv	a0,a1
   14f20:	00060593          	mv	a1,a2
   14f24:	00068613          	mv	a2,a3
   14f28:	0000c797          	auipc	a5,0xc
   14f2c:	a607a823          	sw	zero,-1424(a5) # 20998 <errno>
   14f30:	00112623          	sw	ra,12(sp)
   14f34:	ffffb097          	auipc	ra,0xffffb
   14f38:	6b4080e7          	jalr	1716(ra) # 105e8 <_lseek>
   14f3c:	fff00793          	li	a5,-1
   14f40:	00f51a63          	bne	a0,a5,14f54 <_lseek_r+0x44>
   14f44:	0000c797          	auipc	a5,0xc
   14f48:	a547a783          	lw	a5,-1452(a5) # 20998 <errno>
   14f4c:	00078463          	beqz	a5,14f54 <_lseek_r+0x44>
   14f50:	00f42023          	sw	a5,0(s0)
   14f54:	00c12083          	lw	ra,12(sp)
   14f58:	00812403          	lw	s0,8(sp)
   14f5c:	01010113          	addi	sp,sp,16
   14f60:	00008067          	ret

00014f64 <_read_r>:
   14f64:	ff010113          	addi	sp,sp,-16
   14f68:	00812423          	sw	s0,8(sp)
   14f6c:	00050413          	mv	s0,a0
   14f70:	00058513          	mv	a0,a1
   14f74:	00060593          	mv	a1,a2
   14f78:	00068613          	mv	a2,a3
   14f7c:	0000c797          	auipc	a5,0xc
   14f80:	a007ae23          	sw	zero,-1508(a5) # 20998 <errno>
   14f84:	00112623          	sw	ra,12(sp)
   14f88:	ffffb097          	auipc	ra,0xffffb
   14f8c:	668080e7          	jalr	1640(ra) # 105f0 <_read>
   14f90:	fff00793          	li	a5,-1
   14f94:	00f51a63          	bne	a0,a5,14fa8 <_read_r+0x44>
   14f98:	0000c797          	auipc	a5,0xc
   14f9c:	a007a783          	lw	a5,-1536(a5) # 20998 <errno>
   14fa0:	00078463          	beqz	a5,14fa8 <_read_r+0x44>
   14fa4:	00f42023          	sw	a5,0(s0)
   14fa8:	00c12083          	lw	ra,12(sp)
   14fac:	00812403          	lw	s0,8(sp)
   14fb0:	01010113          	addi	sp,sp,16
   14fb4:	00008067          	ret

00014fb8 <_sbrk_r>:
   14fb8:	ff010113          	addi	sp,sp,-16
   14fbc:	00812423          	sw	s0,8(sp)
   14fc0:	00050413          	mv	s0,a0
   14fc4:	00058513          	mv	a0,a1
   14fc8:	0000c797          	auipc	a5,0xc
   14fcc:	9c07a823          	sw	zero,-1584(a5) # 20998 <errno>
   14fd0:	00112623          	sw	ra,12(sp)
   14fd4:	ffffb097          	auipc	ra,0xffffb
   14fd8:	624080e7          	jalr	1572(ra) # 105f8 <_sbrk>
   14fdc:	fff00793          	li	a5,-1
   14fe0:	00f51a63          	bne	a0,a5,14ff4 <_sbrk_r+0x3c>
   14fe4:	0000c797          	auipc	a5,0xc
   14fe8:	9b47a783          	lw	a5,-1612(a5) # 20998 <errno>
   14fec:	00078463          	beqz	a5,14ff4 <_sbrk_r+0x3c>
   14ff0:	00f42023          	sw	a5,0(s0)
   14ff4:	00c12083          	lw	ra,12(sp)
   14ff8:	00812403          	lw	s0,8(sp)
   14ffc:	01010113          	addi	sp,sp,16
   15000:	00008067          	ret

00015004 <_write_r>:
   15004:	ff010113          	addi	sp,sp,-16
   15008:	00812423          	sw	s0,8(sp)
   1500c:	00050413          	mv	s0,a0
   15010:	00058513          	mv	a0,a1
   15014:	00060593          	mv	a1,a2
   15018:	00068613          	mv	a2,a3
   1501c:	0000c797          	auipc	a5,0xc
   15020:	9607ae23          	sw	zero,-1668(a5) # 20998 <errno>
   15024:	00112623          	sw	ra,12(sp)
   15028:	ffffb097          	auipc	ra,0xffffb
   1502c:	618080e7          	jalr	1560(ra) # 10640 <_write>
   15030:	fff00793          	li	a5,-1
   15034:	00f51a63          	bne	a0,a5,15048 <_write_r+0x44>
   15038:	0000c797          	auipc	a5,0xc
   1503c:	9607a783          	lw	a5,-1696(a5) # 20998 <errno>
   15040:	00078463          	beqz	a5,15048 <_write_r+0x44>
   15044:	00f42023          	sw	a5,0(s0)
   15048:	00c12083          	lw	ra,12(sp)
   1504c:	00812403          	lw	s0,8(sp)
   15050:	01010113          	addi	sp,sp,16
   15054:	00008067          	ret

00015058 <__udivdi3>:
   15058:	00060813          	mv	a6,a2
   1505c:	00050793          	mv	a5,a0
   15060:	00058893          	mv	a7,a1
   15064:	0c069c63          	bnez	a3,1513c <__udivdi3+0xe4>
   15068:	22c5fa63          	bgeu	a1,a2,1529c <__udivdi3+0x244>
   1506c:	00010737          	lui	a4,0x10
   15070:	36e66863          	bltu	a2,a4,153e0 <__udivdi3+0x388>
   15074:	01000737          	lui	a4,0x1000
   15078:	01800313          	li	t1,24
   1507c:	00e67463          	bgeu	a2,a4,15084 <__udivdi3+0x2c>
   15080:	01000313          	li	t1,16
   15084:	006656b3          	srl	a3,a2,t1
   15088:	0000c717          	auipc	a4,0xc
   1508c:	81070713          	addi	a4,a4,-2032 # 20898 <__clz_tab>
   15090:	00d70733          	add	a4,a4,a3
   15094:	00074703          	lbu	a4,0(a4)
   15098:	02000693          	li	a3,32
   1509c:	00670733          	add	a4,a4,t1
   150a0:	00d70e63          	beq	a4,a3,150bc <__udivdi3+0x64>
   150a4:	40e686b3          	sub	a3,a3,a4
   150a8:	00d598b3          	sll	a7,a1,a3
   150ac:	00e55733          	srl	a4,a0,a4
   150b0:	00d61833          	sll	a6,a2,a3
   150b4:	00d517b3          	sll	a5,a0,a3
   150b8:	011768b3          	or	a7,a4,a7
   150bc:	01085613          	srli	a2,a6,0x10
   150c0:	02c8d533          	divu	a0,a7,a2
   150c4:	01081693          	slli	a3,a6,0x10
   150c8:	0106d693          	srli	a3,a3,0x10
   150cc:	0107d713          	srli	a4,a5,0x10
   150d0:	02c8f8b3          	remu	a7,a7,a2
   150d4:	02a685b3          	mul	a1,a3,a0
   150d8:	01089893          	slli	a7,a7,0x10
   150dc:	01176733          	or	a4,a4,a7
   150e0:	00b77c63          	bgeu	a4,a1,150f8 <__udivdi3+0xa0>
   150e4:	00e808b3          	add	a7,a6,a4
   150e8:	00088713          	mv	a4,a7
   150ec:	00b8f463          	bgeu	a7,a1,150f4 <__udivdi3+0x9c>
   150f0:	3908f463          	bgeu	a7,a6,15478 <__udivdi3+0x420>
   150f4:	fff50513          	addi	a0,a0,-1
   150f8:	40b70733          	sub	a4,a4,a1
   150fc:	02c755b3          	divu	a1,a4,a2
   15100:	01079793          	slli	a5,a5,0x10
   15104:	0107d793          	srli	a5,a5,0x10
   15108:	02c77733          	remu	a4,a4,a2
   1510c:	02b686b3          	mul	a3,a3,a1
   15110:	01071713          	slli	a4,a4,0x10
   15114:	00e7e7b3          	or	a5,a5,a4
   15118:	00d7fa63          	bgeu	a5,a3,1512c <__udivdi3+0xd4>
   1511c:	00f807b3          	add	a5,a6,a5
   15120:	00d7f463          	bgeu	a5,a3,15128 <__udivdi3+0xd0>
   15124:	3507f663          	bgeu	a5,a6,15470 <__udivdi3+0x418>
   15128:	fff58593          	addi	a1,a1,-1
   1512c:	01051513          	slli	a0,a0,0x10
   15130:	00b56533          	or	a0,a0,a1
   15134:	00000593          	li	a1,0
   15138:	00008067          	ret
   1513c:	00d5f863          	bgeu	a1,a3,1514c <__udivdi3+0xf4>
   15140:	00000593          	li	a1,0
   15144:	00000513          	li	a0,0
   15148:	00008067          	ret
   1514c:	000107b7          	lui	a5,0x10
   15150:	2af6e663          	bltu	a3,a5,153fc <__udivdi3+0x3a4>
   15154:	01000737          	lui	a4,0x1000
   15158:	01800793          	li	a5,24
   1515c:	00e6f463          	bgeu	a3,a4,15164 <__udivdi3+0x10c>
   15160:	01000793          	li	a5,16
   15164:	00f6d833          	srl	a6,a3,a5
   15168:	0000b717          	auipc	a4,0xb
   1516c:	73070713          	addi	a4,a4,1840 # 20898 <__clz_tab>
   15170:	01070733          	add	a4,a4,a6
   15174:	00074703          	lbu	a4,0(a4)
   15178:	02000813          	li	a6,32
   1517c:	00f70733          	add	a4,a4,a5
   15180:	29070663          	beq	a4,a6,1540c <__udivdi3+0x3b4>
   15184:	40e80833          	sub	a6,a6,a4
   15188:	00e658b3          	srl	a7,a2,a4
   1518c:	010696b3          	sll	a3,a3,a6
   15190:	00d8e8b3          	or	a7,a7,a3
   15194:	00e5d333          	srl	t1,a1,a4
   15198:	0108de93          	srli	t4,a7,0x10
   1519c:	03d357b3          	divu	a5,t1,t4
   151a0:	01089e13          	slli	t3,a7,0x10
   151a4:	010595b3          	sll	a1,a1,a6
   151a8:	010e5e13          	srli	t3,t3,0x10
   151ac:	00e55733          	srl	a4,a0,a4
   151b0:	00b76733          	or	a4,a4,a1
   151b4:	01075693          	srli	a3,a4,0x10
   151b8:	01061633          	sll	a2,a2,a6
   151bc:	03d37333          	remu	t1,t1,t4
   151c0:	02fe05b3          	mul	a1,t3,a5
   151c4:	01031313          	slli	t1,t1,0x10
   151c8:	0066e6b3          	or	a3,a3,t1
   151cc:	00b6fc63          	bgeu	a3,a1,151e4 <__udivdi3+0x18c>
   151d0:	00d88333          	add	t1,a7,a3
   151d4:	00030693          	mv	a3,t1
   151d8:	00b37463          	bgeu	t1,a1,151e0 <__udivdi3+0x188>
   151dc:	2d137c63          	bgeu	t1,a7,154b4 <__udivdi3+0x45c>
   151e0:	fff78793          	addi	a5,a5,-1 # ffff <__HEAP_SIZE+0xdfff>
   151e4:	40b686b3          	sub	a3,a3,a1
   151e8:	03d6d333          	divu	t1,a3,t4
   151ec:	01071713          	slli	a4,a4,0x10
   151f0:	01075713          	srli	a4,a4,0x10
   151f4:	03d6f6b3          	remu	a3,a3,t4
   151f8:	026e05b3          	mul	a1,t3,t1
   151fc:	01069693          	slli	a3,a3,0x10
   15200:	00d76733          	or	a4,a4,a3
   15204:	00b77c63          	bgeu	a4,a1,1521c <__udivdi3+0x1c4>
   15208:	00e886b3          	add	a3,a7,a4
   1520c:	00068713          	mv	a4,a3
   15210:	00b6f463          	bgeu	a3,a1,15218 <__udivdi3+0x1c0>
   15214:	2916f463          	bgeu	a3,a7,1549c <__udivdi3+0x444>
   15218:	fff30313          	addi	t1,t1,-1
   1521c:	01079793          	slli	a5,a5,0x10
   15220:	0067e6b3          	or	a3,a5,t1
   15224:	40b70733          	sub	a4,a4,a1
   15228:	01061793          	slli	a5,a2,0x10
   1522c:	01031593          	slli	a1,t1,0x10
   15230:	0107d793          	srli	a5,a5,0x10
   15234:	0105d593          	srli	a1,a1,0x10
   15238:	0106d313          	srli	t1,a3,0x10
   1523c:	01065613          	srli	a2,a2,0x10
   15240:	02f30e33          	mul	t3,t1,a5
   15244:	02f588b3          	mul	a7,a1,a5
   15248:	02c585b3          	mul	a1,a1,a2
   1524c:	0108d793          	srli	a5,a7,0x10
   15250:	01c585b3          	add	a1,a1,t3
   15254:	00b787b3          	add	a5,a5,a1
   15258:	02c30333          	mul	t1,t1,a2
   1525c:	01c7f663          	bgeu	a5,t3,15268 <__udivdi3+0x210>
   15260:	00010637          	lui	a2,0x10
   15264:	00c30333          	add	t1,t1,a2
   15268:	0107d613          	srli	a2,a5,0x10
   1526c:	00660633          	add	a2,a2,t1
   15270:	02c76063          	bltu	a4,a2,15290 <__udivdi3+0x238>
   15274:	01089893          	slli	a7,a7,0x10
   15278:	0108d893          	srli	a7,a7,0x10
   1527c:	01079793          	slli	a5,a5,0x10
   15280:	01051533          	sll	a0,a0,a6
   15284:	011787b3          	add	a5,a5,a7
   15288:	1ef57e63          	bgeu	a0,a5,15484 <__udivdi3+0x42c>
   1528c:	1ec71c63          	bne	a4,a2,15484 <__udivdi3+0x42c>
   15290:	fff68513          	addi	a0,a3,-1
   15294:	00000593          	li	a1,0
   15298:	00008067          	ret
   1529c:	14060a63          	beqz	a2,153f0 <__udivdi3+0x398>
   152a0:	00010737          	lui	a4,0x10
   152a4:	18e67c63          	bgeu	a2,a4,1543c <__udivdi3+0x3e4>
   152a8:	10063893          	sltiu	a7,a2,256
   152ac:	0018b893          	seqz	a7,a7
   152b0:	00389893          	slli	a7,a7,0x3
   152b4:	011656b3          	srl	a3,a2,a7
   152b8:	0000b717          	auipc	a4,0xb
   152bc:	5e070713          	addi	a4,a4,1504 # 20898 <__clz_tab>
   152c0:	00d70733          	add	a4,a4,a3
   152c4:	00074703          	lbu	a4,0(a4)
   152c8:	02000693          	li	a3,32
   152cc:	01170733          	add	a4,a4,a7
   152d0:	14d70a63          	beq	a4,a3,15424 <__udivdi3+0x3cc>
   152d4:	40e687b3          	sub	a5,a3,a4
   152d8:	00f61833          	sll	a6,a2,a5
   152dc:	00e5d333          	srl	t1,a1,a4
   152e0:	01085893          	srli	a7,a6,0x10
   152e4:	03135e33          	divu	t3,t1,a7
   152e8:	01081613          	slli	a2,a6,0x10
   152ec:	00f595b3          	sll	a1,a1,a5
   152f0:	01065613          	srli	a2,a2,0x10
   152f4:	00e55733          	srl	a4,a0,a4
   152f8:	00b76733          	or	a4,a4,a1
   152fc:	01075693          	srli	a3,a4,0x10
   15300:	00f517b3          	sll	a5,a0,a5
   15304:	03137333          	remu	t1,t1,a7
   15308:	03c605b3          	mul	a1,a2,t3
   1530c:	01031313          	slli	t1,t1,0x10
   15310:	0066e6b3          	or	a3,a3,t1
   15314:	00b6fc63          	bgeu	a3,a1,1532c <__udivdi3+0x2d4>
   15318:	00d80533          	add	a0,a6,a3
   1531c:	00050693          	mv	a3,a0
   15320:	00b57463          	bgeu	a0,a1,15328 <__udivdi3+0x2d0>
   15324:	17057663          	bgeu	a0,a6,15490 <__udivdi3+0x438>
   15328:	fffe0e13          	addi	t3,t3,-1
   1532c:	40b686b3          	sub	a3,a3,a1
   15330:	0316d533          	divu	a0,a3,a7
   15334:	01071713          	slli	a4,a4,0x10
   15338:	01075713          	srli	a4,a4,0x10
   1533c:	0316f6b3          	remu	a3,a3,a7
   15340:	02a60333          	mul	t1,a2,a0
   15344:	01069693          	slli	a3,a3,0x10
   15348:	00d76733          	or	a4,a4,a3
   1534c:	00677c63          	bgeu	a4,t1,15364 <__udivdi3+0x30c>
   15350:	00e806b3          	add	a3,a6,a4
   15354:	00068713          	mv	a4,a3
   15358:	0066f463          	bgeu	a3,t1,15360 <__udivdi3+0x308>
   1535c:	1506f663          	bgeu	a3,a6,154a8 <__udivdi3+0x450>
   15360:	fff50513          	addi	a0,a0,-1
   15364:	010e1593          	slli	a1,t3,0x10
   15368:	00a5e5b3          	or	a1,a1,a0
   1536c:	40670733          	sub	a4,a4,t1
   15370:	03175533          	divu	a0,a4,a7
   15374:	0107d693          	srli	a3,a5,0x10
   15378:	03177733          	remu	a4,a4,a7
   1537c:	02c50333          	mul	t1,a0,a2
   15380:	01071713          	slli	a4,a4,0x10
   15384:	00e6e733          	or	a4,a3,a4
   15388:	00677c63          	bgeu	a4,t1,153a0 <__udivdi3+0x348>
   1538c:	00e806b3          	add	a3,a6,a4
   15390:	00068713          	mv	a4,a3
   15394:	0066f463          	bgeu	a3,t1,1539c <__udivdi3+0x344>
   15398:	0d06f663          	bgeu	a3,a6,15464 <__udivdi3+0x40c>
   1539c:	fff50513          	addi	a0,a0,-1
   153a0:	40670733          	sub	a4,a4,t1
   153a4:	031756b3          	divu	a3,a4,a7
   153a8:	01079793          	slli	a5,a5,0x10
   153ac:	0107d793          	srli	a5,a5,0x10
   153b0:	03177733          	remu	a4,a4,a7
   153b4:	02c68633          	mul	a2,a3,a2
   153b8:	01071713          	slli	a4,a4,0x10
   153bc:	00e7e7b3          	or	a5,a5,a4
   153c0:	00c7fa63          	bgeu	a5,a2,153d4 <__udivdi3+0x37c>
   153c4:	00f807b3          	add	a5,a6,a5
   153c8:	00c7f463          	bgeu	a5,a2,153d0 <__udivdi3+0x378>
   153cc:	0907f863          	bgeu	a5,a6,1545c <__udivdi3+0x404>
   153d0:	fff68693          	addi	a3,a3,-1
   153d4:	01051513          	slli	a0,a0,0x10
   153d8:	00d56533          	or	a0,a0,a3
   153dc:	00008067          	ret
   153e0:	10063313          	sltiu	t1,a2,256
   153e4:	00133313          	seqz	t1,t1
   153e8:	00331313          	slli	t1,t1,0x3
   153ec:	c99ff06f          	j	15084 <__udivdi3+0x2c>
   153f0:	00000693          	li	a3,0
   153f4:	00000893          	li	a7,0
   153f8:	ec1ff06f          	j	152b8 <__udivdi3+0x260>
   153fc:	1006b793          	sltiu	a5,a3,256
   15400:	0017b793          	seqz	a5,a5
   15404:	00379793          	slli	a5,a5,0x3
   15408:	d5dff06f          	j	15164 <__udivdi3+0x10c>
   1540c:	00c53633          	sltu	a2,a0,a2
   15410:	00b6b6b3          	sltu	a3,a3,a1
   15414:	00163613          	seqz	a2,a2
   15418:	00c6e533          	or	a0,a3,a2
   1541c:	00000593          	li	a1,0
   15420:	00008067          	ret
   15424:	40c58733          	sub	a4,a1,a2
   15428:	01065893          	srli	a7,a2,0x10
   1542c:	01061613          	slli	a2,a2,0x10
   15430:	01065613          	srli	a2,a2,0x10
   15434:	00100593          	li	a1,1
   15438:	f39ff06f          	j	15370 <__udivdi3+0x318>
   1543c:	01000737          	lui	a4,0x1000
   15440:	00e67863          	bgeu	a2,a4,15450 <__udivdi3+0x3f8>
   15444:	01065693          	srli	a3,a2,0x10
   15448:	01000893          	li	a7,16
   1544c:	e6dff06f          	j	152b8 <__udivdi3+0x260>
   15450:	01865693          	srli	a3,a2,0x18
   15454:	01800893          	li	a7,24
   15458:	e61ff06f          	j	152b8 <__udivdi3+0x260>
   1545c:	ffe68693          	addi	a3,a3,-2
   15460:	f75ff06f          	j	153d4 <__udivdi3+0x37c>
   15464:	ffe50513          	addi	a0,a0,-2
   15468:	01068733          	add	a4,a3,a6
   1546c:	f35ff06f          	j	153a0 <__udivdi3+0x348>
   15470:	ffe58593          	addi	a1,a1,-2
   15474:	cb9ff06f          	j	1512c <__udivdi3+0xd4>
   15478:	ffe50513          	addi	a0,a0,-2
   1547c:	01088733          	add	a4,a7,a6
   15480:	c79ff06f          	j	150f8 <__udivdi3+0xa0>
   15484:	00068513          	mv	a0,a3
   15488:	00000593          	li	a1,0
   1548c:	00008067          	ret
   15490:	ffee0e13          	addi	t3,t3,-2
   15494:	010506b3          	add	a3,a0,a6
   15498:	e95ff06f          	j	1532c <__udivdi3+0x2d4>
   1549c:	ffe30313          	addi	t1,t1,-2
   154a0:	01168733          	add	a4,a3,a7
   154a4:	d79ff06f          	j	1521c <__udivdi3+0x1c4>
   154a8:	ffe50513          	addi	a0,a0,-2
   154ac:	01068733          	add	a4,a3,a6
   154b0:	eb5ff06f          	j	15364 <__udivdi3+0x30c>
   154b4:	ffe78793          	addi	a5,a5,-2
   154b8:	011306b3          	add	a3,t1,a7
   154bc:	d29ff06f          	j	151e4 <__udivdi3+0x18c>
