
D:\Desktop\OpenClaw_Workspace\Working\SDK\demos\newlib\coremark\build_Oz\coremark.elf:     file format elf32-littleriscv


Disassembly of section .text:

00010000 <_reset_vector>:
   10000:	1000006f          	j	10100 <_start>
	...

00010080 <__vector_table>:
   10080:	0c40006f 3380006f 3340006f 1f80006f     o.@.o..3o.@3o...
   10090:	32c0006f 3280006f 3240006f 14c0006f     o..2o..2o.@2o...
   100a0:	31c0006f 3180006f 3140006f 2740006f     o..1o..1o.@1o.@'
   100b0:	30c0006f 3080006f 3040006f 3000006f     o..0o..0o.@0o..0
   100c0:	2fc0006f 2f80006f 2f40006f 2f00006f     o../o../o.@/o../
   100d0:	2ec0006f 2e80006f 2e40006f 2e00006f     o...o...o.@.o...
   100e0:	2dc0006f 2d80006f 2d40006f 2d00006f     o..-o..-o.@-o..-
   100f0:	2cc0006f 2c80006f 2c40006f 2c00006f     o..,o..,o.@,o..,

00010100 <_start>:
   10100:	00010197          	auipc	gp,0x10
   10104:	76818193          	addi	gp,gp,1896 # 20868 <__global_pointer$>
   10108:	00020117          	auipc	sp,0x20
   1010c:	ef810113          	addi	sp,sp,-264 # 30000 <__stack_top__>
   10110:	00011517          	auipc	a0,0x11
   10114:	8a850513          	addi	a0,a0,-1880 # 209b8 <errno>
   10118:	00011597          	auipc	a1,0x11
   1011c:	1e458593          	addi	a1,a1,484 # 212fc <__bss_end>
   10120:	00b50863          	beq	a0,a1,10130 <_start+0x30>
   10124:	00052023          	sw	zero,0(a0)
   10128:	00450513          	addi	a0,a0,4
   1012c:	feb56ce3          	bltu	a0,a1,10124 <_start+0x24>
   10130:	00000097          	auipc	ra,0x0
   10134:	2b4080e7          	jalr	692(ra) # 103e4 <_init>
   10138:	00001097          	auipc	ra,0x1
   1013c:	d5c080e7          	jalr	-676(ra) # 10e94 <main>
   10140:	0000006f          	j	10140 <_start+0x40>

00010144 <exc_entry>:
   10144:	fb010113          	addi	sp,sp,-80
   10148:	00112023          	sw	ra,0(sp)
   1014c:	00412223          	sw	tp,4(sp)
   10150:	00512423          	sw	t0,8(sp)
   10154:	00612623          	sw	t1,12(sp)
   10158:	00712823          	sw	t2,16(sp)
   1015c:	00a12a23          	sw	a0,20(sp)
   10160:	00b12c23          	sw	a1,24(sp)
   10164:	00c12e23          	sw	a2,28(sp)
   10168:	02d12023          	sw	a3,32(sp)
   1016c:	02e12223          	sw	a4,36(sp)
   10170:	02f12423          	sw	a5,40(sp)
   10174:	03012623          	sw	a6,44(sp)
   10178:	03112823          	sw	a7,48(sp)
   1017c:	03c12a23          	sw	t3,52(sp)
   10180:	03d12c23          	sw	t4,56(sp)
   10184:	03e12e23          	sw	t5,60(sp)
   10188:	05f12023          	sw	t6,64(sp)
   1018c:	34202573          	csrr	a0,mcause
   10190:	341025f3          	csrr	a1,mepc
   10194:	00000097          	auipc	ra,0x0
   10198:	3b0080e7          	jalr	944(ra) # 10544 <serr_handler>
   1019c:	00012083          	lw	ra,0(sp)
   101a0:	00412203          	lw	tp,4(sp)
   101a4:	00812283          	lw	t0,8(sp)
   101a8:	00c12303          	lw	t1,12(sp)
   101ac:	01012383          	lw	t2,16(sp)
   101b0:	01412503          	lw	a0,20(sp)
   101b4:	01812583          	lw	a1,24(sp)
   101b8:	01c12603          	lw	a2,28(sp)
   101bc:	02012683          	lw	a3,32(sp)
   101c0:	02412703          	lw	a4,36(sp)
   101c4:	02812783          	lw	a5,40(sp)
   101c8:	02c12803          	lw	a6,44(sp)
   101cc:	03012883          	lw	a7,48(sp)
   101d0:	03412e03          	lw	t3,52(sp)
   101d4:	03812e83          	lw	t4,56(sp)
   101d8:	03c12f03          	lw	t5,60(sp)
   101dc:	04012f83          	lw	t6,64(sp)
   101e0:	05010113          	addi	sp,sp,80
   101e4:	30200073          	mret

000101e8 <irq_timer_entry>:
   101e8:	fb010113          	addi	sp,sp,-80
   101ec:	00112023          	sw	ra,0(sp)
   101f0:	00412223          	sw	tp,4(sp)
   101f4:	00512423          	sw	t0,8(sp)
   101f8:	00612623          	sw	t1,12(sp)
   101fc:	00712823          	sw	t2,16(sp)
   10200:	00a12a23          	sw	a0,20(sp)
   10204:	00b12c23          	sw	a1,24(sp)
   10208:	00c12e23          	sw	a2,28(sp)
   1020c:	02d12023          	sw	a3,32(sp)
   10210:	02e12223          	sw	a4,36(sp)
   10214:	02f12423          	sw	a5,40(sp)
   10218:	03012623          	sw	a6,44(sp)
   1021c:	03112823          	sw	a7,48(sp)
   10220:	03c12a23          	sw	t3,52(sp)
   10224:	03d12c23          	sw	t4,56(sp)
   10228:	03e12e23          	sw	t5,60(sp)
   1022c:	05f12023          	sw	t6,64(sp)
   10230:	00000097          	auipc	ra,0x0
   10234:	30c080e7          	jalr	780(ra) # 1053c <tmr_irq_handler>
   10238:	00012083          	lw	ra,0(sp)
   1023c:	00412203          	lw	tp,4(sp)
   10240:	00812283          	lw	t0,8(sp)
   10244:	00c12303          	lw	t1,12(sp)
   10248:	01012383          	lw	t2,16(sp)
   1024c:	01412503          	lw	a0,20(sp)
   10250:	01812583          	lw	a1,24(sp)
   10254:	01c12603          	lw	a2,28(sp)
   10258:	02012683          	lw	a3,32(sp)
   1025c:	02412703          	lw	a4,36(sp)
   10260:	02812783          	lw	a5,40(sp)
   10264:	02c12803          	lw	a6,44(sp)
   10268:	03012883          	lw	a7,48(sp)
   1026c:	03412e03          	lw	t3,52(sp)
   10270:	03812e83          	lw	t4,56(sp)
   10274:	03c12f03          	lw	t5,60(sp)
   10278:	04012f83          	lw	t6,64(sp)
   1027c:	05010113          	addi	sp,sp,80
   10280:	30200073          	mret

00010284 <irq_software_entry>:
   10284:	fb010113          	addi	sp,sp,-80
   10288:	00112023          	sw	ra,0(sp)
   1028c:	00412223          	sw	tp,4(sp)
   10290:	00512423          	sw	t0,8(sp)
   10294:	00612623          	sw	t1,12(sp)
   10298:	00712823          	sw	t2,16(sp)
   1029c:	00a12a23          	sw	a0,20(sp)
   102a0:	00b12c23          	sw	a1,24(sp)
   102a4:	00c12e23          	sw	a2,28(sp)
   102a8:	02d12023          	sw	a3,32(sp)
   102ac:	02e12223          	sw	a4,36(sp)
   102b0:	02f12423          	sw	a5,40(sp)
   102b4:	03012623          	sw	a6,44(sp)
   102b8:	03112823          	sw	a7,48(sp)
   102bc:	03c12a23          	sw	t3,52(sp)
   102c0:	03d12c23          	sw	t4,56(sp)
   102c4:	03e12e23          	sw	t5,60(sp)
   102c8:	05f12023          	sw	t6,64(sp)
   102cc:	00000097          	auipc	ra,0x0
   102d0:	26c080e7          	jalr	620(ra) # 10538 <sw_irq_handler>
   102d4:	00012083          	lw	ra,0(sp)
   102d8:	00412203          	lw	tp,4(sp)
   102dc:	00812283          	lw	t0,8(sp)
   102e0:	00c12303          	lw	t1,12(sp)
   102e4:	01012383          	lw	t2,16(sp)
   102e8:	01412503          	lw	a0,20(sp)
   102ec:	01812583          	lw	a1,24(sp)
   102f0:	01c12603          	lw	a2,28(sp)
   102f4:	02012683          	lw	a3,32(sp)
   102f8:	02412703          	lw	a4,36(sp)
   102fc:	02812783          	lw	a5,40(sp)
   10300:	02c12803          	lw	a6,44(sp)
   10304:	03012883          	lw	a7,48(sp)
   10308:	03412e03          	lw	t3,52(sp)
   1030c:	03812e83          	lw	t4,56(sp)
   10310:	03c12f03          	lw	t5,60(sp)
   10314:	04012f83          	lw	t6,64(sp)
   10318:	05010113          	addi	sp,sp,80
   1031c:	30200073          	mret

00010320 <irq_external_entry>:
   10320:	fb010113          	addi	sp,sp,-80
   10324:	00112023          	sw	ra,0(sp)
   10328:	00412223          	sw	tp,4(sp)
   1032c:	00512423          	sw	t0,8(sp)
   10330:	00612623          	sw	t1,12(sp)
   10334:	00712823          	sw	t2,16(sp)
   10338:	00a12a23          	sw	a0,20(sp)
   1033c:	00b12c23          	sw	a1,24(sp)
   10340:	00c12e23          	sw	a2,28(sp)
   10344:	02d12023          	sw	a3,32(sp)
   10348:	02e12223          	sw	a4,36(sp)
   1034c:	02f12423          	sw	a5,40(sp)
   10350:	03012623          	sw	a6,44(sp)
   10354:	03112823          	sw	a7,48(sp)
   10358:	03c12a23          	sw	t3,52(sp)
   1035c:	03d12c23          	sw	t4,56(sp)
   10360:	03e12e23          	sw	t5,60(sp)
   10364:	05f12023          	sw	t6,64(sp)
   10368:	00000097          	auipc	ra,0x0
   1036c:	1d8080e7          	jalr	472(ra) # 10540 <ext_irq_handler>
   10370:	00012083          	lw	ra,0(sp)
   10374:	00412203          	lw	tp,4(sp)
   10378:	00812283          	lw	t0,8(sp)
   1037c:	00c12303          	lw	t1,12(sp)
   10380:	01012383          	lw	t2,16(sp)
   10384:	01412503          	lw	a0,20(sp)
   10388:	01812583          	lw	a1,24(sp)
   1038c:	01c12603          	lw	a2,28(sp)
   10390:	02012683          	lw	a3,32(sp)
   10394:	02412703          	lw	a4,36(sp)
   10398:	02812783          	lw	a5,40(sp)
   1039c:	02c12803          	lw	a6,44(sp)
   103a0:	03012883          	lw	a7,48(sp)
   103a4:	03412e03          	lw	t3,52(sp)
   103a8:	03812e83          	lw	t4,56(sp)
   103ac:	03c12f03          	lw	t5,60(sp)
   103b0:	04012f83          	lw	t6,64(sp)
   103b4:	05010113          	addi	sp,sp,80
   103b8:	30200073          	mret

000103bc <irq_unhandled>:
   103bc:	10500073          	wfi
   103c0:	ffdff06f          	j	103bc <irq_unhandled>

000103c4 <memset>:
   103c4:	00050313          	mv	t1,a0
   103c8:	00060a63          	beqz	a2,103dc <memset+0x18>
   103cc:	00b30023          	sb	a1,0(t1)
   103d0:	fff60613          	addi	a2,a2,-1
   103d4:	00130313          	addi	t1,t1,1
   103d8:	fe061ae3          	bnez	a2,103cc <memset+0x8>
   103dc:	00008067          	ret

000103e0 <board_init>:
   103e0:	00008067          	ret

000103e4 <_init>:
   103e4:	ff010113          	addi	sp,sp,-16
   103e8:	00112623          	sw	ra,12(sp)
   103ec:	00812423          	sw	s0,8(sp)
   103f0:	00912223          	sw	s1,4(sp)
   103f4:	3060d073          	csrwi	mcounteren,1
   103f8:	04c4b437          	lui	s0,0x4c4b
   103fc:	0001c537          	lui	a0,0x1c
   10400:	000214b7          	lui	s1,0x21
   10404:	40040413          	addi	s0,s0,1024 # 4c4b400 <__stack_top__+0x4c1b400>
   10408:	20050513          	addi	a0,a0,512 # 1c200 <_etext+0x7e24>
   1040c:	9c84a823          	sw	s0,-1584(s1) # 209d0 <g_cpu_freq_hz>
   10410:	00000097          	auipc	ra,0x0
   10414:	060080e7          	jalr	96(ra) # 10470 <uart_init>
   10418:	00000517          	auipc	a0,0x0
   1041c:	c6850513          	addi	a0,a0,-920 # 10080 <__vector_table>
   10420:	00156513          	ori	a0,a0,1
   10424:	30551073          	csrw	mtvec,a0
   10428:	00000097          	auipc	ra,0x0
   1042c:	fb8080e7          	jalr	-72(ra) # 103e0 <board_init>
   10430:	3fd00513          	li	a0,1021
   10434:	30652073          	csrs	mcounteren,a0
   10438:	9c84a823          	sw	s0,-1584(s1)
   1043c:	00c12083          	lw	ra,12(sp)
   10440:	00812403          	lw	s0,8(sp)
   10444:	00412483          	lw	s1,4(sp)
   10448:	01010113          	addi	sp,sp,16
   1044c:	00008067          	ret

00010450 <uart_putc>:
   10450:	e0010737          	lui	a4,0xe0010
   10454:	01470713          	addi	a4,a4,20 # e0010014 <__stack_top__+0xdffe0014>
   10458:	00072783          	lw	a5,0(a4)
   1045c:	0207f793          	andi	a5,a5,32
   10460:	fe078ce3          	beqz	a5,10458 <uart_putc+0x8>
   10464:	e00107b7          	lui	a5,0xe0010
   10468:	00a7a023          	sw	a0,0(a5) # e0010000 <__stack_top__+0xdffe0000>
   1046c:	00008067          	ret

00010470 <uart_init>:
   10470:	ff010113          	addi	sp,sp,-16
   10474:	00812423          	sw	s0,8(sp)
   10478:	04c4b637          	lui	a2,0x4c4b
   1047c:	00451413          	slli	s0,a0,0x4
   10480:	02626537          	lui	a0,0x2626
   10484:	00040593          	mv	a1,s0
   10488:	40060613          	addi	a2,a2,1024 # 4c4b400 <__stack_top__+0x4c1b400>
   1048c:	00000693          	li	a3,0
   10490:	a0050513          	addi	a0,a0,-1536 # 2625a00 <__stack_top__+0x25f5a00>
   10494:	00112623          	sw	ra,12(sp)
   10498:	00004097          	auipc	ra,0x4
   1049c:	adc080e7          	jalr	-1316(ra) # 13f74 <__udivdi3>
   104a0:	04c4b5b7          	lui	a1,0x4c4b
   104a4:	40058593          	addi	a1,a1,1024 # 4c4b400 <__stack_top__+0x4c1b400>
   104a8:	0285d5b3          	divu	a1,a1,s0
   104ac:	e00107b7          	lui	a5,0xe0010
   104b0:	02a7a223          	sw	a0,36(a5) # e0010024 <__stack_top__+0xdffe0024>
   104b4:	08000713          	li	a4,128
   104b8:	00e7a623          	sw	a4,12(a5)
   104bc:	00c12083          	lw	ra,12(sp)
   104c0:	00812403          	lw	s0,8(sp)
   104c4:	00300713          	li	a4,3
   104c8:	0ff5f593          	zext.b	a1,a1
   104cc:	00b7a023          	sw	a1,0(a5)
   104d0:	0007a223          	sw	zero,4(a5)
   104d4:	00e7a623          	sw	a4,12(a5)
   104d8:	01010113          	addi	sp,sp,16
   104dc:	00008067          	ret

000104e0 <uart_puts>:
   104e0:	ff010113          	addi	sp,sp,-16
   104e4:	00812423          	sw	s0,8(sp)
   104e8:	00912223          	sw	s1,4(sp)
   104ec:	00112623          	sw	ra,12(sp)
   104f0:	00050413          	mv	s0,a0
   104f4:	00a00493          	li	s1,10
   104f8:	00044783          	lbu	a5,0(s0)
   104fc:	00079c63          	bnez	a5,10514 <uart_puts+0x34>
   10500:	00c12083          	lw	ra,12(sp)
   10504:	00812403          	lw	s0,8(sp)
   10508:	00412483          	lw	s1,4(sp)
   1050c:	01010113          	addi	sp,sp,16
   10510:	00008067          	ret
   10514:	00979863          	bne	a5,s1,10524 <uart_puts+0x44>
   10518:	00d00513          	li	a0,13
   1051c:	00000097          	auipc	ra,0x0
   10520:	f34080e7          	jalr	-204(ra) # 10450 <uart_putc>
   10524:	00044503          	lbu	a0,0(s0)
   10528:	00140413          	addi	s0,s0,1
   1052c:	00000097          	auipc	ra,0x0
   10530:	f24080e7          	jalr	-220(ra) # 10450 <uart_putc>
   10534:	fc5ff06f          	j	104f8 <uart_puts+0x18>

00010538 <sw_irq_handler>:
   10538:	00008067          	ret

0001053c <tmr_irq_handler>:
   1053c:	00008067          	ret

00010540 <ext_irq_handler>:
   10540:	00008067          	ret

00010544 <serr_handler>:
   10544:	0000006f          	j	10544 <serr_handler>

00010548 <_close>:
   10548:	fff00513          	li	a0,-1
   1054c:	00008067          	ret

00010550 <_fstat>:
   10550:	000027b7          	lui	a5,0x2
   10554:	00f5a223          	sw	a5,4(a1)
   10558:	00000513          	li	a0,0
   1055c:	00008067          	ret

00010560 <_isatty>:
   10560:	00100513          	li	a0,1
   10564:	00008067          	ret

00010568 <_lseek>:
   10568:	00000513          	li	a0,0
   1056c:	00008067          	ret

00010570 <_read>:
   10570:	00000513          	li	a0,0
   10574:	00008067          	ret

00010578 <_sbrk>:
   10578:	000206b7          	lui	a3,0x20
   1057c:	00050793          	mv	a5,a0
   10580:	0006a503          	lw	a0,0(a3) # 20000 <heap_ptr>
   10584:	00021737          	lui	a4,0x21
   10588:	2fc70713          	addi	a4,a4,764 # 212fc <__bss_end>
   1058c:	00f507b3          	add	a5,a0,a5
   10590:	00e7e863          	bltu	a5,a4,105a0 <_sbrk+0x28>
   10594:	00023737          	lui	a4,0x23
   10598:	2fc70713          	addi	a4,a4,764 # 232fc <__heap_end>
   1059c:	00f77c63          	bgeu	a4,a5,105b4 <_sbrk+0x3c>
   105a0:	000217b7          	lui	a5,0x21
   105a4:	00c00713          	li	a4,12
   105a8:	9ae7ac23          	sw	a4,-1608(a5) # 209b8 <errno>
   105ac:	fff00513          	li	a0,-1
   105b0:	00008067          	ret
   105b4:	00f6a023          	sw	a5,0(a3)
   105b8:	00008067          	ret

000105bc <_write>:
   105bc:	fff50513          	addi	a0,a0,-1
   105c0:	00100793          	li	a5,1
   105c4:	02a7ec63          	bltu	a5,a0,105fc <_write+0x40>
   105c8:	e00106b7          	lui	a3,0xe0010
   105cc:	00000513          	li	a0,0
   105d0:	01468793          	addi	a5,a3,20 # e0010014 <__stack_top__+0xdffe0014>
   105d4:	00c51463          	bne	a0,a2,105dc <_write+0x20>
   105d8:	00008067          	ret
   105dc:	00a58733          	add	a4,a1,a0
   105e0:	00074803          	lbu	a6,0(a4)
   105e4:	0007a703          	lw	a4,0(a5)
   105e8:	02077713          	andi	a4,a4,32
   105ec:	fe070ce3          	beqz	a4,105e4 <_write+0x28>
   105f0:	0106a023          	sw	a6,0(a3)
   105f4:	00150513          	addi	a0,a0,1
   105f8:	fddff06f          	j	105d4 <_write+0x18>
   105fc:	fff00513          	li	a0,-1
   10600:	00008067          	ret

00010604 <print_fixed_scaled>:
   10604:	08b05c63          	blez	a1,1069c <print_fixed_scaled+0x98>
   10608:	ff010113          	addi	sp,sp,-16
   1060c:	00812423          	sw	s0,8(sp)
   10610:	00912223          	sw	s1,4(sp)
   10614:	00112623          	sw	ra,12(sp)
   10618:	01212023          	sw	s2,0(sp)
   1061c:	00050413          	mv	s0,a0
   10620:	00058493          	mv	s1,a1
   10624:	00055a63          	bgez	a0,10638 <print_fixed_scaled+0x34>
   10628:	02d00513          	li	a0,45
   1062c:	00002097          	auipc	ra,0x2
   10630:	c54080e7          	jalr	-940(ra) # 12280 <putchar>
   10634:	40800433          	neg	s0,s0
   10638:	029445b3          	div	a1,s0,s1
   1063c:	00020537          	lui	a0,0x20
   10640:	26c50513          	addi	a0,a0,620 # 2026c <_impure_ptr+0x204>
   10644:	00002097          	auipc	ra,0x2
   10648:	be8080e7          	jalr	-1048(ra) # 1222c <iprintf>
   1064c:	02946433          	rem	s0,s0,s1
   10650:	02040a63          	beqz	s0,10684 <print_fixed_scaled+0x80>
   10654:	02e00513          	li	a0,46
   10658:	00002097          	auipc	ra,0x2
   1065c:	c28080e7          	jalr	-984(ra) # 12280 <putchar>
   10660:	00a00913          	li	s2,10
   10664:	03240433          	mul	s0,s0,s2
   10668:	02945533          	divu	a0,s0,s1
   1066c:	03257533          	remu	a0,a0,s2
   10670:	03050513          	addi	a0,a0,48
   10674:	00002097          	auipc	ra,0x2
   10678:	c0c080e7          	jalr	-1012(ra) # 12280 <putchar>
   1067c:	02947433          	remu	s0,s0,s1
   10680:	fe0412e3          	bnez	s0,10664 <print_fixed_scaled+0x60>
   10684:	00c12083          	lw	ra,12(sp)
   10688:	00812403          	lw	s0,8(sp)
   1068c:	00412483          	lw	s1,4(sp)
   10690:	00012903          	lw	s2,0(sp)
   10694:	01010113          	addi	sp,sp,16
   10698:	00008067          	ret
   1069c:	00008067          	ret

000106a0 <cmp_idx>:
   106a0:	02061a63          	bnez	a2,106d4 <cmp_idx+0x34>
   106a4:	00051783          	lh	a5,0(a0)
   106a8:	01079693          	slli	a3,a5,0x10
   106ac:	f007f713          	andi	a4,a5,-256
   106b0:	0186d793          	srli	a5,a3,0x18
   106b4:	00f767b3          	or	a5,a4,a5
   106b8:	00f51023          	sh	a5,0(a0)
   106bc:	00059783          	lh	a5,0(a1)
   106c0:	01079693          	slli	a3,a5,0x10
   106c4:	f007f713          	andi	a4,a5,-256
   106c8:	0186d793          	srli	a5,a3,0x18
   106cc:	00f767b3          	or	a5,a4,a5
   106d0:	00f59023          	sh	a5,0(a1)
   106d4:	00251503          	lh	a0,2(a0)
   106d8:	00259783          	lh	a5,2(a1)
   106dc:	40f50533          	sub	a0,a0,a5
   106e0:	00008067          	ret

000106e4 <calc_func>:
   106e4:	fe010113          	addi	sp,sp,-32
   106e8:	00912a23          	sw	s1,20(sp)
   106ec:	00051483          	lh	s1,0(a0)
   106f0:	00112e23          	sw	ra,28(sp)
   106f4:	00812c23          	sw	s0,24(sp)
   106f8:	4074d793          	srai	a5,s1,0x7
   106fc:	01212823          	sw	s2,16(sp)
   10700:	01312623          	sw	s3,12(sp)
   10704:	0017f793          	andi	a5,a5,1
   10708:	02078263          	beqz	a5,1072c <calc_func+0x48>
   1070c:	07f4f513          	andi	a0,s1,127
   10710:	01c12083          	lw	ra,28(sp)
   10714:	01812403          	lw	s0,24(sp)
   10718:	01412483          	lw	s1,20(sp)
   1071c:	01012903          	lw	s2,16(sp)
   10720:	00c12983          	lw	s3,12(sp)
   10724:	02010113          	addi	sp,sp,32
   10728:	00008067          	ret
   1072c:	4034d693          	srai	a3,s1,0x3
   10730:	01100793          	li	a5,17
   10734:	00f6f693          	andi	a3,a3,15
   10738:	02f686b3          	mul	a3,a3,a5
   1073c:	0074f613          	andi	a2,s1,7
   10740:	0385d783          	lhu	a5,56(a1)
   10744:	00058413          	mv	s0,a1
   10748:	00050993          	mv	s3,a0
   1074c:	01069713          	slli	a4,a3,0x10
   10750:	41075713          	srai	a4,a4,0x10
   10754:	02060e63          	beqz	a2,10790 <calc_func+0xac>
   10758:	00100693          	li	a3,1
   1075c:	00048913          	mv	s2,s1
   10760:	06d61463          	bne	a2,a3,107c8 <calc_func+0xe4>
   10764:	00078613          	mv	a2,a5
   10768:	00070593          	mv	a1,a4
   1076c:	02840513          	addi	a0,s0,40
   10770:	00001097          	auipc	ra,0x1
   10774:	328080e7          	jalr	808(ra) # 11a98 <core_bench_matrix>
   10778:	03c45783          	lhu	a5,60(s0)
   1077c:	01051913          	slli	s2,a0,0x10
   10780:	41095913          	srai	s2,s2,0x10
   10784:	04079263          	bnez	a5,107c8 <calc_func+0xe4>
   10788:	02a41e23          	sh	a0,60(s0)
   1078c:	03c0006f          	j	107c8 <calc_func+0xe4>
   10790:	02100613          	li	a2,33
   10794:	00d66463          	bltu	a2,a3,1079c <calc_func+0xb8>
   10798:	02200713          	li	a4,34
   1079c:	00241683          	lh	a3,2(s0)
   107a0:	00041603          	lh	a2,0(s0)
   107a4:	01442583          	lw	a1,20(s0)
   107a8:	01842503          	lw	a0,24(s0)
   107ac:	00001097          	auipc	ra,0x1
   107b0:	6c4080e7          	jalr	1732(ra) # 11e70 <core_bench_state>
   107b4:	03e45783          	lhu	a5,62(s0)
   107b8:	01051913          	slli	s2,a0,0x10
   107bc:	41095913          	srai	s2,s2,0x10
   107c0:	00079463          	bnez	a5,107c8 <calc_func+0xe4>
   107c4:	02a41f23          	sh	a0,62(s0)
   107c8:	03845583          	lhu	a1,56(s0)
   107cc:	01091513          	slli	a0,s2,0x10
   107d0:	01055513          	srli	a0,a0,0x10
   107d4:	00002097          	auipc	ra,0x2
   107d8:	9cc080e7          	jalr	-1588(ra) # 121a0 <crcu16>
   107dc:	02a41c23          	sh	a0,56(s0)
   107e0:	f004f493          	andi	s1,s1,-256
   107e4:	07f97513          	andi	a0,s2,127
   107e8:	009564b3          	or	s1,a0,s1
   107ec:	0804e493          	ori	s1,s1,128
   107f0:	00999023          	sh	s1,0(s3)
   107f4:	f1dff06f          	j	10710 <calc_func+0x2c>

000107f8 <cmp_complex>:
   107f8:	fe010113          	addi	sp,sp,-32
   107fc:	00812c23          	sw	s0,24(sp)
   10800:	00058413          	mv	s0,a1
   10804:	00060593          	mv	a1,a2
   10808:	00112e23          	sw	ra,28(sp)
   1080c:	00912a23          	sw	s1,20(sp)
   10810:	00c12623          	sw	a2,12(sp)
   10814:	00000097          	auipc	ra,0x0
   10818:	ed0080e7          	jalr	-304(ra) # 106e4 <calc_func>
   1081c:	00c12583          	lw	a1,12(sp)
   10820:	00050493          	mv	s1,a0
   10824:	00040513          	mv	a0,s0
   10828:	00000097          	auipc	ra,0x0
   1082c:	ebc080e7          	jalr	-324(ra) # 106e4 <calc_func>
   10830:	01c12083          	lw	ra,28(sp)
   10834:	01812403          	lw	s0,24(sp)
   10838:	40a48533          	sub	a0,s1,a0
   1083c:	01412483          	lw	s1,20(sp)
   10840:	02010113          	addi	sp,sp,32
   10844:	00008067          	ret

00010848 <core_list_insert_new>:
   10848:	00050813          	mv	a6,a0
   1084c:	00062503          	lw	a0,0(a2)
   10850:	00850893          	addi	a7,a0,8
   10854:	04e8f463          	bgeu	a7,a4,1089c <core_list_insert_new+0x54>
   10858:	0006a703          	lw	a4,0(a3)
   1085c:	00470313          	addi	t1,a4,4
   10860:	02f37e63          	bgeu	t1,a5,1089c <core_list_insert_new+0x54>
   10864:	01162023          	sw	a7,0(a2)
   10868:	00082783          	lw	a5,0(a6)
   1086c:	00f52023          	sw	a5,0(a0)
   10870:	00a82023          	sw	a0,0(a6)
   10874:	00e52223          	sw	a4,4(a0)
   10878:	0006a783          	lw	a5,0(a3)
   1087c:	00059703          	lh	a4,0(a1)
   10880:	00478793          	addi	a5,a5,4
   10884:	00f6a023          	sw	a5,0(a3)
   10888:	00452783          	lw	a5,4(a0)
   1088c:	00e79023          	sh	a4,0(a5)
   10890:	00259703          	lh	a4,2(a1)
   10894:	00e79123          	sh	a4,2(a5)
   10898:	00008067          	ret
   1089c:	00000513          	li	a0,0
   108a0:	00008067          	ret

000108a4 <core_list_remove>:
   108a4:	00052783          	lw	a5,0(a0)
   108a8:	00452703          	lw	a4,4(a0)
   108ac:	0047a683          	lw	a3,4(a5)
   108b0:	00d52223          	sw	a3,4(a0)
   108b4:	00e7a223          	sw	a4,4(a5)
   108b8:	0007a703          	lw	a4,0(a5)
   108bc:	00e52023          	sw	a4,0(a0)
   108c0:	0007a023          	sw	zero,0(a5)
   108c4:	00078513          	mv	a0,a5
   108c8:	00008067          	ret

000108cc <core_list_find>:
   108cc:	00259783          	lh	a5,2(a1)
   108d0:	0207d063          	bgez	a5,108f0 <core_list_find+0x24>
   108d4:	00050a63          	beqz	a0,108e8 <core_list_find+0x1c>
   108d8:	00452783          	lw	a5,4(a0)
   108dc:	00059703          	lh	a4,0(a1)
   108e0:	0007c783          	lbu	a5,0(a5)
   108e4:	02f71063          	bne	a4,a5,10904 <core_list_find+0x38>
   108e8:	00008067          	ret
   108ec:	00052503          	lw	a0,0(a0)
   108f0:	fe050ce3          	beqz	a0,108e8 <core_list_find+0x1c>
   108f4:	00452703          	lw	a4,4(a0)
   108f8:	00271703          	lh	a4,2(a4)
   108fc:	fef718e3          	bne	a4,a5,108ec <core_list_find+0x20>
   10900:	00008067          	ret
   10904:	00052503          	lw	a0,0(a0)
   10908:	fcdff06f          	j	108d4 <core_list_find+0x8>

0001090c <core_list_reverse>:
   1090c:	00050793          	mv	a5,a0
   10910:	00000513          	li	a0,0
   10914:	00079463          	bnez	a5,1091c <core_list_reverse+0x10>
   10918:	00008067          	ret
   1091c:	0007a703          	lw	a4,0(a5)
   10920:	00a7a023          	sw	a0,0(a5)
   10924:	00078513          	mv	a0,a5
   10928:	00070793          	mv	a5,a4
   1092c:	fe9ff06f          	j	10914 <core_list_reverse+0x8>

00010930 <core_list_mergesort>:
   10930:	fc010113          	addi	sp,sp,-64
   10934:	03512223          	sw	s5,36(sp)
   10938:	00100a93          	li	s5,1
   1093c:	03312623          	sw	s3,44(sp)
   10940:	01812c23          	sw	s8,24(sp)
   10944:	01912a23          	sw	s9,20(sp)
   10948:	02112e23          	sw	ra,60(sp)
   1094c:	02812c23          	sw	s0,56(sp)
   10950:	02912a23          	sw	s1,52(sp)
   10954:	03212823          	sw	s2,48(sp)
   10958:	03412423          	sw	s4,40(sp)
   1095c:	03612023          	sw	s6,32(sp)
   10960:	01712e23          	sw	s7,28(sp)
   10964:	00058c93          	mv	s9,a1
   10968:	00050993          	mv	s3,a0
   1096c:	000a8c13          	mv	s8,s5
   10970:	00098413          	mv	s0,s3
   10974:	00000b93          	li	s7,0
   10978:	00000b13          	li	s6,0
   1097c:	00000993          	li	s3,0
   10980:	02040c63          	beqz	s0,109b8 <core_list_mergesort+0x88>
   10984:	001b8b93          	addi	s7,s7,1
   10988:	00040793          	mv	a5,s0
   1098c:	00000493          	li	s1,0
   10990:	0154d863          	bge	s1,s5,109a0 <core_list_mergesort+0x70>
   10994:	0007a783          	lw	a5,0(a5)
   10998:	00148493          	addi	s1,s1,1
   1099c:	fe079ae3          	bnez	a5,10990 <core_list_mergesort+0x60>
   109a0:	00040913          	mv	s2,s0
   109a4:	000a8a13          	mv	s4,s5
   109a8:	00078413          	mv	s0,a5
   109ac:	02904863          	bgtz	s1,109dc <core_list_mergesort+0xac>
   109b0:	fd4058e3          	blez	s4,10980 <core_list_mergesort+0x50>
   109b4:	00041a63          	bnez	s0,109c8 <core_list_mergesort+0x98>
   109b8:	000b2023          	sw	zero,0(s6)
   109bc:	077c5463          	bge	s8,s7,10a24 <core_list_mergesort+0xf4>
   109c0:	001a9a93          	slli	s5,s5,0x1
   109c4:	fadff06f          	j	10970 <core_list_mergesort+0x40>
   109c8:	02049c63          	bnez	s1,10a00 <core_list_mergesort+0xd0>
   109cc:	00040793          	mv	a5,s0
   109d0:	fffa0a13          	addi	s4,s4,-1
   109d4:	00042403          	lw	s0,0(s0)
   109d8:	0180006f          	j	109f0 <core_list_mergesort+0xc0>
   109dc:	000a0463          	beqz	s4,109e4 <core_list_mergesort+0xb4>
   109e0:	02041063          	bnez	s0,10a00 <core_list_mergesort+0xd0>
   109e4:	00090793          	mv	a5,s2
   109e8:	00092903          	lw	s2,0(s2)
   109ec:	fff48493          	addi	s1,s1,-1
   109f0:	020b0663          	beqz	s6,10a1c <core_list_mergesort+0xec>
   109f4:	00fb2023          	sw	a5,0(s6)
   109f8:	00078b13          	mv	s6,a5
   109fc:	fb1ff06f          	j	109ac <core_list_mergesort+0x7c>
   10a00:	00442583          	lw	a1,4(s0)
   10a04:	00492503          	lw	a0,4(s2)
   10a08:	00c12623          	sw	a2,12(sp)
   10a0c:	000c80e7          	jalr	s9
   10a10:	00c12603          	lw	a2,12(sp)
   10a14:	faa04ce3          	bgtz	a0,109cc <core_list_mergesort+0x9c>
   10a18:	fcdff06f          	j	109e4 <core_list_mergesort+0xb4>
   10a1c:	00078993          	mv	s3,a5
   10a20:	fd9ff06f          	j	109f8 <core_list_mergesort+0xc8>
   10a24:	03c12083          	lw	ra,60(sp)
   10a28:	03812403          	lw	s0,56(sp)
   10a2c:	03412483          	lw	s1,52(sp)
   10a30:	03012903          	lw	s2,48(sp)
   10a34:	02812a03          	lw	s4,40(sp)
   10a38:	02412a83          	lw	s5,36(sp)
   10a3c:	02012b03          	lw	s6,32(sp)
   10a40:	01c12b83          	lw	s7,28(sp)
   10a44:	01812c03          	lw	s8,24(sp)
   10a48:	01412c83          	lw	s9,20(sp)
   10a4c:	00098513          	mv	a0,s3
   10a50:	02c12983          	lw	s3,44(sp)
   10a54:	04010113          	addi	sp,sp,64
   10a58:	00008067          	ret

00010a5c <core_bench_list>:
   10a5c:	fb010113          	addi	sp,sp,-80
   10a60:	04812423          	sw	s0,72(sp)
   10a64:	03812423          	sw	s8,40(sp)
   10a68:	02452403          	lw	s0,36(a0)
   10a6c:	00451c03          	lh	s8,4(a0)
   10a70:	04912223          	sw	s1,68(sp)
   10a74:	05212023          	sw	s2,64(sp)
   10a78:	03312e23          	sw	s3,60(sp)
   10a7c:	03412c23          	sw	s4,56(sp)
   10a80:	03612823          	sw	s6,48(sp)
   10a84:	03712623          	sw	s7,44(sp)
   10a88:	04112623          	sw	ra,76(sp)
   10a8c:	03512a23          	sw	s5,52(sp)
   10a90:	00050613          	mv	a2,a0
   10a94:	00058b93          	mv	s7,a1
   10a98:	00058913          	mv	s2,a1
   10a9c:	00000a13          	li	s4,0
   10aa0:	00000b13          	li	s6,0
   10aa4:	00000993          	li	s3,0
   10aa8:	00000493          	li	s1,0
   10aac:	0f8a4063          	blt	s4,s8,10b8c <core_bench_list+0x130>
   10ab0:	00299993          	slli	s3,s3,0x2
   10ab4:	416989b3          	sub	s3,s3,s6
   10ab8:	013484b3          	add	s1,s1,s3
   10abc:	01049493          	slli	s1,s1,0x10
   10ac0:	0104d493          	srli	s1,s1,0x10
   10ac4:	01705e63          	blez	s7,10ae0 <core_bench_list+0x84>
   10ac8:	000105b7          	lui	a1,0x10
   10acc:	00040513          	mv	a0,s0
   10ad0:	7f858593          	addi	a1,a1,2040 # 107f8 <cmp_complex>
   10ad4:	00000097          	auipc	ra,0x0
   10ad8:	e5c080e7          	jalr	-420(ra) # 10930 <core_list_mergesort>
   10adc:	00050413          	mv	s0,a0
   10ae0:	00042503          	lw	a0,0(s0)
   10ae4:	00000097          	auipc	ra,0x0
   10ae8:	dc0080e7          	jalr	-576(ra) # 108a4 <core_list_remove>
   10aec:	00050993          	mv	s3,a0
   10af0:	01c10593          	addi	a1,sp,28
   10af4:	00040513          	mv	a0,s0
   10af8:	01211f23          	sh	s2,30(sp)
   10afc:	00000097          	auipc	ra,0x0
   10b00:	dd0080e7          	jalr	-560(ra) # 108cc <core_list_find>
   10b04:	00050913          	mv	s2,a0
   10b08:	12051c63          	bnez	a0,10c40 <core_bench_list+0x1e4>
   10b0c:	00042903          	lw	s2,0(s0)
   10b10:	12091863          	bnez	s2,10c40 <core_bench_list+0x1e4>
   10b14:	00042783          	lw	a5,0(s0)
   10b18:	0049a703          	lw	a4,4(s3)
   10b1c:	000105b7          	lui	a1,0x10
   10b20:	0047a683          	lw	a3,4(a5)
   10b24:	00040513          	mv	a0,s0
   10b28:	00000613          	li	a2,0
   10b2c:	00d9a223          	sw	a3,4(s3)
   10b30:	00e7a223          	sw	a4,4(a5)
   10b34:	0007a703          	lw	a4,0(a5)
   10b38:	6a058593          	addi	a1,a1,1696 # 106a0 <cmp_idx>
   10b3c:	00e9a023          	sw	a4,0(s3)
   10b40:	0137a023          	sw	s3,0(a5)
   10b44:	00000097          	auipc	ra,0x0
   10b48:	dec080e7          	jalr	-532(ra) # 10930 <core_list_mergesort>
   10b4c:	00052403          	lw	s0,0(a0)
   10b50:	00050913          	mv	s2,a0
   10b54:	10041663          	bnez	s0,10c60 <core_bench_list+0x204>
   10b58:	04c12083          	lw	ra,76(sp)
   10b5c:	04812403          	lw	s0,72(sp)
   10b60:	04012903          	lw	s2,64(sp)
   10b64:	03c12983          	lw	s3,60(sp)
   10b68:	03812a03          	lw	s4,56(sp)
   10b6c:	03412a83          	lw	s5,52(sp)
   10b70:	03012b03          	lw	s6,48(sp)
   10b74:	02c12b83          	lw	s7,44(sp)
   10b78:	02812c03          	lw	s8,40(sp)
   10b7c:	00048513          	mv	a0,s1
   10b80:	04412483          	lw	s1,68(sp)
   10b84:	05010113          	addi	sp,sp,80
   10b88:	00008067          	ret
   10b8c:	0ffa7793          	zext.b	a5,s4
   10b90:	01c10593          	addi	a1,sp,28
   10b94:	00040513          	mv	a0,s0
   10b98:	00c12623          	sw	a2,12(sp)
   10b9c:	00f11e23          	sh	a5,28(sp)
   10ba0:	01211f23          	sh	s2,30(sp)
   10ba4:	00000097          	auipc	ra,0x0
   10ba8:	d28080e7          	jalr	-728(ra) # 108cc <core_list_find>
   10bac:	00050a93          	mv	s5,a0
   10bb0:	00040513          	mv	a0,s0
   10bb4:	00000097          	auipc	ra,0x0
   10bb8:	d58080e7          	jalr	-680(ra) # 1090c <core_list_reverse>
   10bbc:	00c12603          	lw	a2,12(sp)
   10bc0:	00050413          	mv	s0,a0
   10bc4:	020a9e63          	bnez	s5,10c00 <core_bench_list+0x1a4>
   10bc8:	00052783          	lw	a5,0(a0)
   10bcc:	001b0b13          	addi	s6,s6,1
   10bd0:	0047a783          	lw	a5,4(a5)
   10bd4:	00178783          	lb	a5,1(a5)
   10bd8:	0017f793          	andi	a5,a5,1
   10bdc:	00f484b3          	add	s1,s1,a5
   10be0:	00094863          	bltz	s2,10bf0 <core_bench_list+0x194>
   10be4:	00190913          	addi	s2,s2,1
   10be8:	01091913          	slli	s2,s2,0x10
   10bec:	41095913          	srai	s2,s2,0x10
   10bf0:	001a0a13          	addi	s4,s4,1
   10bf4:	010a1a13          	slli	s4,s4,0x10
   10bf8:	410a5a13          	srai	s4,s4,0x10
   10bfc:	eb1ff06f          	j	10aac <core_bench_list+0x50>
   10c00:	004aa783          	lw	a5,4(s5)
   10c04:	00198993          	addi	s3,s3,1
   10c08:	00079783          	lh	a5,0(a5)
   10c0c:	0017f713          	andi	a4,a5,1
   10c10:	00070863          	beqz	a4,10c20 <core_bench_list+0x1c4>
   10c14:	4097d793          	srai	a5,a5,0x9
   10c18:	0017f793          	andi	a5,a5,1
   10c1c:	00f484b3          	add	s1,s1,a5
   10c20:	000aa783          	lw	a5,0(s5)
   10c24:	fa078ee3          	beqz	a5,10be0 <core_bench_list+0x184>
   10c28:	0007a703          	lw	a4,0(a5)
   10c2c:	00eaa023          	sw	a4,0(s5)
   10c30:	00042703          	lw	a4,0(s0)
   10c34:	00e7a023          	sw	a4,0(a5)
   10c38:	00f42023          	sw	a5,0(s0)
   10c3c:	fa5ff06f          	j	10be0 <core_bench_list+0x184>
   10c40:	00442783          	lw	a5,4(s0)
   10c44:	00048593          	mv	a1,s1
   10c48:	00079503          	lh	a0,0(a5)
   10c4c:	00001097          	auipc	ra,0x1
   10c50:	5c8080e7          	jalr	1480(ra) # 12214 <crc16>
   10c54:	00050493          	mv	s1,a0
   10c58:	00092903          	lw	s2,0(s2)
   10c5c:	eb5ff06f          	j	10b10 <core_bench_list+0xb4>
   10c60:	00492783          	lw	a5,4(s2)
   10c64:	00048593          	mv	a1,s1
   10c68:	00079503          	lh	a0,0(a5)
   10c6c:	00001097          	auipc	ra,0x1
   10c70:	5a8080e7          	jalr	1448(ra) # 12214 <crc16>
   10c74:	00050493          	mv	s1,a0
   10c78:	00042403          	lw	s0,0(s0)
   10c7c:	ed9ff06f          	j	10b54 <core_bench_list+0xf8>

00010c80 <core_list_init>:
   10c80:	01400793          	li	a5,20
   10c84:	02f55533          	divu	a0,a0,a5
   10c88:	fc010113          	addi	sp,sp,-64
   10c8c:	02812c23          	sw	s0,56(sp)
   10c90:	02912a23          	sw	s1,52(sp)
   10c94:	03212823          	sw	s2,48(sp)
   10c98:	03312623          	sw	s3,44(sp)
   10c9c:	03412423          	sw	s4,40(sp)
   10ca0:	03512223          	sw	s5,36(sp)
   10ca4:	03612023          	sw	s6,32(sp)
   10ca8:	02112e23          	sw	ra,60(sp)
   10cac:	0005a023          	sw	zero,0(a1)
   10cb0:	00058993          	mv	s3,a1
   10cb4:	00060913          	mv	s2,a2
   10cb8:	01810693          	addi	a3,sp,24
   10cbc:	00c10613          	addi	a2,sp,12
   10cc0:	00000a13          	li	s4,0
   10cc4:	10100a93          	li	s5,257
   10cc8:	ffe50413          	addi	s0,a0,-2
   10ccc:	00341493          	slli	s1,s0,0x3
   10cd0:	009584b3          	add	s1,a1,s1
   10cd4:	00241793          	slli	a5,s0,0x2
   10cd8:	00f48b33          	add	s6,s1,a5
   10cdc:	ffff87b7          	lui	a5,0xffff8
   10ce0:	0095a223          	sw	s1,4(a1)
   10ce4:	08078793          	addi	a5,a5,128 # ffff8080 <__stack_top__+0xfffc8080>
   10ce8:	00f49023          	sh	a5,0(s1)
   10cec:	00858793          	addi	a5,a1,8
   10cf0:	00f12623          	sw	a5,12(sp)
   10cf4:	00448793          	addi	a5,s1,4
   10cf8:	00f12c23          	sw	a5,24(sp)
   10cfc:	800007b7          	lui	a5,0x80000
   10d00:	fff78793          	addi	a5,a5,-1 # 7fffffff <__stack_top__+0x7ffcffff>
   10d04:	00f12e23          	sw	a5,28(sp)
   10d08:	00049123          	sh	zero,2(s1)
   10d0c:	000b0793          	mv	a5,s6
   10d10:	00048713          	mv	a4,s1
   10d14:	01c10593          	addi	a1,sp,28
   10d18:	00098513          	mv	a0,s3
   10d1c:	00000097          	auipc	ra,0x0
   10d20:	b2c080e7          	jalr	-1236(ra) # 10848 <core_list_insert_new>
   10d24:	068a6063          	bltu	s4,s0,10d84 <core_list_init+0x104>
   10d28:	0009a783          	lw	a5,0(s3)
   10d2c:	00500713          	li	a4,5
   10d30:	000046b7          	lui	a3,0x4
   10d34:	02e45433          	divu	s0,s0,a4
   10d38:	fff68693          	addi	a3,a3,-1 # 3fff <__HEAP_SIZE+0x1fff>
   10d3c:	00100713          	li	a4,1
   10d40:	0007a603          	lw	a2,0(a5)
   10d44:	08061263          	bnez	a2,10dc8 <core_list_init+0x148>
   10d48:	000105b7          	lui	a1,0x10
   10d4c:	00098513          	mv	a0,s3
   10d50:	6a058593          	addi	a1,a1,1696 # 106a0 <cmp_idx>
   10d54:	00000097          	auipc	ra,0x0
   10d58:	bdc080e7          	jalr	-1060(ra) # 10930 <core_list_mergesort>
   10d5c:	03c12083          	lw	ra,60(sp)
   10d60:	03812403          	lw	s0,56(sp)
   10d64:	03412483          	lw	s1,52(sp)
   10d68:	03012903          	lw	s2,48(sp)
   10d6c:	02c12983          	lw	s3,44(sp)
   10d70:	02812a03          	lw	s4,40(sp)
   10d74:	02412a83          	lw	s5,36(sp)
   10d78:	02012b03          	lw	s6,32(sp)
   10d7c:	04010113          	addi	sp,sp,64
   10d80:	00008067          	ret
   10d84:	012a4733          	xor	a4,s4,s2
   10d88:	00371713          	slli	a4,a4,0x3
   10d8c:	007a7793          	andi	a5,s4,7
   10d90:	07877713          	andi	a4,a4,120
   10d94:	00f76733          	or	a4,a4,a5
   10d98:	03570733          	mul	a4,a4,s5
   10d9c:	000b0793          	mv	a5,s6
   10da0:	01810693          	addi	a3,sp,24
   10da4:	00c10613          	addi	a2,sp,12
   10da8:	01c10593          	addi	a1,sp,28
   10dac:	00098513          	mv	a0,s3
   10db0:	001a0a13          	addi	s4,s4,1
   10db4:	00e11e23          	sh	a4,28(sp)
   10db8:	00048713          	mv	a4,s1
   10dbc:	00000097          	auipc	ra,0x0
   10dc0:	a8c080e7          	jalr	-1396(ra) # 10848 <core_list_insert_new>
   10dc4:	f61ff06f          	j	10d24 <core_list_init+0xa4>
   10dc8:	0047a583          	lw	a1,4(a5)
   10dcc:	00070793          	mv	a5,a4
   10dd0:	00876e63          	bltu	a4,s0,10dec <core_list_init+0x16c>
   10dd4:	00170793          	addi	a5,a4,1
   10dd8:	00879793          	slli	a5,a5,0x8
   10ddc:	7007f793          	andi	a5,a5,1792
   10de0:	01274533          	xor	a0,a4,s2
   10de4:	00a7e7b3          	or	a5,a5,a0
   10de8:	00d7f7b3          	and	a5,a5,a3
   10dec:	00f59123          	sh	a5,2(a1)
   10df0:	00170713          	addi	a4,a4,1
   10df4:	00060793          	mv	a5,a2
   10df8:	f49ff06f          	j	10d40 <core_list_init+0xc0>

00010dfc <iterate>:
   10dfc:	ff010113          	addi	sp,sp,-16
   10e00:	01212023          	sw	s2,0(sp)
   10e04:	01c52903          	lw	s2,28(a0)
   10e08:	00812423          	sw	s0,8(sp)
   10e0c:	00912223          	sw	s1,4(sp)
   10e10:	00112623          	sw	ra,12(sp)
   10e14:	00050413          	mv	s0,a0
   10e18:	02052c23          	sw	zero,56(a0)
   10e1c:	02052e23          	sw	zero,60(a0)
   10e20:	00000493          	li	s1,0
   10e24:	03249063          	bne	s1,s2,10e44 <iterate+0x48>
   10e28:	00c12083          	lw	ra,12(sp)
   10e2c:	00812403          	lw	s0,8(sp)
   10e30:	00412483          	lw	s1,4(sp)
   10e34:	00012903          	lw	s2,0(sp)
   10e38:	00000513          	li	a0,0
   10e3c:	01010113          	addi	sp,sp,16
   10e40:	00008067          	ret
   10e44:	00100593          	li	a1,1
   10e48:	00040513          	mv	a0,s0
   10e4c:	00000097          	auipc	ra,0x0
   10e50:	c10080e7          	jalr	-1008(ra) # 10a5c <core_bench_list>
   10e54:	03845583          	lhu	a1,56(s0)
   10e58:	00001097          	auipc	ra,0x1
   10e5c:	348080e7          	jalr	840(ra) # 121a0 <crcu16>
   10e60:	02a41c23          	sh	a0,56(s0)
   10e64:	fff00593          	li	a1,-1
   10e68:	00040513          	mv	a0,s0
   10e6c:	00000097          	auipc	ra,0x0
   10e70:	bf0080e7          	jalr	-1040(ra) # 10a5c <core_bench_list>
   10e74:	03845583          	lhu	a1,56(s0)
   10e78:	00001097          	auipc	ra,0x1
   10e7c:	328080e7          	jalr	808(ra) # 121a0 <crcu16>
   10e80:	02a41c23          	sh	a0,56(s0)
   10e84:	00049463          	bnez	s1,10e8c <iterate+0x90>
   10e88:	02a41d23          	sh	a0,58(s0)
   10e8c:	00148493          	addi	s1,s1,1
   10e90:	f95ff06f          	j	10e24 <iterate+0x28>

00010e94 <main>:
   10e94:	f9010113          	addi	sp,sp,-112
   10e98:	00410613          	addi	a2,sp,4
   10e9c:	00010593          	mv	a1,sp
   10ea0:	04c10513          	addi	a0,sp,76
   10ea4:	06112623          	sw	ra,108(sp)
   10ea8:	06812423          	sw	s0,104(sp)
   10eac:	06912223          	sw	s1,100(sp)
   10eb0:	07212023          	sw	s2,96(sp)
   10eb4:	05312e23          	sw	s3,92(sp)
   10eb8:	00012023          	sw	zero,0(sp)
   10ebc:	00001097          	auipc	ra,0x1
   10ec0:	cb4080e7          	jalr	-844(ra) # 11b70 <portable_init>
   10ec4:	00100513          	li	a0,1
   10ec8:	00001097          	auipc	ra,0x1
   10ecc:	144080e7          	jalr	324(ra) # 1200c <get_seed_32>
   10ed0:	00a11423          	sh	a0,8(sp)
   10ed4:	00200513          	li	a0,2
   10ed8:	00001097          	auipc	ra,0x1
   10edc:	134080e7          	jalr	308(ra) # 1200c <get_seed_32>
   10ee0:	00a11523          	sh	a0,10(sp)
   10ee4:	00300513          	li	a0,3
   10ee8:	00001097          	auipc	ra,0x1
   10eec:	124080e7          	jalr	292(ra) # 1200c <get_seed_32>
   10ef0:	00a11623          	sh	a0,12(sp)
   10ef4:	00400513          	li	a0,4
   10ef8:	00001097          	auipc	ra,0x1
   10efc:	114080e7          	jalr	276(ra) # 1200c <get_seed_32>
   10f00:	02a12223          	sw	a0,36(sp)
   10f04:	00500513          	li	a0,5
   10f08:	00001097          	auipc	ra,0x1
   10f0c:	104080e7          	jalr	260(ra) # 1200c <get_seed_32>
   10f10:	00051463          	bnez	a0,10f18 <main+0x84>
   10f14:	00700513          	li	a0,7
   10f18:	00812783          	lw	a5,8(sp)
   10f1c:	02a12423          	sw	a0,40(sp)
   10f20:	4e079263          	bnez	a5,11404 <main+0x570>
   10f24:	00c11783          	lh	a5,12(sp)
   10f28:	00079663          	bnez	a5,10f34 <main+0xa0>
   10f2c:	06600793          	li	a5,102
   10f30:	00f11623          	sh	a5,12(sp)
   10f34:	000215b7          	lui	a1,0x21
   10f38:	00257713          	andi	a4,a0,2
   10f3c:	00e03733          	snez	a4,a4
   10f40:	9d458593          	addi	a1,a1,-1580 # 209d4 <static_memblk>
   10f44:	00157793          	andi	a5,a0,1
   10f48:	00e787b3          	add	a5,a5,a4
   10f4c:	00b12823          	sw	a1,16(sp)
   10f50:	04011423          	sh	zero,72(sp)
   10f54:	00457713          	andi	a4,a0,4
   10f58:	00070863          	beqz	a4,10f68 <main+0xd4>
   10f5c:	00178793          	addi	a5,a5,1
   10f60:	01079793          	slli	a5,a5,0x10
   10f64:	0107d793          	srli	a5,a5,0x10
   10f68:	7d000613          	li	a2,2000
   10f6c:	02f65633          	divu	a2,a2,a5
   10f70:	00810693          	addi	a3,sp,8
   10f74:	00000713          	li	a4,0
   10f78:	00000793          	li	a5,0
   10f7c:	00100313          	li	t1,1
   10f80:	00300893          	li	a7,3
   10f84:	02c12023          	sw	a2,32(sp)
   10f88:	00e31833          	sll	a6,t1,a4
   10f8c:	00a87833          	and	a6,a6,a0
   10f90:	00080e63          	beqz	a6,10fac <main+0x118>
   10f94:	02c78833          	mul	a6,a5,a2
   10f98:	00178793          	addi	a5,a5,1
   10f9c:	01079793          	slli	a5,a5,0x10
   10fa0:	0107d793          	srli	a5,a5,0x10
   10fa4:	01058833          	add	a6,a1,a6
   10fa8:	0106a623          	sw	a6,12(a3)
   10fac:	00170713          	addi	a4,a4,1
   10fb0:	00468693          	addi	a3,a3,4
   10fb4:	fd171ae3          	bne	a4,a7,10f88 <main+0xf4>
   10fb8:	02812783          	lw	a5,40(sp)
   10fbc:	0017f793          	andi	a5,a5,1
   10fc0:	00078e63          	beqz	a5,10fdc <main+0x148>
   10fc4:	00811603          	lh	a2,8(sp)
   10fc8:	01412583          	lw	a1,20(sp)
   10fcc:	02012503          	lw	a0,32(sp)
   10fd0:	00000097          	auipc	ra,0x0
   10fd4:	cb0080e7          	jalr	-848(ra) # 10c80 <core_list_init>
   10fd8:	02a12623          	sw	a0,44(sp)
   10fdc:	02812783          	lw	a5,40(sp)
   10fe0:	0027f793          	andi	a5,a5,2
   10fe4:	02078463          	beqz	a5,1100c <main+0x178>
   10fe8:	00a11783          	lh	a5,10(sp)
   10fec:	00811603          	lh	a2,8(sp)
   10ff0:	01812583          	lw	a1,24(sp)
   10ff4:	02012503          	lw	a0,32(sp)
   10ff8:	01079793          	slli	a5,a5,0x10
   10ffc:	03010693          	addi	a3,sp,48
   11000:	00c7e633          	or	a2,a5,a2
   11004:	00000097          	auipc	ra,0x0
   11008:	5d0080e7          	jalr	1488(ra) # 115d4 <core_init_matrix>
   1100c:	02812783          	lw	a5,40(sp)
   11010:	0047f793          	andi	a5,a5,4
   11014:	00078c63          	beqz	a5,1102c <main+0x198>
   11018:	01c12603          	lw	a2,28(sp)
   1101c:	00811583          	lh	a1,8(sp)
   11020:	02012503          	lw	a0,32(sp)
   11024:	00001097          	auipc	ra,0x1
   11028:	b5c080e7          	jalr	-1188(ra) # 11b80 <core_init_state>
   1102c:	02412783          	lw	a5,36(sp)
   11030:	06079063          	bnez	a5,11090 <main+0x1fc>
   11034:	00100793          	li	a5,1
   11038:	02f12223          	sw	a5,36(sp)
   1103c:	00a00413          	li	s0,10
   11040:	02412783          	lw	a5,36(sp)
   11044:	028787b3          	mul	a5,a5,s0
   11048:	02f12223          	sw	a5,36(sp)
   1104c:	00001097          	auipc	ra,0x1
   11050:	a90080e7          	jalr	-1392(ra) # 11adc <start_time>
   11054:	00810513          	addi	a0,sp,8
   11058:	00000097          	auipc	ra,0x0
   1105c:	da4080e7          	jalr	-604(ra) # 10dfc <iterate>
   11060:	00001097          	auipc	ra,0x1
   11064:	a9c080e7          	jalr	-1380(ra) # 11afc <stop_time>
   11068:	00001097          	auipc	ra,0x1
   1106c:	ab4080e7          	jalr	-1356(ra) # 11b1c <get_time>
   11070:	00001097          	auipc	ra,0x1
   11074:	ad8080e7          	jalr	-1320(ra) # 11b48 <time_in_secs>
   11078:	fc0504e3          	beqz	a0,11040 <main+0x1ac>
   1107c:	02a45433          	divu	s0,s0,a0
   11080:	02412783          	lw	a5,36(sp)
   11084:	00140413          	addi	s0,s0,1
   11088:	028787b3          	mul	a5,a5,s0
   1108c:	02f12223          	sw	a5,36(sp)
   11090:	00001097          	auipc	ra,0x1
   11094:	a4c080e7          	jalr	-1460(ra) # 11adc <start_time>
   11098:	00810513          	addi	a0,sp,8
   1109c:	00000097          	auipc	ra,0x0
   110a0:	d60080e7          	jalr	-672(ra) # 10dfc <iterate>
   110a4:	00001097          	auipc	ra,0x1
   110a8:	a58080e7          	jalr	-1448(ra) # 11afc <stop_time>
   110ac:	00001097          	auipc	ra,0x1
   110b0:	a70080e7          	jalr	-1424(ra) # 11b1c <get_time>
   110b4:	00050913          	mv	s2,a0
   110b8:	00811503          	lh	a0,8(sp)
   110bc:	00058993          	mv	s3,a1
   110c0:	00000593          	li	a1,0
   110c4:	00001097          	auipc	ra,0x1
   110c8:	150080e7          	jalr	336(ra) # 12214 <crc16>
   110cc:	00050593          	mv	a1,a0
   110d0:	00a11503          	lh	a0,10(sp)
   110d4:	00001097          	auipc	ra,0x1
   110d8:	140080e7          	jalr	320(ra) # 12214 <crc16>
   110dc:	00050593          	mv	a1,a0
   110e0:	00c11503          	lh	a0,12(sp)
   110e4:	00001097          	auipc	ra,0x1
   110e8:	130080e7          	jalr	304(ra) # 12214 <crc16>
   110ec:	00050593          	mv	a1,a0
   110f0:	02011503          	lh	a0,32(sp)
   110f4:	00001097          	auipc	ra,0x1
   110f8:	120080e7          	jalr	288(ra) # 12214 <crc16>
   110fc:	000087b7          	lui	a5,0x8
   11100:	b0578793          	addi	a5,a5,-1275 # 7b05 <__HEAP_SIZE+0x5b05>
   11104:	00050493          	mv	s1,a0
   11108:	44f50263          	beq	a0,a5,1154c <main+0x6b8>
   1110c:	30a7ec63          	bltu	a5,a0,11424 <main+0x590>
   11110:	000027b7          	lui	a5,0x2
   11114:	8f278793          	addi	a5,a5,-1806 # 18f2 <__STACK_SIZE+0x8f2>
   11118:	46f50263          	beq	a0,a5,1157c <main+0x6e8>
   1111c:	000057b7          	lui	a5,0x5
   11120:	eaf78793          	addi	a5,a5,-337 # 4eaf <__HEAP_SIZE+0x2eaf>
   11124:	44f50063          	beq	a0,a5,11564 <main+0x6d0>
   11128:	fff00413          	li	s0,-1
   1112c:	00001097          	auipc	ra,0x1
   11130:	0f8080e7          	jalr	248(ra) # 12224 <check_data_types>
   11134:	02012583          	lw	a1,32(sp)
   11138:	00850433          	add	s0,a0,s0
   1113c:	00020537          	lui	a0,0x20
   11140:	3e850513          	addi	a0,a0,1000 # 203e8 <_impure_ptr+0x380>
   11144:	00001097          	auipc	ra,0x1
   11148:	0e8080e7          	jalr	232(ra) # 1222c <iprintf>
   1114c:	00020537          	lui	a0,0x20
   11150:	00090593          	mv	a1,s2
   11154:	40050513          	addi	a0,a0,1024 # 20400 <_impure_ptr+0x398>
   11158:	00001097          	auipc	ra,0x1
   1115c:	0d4080e7          	jalr	212(ra) # 1222c <iprintf>
   11160:	000f4537          	lui	a0,0xf4
   11164:	24050513          	addi	a0,a0,576 # f4240 <__stack_top__+0xc4240>
   11168:	02a985b3          	mul	a1,s3,a0
   1116c:	04c4b637          	lui	a2,0x4c4b
   11170:	40060613          	addi	a2,a2,1024 # 4c4b400 <__stack_top__+0x4c1b400>
   11174:	00000693          	li	a3,0
   11178:	01041413          	slli	s0,s0,0x10
   1117c:	41045413          	srai	s0,s0,0x10
   11180:	02a937b3          	mulhu	a5,s2,a0
   11184:	02a90533          	mul	a0,s2,a0
   11188:	00f585b3          	add	a1,a1,a5
   1118c:	00003097          	auipc	ra,0x3
   11190:	de8080e7          	jalr	-536(ra) # 13f74 <__udivdi3>
   11194:	00050993          	mv	s3,a0
   11198:	00050593          	mv	a1,a0
   1119c:	00020537          	lui	a0,0x20
   111a0:	41850513          	addi	a0,a0,1048 # 20418 <_impure_ptr+0x3b0>
   111a4:	00001097          	auipc	ra,0x1
   111a8:	088080e7          	jalr	136(ra) # 1222c <iprintf>
   111ac:	3e098463          	beqz	s3,11594 <main+0x700>
   111b0:	02412703          	lw	a4,36(sp)
   111b4:	43b74537          	lui	a0,0x43b74
   111b8:	0ba00793          	li	a5,186
   111bc:	02a735b3          	mulhu	a1,a4,a0
   111c0:	00090613          	mv	a2,s2
   111c4:	00000693          	li	a3,0
   111c8:	02f707b3          	mul	a5,a4,a5
   111cc:	02a70533          	mul	a0,a4,a0
   111d0:	00b785b3          	add	a1,a5,a1
   111d4:	00003097          	auipc	ra,0x3
   111d8:	da0080e7          	jalr	-608(ra) # 13f74 <__udivdi3>
   111dc:	00050913          	mv	s2,a0
   111e0:	00020537          	lui	a0,0x20
   111e4:	43050513          	addi	a0,a0,1072 # 20430 <_impure_ptr+0x3c8>
   111e8:	00058993          	mv	s3,a1
   111ec:	00001097          	auipc	ra,0x1
   111f0:	040080e7          	jalr	64(ra) # 1222c <iprintf>
   111f4:	000025b7          	lui	a1,0x2
   111f8:	71058593          	addi	a1,a1,1808 # 2710 <__HEAP_SIZE+0x710>
   111fc:	00090513          	mv	a0,s2
   11200:	fffff097          	auipc	ra,0xfffff
   11204:	404080e7          	jalr	1028(ra) # 10604 <print_fixed_scaled>
   11208:	00a00513          	li	a0,10
   1120c:	00001097          	auipc	ra,0x1
   11210:	074080e7          	jalr	116(ra) # 12280 <putchar>
   11214:	00020537          	lui	a0,0x20
   11218:	44450513          	addi	a0,a0,1092 # 20444 <_impure_ptr+0x3dc>
   1121c:	00001097          	auipc	ra,0x1
   11220:	010080e7          	jalr	16(ra) # 1222c <iprintf>
   11224:	05000613          	li	a2,80
   11228:	00000693          	li	a3,0
   1122c:	00090513          	mv	a0,s2
   11230:	00098593          	mv	a1,s3
   11234:	00003097          	auipc	ra,0x3
   11238:	d40080e7          	jalr	-704(ra) # 13f74 <__udivdi3>
   1123c:	000025b7          	lui	a1,0x2
   11240:	71058593          	addi	a1,a1,1808 # 2710 <__HEAP_SIZE+0x710>
   11244:	fffff097          	auipc	ra,0xfffff
   11248:	3c0080e7          	jalr	960(ra) # 10604 <print_fixed_scaled>
   1124c:	00a00513          	li	a0,10
   11250:	00001097          	auipc	ra,0x1
   11254:	030080e7          	jalr	48(ra) # 12280 <putchar>
   11258:	bc6029f3          	csrr	s3,0xbc6
   1125c:	bc902973          	csrr	s2,0xbc9
   11260:	00020537          	lui	a0,0x20
   11264:	00098593          	mv	a1,s3
   11268:	49850513          	addi	a0,a0,1176 # 20498 <_impure_ptr+0x430>
   1126c:	00001097          	auipc	ra,0x1
   11270:	fc0080e7          	jalr	-64(ra) # 1222c <iprintf>
   11274:	00020537          	lui	a0,0x20
   11278:	00090593          	mv	a1,s2
   1127c:	4b050513          	addi	a0,a0,1200 # 204b0 <_impure_ptr+0x448>
   11280:	00001097          	auipc	ra,0x1
   11284:	fac080e7          	jalr	-84(ra) # 1222c <iprintf>
   11288:	04098a63          	beqz	s3,112dc <main+0x448>
   1128c:	00020537          	lui	a0,0x20
   11290:	4c850513          	addi	a0,a0,1224 # 204c8 <_impure_ptr+0x460>
   11294:	00001097          	auipc	ra,0x1
   11298:	f98080e7          	jalr	-104(ra) # 1222c <iprintf>
   1129c:	00002537          	lui	a0,0x2
   112a0:	41298933          	sub	s2,s3,s2
   112a4:	71050513          	addi	a0,a0,1808 # 2710 <__HEAP_SIZE+0x710>
   112a8:	02a935b3          	mulhu	a1,s2,a0
   112ac:	00098613          	mv	a2,s3
   112b0:	00000693          	li	a3,0
   112b4:	02a90533          	mul	a0,s2,a0
   112b8:	00003097          	auipc	ra,0x3
   112bc:	cbc080e7          	jalr	-836(ra) # 13f74 <__udivdi3>
   112c0:	06400593          	li	a1,100
   112c4:	fffff097          	auipc	ra,0xfffff
   112c8:	340080e7          	jalr	832(ra) # 10604 <print_fixed_scaled>
   112cc:	00020537          	lui	a0,0x20
   112d0:	4dc50513          	addi	a0,a0,1244 # 204dc <_impure_ptr+0x474>
   112d4:	00001097          	auipc	ra,0x1
   112d8:	f58080e7          	jalr	-168(ra) # 1222c <iprintf>
   112dc:	02412583          	lw	a1,36(sp)
   112e0:	00020537          	lui	a0,0x20
   112e4:	4e050513          	addi	a0,a0,1248 # 204e0 <_impure_ptr+0x478>
   112e8:	00001097          	auipc	ra,0x1
   112ec:	f44080e7          	jalr	-188(ra) # 1222c <iprintf>
   112f0:	000205b7          	lui	a1,0x20
   112f4:	00020537          	lui	a0,0x20
   112f8:	4f858593          	addi	a1,a1,1272 # 204f8 <_impure_ptr+0x490>
   112fc:	50450513          	addi	a0,a0,1284 # 20504 <_impure_ptr+0x49c>
   11300:	00001097          	auipc	ra,0x1
   11304:	f2c080e7          	jalr	-212(ra) # 1222c <iprintf>
   11308:	000205b7          	lui	a1,0x20
   1130c:	00020537          	lui	a0,0x20
   11310:	51c58593          	addi	a1,a1,1308 # 2051c <_impure_ptr+0x4b4>
   11314:	54050513          	addi	a0,a0,1344 # 20540 <_impure_ptr+0x4d8>
   11318:	00001097          	auipc	ra,0x1
   1131c:	f14080e7          	jalr	-236(ra) # 1222c <iprintf>
   11320:	000205b7          	lui	a1,0x20
   11324:	00020537          	lui	a0,0x20
   11328:	55858593          	addi	a1,a1,1368 # 20558 <_impure_ptr+0x4f0>
   1132c:	56050513          	addi	a0,a0,1376 # 20560 <_impure_ptr+0x4f8>
   11330:	00001097          	auipc	ra,0x1
   11334:	efc080e7          	jalr	-260(ra) # 1222c <iprintf>
   11338:	00020537          	lui	a0,0x20
   1133c:	00048593          	mv	a1,s1
   11340:	57850513          	addi	a0,a0,1400 # 20578 <_impure_ptr+0x510>
   11344:	00001097          	auipc	ra,0x1
   11348:	ee8080e7          	jalr	-280(ra) # 1222c <iprintf>
   1134c:	02812783          	lw	a5,40(sp)
   11350:	0017f793          	andi	a5,a5,1
   11354:	00078e63          	beqz	a5,11370 <main+0x4dc>
   11358:	04215603          	lhu	a2,66(sp)
   1135c:	00020537          	lui	a0,0x20
   11360:	00000593          	li	a1,0
   11364:	59450513          	addi	a0,a0,1428 # 20594 <_impure_ptr+0x52c>
   11368:	00001097          	auipc	ra,0x1
   1136c:	ec4080e7          	jalr	-316(ra) # 1222c <iprintf>
   11370:	02812783          	lw	a5,40(sp)
   11374:	0027f793          	andi	a5,a5,2
   11378:	00078e63          	beqz	a5,11394 <main+0x500>
   1137c:	04415603          	lhu	a2,68(sp)
   11380:	00020537          	lui	a0,0x20
   11384:	00000593          	li	a1,0
   11388:	5b050513          	addi	a0,a0,1456 # 205b0 <_impure_ptr+0x548>
   1138c:	00001097          	auipc	ra,0x1
   11390:	ea0080e7          	jalr	-352(ra) # 1222c <iprintf>
   11394:	02812783          	lw	a5,40(sp)
   11398:	0047f793          	andi	a5,a5,4
   1139c:	00078e63          	beqz	a5,113b8 <main+0x524>
   113a0:	04615603          	lhu	a2,70(sp)
   113a4:	00020537          	lui	a0,0x20
   113a8:	00000593          	li	a1,0
   113ac:	5cc50513          	addi	a0,a0,1484 # 205cc <_impure_ptr+0x564>
   113b0:	00001097          	auipc	ra,0x1
   113b4:	e7c080e7          	jalr	-388(ra) # 1222c <iprintf>
   113b8:	04015603          	lhu	a2,64(sp)
   113bc:	00020537          	lui	a0,0x20
   113c0:	00000593          	li	a1,0
   113c4:	5e850513          	addi	a0,a0,1512 # 205e8 <_impure_ptr+0x580>
   113c8:	00001097          	auipc	ra,0x1
   113cc:	e64080e7          	jalr	-412(ra) # 1222c <iprintf>
   113d0:	1e041463          	bnez	s0,115b8 <main+0x724>
   113d4:	00020537          	lui	a0,0x20
   113d8:	60450513          	addi	a0,a0,1540 # 20604 <_impure_ptr+0x59c>
   113dc:	00001097          	auipc	ra,0x1
   113e0:	020080e7          	jalr	32(ra) # 123fc <puts>
   113e4:	06c12083          	lw	ra,108(sp)
   113e8:	06812403          	lw	s0,104(sp)
   113ec:	06412483          	lw	s1,100(sp)
   113f0:	06012903          	lw	s2,96(sp)
   113f4:	05c12983          	lw	s3,92(sp)
   113f8:	00000513          	li	a0,0
   113fc:	07010113          	addi	sp,sp,112
   11400:	00008067          	ret
   11404:	00100713          	li	a4,1
   11408:	b2e796e3          	bne	a5,a4,10f34 <main+0xa0>
   1140c:	00c11783          	lh	a5,12(sp)
   11410:	b20792e3          	bnez	a5,10f34 <main+0xa0>
   11414:	341537b7          	lui	a5,0x34153
   11418:	41578793          	addi	a5,a5,1045 # 34153415 <__stack_top__+0x34123415>
   1141c:	00f12423          	sw	a5,8(sp)
   11420:	b0dff06f          	j	10f2c <main+0x98>
   11424:	000097b7          	lui	a5,0x9
   11428:	a0278793          	addi	a5,a5,-1534 # 8a02 <__HEAP_SIZE+0x6a02>
   1142c:	02f50463          	beq	a0,a5,11454 <main+0x5c0>
   11430:	0000f7b7          	lui	a5,0xf
   11434:	9f578793          	addi	a5,a5,-1547 # e9f5 <__HEAP_SIZE+0xc9f5>
   11438:	cef518e3          	bne	a0,a5,11128 <main+0x294>
   1143c:	00020537          	lui	a0,0x20
   11440:	2fc50513          	addi	a0,a0,764 # 202fc <_impure_ptr+0x294>
   11444:	00001097          	auipc	ra,0x1
   11448:	fb8080e7          	jalr	-72(ra) # 123fc <puts>
   1144c:	00300413          	li	s0,3
   11450:	0180006f          	j	11468 <main+0x5d4>
   11454:	00020537          	lui	a0,0x20
   11458:	27050513          	addi	a0,a0,624 # 20270 <_impure_ptr+0x208>
   1145c:	00001097          	auipc	ra,0x1
   11460:	fa0080e7          	jalr	-96(ra) # 123fc <puts>
   11464:	00000413          	li	s0,0
   11468:	02812783          	lw	a5,40(sp)
   1146c:	04011423          	sh	zero,72(sp)
   11470:	0017f793          	andi	a5,a5,1
   11474:	04078063          	beqz	a5,114b4 <main+0x620>
   11478:	000207b7          	lui	a5,0x20
   1147c:	00141713          	slli	a4,s0,0x1
   11480:	7dc78793          	addi	a5,a5,2012 # 207dc <list_known_crc>
   11484:	00e787b3          	add	a5,a5,a4
   11488:	04215603          	lhu	a2,66(sp)
   1148c:	0007d683          	lhu	a3,0(a5)
   11490:	02d60263          	beq	a2,a3,114b4 <main+0x620>
   11494:	00020537          	lui	a0,0x20
   11498:	00000593          	li	a1,0
   1149c:	35450513          	addi	a0,a0,852 # 20354 <_impure_ptr+0x2ec>
   114a0:	00001097          	auipc	ra,0x1
   114a4:	d8c080e7          	jalr	-628(ra) # 1222c <iprintf>
   114a8:	04815783          	lhu	a5,72(sp)
   114ac:	00178793          	addi	a5,a5,1
   114b0:	04f11423          	sh	a5,72(sp)
   114b4:	02812783          	lw	a5,40(sp)
   114b8:	0027f793          	andi	a5,a5,2
   114bc:	04078063          	beqz	a5,114fc <main+0x668>
   114c0:	000207b7          	lui	a5,0x20
   114c4:	00141713          	slli	a4,s0,0x1
   114c8:	7d078793          	addi	a5,a5,2000 # 207d0 <matrix_known_crc>
   114cc:	00e787b3          	add	a5,a5,a4
   114d0:	04415603          	lhu	a2,68(sp)
   114d4:	0007d683          	lhu	a3,0(a5)
   114d8:	02d60263          	beq	a2,a3,114fc <main+0x668>
   114dc:	00020537          	lui	a0,0x20
   114e0:	00000593          	li	a1,0
   114e4:	38450513          	addi	a0,a0,900 # 20384 <_impure_ptr+0x31c>
   114e8:	00001097          	auipc	ra,0x1
   114ec:	d44080e7          	jalr	-700(ra) # 1222c <iprintf>
   114f0:	04815783          	lhu	a5,72(sp)
   114f4:	00178793          	addi	a5,a5,1
   114f8:	04f11423          	sh	a5,72(sp)
   114fc:	02812783          	lw	a5,40(sp)
   11500:	0047f793          	andi	a5,a5,4
   11504:	04078063          	beqz	a5,11544 <main+0x6b0>
   11508:	000207b7          	lui	a5,0x20
   1150c:	00141413          	slli	s0,s0,0x1
   11510:	7c478793          	addi	a5,a5,1988 # 207c4 <state_known_crc>
   11514:	008787b3          	add	a5,a5,s0
   11518:	04615603          	lhu	a2,70(sp)
   1151c:	0007d683          	lhu	a3,0(a5)
   11520:	02d60263          	beq	a2,a3,11544 <main+0x6b0>
   11524:	00020537          	lui	a0,0x20
   11528:	00000593          	li	a1,0
   1152c:	3b850513          	addi	a0,a0,952 # 203b8 <_impure_ptr+0x350>
   11530:	00001097          	auipc	ra,0x1
   11534:	cfc080e7          	jalr	-772(ra) # 1222c <iprintf>
   11538:	04815783          	lhu	a5,72(sp)
   1153c:	00178793          	addi	a5,a5,1
   11540:	04f11423          	sh	a5,72(sp)
   11544:	04811403          	lh	s0,72(sp)
   11548:	be5ff06f          	j	1112c <main+0x298>
   1154c:	00020537          	lui	a0,0x20
   11550:	29c50513          	addi	a0,a0,668 # 2029c <_impure_ptr+0x234>
   11554:	00001097          	auipc	ra,0x1
   11558:	ea8080e7          	jalr	-344(ra) # 123fc <puts>
   1155c:	00100413          	li	s0,1
   11560:	f09ff06f          	j	11468 <main+0x5d4>
   11564:	00020537          	lui	a0,0x20
   11568:	2cc50513          	addi	a0,a0,716 # 202cc <_impure_ptr+0x264>
   1156c:	00001097          	auipc	ra,0x1
   11570:	e90080e7          	jalr	-368(ra) # 123fc <puts>
   11574:	00200413          	li	s0,2
   11578:	ef1ff06f          	j	11468 <main+0x5d4>
   1157c:	00020537          	lui	a0,0x20
   11580:	32850513          	addi	a0,a0,808 # 20328 <_impure_ptr+0x2c0>
   11584:	00001097          	auipc	ra,0x1
   11588:	e78080e7          	jalr	-392(ra) # 123fc <puts>
   1158c:	00400413          	li	s0,4
   11590:	ed9ff06f          	j	11468 <main+0x5d4>
   11594:	00020537          	lui	a0,0x20
   11598:	45850513          	addi	a0,a0,1112 # 20458 <_impure_ptr+0x3f0>
   1159c:	00001097          	auipc	ra,0x1
   115a0:	e60080e7          	jalr	-416(ra) # 123fc <puts>
   115a4:	00020537          	lui	a0,0x20
   115a8:	48050513          	addi	a0,a0,1152 # 20480 <_impure_ptr+0x418>
   115ac:	00001097          	auipc	ra,0x1
   115b0:	e50080e7          	jalr	-432(ra) # 123fc <puts>
   115b4:	ca5ff06f          	j	11258 <main+0x3c4>
   115b8:	00805863          	blez	s0,115c8 <main+0x734>
   115bc:	00020537          	lui	a0,0x20
   115c0:	64c50513          	addi	a0,a0,1612 # 2064c <_impure_ptr+0x5e4>
   115c4:	e19ff06f          	j	113dc <main+0x548>
   115c8:	00020537          	lui	a0,0x20
   115cc:	65c50513          	addi	a0,a0,1628 # 2065c <_impure_ptr+0x5f4>
   115d0:	e0dff06f          	j	113dc <main+0x548>

000115d4 <core_init_matrix>:
   115d4:	06060663          	beqz	a2,11640 <core_init_matrix+0x6c>
   115d8:	00000713          	li	a4,0
   115dc:	00000793          	li	a5,0
   115e0:	0100006f          	j	115f0 <core_init_matrix+0x1c>
   115e4:	00178793          	addi	a5,a5,1
   115e8:	02f78733          	mul	a4,a5,a5
   115ec:	00371713          	slli	a4,a4,0x3
   115f0:	fea76ae3          	bltu	a4,a0,115e4 <core_init_matrix+0x10>
   115f4:	fff78513          	addi	a0,a5,-1
   115f8:	02a50333          	mul	t1,a0,a0
   115fc:	00358593          	addi	a1,a1,3
   11600:	ffc5f593          	andi	a1,a1,-4
   11604:	00000e93          	li	t4,0
   11608:	00000e13          	li	t3,0
   1160c:	00100793          	li	a5,1
   11610:	00010f37          	lui	t5,0x10
   11614:	00131313          	slli	t1,t1,0x1
   11618:	00658733          	add	a4,a1,t1
   1161c:	02ae6663          	bltu	t3,a0,11648 <core_init_matrix+0x74>
   11620:	00e6a423          	sw	a4,8(a3)
   11624:	00670733          	add	a4,a4,t1
   11628:	00370713          	addi	a4,a4,3
   1162c:	ffc77713          	andi	a4,a4,-4
   11630:	00b6a223          	sw	a1,4(a3)
   11634:	00e6a623          	sw	a4,12(a3)
   11638:	00a6a023          	sw	a0,0(a3)
   1163c:	00008067          	ret
   11640:	00100613          	li	a2,1
   11644:	f95ff06f          	j	115d8 <core_init_matrix+0x4>
   11648:	001e9813          	slli	a6,t4,0x1
   1164c:	00e80833          	add	a6,a6,a4
   11650:	00a78fb3          	add	t6,a5,a0
   11654:	02f60633          	mul	a2,a2,a5
   11658:	406802b3          	sub	t0,a6,t1
   1165c:	00280813          	addi	a6,a6,2
   11660:	03e66633          	rem	a2,a2,t5
   11664:	00c788b3          	add	a7,a5,a2
   11668:	ff181f23          	sh	a7,-2(a6)
   1166c:	00f888b3          	add	a7,a7,a5
   11670:	0ff8f893          	zext.b	a7,a7
   11674:	01129023          	sh	a7,0(t0)
   11678:	00178793          	addi	a5,a5,1
   1167c:	fdf79ce3          	bne	a5,t6,11654 <core_init_matrix+0x80>
   11680:	001e0e13          	addi	t3,t3,1
   11684:	00ae8eb3          	add	t4,t4,a0
   11688:	f95ff06f          	j	1161c <core_init_matrix+0x48>

0001168c <matrix_sum>:
   1168c:	00050893          	mv	a7,a0
   11690:	00000e13          	li	t3,0
   11694:	00000313          	li	t1,0
   11698:	00000513          	li	a0,0
   1169c:	00000813          	li	a6,0
   116a0:	00000693          	li	a3,0
   116a4:	01131463          	bne	t1,a7,116ac <matrix_sum+0x20>
   116a8:	00008067          	ret
   116ac:	002e1713          	slli	a4,t3,0x2
   116b0:	00e58733          	add	a4,a1,a4
   116b4:	00000e93          	li	t4,0
   116b8:	00080793          	mv	a5,a6
   116bc:	00072803          	lw	a6,0(a4)
   116c0:	010686b3          	add	a3,a3,a6
   116c4:	02d65663          	bge	a2,a3,116f0 <matrix_sum+0x64>
   116c8:	00a50793          	addi	a5,a0,10
   116cc:	00000693          	li	a3,0
   116d0:	01079513          	slli	a0,a5,0x10
   116d4:	001e8e93          	addi	t4,t4,1
   116d8:	41055513          	srai	a0,a0,0x10
   116dc:	00470713          	addi	a4,a4,4
   116e0:	fdd89ce3          	bne	a7,t4,116b8 <matrix_sum+0x2c>
   116e4:	00130313          	addi	t1,t1,1
   116e8:	011e0e33          	add	t3,t3,a7
   116ec:	fb9ff06f          	j	116a4 <matrix_sum+0x18>
   116f0:	0107a7b3          	slt	a5,a5,a6
   116f4:	00f507b3          	add	a5,a0,a5
   116f8:	fd9ff06f          	j	116d0 <matrix_sum+0x44>

000116fc <matrix_mul_const>:
   116fc:	00000813          	li	a6,0
   11700:	00000893          	li	a7,0
   11704:	00a89463          	bne	a7,a0,1170c <matrix_mul_const+0x10>
   11708:	00008067          	ret
   1170c:	00181713          	slli	a4,a6,0x1
   11710:	00281793          	slli	a5,a6,0x2
   11714:	00e60733          	add	a4,a2,a4
   11718:	00f587b3          	add	a5,a1,a5
   1171c:	00000313          	li	t1,0
   11720:	00071e03          	lh	t3,0(a4)
   11724:	00130313          	addi	t1,t1,1
   11728:	00270713          	addi	a4,a4,2
   1172c:	02de0e33          	mul	t3,t3,a3
   11730:	00478793          	addi	a5,a5,4
   11734:	ffc7ae23          	sw	t3,-4(a5)
   11738:	fe6514e3          	bne	a0,t1,11720 <matrix_mul_const+0x24>
   1173c:	00188893          	addi	a7,a7,1
   11740:	00a80833          	add	a6,a6,a0
   11744:	fc1ff06f          	j	11704 <matrix_mul_const+0x8>

00011748 <matrix_add_const>:
   11748:	00000693          	li	a3,0
   1174c:	00000713          	li	a4,0
   11750:	00a71463          	bne	a4,a0,11758 <matrix_add_const+0x10>
   11754:	00008067          	ret
   11758:	00169793          	slli	a5,a3,0x1
   1175c:	00f587b3          	add	a5,a1,a5
   11760:	00000813          	li	a6,0
   11764:	0007d883          	lhu	a7,0(a5)
   11768:	00180813          	addi	a6,a6,1
   1176c:	00278793          	addi	a5,a5,2
   11770:	00c888b3          	add	a7,a7,a2
   11774:	ff179f23          	sh	a7,-2(a5)
   11778:	ff0516e3          	bne	a0,a6,11764 <matrix_add_const+0x1c>
   1177c:	00170713          	addi	a4,a4,1
   11780:	00a686b3          	add	a3,a3,a0
   11784:	fcdff06f          	j	11750 <matrix_add_const+0x8>

00011788 <matrix_mul_vect>:
   11788:	00151e93          	slli	t4,a0,0x1
   1178c:	00000813          	li	a6,0
   11790:	00000713          	li	a4,0
   11794:	00a71463          	bne	a4,a0,1179c <matrix_mul_vect+0x14>
   11798:	00008067          	ret
   1179c:	00181e13          	slli	t3,a6,0x1
   117a0:	01c60e33          	add	t3,a2,t3
   117a4:	00000793          	li	a5,0
   117a8:	00000893          	li	a7,0
   117ac:	00fe0333          	add	t1,t3,a5
   117b0:	00f68f33          	add	t5,a3,a5
   117b4:	00031303          	lh	t1,0(t1)
   117b8:	000f1f03          	lh	t5,0(t5) # 10000 <_reset_vector>
   117bc:	00278793          	addi	a5,a5,2
   117c0:	03e30333          	mul	t1,t1,t5
   117c4:	006888b3          	add	a7,a7,t1
   117c8:	fefe92e3          	bne	t4,a5,117ac <matrix_mul_vect+0x24>
   117cc:	00271793          	slli	a5,a4,0x2
   117d0:	00f587b3          	add	a5,a1,a5
   117d4:	0117a023          	sw	a7,0(a5)
   117d8:	00170713          	addi	a4,a4,1
   117dc:	00a80833          	add	a6,a6,a0
   117e0:	fb5ff06f          	j	11794 <matrix_mul_vect+0xc>

000117e4 <matrix_mul_matrix>:
   117e4:	00000313          	li	t1,0
   117e8:	00151393          	slli	t2,a0,0x1
   117ec:	00000893          	li	a7,0
   117f0:	00a31463          	bne	t1,a0,117f8 <matrix_mul_matrix+0x14>
   117f4:	00008067          	ret
   117f8:	ff010113          	addi	sp,sp,-16
   117fc:	00812623          	sw	s0,12(sp)
   11800:	00289713          	slli	a4,a7,0x2
   11804:	00189e93          	slli	t4,a7,0x1
   11808:	00e58733          	add	a4,a1,a4
   1180c:	01d60eb3          	add	t4,a2,t4
   11810:	00000793          	li	a5,0
   11814:	00179813          	slli	a6,a5,0x1
   11818:	01068833          	add	a6,a3,a6
   1181c:	000e8f93          	mv	t6,t4
   11820:	00000e13          	li	t3,0
   11824:	00000f13          	li	t5,0
   11828:	000f9283          	lh	t0,0(t6)
   1182c:	00081403          	lh	s0,0(a6)
   11830:	001f0f13          	addi	t5,t5,1
   11834:	002f8f93          	addi	t6,t6,2
   11838:	028282b3          	mul	t0,t0,s0
   1183c:	00780833          	add	a6,a6,t2
   11840:	005e0e33          	add	t3,t3,t0
   11844:	ffe512e3          	bne	a0,t5,11828 <matrix_mul_matrix+0x44>
   11848:	01c72023          	sw	t3,0(a4)
   1184c:	00178793          	addi	a5,a5,1
   11850:	00470713          	addi	a4,a4,4
   11854:	fca790e3          	bne	a5,a0,11814 <matrix_mul_matrix+0x30>
   11858:	00130313          	addi	t1,t1,1
   1185c:	00a888b3          	add	a7,a7,a0
   11860:	faa310e3          	bne	t1,a0,11800 <matrix_mul_matrix+0x1c>
   11864:	00c12403          	lw	s0,12(sp)
   11868:	01010113          	addi	sp,sp,16
   1186c:	00008067          	ret

00011870 <matrix_mul_matrix_bitextract>:
   11870:	ff010113          	addi	sp,sp,-16
   11874:	00812623          	sw	s0,12(sp)
   11878:	00000e13          	li	t3,0
   1187c:	00151413          	slli	s0,a0,0x1
   11880:	00000e93          	li	t4,0
   11884:	00ae9863          	bne	t4,a0,11894 <matrix_mul_matrix_bitextract+0x24>
   11888:	00c12403          	lw	s0,12(sp)
   1188c:	01010113          	addi	sp,sp,16
   11890:	00008067          	ret
   11894:	002e1813          	slli	a6,t3,0x2
   11898:	001e1f93          	slli	t6,t3,0x1
   1189c:	01058833          	add	a6,a1,a6
   118a0:	01f60fb3          	add	t6,a2,t6
   118a4:	00000713          	li	a4,0
   118a8:	00171893          	slli	a7,a4,0x1
   118ac:	011688b3          	add	a7,a3,a7
   118b0:	000f8393          	mv	t2,t6
   118b4:	00000f13          	li	t5,0
   118b8:	00000293          	li	t0,0
   118bc:	00089303          	lh	t1,0(a7)
   118c0:	00039783          	lh	a5,0(t2)
   118c4:	00128293          	addi	t0,t0,1
   118c8:	00238393          	addi	t2,t2,2
   118cc:	026787b3          	mul	a5,a5,t1
   118d0:	008888b3          	add	a7,a7,s0
   118d4:	4027d313          	srai	t1,a5,0x2
   118d8:	4057d793          	srai	a5,a5,0x5
   118dc:	00f37313          	andi	t1,t1,15
   118e0:	07f7f793          	andi	a5,a5,127
   118e4:	02f307b3          	mul	a5,t1,a5
   118e8:	00ff0f33          	add	t5,t5,a5
   118ec:	fc5518e3          	bne	a0,t0,118bc <matrix_mul_matrix_bitextract+0x4c>
   118f0:	01e82023          	sw	t5,0(a6)
   118f4:	00170713          	addi	a4,a4,1
   118f8:	00480813          	addi	a6,a6,4
   118fc:	faa716e3          	bne	a4,a0,118a8 <matrix_mul_matrix_bitextract+0x38>
   11900:	001e8e93          	addi	t4,t4,1
   11904:	00ae0e33          	add	t3,t3,a0
   11908:	f7dff06f          	j	11884 <matrix_mul_matrix_bitextract+0x14>

0001190c <matrix_test>:
   1190c:	fe010113          	addi	sp,sp,-32
   11910:	01312623          	sw	s3,12(sp)
   11914:	00060993          	mv	s3,a2
   11918:	fffff7b7          	lui	a5,0xfffff
   1191c:	00070613          	mv	a2,a4
   11920:	01212823          	sw	s2,16(sp)
   11924:	00058913          	mv	s2,a1
   11928:	00098593          	mv	a1,s3
   1192c:	00112e23          	sw	ra,28(sp)
   11930:	00812c23          	sw	s0,24(sp)
   11934:	00912a23          	sw	s1,20(sp)
   11938:	00070413          	mv	s0,a4
   1193c:	01412423          	sw	s4,8(sp)
   11940:	01512223          	sw	s5,4(sp)
   11944:	00f76a33          	or	s4,a4,a5
   11948:	01612023          	sw	s6,0(sp)
   1194c:	00050493          	mv	s1,a0
   11950:	00068a93          	mv	s5,a3
   11954:	00000097          	auipc	ra,0x0
   11958:	df4080e7          	jalr	-524(ra) # 11748 <matrix_add_const>
   1195c:	00040693          	mv	a3,s0
   11960:	00098613          	mv	a2,s3
   11964:	00090593          	mv	a1,s2
   11968:	00048513          	mv	a0,s1
   1196c:	00000097          	auipc	ra,0x0
   11970:	d90080e7          	jalr	-624(ra) # 116fc <matrix_mul_const>
   11974:	000a0613          	mv	a2,s4
   11978:	00090593          	mv	a1,s2
   1197c:	00048513          	mv	a0,s1
   11980:	00000097          	auipc	ra,0x0
   11984:	d0c080e7          	jalr	-756(ra) # 1168c <matrix_sum>
   11988:	00000593          	li	a1,0
   1198c:	00001097          	auipc	ra,0x1
   11990:	888080e7          	jalr	-1912(ra) # 12214 <crc16>
   11994:	000a8693          	mv	a3,s5
   11998:	00050b13          	mv	s6,a0
   1199c:	00098613          	mv	a2,s3
   119a0:	00090593          	mv	a1,s2
   119a4:	00048513          	mv	a0,s1
   119a8:	00000097          	auipc	ra,0x0
   119ac:	de0080e7          	jalr	-544(ra) # 11788 <matrix_mul_vect>
   119b0:	000a0613          	mv	a2,s4
   119b4:	00090593          	mv	a1,s2
   119b8:	00048513          	mv	a0,s1
   119bc:	00000097          	auipc	ra,0x0
   119c0:	cd0080e7          	jalr	-816(ra) # 1168c <matrix_sum>
   119c4:	000b0593          	mv	a1,s6
   119c8:	00001097          	auipc	ra,0x1
   119cc:	84c080e7          	jalr	-1972(ra) # 12214 <crc16>
   119d0:	000a8693          	mv	a3,s5
   119d4:	00050b13          	mv	s6,a0
   119d8:	00098613          	mv	a2,s3
   119dc:	00090593          	mv	a1,s2
   119e0:	00048513          	mv	a0,s1
   119e4:	00000097          	auipc	ra,0x0
   119e8:	e00080e7          	jalr	-512(ra) # 117e4 <matrix_mul_matrix>
   119ec:	000a0613          	mv	a2,s4
   119f0:	00090593          	mv	a1,s2
   119f4:	00048513          	mv	a0,s1
   119f8:	00000097          	auipc	ra,0x0
   119fc:	c94080e7          	jalr	-876(ra) # 1168c <matrix_sum>
   11a00:	000b0593          	mv	a1,s6
   11a04:	00001097          	auipc	ra,0x1
   11a08:	810080e7          	jalr	-2032(ra) # 12214 <crc16>
   11a0c:	000a8693          	mv	a3,s5
   11a10:	00050b13          	mv	s6,a0
   11a14:	00098613          	mv	a2,s3
   11a18:	00090593          	mv	a1,s2
   11a1c:	00048513          	mv	a0,s1
   11a20:	00000097          	auipc	ra,0x0
   11a24:	e50080e7          	jalr	-432(ra) # 11870 <matrix_mul_matrix_bitextract>
   11a28:	000a0613          	mv	a2,s4
   11a2c:	00090593          	mv	a1,s2
   11a30:	00048513          	mv	a0,s1
   11a34:	00000097          	auipc	ra,0x0
   11a38:	c58080e7          	jalr	-936(ra) # 1168c <matrix_sum>
   11a3c:	000b0593          	mv	a1,s6
   11a40:	00000097          	auipc	ra,0x0
   11a44:	7d4080e7          	jalr	2004(ra) # 12214 <crc16>
   11a48:	40800633          	neg	a2,s0
   11a4c:	01061613          	slli	a2,a2,0x10
   11a50:	00050913          	mv	s2,a0
   11a54:	00098593          	mv	a1,s3
   11a58:	00048513          	mv	a0,s1
   11a5c:	41065613          	srai	a2,a2,0x10
   11a60:	00000097          	auipc	ra,0x0
   11a64:	ce8080e7          	jalr	-792(ra) # 11748 <matrix_add_const>
   11a68:	01c12083          	lw	ra,28(sp)
   11a6c:	01812403          	lw	s0,24(sp)
   11a70:	01091513          	slli	a0,s2,0x10
   11a74:	01412483          	lw	s1,20(sp)
   11a78:	01012903          	lw	s2,16(sp)
   11a7c:	00c12983          	lw	s3,12(sp)
   11a80:	00812a03          	lw	s4,8(sp)
   11a84:	00412a83          	lw	s5,4(sp)
   11a88:	00012b03          	lw	s6,0(sp)
   11a8c:	41055513          	srai	a0,a0,0x10
   11a90:	02010113          	addi	sp,sp,32
   11a94:	00008067          	ret

00011a98 <core_bench_matrix>:
   11a98:	ff010113          	addi	sp,sp,-16
   11a9c:	00812423          	sw	s0,8(sp)
   11aa0:	00852683          	lw	a3,8(a0)
   11aa4:	00060413          	mv	s0,a2
   11aa8:	00058713          	mv	a4,a1
   11aac:	00452603          	lw	a2,4(a0)
   11ab0:	00c52583          	lw	a1,12(a0)
   11ab4:	00052503          	lw	a0,0(a0)
   11ab8:	00112623          	sw	ra,12(sp)
   11abc:	00000097          	auipc	ra,0x0
   11ac0:	e50080e7          	jalr	-432(ra) # 1190c <matrix_test>
   11ac4:	00040593          	mv	a1,s0
   11ac8:	00812403          	lw	s0,8(sp)
   11acc:	00c12083          	lw	ra,12(sp)
   11ad0:	01010113          	addi	sp,sp,16
   11ad4:	00000317          	auipc	t1,0x0
   11ad8:	74030067          	jr	1856(t1) # 12214 <crc16>

00011adc <start_time>:
   11adc:	b8002773          	csrr	a4,mcycleh
   11ae0:	b00026f3          	csrr	a3,mcycle
   11ae4:	b80027f3          	csrr	a5,mcycleh
   11ae8:	fef71ae3          	bne	a4,a5,11adc <start_time>
   11aec:	000217b7          	lui	a5,0x21
   11af0:	1ad7a823          	sw	a3,432(a5) # 211b0 <t0>
   11af4:	1ae7aa23          	sw	a4,436(a5)
   11af8:	00008067          	ret

00011afc <stop_time>:
   11afc:	b8002773          	csrr	a4,mcycleh
   11b00:	b00026f3          	csrr	a3,mcycle
   11b04:	b80027f3          	csrr	a5,mcycleh
   11b08:	fef71ae3          	bne	a4,a5,11afc <stop_time>
   11b0c:	000217b7          	lui	a5,0x21
   11b10:	1ad7a423          	sw	a3,424(a5) # 211a8 <t1>
   11b14:	1ae7a623          	sw	a4,428(a5)
   11b18:	00008067          	ret

00011b1c <get_time>:
   11b1c:	000216b7          	lui	a3,0x21
   11b20:	00021737          	lui	a4,0x21
   11b24:	1a86a783          	lw	a5,424(a3) # 211a8 <t1>
   11b28:	1b072503          	lw	a0,432(a4) # 211b0 <t0>
   11b2c:	1ac6a583          	lw	a1,428(a3)
   11b30:	1b472703          	lw	a4,436(a4)
   11b34:	40a78533          	sub	a0,a5,a0
   11b38:	00a7b7b3          	sltu	a5,a5,a0
   11b3c:	40e585b3          	sub	a1,a1,a4
   11b40:	40f585b3          	sub	a1,a1,a5
   11b44:	00008067          	ret

00011b48 <time_in_secs>:
   11b48:	04c4b637          	lui	a2,0x4c4b
   11b4c:	ff010113          	addi	sp,sp,-16
   11b50:	40060613          	addi	a2,a2,1024 # 4c4b400 <__stack_top__+0x4c1b400>
   11b54:	00000693          	li	a3,0
   11b58:	00112623          	sw	ra,12(sp)
   11b5c:	00002097          	auipc	ra,0x2
   11b60:	418080e7          	jalr	1048(ra) # 13f74 <__udivdi3>
   11b64:	00c12083          	lw	ra,12(sp)
   11b68:	01010113          	addi	sp,sp,16
   11b6c:	00008067          	ret

00011b70 <portable_init>:
   11b70:	00020537          	lui	a0,0x20
   11b74:	6c050513          	addi	a0,a0,1728 # 206c0 <_impure_ptr+0x658>
   11b78:	fffff317          	auipc	t1,0xfffff
   11b7c:	96830067          	jr	-1688(t1) # 104e0 <uart_puts>

00011b80 <core_init_state>:
   11b80:	00158713          	addi	a4,a1,1
   11b84:	fe010113          	addi	sp,sp,-32
   11b88:	01071713          	slli	a4,a4,0x10
   11b8c:	00021337          	lui	t1,0x21
   11b90:	00021e37          	lui	t3,0x21
   11b94:	00021eb7          	lui	t4,0x21
   11b98:	00021f37          	lui	t5,0x21
   11b9c:	00812e23          	sw	s0,28(sp)
   11ba0:	00912c23          	sw	s1,24(sp)
   11ba4:	01212a23          	sw	s2,20(sp)
   11ba8:	01312823          	sw	s3,16(sp)
   11bac:	01412623          	sw	s4,12(sp)
   11bb0:	fff50f93          	addi	t6,a0,-1
   11bb4:	01075713          	srli	a4,a4,0x10
   11bb8:	00000593          	li	a1,0
   11bbc:	00000793          	li	a5,0
   11bc0:	00000693          	li	a3,0
   11bc4:	02c00293          	li	t0,44
   11bc8:	00700393          	li	t2,7
   11bcc:	80830313          	addi	t1,t1,-2040 # 20808 <errpat>
   11bd0:	00400413          	li	s0,4
   11bd4:	818e0e13          	addi	t3,t3,-2024 # 20818 <scipat>
   11bd8:	00100493          	li	s1,1
   11bdc:	828e8e93          	addi	t4,t4,-2008 # 20828 <floatpat>
   11be0:	838f0f13          	addi	t5,t5,-1992 # 20838 <intpat>
   11be4:	00f688b3          	add	a7,a3,a5
   11be8:	00188993          	addi	s3,a7,1
   11bec:	03f9e263          	bltu	s3,t6,11c10 <core_init_state+0x90>
   11bf0:	0aa6ea63          	bltu	a3,a0,11ca4 <core_init_state+0x124>
   11bf4:	01c12403          	lw	s0,28(sp)
   11bf8:	01812483          	lw	s1,24(sp)
   11bfc:	01412903          	lw	s2,20(sp)
   11c00:	01012983          	lw	s3,16(sp)
   11c04:	00c12a03          	lw	s4,12(sp)
   11c08:	02010113          	addi	sp,sp,32
   11c0c:	00008067          	ret
   11c10:	02078863          	beqz	a5,11c40 <core_init_state+0xc0>
   11c14:	00000813          	li	a6,0
   11c18:	01058933          	add	s2,a1,a6
   11c1c:	00094a03          	lbu	s4,0(s2)
   11c20:	01068933          	add	s2,a3,a6
   11c24:	01260933          	add	s2,a2,s2
   11c28:	01490023          	sb	s4,0(s2)
   11c2c:	00180813          	addi	a6,a6,1
   11c30:	ff0794e3          	bne	a5,a6,11c18 <core_init_state+0x98>
   11c34:	011608b3          	add	a7,a2,a7
   11c38:	00588023          	sb	t0,0(a7)
   11c3c:	00098693          	mv	a3,s3
   11c40:	01b71813          	slli	a6,a4,0x1b
   11c44:	01e85793          	srli	a5,a6,0x1e
   11c48:	00777593          	andi	a1,a4,7
   11c4c:	00279793          	slli	a5,a5,0x2
   11c50:	04758663          	beq	a1,t2,11c9c <core_init_state+0x11c>
   11c54:	04b46063          	bltu	s0,a1,11c94 <core_init_state+0x114>
   11c58:	ffd58593          	addi	a1,a1,-3
   11c5c:	01059593          	slli	a1,a1,0x10
   11c60:	0105d593          	srli	a1,a1,0x10
   11c64:	02b4f063          	bgeu	s1,a1,11c84 <core_init_state+0x104>
   11c68:	00ff07b3          	add	a5,t5,a5
   11c6c:	0007a583          	lw	a1,0(a5)
   11c70:	00400793          	li	a5,4
   11c74:	00170713          	addi	a4,a4,1
   11c78:	01071713          	slli	a4,a4,0x10
   11c7c:	01075713          	srli	a4,a4,0x10
   11c80:	f65ff06f          	j	11be4 <core_init_state+0x64>
   11c84:	00fe87b3          	add	a5,t4,a5
   11c88:	0007a583          	lw	a1,0(a5)
   11c8c:	00800793          	li	a5,8
   11c90:	fe5ff06f          	j	11c74 <core_init_state+0xf4>
   11c94:	00fe07b3          	add	a5,t3,a5
   11c98:	ff1ff06f          	j	11c88 <core_init_state+0x108>
   11c9c:	00f307b3          	add	a5,t1,a5
   11ca0:	fe9ff06f          	j	11c88 <core_init_state+0x108>
   11ca4:	00d607b3          	add	a5,a2,a3
   11ca8:	00078023          	sb	zero,0(a5)
   11cac:	00168693          	addi	a3,a3,1
   11cb0:	f41ff06f          	j	11bf0 <core_init_state+0x70>

00011cb4 <core_state_transition>:
   11cb4:	00052683          	lw	a3,0(a0)
   11cb8:	00020637          	lui	a2,0x20
   11cbc:	00000713          	li	a4,0
   11cc0:	00100313          	li	t1,1
   11cc4:	02c00e13          	li	t3,44
   11cc8:	00700e93          	li	t4,7
   11ccc:	7e860613          	addi	a2,a2,2024 # 207e8 <list_known_crc+0xc>
   11cd0:	00900813          	li	a6,9
   11cd4:	04500f13          	li	t5,69
   11cd8:	02e00893          	li	a7,46
   11cdc:	0006c783          	lbu	a5,0(a3)
   11ce0:	00078463          	beqz	a5,11ce8 <core_state_transition+0x34>
   11ce4:	00671863          	bne	a4,t1,11cf4 <core_state_transition+0x40>
   11ce8:	00d52023          	sw	a3,0(a0)
   11cec:	00070513          	mv	a0,a4
   11cf0:	00008067          	ret
   11cf4:	00168693          	addi	a3,a3,1
   11cf8:	ffc788e3          	beq	a5,t3,11ce8 <core_state_transition+0x34>
   11cfc:	feeee0e3          	bltu	t4,a4,11cdc <core_state_transition+0x28>
   11d00:	00271f93          	slli	t6,a4,0x2
   11d04:	00cf8fb3          	add	t6,t6,a2
   11d08:	000faf83          	lw	t6,0(t6)
   11d0c:	000f8067          	jr	t6
   11d10:	00500713          	li	a4,5
   11d14:	01178c63          	beq	a5,a7,11d2c <core_state_transition+0x78>
   11d18:	02f8e263          	bltu	a7,a5,11d3c <core_state_transition+0x88>
   11d1c:	fd578793          	addi	a5,a5,-43
   11d20:	0fd7f793          	andi	a5,a5,253
   11d24:	00200713          	li	a4,2
   11d28:	02079463          	bnez	a5,11d50 <core_state_transition+0x9c>
   11d2c:	0005a783          	lw	a5,0(a1)
   11d30:	00178793          	addi	a5,a5,1
   11d34:	00f5a023          	sw	a5,0(a1)
   11d38:	fa5ff06f          	j	11cdc <core_state_transition+0x28>
   11d3c:	fd078793          	addi	a5,a5,-48
   11d40:	0ff7f793          	zext.b	a5,a5
   11d44:	00900f93          	li	t6,9
   11d48:	00400713          	li	a4,4
   11d4c:	fefff0e3          	bgeu	t6,a5,11d2c <core_state_transition+0x78>
   11d50:	0045a783          	lw	a5,4(a1)
   11d54:	00100713          	li	a4,1
   11d58:	00178793          	addi	a5,a5,1
   11d5c:	00f5a223          	sw	a5,4(a1)
   11d60:	fcdff06f          	j	11d2c <core_state_transition+0x78>
   11d64:	0085a703          	lw	a4,8(a1)
   11d68:	fd078f93          	addi	t6,a5,-48
   11d6c:	0fffff93          	zext.b	t6,t6
   11d70:	00170713          	addi	a4,a4,1
   11d74:	01f87c63          	bgeu	a6,t6,11d8c <core_state_transition+0xd8>
   11d78:	02e00f93          	li	t6,46
   11d7c:	01f79e63          	bne	a5,t6,11d98 <core_state_transition+0xe4>
   11d80:	00e5a423          	sw	a4,8(a1)
   11d84:	00500713          	li	a4,5
   11d88:	f55ff06f          	j	11cdc <core_state_transition+0x28>
   11d8c:	00e5a423          	sw	a4,8(a1)
   11d90:	00400713          	li	a4,4
   11d94:	f49ff06f          	j	11cdc <core_state_transition+0x28>
   11d98:	00e5a423          	sw	a4,8(a1)
   11d9c:	00100713          	li	a4,1
   11da0:	f3dff06f          	j	11cdc <core_state_transition+0x28>
   11da4:	01179a63          	bne	a5,a7,11db8 <core_state_transition+0x104>
   11da8:	0105a783          	lw	a5,16(a1)
   11dac:	00178793          	addi	a5,a5,1
   11db0:	00f5a823          	sw	a5,16(a1)
   11db4:	fd1ff06f          	j	11d84 <core_state_transition+0xd0>
   11db8:	fd078793          	addi	a5,a5,-48
   11dbc:	0ff7f793          	zext.b	a5,a5
   11dc0:	00900713          	li	a4,9
   11dc4:	fcf776e3          	bgeu	a4,a5,11d90 <core_state_transition+0xdc>
   11dc8:	0105a783          	lw	a5,16(a1)
   11dcc:	00178793          	addi	a5,a5,1
   11dd0:	00f5a823          	sw	a5,16(a1)
   11dd4:	fc9ff06f          	j	11d9c <core_state_transition+0xe8>
   11dd8:	0df7f713          	andi	a4,a5,223
   11ddc:	01e71c63          	bne	a4,t5,11df4 <core_state_transition+0x140>
   11de0:	0145a783          	lw	a5,20(a1)
   11de4:	00300713          	li	a4,3
   11de8:	00178793          	addi	a5,a5,1
   11dec:	00f5aa23          	sw	a5,20(a1)
   11df0:	eedff06f          	j	11cdc <core_state_transition+0x28>
   11df4:	fd078793          	addi	a5,a5,-48
   11df8:	0ff7f793          	zext.b	a5,a5
   11dfc:	00900713          	li	a4,9
   11e00:	f8f772e3          	bgeu	a4,a5,11d84 <core_state_transition+0xd0>
   11e04:	0145a783          	lw	a5,20(a1)
   11e08:	00178793          	addi	a5,a5,1
   11e0c:	00f5aa23          	sw	a5,20(a1)
   11e10:	f8dff06f          	j	11d9c <core_state_transition+0xe8>
   11e14:	00c5a703          	lw	a4,12(a1)
   11e18:	fd578793          	addi	a5,a5,-43
   11e1c:	0fd7f793          	andi	a5,a5,253
   11e20:	00170713          	addi	a4,a4,1
   11e24:	00e5a623          	sw	a4,12(a1)
   11e28:	00600713          	li	a4,6
   11e2c:	ea0788e3          	beqz	a5,11cdc <core_state_transition+0x28>
   11e30:	f6dff06f          	j	11d9c <core_state_transition+0xe8>
   11e34:	0185a703          	lw	a4,24(a1)
   11e38:	fd078793          	addi	a5,a5,-48
   11e3c:	0ff7f793          	zext.b	a5,a5
   11e40:	00170713          	addi	a4,a4,1
   11e44:	00e5ac23          	sw	a4,24(a1)
   11e48:	f4f86ae3          	bltu	a6,a5,11d9c <core_state_transition+0xe8>
   11e4c:	00700713          	li	a4,7
   11e50:	e8dff06f          	j	11cdc <core_state_transition+0x28>
   11e54:	fd078793          	addi	a5,a5,-48
   11e58:	0ff7f793          	zext.b	a5,a5
   11e5c:	fef878e3          	bgeu	a6,a5,11e4c <core_state_transition+0x198>
   11e60:	0045a783          	lw	a5,4(a1)
   11e64:	00178793          	addi	a5,a5,1
   11e68:	00f5a223          	sw	a5,4(a1)
   11e6c:	f31ff06f          	j	11d9c <core_state_transition+0xe8>

00011e70 <core_bench_state>:
   11e70:	f8010113          	addi	sp,sp,-128
   11e74:	07212823          	sw	s2,112(sp)
   11e78:	03010913          	addi	s2,sp,48
   11e7c:	07512223          	sw	s5,100(sp)
   11e80:	07612023          	sw	s6,96(sp)
   11e84:	05712e23          	sw	s7,92(sp)
   11e88:	00b12623          	sw	a1,12(sp)
   11e8c:	00050b13          	mv	s6,a0
   11e90:	00058a93          	mv	s5,a1
   11e94:	00060b93          	mv	s7,a2
   11e98:	00000593          	li	a1,0
   11e9c:	02000613          	li	a2,32
   11ea0:	00090513          	mv	a0,s2
   11ea4:	06812c23          	sw	s0,120(sp)
   11ea8:	07312623          	sw	s3,108(sp)
   11eac:	07412423          	sw	s4,104(sp)
   11eb0:	05812c23          	sw	s8,88(sp)
   11eb4:	06112e23          	sw	ra,124(sp)
   11eb8:	06912a23          	sw	s1,116(sp)
   11ebc:	00068c13          	mv	s8,a3
   11ec0:	00070a13          	mv	s4,a4
   11ec4:	00078413          	mv	s0,a5
   11ec8:	01010993          	addi	s3,sp,16
   11ecc:	ffffe097          	auipc	ra,0xffffe
   11ed0:	4f8080e7          	jalr	1272(ra) # 103c4 <memset>
   11ed4:	02000613          	li	a2,32
   11ed8:	00000593          	li	a1,0
   11edc:	00098513          	mv	a0,s3
   11ee0:	ffffe097          	auipc	ra,0xffffe
   11ee4:	4e4080e7          	jalr	1252(ra) # 103c4 <memset>
   11ee8:	00c12783          	lw	a5,12(sp)
   11eec:	0007c783          	lbu	a5,0(a5)
   11ef0:	08079e63          	bnez	a5,11f8c <core_bench_state+0x11c>
   11ef4:	000a8493          	mv	s1,s5
   11ef8:	000a8793          	mv	a5,s5
   11efc:	016a8b33          	add	s6,s5,s6
   11f00:	02c00693          	li	a3,44
   11f04:	0b67e863          	bltu	a5,s6,11fb4 <core_bench_state+0x144>
   11f08:	01512623          	sw	s5,12(sp)
   11f0c:	00c12783          	lw	a5,12(sp)
   11f10:	0007c783          	lbu	a5,0(a5)
   11f14:	0a079c63          	bnez	a5,11fcc <core_bench_state+0x15c>
   11f18:	02c00713          	li	a4,44
   11f1c:	0d64ec63          	bltu	s1,s6,11ff4 <core_bench_state+0x184>
   11f20:	00000493          	li	s1,0
   11f24:	02000a13          	li	s4,32
   11f28:	009987b3          	add	a5,s3,s1
   11f2c:	0007a503          	lw	a0,0(a5)
   11f30:	00040593          	mv	a1,s0
   11f34:	00000097          	auipc	ra,0x0
   11f38:	2a4080e7          	jalr	676(ra) # 121d8 <crcu32>
   11f3c:	009907b3          	add	a5,s2,s1
   11f40:	00050593          	mv	a1,a0
   11f44:	0007a503          	lw	a0,0(a5)
   11f48:	00448493          	addi	s1,s1,4
   11f4c:	00000097          	auipc	ra,0x0
   11f50:	28c080e7          	jalr	652(ra) # 121d8 <crcu32>
   11f54:	00050413          	mv	s0,a0
   11f58:	fd4498e3          	bne	s1,s4,11f28 <core_bench_state+0xb8>
   11f5c:	07c12083          	lw	ra,124(sp)
   11f60:	07812403          	lw	s0,120(sp)
   11f64:	07412483          	lw	s1,116(sp)
   11f68:	07012903          	lw	s2,112(sp)
   11f6c:	06c12983          	lw	s3,108(sp)
   11f70:	06812a03          	lw	s4,104(sp)
   11f74:	06412a83          	lw	s5,100(sp)
   11f78:	06012b03          	lw	s6,96(sp)
   11f7c:	05c12b83          	lw	s7,92(sp)
   11f80:	05812c03          	lw	s8,88(sp)
   11f84:	08010113          	addi	sp,sp,128
   11f88:	00008067          	ret
   11f8c:	00090593          	mv	a1,s2
   11f90:	00c10513          	addi	a0,sp,12
   11f94:	00000097          	auipc	ra,0x0
   11f98:	d20080e7          	jalr	-736(ra) # 11cb4 <core_state_transition>
   11f9c:	00251793          	slli	a5,a0,0x2
   11fa0:	00f987b3          	add	a5,s3,a5
   11fa4:	0007a703          	lw	a4,0(a5)
   11fa8:	00170713          	addi	a4,a4,1
   11fac:	00e7a023          	sw	a4,0(a5)
   11fb0:	f39ff06f          	j	11ee8 <core_bench_state+0x78>
   11fb4:	0007c703          	lbu	a4,0(a5)
   11fb8:	00d70663          	beq	a4,a3,11fc4 <core_bench_state+0x154>
   11fbc:	01774733          	xor	a4,a4,s7
   11fc0:	00e78023          	sb	a4,0(a5)
   11fc4:	014787b3          	add	a5,a5,s4
   11fc8:	f3dff06f          	j	11f04 <core_bench_state+0x94>
   11fcc:	00090593          	mv	a1,s2
   11fd0:	00c10513          	addi	a0,sp,12
   11fd4:	00000097          	auipc	ra,0x0
   11fd8:	ce0080e7          	jalr	-800(ra) # 11cb4 <core_state_transition>
   11fdc:	00251793          	slli	a5,a0,0x2
   11fe0:	00f987b3          	add	a5,s3,a5
   11fe4:	0007a703          	lw	a4,0(a5)
   11fe8:	00170713          	addi	a4,a4,1
   11fec:	00e7a023          	sw	a4,0(a5)
   11ff0:	f1dff06f          	j	11f0c <core_bench_state+0x9c>
   11ff4:	0004c783          	lbu	a5,0(s1)
   11ff8:	00e78663          	beq	a5,a4,12004 <core_bench_state+0x194>
   11ffc:	0187c7b3          	xor	a5,a5,s8
   12000:	00f48023          	sb	a5,0(s1)
   12004:	014484b3          	add	s1,s1,s4
   12008:	f15ff06f          	j	11f1c <core_bench_state+0xac>

0001200c <get_seed_32>:
   1200c:	fff50513          	addi	a0,a0,-1
   12010:	00400793          	li	a5,4
   12014:	04a7ec63          	bltu	a5,a0,1206c <get_seed_32+0x60>
   12018:	000217b7          	lui	a5,0x21
   1201c:	84878793          	addi	a5,a5,-1976 # 20848 <intpat+0x10>
   12020:	00251513          	slli	a0,a0,0x2
   12024:	00f50533          	add	a0,a0,a5
   12028:	00052783          	lw	a5,0(a0)
   1202c:	00078067          	jr	a5
   12030:	000217b7          	lui	a5,0x21
   12034:	1c07a503          	lw	a0,448(a5) # 211c0 <seed1_volatile>
   12038:	00008067          	ret
   1203c:	000217b7          	lui	a5,0x21
   12040:	1bc7a503          	lw	a0,444(a5) # 211bc <seed2_volatile>
   12044:	00008067          	ret
   12048:	000207b7          	lui	a5,0x20
   1204c:	0087a503          	lw	a0,8(a5) # 20008 <seed3_volatile>
   12050:	00008067          	ret
   12054:	000207b7          	lui	a5,0x20
   12058:	0047a503          	lw	a0,4(a5) # 20004 <seed4_volatile>
   1205c:	00008067          	ret
   12060:	000217b7          	lui	a5,0x21
   12064:	1b87a503          	lw	a0,440(a5) # 211b8 <seed5_volatile>
   12068:	00008067          	ret
   1206c:	00000513          	li	a0,0
   12070:	00008067          	ret

00012074 <crcu8>:
   12074:	0ff5f793          	zext.b	a5,a1
   12078:	00879793          	slli	a5,a5,0x8
   1207c:	0085d593          	srli	a1,a1,0x8
   12080:	000016b7          	lui	a3,0x1
   12084:	fffff337          	lui	t1,0xfffff
   12088:	0f030313          	addi	t1,t1,240 # fffff0f0 <__stack_top__+0xfffcf0f0>
   1208c:	00b7e7b3          	or	a5,a5,a1
   12090:	f0f68693          	addi	a3,a3,-241 # f0f <__STACK_SIZE-0xf1>
   12094:	00d7f5b3          	and	a1,a5,a3
   12098:	0067f7b3          	and	a5,a5,t1
   1209c:	0047d793          	srli	a5,a5,0x4
   120a0:	00459593          	slli	a1,a1,0x4
   120a4:	00003737          	lui	a4,0x3
   120a8:	ffffd8b7          	lui	a7,0xffffd
   120ac:	00f5e5b3          	or	a1,a1,a5
   120b0:	33370713          	addi	a4,a4,819 # 3333 <__HEAP_SIZE+0x1333>
   120b4:	ccc88893          	addi	a7,a7,-820 # ffffcccc <__stack_top__+0xfffccccc>
   120b8:	00f57e13          	andi	t3,a0,15
   120bc:	00e5f633          	and	a2,a1,a4
   120c0:	00455513          	srli	a0,a0,0x4
   120c4:	0115f5b3          	and	a1,a1,a7
   120c8:	004e1e13          	slli	t3,t3,0x4
   120cc:	0025d593          	srli	a1,a1,0x2
   120d0:	00ae6e33          	or	t3,t3,a0
   120d4:	00261613          	slli	a2,a2,0x2
   120d8:	00b66633          	or	a2,a2,a1
   120dc:	033e7513          	andi	a0,t3,51
   120e0:	000055b7          	lui	a1,0x5
   120e4:	ffffb837          	lui	a6,0xffffb
   120e8:	0cce7e13          	andi	t3,t3,204
   120ec:	55558593          	addi	a1,a1,1365 # 5555 <__HEAP_SIZE+0x3555>
   120f0:	aaa80813          	addi	a6,a6,-1366 # ffffaaaa <__stack_top__+0xfffcaaaa>
   120f4:	002e5e13          	srli	t3,t3,0x2
   120f8:	00251513          	slli	a0,a0,0x2
   120fc:	00b677b3          	and	a5,a2,a1
   12100:	01c56533          	or	a0,a0,t3
   12104:	01067633          	and	a2,a2,a6
   12108:	00179793          	slli	a5,a5,0x1
   1210c:	00165613          	srli	a2,a2,0x1
   12110:	05557e13          	andi	t3,a0,85
   12114:	0aa57513          	andi	a0,a0,170
   12118:	00c7eeb3          	or	t4,a5,a2
   1211c:	001e1e13          	slli	t3,t3,0x1
   12120:	00155513          	srli	a0,a0,0x1
   12124:	00ae6633          	or	a2,t3,a0
   12128:	008ed793          	srli	a5,t4,0x8
   1212c:	00c7c7b3          	xor	a5,a5,a2
   12130:	00020637          	lui	a2,0x20
   12134:	06c60613          	addi	a2,a2,108 # 2006c <_impure_ptr+0x4>
   12138:	00179793          	slli	a5,a5,0x1
   1213c:	00c787b3          	add	a5,a5,a2
   12140:	0007d783          	lhu	a5,0(a5)
   12144:	008e9e93          	slli	t4,t4,0x8
   12148:	01d7ceb3          	xor	t4,a5,t4
   1214c:	010e9613          	slli	a2,t4,0x10
   12150:	0ff7f793          	zext.b	a5,a5
   12154:	01865e93          	srli	t4,a2,0x18
   12158:	00879793          	slli	a5,a5,0x8
   1215c:	01d7e7b3          	or	a5,a5,t4
   12160:	00d7f6b3          	and	a3,a5,a3
   12164:	0067f7b3          	and	a5,a5,t1
   12168:	0047d793          	srli	a5,a5,0x4
   1216c:	00469693          	slli	a3,a3,0x4
   12170:	00f6e6b3          	or	a3,a3,a5
   12174:	00e6f7b3          	and	a5,a3,a4
   12178:	0116f6b3          	and	a3,a3,a7
   1217c:	0026d693          	srli	a3,a3,0x2
   12180:	00279793          	slli	a5,a5,0x2
   12184:	00d7e7b3          	or	a5,a5,a3
   12188:	00b7f533          	and	a0,a5,a1
   1218c:	0107f7b3          	and	a5,a5,a6
   12190:	0017d793          	srli	a5,a5,0x1
   12194:	00151513          	slli	a0,a0,0x1
   12198:	00f56533          	or	a0,a0,a5
   1219c:	00008067          	ret

000121a0 <crcu16>:
   121a0:	ff010113          	addi	sp,sp,-16
   121a4:	00812423          	sw	s0,8(sp)
   121a8:	00050413          	mv	s0,a0
   121ac:	0ff57513          	zext.b	a0,a0
   121b0:	00112623          	sw	ra,12(sp)
   121b4:	00000097          	auipc	ra,0x0
   121b8:	ec0080e7          	jalr	-320(ra) # 12074 <crcu8>
   121bc:	00050593          	mv	a1,a0
   121c0:	00845513          	srli	a0,s0,0x8
   121c4:	00812403          	lw	s0,8(sp)
   121c8:	00c12083          	lw	ra,12(sp)
   121cc:	01010113          	addi	sp,sp,16
   121d0:	00000317          	auipc	t1,0x0
   121d4:	ea430067          	jr	-348(t1) # 12074 <crcu8>

000121d8 <crcu32>:
   121d8:	ff010113          	addi	sp,sp,-16
   121dc:	00812423          	sw	s0,8(sp)
   121e0:	00050413          	mv	s0,a0
   121e4:	01051513          	slli	a0,a0,0x10
   121e8:	01055513          	srli	a0,a0,0x10
   121ec:	00112623          	sw	ra,12(sp)
   121f0:	00000097          	auipc	ra,0x0
   121f4:	fb0080e7          	jalr	-80(ra) # 121a0 <crcu16>
   121f8:	00050593          	mv	a1,a0
   121fc:	01045513          	srli	a0,s0,0x10
   12200:	00812403          	lw	s0,8(sp)
   12204:	00c12083          	lw	ra,12(sp)
   12208:	01010113          	addi	sp,sp,16
   1220c:	00000317          	auipc	t1,0x0
   12210:	f9430067          	jr	-108(t1) # 121a0 <crcu16>

00012214 <crc16>:
   12214:	01051513          	slli	a0,a0,0x10
   12218:	01055513          	srli	a0,a0,0x10
   1221c:	00000317          	auipc	t1,0x0
   12220:	f8430067          	jr	-124(t1) # 121a0 <crcu16>

00012224 <check_data_types>:
   12224:	00000513          	li	a0,0
   12228:	00008067          	ret

0001222c <iprintf>:
   1222c:	fc010113          	addi	sp,sp,-64
   12230:	02f12a23          	sw	a5,52(sp)
   12234:	0000e797          	auipc	a5,0xe
   12238:	e347a783          	lw	a5,-460(a5) # 20068 <_impure_ptr>
   1223c:	02c12423          	sw	a2,40(sp)
   12240:	02d12623          	sw	a3,44(sp)
   12244:	02b12223          	sw	a1,36(sp)
   12248:	02e12823          	sw	a4,48(sp)
   1224c:	03012c23          	sw	a6,56(sp)
   12250:	03112e23          	sw	a7,60(sp)
   12254:	0087a583          	lw	a1,8(a5)
   12258:	02410693          	addi	a3,sp,36
   1225c:	00050613          	mv	a2,a0
   12260:	00078513          	mv	a0,a5
   12264:	00112e23          	sw	ra,28(sp)
   12268:	00d12623          	sw	a3,12(sp)
   1226c:	00001097          	auipc	ra,0x1
   12270:	83c080e7          	jalr	-1988(ra) # 12aa8 <_vfiprintf_r>
   12274:	01c12083          	lw	ra,28(sp)
   12278:	04010113          	addi	sp,sp,64
   1227c:	00008067          	ret

00012280 <putchar>:
   12280:	00050593          	mv	a1,a0
   12284:	0000e517          	auipc	a0,0xe
   12288:	de452503          	lw	a0,-540(a0) # 20068 <_impure_ptr>
   1228c:	00852603          	lw	a2,8(a0)
   12290:	00002317          	auipc	t1,0x2
   12294:	85c30067          	jr	-1956(t1) # 13aec <_putc_r>

00012298 <_puts_r>:
   12298:	02052783          	lw	a5,32(a0)
   1229c:	fe010113          	addi	sp,sp,-32
   122a0:	00812c23          	sw	s0,24(sp)
   122a4:	00912a23          	sw	s1,20(sp)
   122a8:	01212823          	sw	s2,16(sp)
   122ac:	00112e23          	sw	ra,28(sp)
   122b0:	01312623          	sw	s3,12(sp)
   122b4:	00852403          	lw	s0,8(a0)
   122b8:	00050493          	mv	s1,a0
   122bc:	00058913          	mv	s2,a1
   122c0:	00079663          	bnez	a5,122cc <_puts_r+0x34>
   122c4:	00001097          	auipc	ra,0x1
   122c8:	5c4080e7          	jalr	1476(ra) # 13888 <__sinit>
   122cc:	06442783          	lw	a5,100(s0)
   122d0:	0017f793          	andi	a5,a5,1
   122d4:	00079e63          	bnez	a5,122f0 <_puts_r+0x58>
   122d8:	00c45783          	lhu	a5,12(s0)
   122dc:	2007f793          	andi	a5,a5,512
   122e0:	00079863          	bnez	a5,122f0 <_puts_r+0x58>
   122e4:	05842503          	lw	a0,88(s0)
   122e8:	00000097          	auipc	ra,0x0
   122ec:	360080e7          	jalr	864(ra) # 12648 <__retarget_lock_acquire_recursive>
   122f0:	00c45783          	lhu	a5,12(s0)
   122f4:	0087f793          	andi	a5,a5,8
   122f8:	00078663          	beqz	a5,12304 <_puts_r+0x6c>
   122fc:	01042783          	lw	a5,16(s0)
   12300:	0c079e63          	bnez	a5,123dc <_puts_r+0x144>
   12304:	00040593          	mv	a1,s0
   12308:	00048513          	mv	a0,s1
   1230c:	00000097          	auipc	ra,0x0
   12310:	210080e7          	jalr	528(ra) # 1251c <__swsetup_r>
   12314:	0c050463          	beqz	a0,123dc <_puts_r+0x144>
   12318:	fff00493          	li	s1,-1
   1231c:	06442783          	lw	a5,100(s0)
   12320:	0017f793          	andi	a5,a5,1
   12324:	00079e63          	bnez	a5,12340 <_puts_r+0xa8>
   12328:	00c45783          	lhu	a5,12(s0)
   1232c:	2007f793          	andi	a5,a5,512
   12330:	00079863          	bnez	a5,12340 <_puts_r+0xa8>
   12334:	05842503          	lw	a0,88(s0)
   12338:	00000097          	auipc	ra,0x0
   1233c:	314080e7          	jalr	788(ra) # 1264c <__retarget_lock_release_recursive>
   12340:	01c12083          	lw	ra,28(sp)
   12344:	01812403          	lw	s0,24(sp)
   12348:	01012903          	lw	s2,16(sp)
   1234c:	00c12983          	lw	s3,12(sp)
   12350:	00048513          	mv	a0,s1
   12354:	01412483          	lw	s1,20(sp)
   12358:	02010113          	addi	sp,sp,32
   1235c:	00008067          	ret
   12360:	0007da63          	bgez	a5,12374 <_puts_r+0xdc>
   12364:	01842703          	lw	a4,24(s0)
   12368:	04e7ce63          	blt	a5,a4,123c4 <_puts_r+0x12c>
   1236c:	ff658793          	addi	a5,a1,-10
   12370:	04078a63          	beqz	a5,123c4 <_puts_r+0x12c>
   12374:	00042783          	lw	a5,0(s0)
   12378:	00178713          	addi	a4,a5,1
   1237c:	00e42023          	sw	a4,0(s0)
   12380:	00b78023          	sb	a1,0(a5)
   12384:	00190913          	addi	s2,s2,1
   12388:	00842783          	lw	a5,8(s0)
   1238c:	00094583          	lbu	a1,0(s2)
   12390:	fff78793          	addi	a5,a5,-1
   12394:	00f42423          	sw	a5,8(s0)
   12398:	fc0594e3          	bnez	a1,12360 <_puts_r+0xc8>
   1239c:	0407d463          	bgez	a5,123e4 <_puts_r+0x14c>
   123a0:	00040613          	mv	a2,s0
   123a4:	00a00593          	li	a1,10
   123a8:	00048513          	mv	a0,s1
   123ac:	00000097          	auipc	ra,0x0
   123b0:	064080e7          	jalr	100(ra) # 12410 <__swbuf_r>
   123b4:	fff00793          	li	a5,-1
   123b8:	f6f500e3          	beq	a0,a5,12318 <_puts_r+0x80>
   123bc:	00a00493          	li	s1,10
   123c0:	f5dff06f          	j	1231c <_puts_r+0x84>
   123c4:	00040613          	mv	a2,s0
   123c8:	00048513          	mv	a0,s1
   123cc:	00000097          	auipc	ra,0x0
   123d0:	044080e7          	jalr	68(ra) # 12410 <__swbuf_r>
   123d4:	fb3518e3          	bne	a0,s3,12384 <_puts_r+0xec>
   123d8:	f41ff06f          	j	12318 <_puts_r+0x80>
   123dc:	fff00993          	li	s3,-1
   123e0:	fa9ff06f          	j	12388 <_puts_r+0xf0>
   123e4:	00042783          	lw	a5,0(s0)
   123e8:	00178713          	addi	a4,a5,1
   123ec:	00e42023          	sw	a4,0(s0)
   123f0:	00a00713          	li	a4,10
   123f4:	00e78023          	sb	a4,0(a5)
   123f8:	fc5ff06f          	j	123bc <_puts_r+0x124>

000123fc <puts>:
   123fc:	00050593          	mv	a1,a0
   12400:	0000e517          	auipc	a0,0xe
   12404:	c6852503          	lw	a0,-920(a0) # 20068 <_impure_ptr>
   12408:	00000317          	auipc	t1,0x0
   1240c:	e9030067          	jr	-368(t1) # 12298 <_puts_r>

00012410 <__swbuf_r>:
   12410:	fe010113          	addi	sp,sp,-32
   12414:	00812c23          	sw	s0,24(sp)
   12418:	00912a23          	sw	s1,20(sp)
   1241c:	01312623          	sw	s3,12(sp)
   12420:	00112e23          	sw	ra,28(sp)
   12424:	01212823          	sw	s2,16(sp)
   12428:	00050493          	mv	s1,a0
   1242c:	00058993          	mv	s3,a1
   12430:	00060413          	mv	s0,a2
   12434:	00050a63          	beqz	a0,12448 <__swbuf_r+0x38>
   12438:	02052783          	lw	a5,32(a0)
   1243c:	00079663          	bnez	a5,12448 <__swbuf_r+0x38>
   12440:	00001097          	auipc	ra,0x1
   12444:	448080e7          	jalr	1096(ra) # 13888 <__sinit>
   12448:	01842783          	lw	a5,24(s0)
   1244c:	00f42423          	sw	a5,8(s0)
   12450:	00c45783          	lhu	a5,12(s0)
   12454:	0087f793          	andi	a5,a5,8
   12458:	00078663          	beqz	a5,12464 <__swbuf_r+0x54>
   1245c:	01042783          	lw	a5,16(s0)
   12460:	02079e63          	bnez	a5,1249c <__swbuf_r+0x8c>
   12464:	00040593          	mv	a1,s0
   12468:	00048513          	mv	a0,s1
   1246c:	00000097          	auipc	ra,0x0
   12470:	0b0080e7          	jalr	176(ra) # 1251c <__swsetup_r>
   12474:	02050463          	beqz	a0,1249c <__swbuf_r+0x8c>
   12478:	fff00913          	li	s2,-1
   1247c:	01c12083          	lw	ra,28(sp)
   12480:	01812403          	lw	s0,24(sp)
   12484:	01412483          	lw	s1,20(sp)
   12488:	00c12983          	lw	s3,12(sp)
   1248c:	00090513          	mv	a0,s2
   12490:	01012903          	lw	s2,16(sp)
   12494:	02010113          	addi	sp,sp,32
   12498:	00008067          	ret
   1249c:	01042783          	lw	a5,16(s0)
   124a0:	00042503          	lw	a0,0(s0)
   124a4:	40f50533          	sub	a0,a0,a5
   124a8:	01442783          	lw	a5,20(s0)
   124ac:	00f54c63          	blt	a0,a5,124c4 <__swbuf_r+0xb4>
   124b0:	00040593          	mv	a1,s0
   124b4:	00048513          	mv	a0,s1
   124b8:	00001097          	auipc	ra,0x1
   124bc:	120080e7          	jalr	288(ra) # 135d8 <_fflush_r>
   124c0:	fa051ce3          	bnez	a0,12478 <__swbuf_r+0x68>
   124c4:	00842783          	lw	a5,8(s0)
   124c8:	00150513          	addi	a0,a0,1
   124cc:	0ff9f913          	zext.b	s2,s3
   124d0:	fff78793          	addi	a5,a5,-1
   124d4:	00f42423          	sw	a5,8(s0)
   124d8:	00042783          	lw	a5,0(s0)
   124dc:	00178713          	addi	a4,a5,1
   124e0:	00e42023          	sw	a4,0(s0)
   124e4:	01378023          	sb	s3,0(a5)
   124e8:	01442783          	lw	a5,20(s0)
   124ec:	00a78c63          	beq	a5,a0,12504 <__swbuf_r+0xf4>
   124f0:	00c45783          	lhu	a5,12(s0)
   124f4:	0017f793          	andi	a5,a5,1
   124f8:	f80782e3          	beqz	a5,1247c <__swbuf_r+0x6c>
   124fc:	ff690793          	addi	a5,s2,-10
   12500:	f6079ee3          	bnez	a5,1247c <__swbuf_r+0x6c>
   12504:	00040593          	mv	a1,s0
   12508:	00048513          	mv	a0,s1
   1250c:	00001097          	auipc	ra,0x1
   12510:	0cc080e7          	jalr	204(ra) # 135d8 <_fflush_r>
   12514:	f60504e3          	beqz	a0,1247c <__swbuf_r+0x6c>
   12518:	f61ff06f          	j	12478 <__swbuf_r+0x68>

0001251c <__swsetup_r>:
   1251c:	ff010113          	addi	sp,sp,-16
   12520:	00912223          	sw	s1,4(sp)
   12524:	00050493          	mv	s1,a0
   12528:	0000e517          	auipc	a0,0xe
   1252c:	b4052503          	lw	a0,-1216(a0) # 20068 <_impure_ptr>
   12530:	00812423          	sw	s0,8(sp)
   12534:	00112623          	sw	ra,12(sp)
   12538:	00058413          	mv	s0,a1
   1253c:	00050a63          	beqz	a0,12550 <__swsetup_r+0x34>
   12540:	02052783          	lw	a5,32(a0)
   12544:	00079663          	bnez	a5,12550 <__swsetup_r+0x34>
   12548:	00001097          	auipc	ra,0x1
   1254c:	340080e7          	jalr	832(ra) # 13888 <__sinit>
   12550:	00c41783          	lh	a5,12(s0)
   12554:	0087f713          	andi	a4,a5,8
   12558:	06071463          	bnez	a4,125c0 <__swsetup_r+0xa4>
   1255c:	0107f713          	andi	a4,a5,16
   12560:	00071e63          	bnez	a4,1257c <__swsetup_r+0x60>
   12564:	00900713          	li	a4,9
   12568:	00e4a023          	sw	a4,0(s1)
   1256c:	0407e793          	ori	a5,a5,64
   12570:	00f41623          	sh	a5,12(s0)
   12574:	fff00513          	li	a0,-1
   12578:	0a00006f          	j	12618 <__swsetup_r+0xfc>
   1257c:	0047f713          	andi	a4,a5,4
   12580:	02070c63          	beqz	a4,125b8 <__swsetup_r+0x9c>
   12584:	03442583          	lw	a1,52(s0)
   12588:	00058e63          	beqz	a1,125a4 <__swsetup_r+0x88>
   1258c:	04440793          	addi	a5,s0,68
   12590:	00f58863          	beq	a1,a5,125a0 <__swsetup_r+0x84>
   12594:	00048513          	mv	a0,s1
   12598:	00000097          	auipc	ra,0x0
   1259c:	0b8080e7          	jalr	184(ra) # 12650 <_free_r>
   125a0:	02042a23          	sw	zero,52(s0)
   125a4:	00c45783          	lhu	a5,12(s0)
   125a8:	01042703          	lw	a4,16(s0)
   125ac:	00042223          	sw	zero,4(s0)
   125b0:	fdb7f793          	andi	a5,a5,-37
   125b4:	00e42023          	sw	a4,0(s0)
   125b8:	0087e793          	ori	a5,a5,8
   125bc:	00f41623          	sh	a5,12(s0)
   125c0:	01042783          	lw	a5,16(s0)
   125c4:	02079263          	bnez	a5,125e8 <__swsetup_r+0xcc>
   125c8:	00c42783          	lw	a5,12(s0)
   125cc:	20000713          	li	a4,512
   125d0:	2807f793          	andi	a5,a5,640
   125d4:	00e78a63          	beq	a5,a4,125e8 <__swsetup_r+0xcc>
   125d8:	00040593          	mv	a1,s0
   125dc:	00048513          	mv	a0,s1
   125e0:	00001097          	auipc	ra,0x1
   125e4:	434080e7          	jalr	1076(ra) # 13a14 <__smakebuf_r>
   125e8:	00c41783          	lh	a5,12(s0)
   125ec:	0017f713          	andi	a4,a5,1
   125f0:	02070e63          	beqz	a4,1262c <__swsetup_r+0x110>
   125f4:	01442703          	lw	a4,20(s0)
   125f8:	00042423          	sw	zero,8(s0)
   125fc:	40e00733          	neg	a4,a4
   12600:	00e42c23          	sw	a4,24(s0)
   12604:	01042703          	lw	a4,16(s0)
   12608:	00000513          	li	a0,0
   1260c:	00071663          	bnez	a4,12618 <__swsetup_r+0xfc>
   12610:	0807f713          	andi	a4,a5,128
   12614:	f4071ce3          	bnez	a4,1256c <__swsetup_r+0x50>
   12618:	00c12083          	lw	ra,12(sp)
   1261c:	00812403          	lw	s0,8(sp)
   12620:	00412483          	lw	s1,4(sp)
   12624:	01010113          	addi	sp,sp,16
   12628:	00008067          	ret
   1262c:	0027f713          	andi	a4,a5,2
   12630:	00000693          	li	a3,0
   12634:	00071463          	bnez	a4,1263c <__swsetup_r+0x120>
   12638:	01442683          	lw	a3,20(s0)
   1263c:	00d42423          	sw	a3,8(s0)
   12640:	fc5ff06f          	j	12604 <__swsetup_r+0xe8>

00012644 <__retarget_lock_init_recursive>:
   12644:	00008067          	ret

00012648 <__retarget_lock_acquire_recursive>:
   12648:	00008067          	ret

0001264c <__retarget_lock_release_recursive>:
   1264c:	00008067          	ret

00012650 <_free_r>:
   12650:	10058263          	beqz	a1,12754 <_free_r+0x104>
   12654:	ffc5a783          	lw	a5,-4(a1)
   12658:	fe010113          	addi	sp,sp,-32
   1265c:	00812c23          	sw	s0,24(sp)
   12660:	00112e23          	sw	ra,28(sp)
   12664:	ffc58413          	addi	s0,a1,-4
   12668:	0007d463          	bgez	a5,12670 <_free_r+0x20>
   1266c:	00f40433          	add	s0,s0,a5
   12670:	00a12623          	sw	a0,12(sp)
   12674:	00000097          	auipc	ra,0x0
   12678:	35c080e7          	jalr	860(ra) # 129d0 <__malloc_lock>
   1267c:	0000e797          	auipc	a5,0xe
   12680:	34c7a783          	lw	a5,844(a5) # 209c8 <__malloc_free_list>
   12684:	00c12503          	lw	a0,12(sp)
   12688:	02079263          	bnez	a5,126ac <_free_r+0x5c>
   1268c:	00042223          	sw	zero,4(s0)
   12690:	0000e797          	auipc	a5,0xe
   12694:	3287ac23          	sw	s0,824(a5) # 209c8 <__malloc_free_list>
   12698:	01812403          	lw	s0,24(sp)
   1269c:	01c12083          	lw	ra,28(sp)
   126a0:	02010113          	addi	sp,sp,32
   126a4:	00000317          	auipc	t1,0x0
   126a8:	33c30067          	jr	828(t1) # 129e0 <__malloc_unlock>
   126ac:	02f47463          	bgeu	s0,a5,126d4 <_free_r+0x84>
   126b0:	00042683          	lw	a3,0(s0)
   126b4:	00d40733          	add	a4,s0,a3
   126b8:	00e79a63          	bne	a5,a4,126cc <_free_r+0x7c>
   126bc:	0007a703          	lw	a4,0(a5)
   126c0:	0047a783          	lw	a5,4(a5)
   126c4:	00d70733          	add	a4,a4,a3
   126c8:	00e42023          	sw	a4,0(s0)
   126cc:	00f42223          	sw	a5,4(s0)
   126d0:	fc1ff06f          	j	12690 <_free_r+0x40>
   126d4:	00078713          	mv	a4,a5
   126d8:	0047a783          	lw	a5,4(a5)
   126dc:	00078463          	beqz	a5,126e4 <_free_r+0x94>
   126e0:	fef47ae3          	bgeu	s0,a5,126d4 <_free_r+0x84>
   126e4:	00072683          	lw	a3,0(a4)
   126e8:	00d70633          	add	a2,a4,a3
   126ec:	02861863          	bne	a2,s0,1271c <_free_r+0xcc>
   126f0:	00042603          	lw	a2,0(s0)
   126f4:	00c686b3          	add	a3,a3,a2
   126f8:	00d72023          	sw	a3,0(a4)
   126fc:	00d70633          	add	a2,a4,a3
   12700:	f8c79ce3          	bne	a5,a2,12698 <_free_r+0x48>
   12704:	0007a603          	lw	a2,0(a5)
   12708:	0047a783          	lw	a5,4(a5)
   1270c:	00d606b3          	add	a3,a2,a3
   12710:	00d72023          	sw	a3,0(a4)
   12714:	00f72223          	sw	a5,4(a4)
   12718:	f81ff06f          	j	12698 <_free_r+0x48>
   1271c:	00c47863          	bgeu	s0,a2,1272c <_free_r+0xdc>
   12720:	00c00793          	li	a5,12
   12724:	00f52023          	sw	a5,0(a0)
   12728:	f71ff06f          	j	12698 <_free_r+0x48>
   1272c:	00042603          	lw	a2,0(s0)
   12730:	00c406b3          	add	a3,s0,a2
   12734:	00d79a63          	bne	a5,a3,12748 <_free_r+0xf8>
   12738:	0007a683          	lw	a3,0(a5)
   1273c:	0047a783          	lw	a5,4(a5)
   12740:	00c686b3          	add	a3,a3,a2
   12744:	00d42023          	sw	a3,0(s0)
   12748:	00f42223          	sw	a5,4(s0)
   1274c:	00872223          	sw	s0,4(a4)
   12750:	f49ff06f          	j	12698 <_free_r+0x48>
   12754:	00008067          	ret

00012758 <sbrk_aligned>:
   12758:	0000e797          	auipc	a5,0xe
   1275c:	26c7a783          	lw	a5,620(a5) # 209c4 <__malloc_sbrk_start>
   12760:	ff010113          	addi	sp,sp,-16
   12764:	00812423          	sw	s0,8(sp)
   12768:	01212023          	sw	s2,0(sp)
   1276c:	00112623          	sw	ra,12(sp)
   12770:	00912223          	sw	s1,4(sp)
   12774:	00050913          	mv	s2,a0
   12778:	00058413          	mv	s0,a1
   1277c:	00079c63          	bnez	a5,12794 <sbrk_aligned+0x3c>
   12780:	00000593          	li	a1,0
   12784:	00001097          	auipc	ra,0x1
   12788:	750080e7          	jalr	1872(ra) # 13ed4 <_sbrk_r>
   1278c:	0000e797          	auipc	a5,0xe
   12790:	22a7ac23          	sw	a0,568(a5) # 209c4 <__malloc_sbrk_start>
   12794:	00040593          	mv	a1,s0
   12798:	00090513          	mv	a0,s2
   1279c:	00001097          	auipc	ra,0x1
   127a0:	738080e7          	jalr	1848(ra) # 13ed4 <_sbrk_r>
   127a4:	fff00493          	li	s1,-1
   127a8:	02951263          	bne	a0,s1,127cc <sbrk_aligned+0x74>
   127ac:	fff00413          	li	s0,-1
   127b0:	00c12083          	lw	ra,12(sp)
   127b4:	00040513          	mv	a0,s0
   127b8:	00812403          	lw	s0,8(sp)
   127bc:	00412483          	lw	s1,4(sp)
   127c0:	00012903          	lw	s2,0(sp)
   127c4:	01010113          	addi	sp,sp,16
   127c8:	00008067          	ret
   127cc:	00350413          	addi	s0,a0,3
   127d0:	ffc47413          	andi	s0,s0,-4
   127d4:	fc850ee3          	beq	a0,s0,127b0 <sbrk_aligned+0x58>
   127d8:	40a405b3          	sub	a1,s0,a0
   127dc:	00090513          	mv	a0,s2
   127e0:	00001097          	auipc	ra,0x1
   127e4:	6f4080e7          	jalr	1780(ra) # 13ed4 <_sbrk_r>
   127e8:	fc9514e3          	bne	a0,s1,127b0 <sbrk_aligned+0x58>
   127ec:	fc1ff06f          	j	127ac <sbrk_aligned+0x54>

000127f0 <_malloc_r>:
   127f0:	fe010113          	addi	sp,sp,-32
   127f4:	00912a23          	sw	s1,20(sp)
   127f8:	00358493          	addi	s1,a1,3
   127fc:	ffc4f493          	andi	s1,s1,-4
   12800:	00112e23          	sw	ra,28(sp)
   12804:	00812c23          	sw	s0,24(sp)
   12808:	01212823          	sw	s2,16(sp)
   1280c:	01312623          	sw	s3,12(sp)
   12810:	01412423          	sw	s4,8(sp)
   12814:	00848493          	addi	s1,s1,8
   12818:	00c00793          	li	a5,12
   1281c:	00f4f463          	bgeu	s1,a5,12824 <_malloc_r+0x34>
   12820:	00078493          	mv	s1,a5
   12824:	0004c463          	bltz	s1,1282c <_malloc_r+0x3c>
   12828:	02b4f863          	bgeu	s1,a1,12858 <_malloc_r+0x68>
   1282c:	00c00793          	li	a5,12
   12830:	00f52023          	sw	a5,0(a0)
   12834:	00000513          	li	a0,0
   12838:	01c12083          	lw	ra,28(sp)
   1283c:	01812403          	lw	s0,24(sp)
   12840:	01412483          	lw	s1,20(sp)
   12844:	01012903          	lw	s2,16(sp)
   12848:	00c12983          	lw	s3,12(sp)
   1284c:	00812a03          	lw	s4,8(sp)
   12850:	02010113          	addi	sp,sp,32
   12854:	00008067          	ret
   12858:	00050913          	mv	s2,a0
   1285c:	0000e997          	auipc	s3,0xe
   12860:	16c98993          	addi	s3,s3,364 # 209c8 <__malloc_free_list>
   12864:	00000097          	auipc	ra,0x0
   12868:	16c080e7          	jalr	364(ra) # 129d0 <__malloc_lock>
   1286c:	0009a783          	lw	a5,0(s3)
   12870:	00078413          	mv	s0,a5
   12874:	08041863          	bnez	s0,12904 <_malloc_r+0x114>
   12878:	00048593          	mv	a1,s1
   1287c:	00090513          	mv	a0,s2
   12880:	00000097          	auipc	ra,0x0
   12884:	ed8080e7          	jalr	-296(ra) # 12758 <sbrk_aligned>
   12888:	fff00793          	li	a5,-1
   1288c:	00050413          	mv	s0,a0
   12890:	12f51c63          	bne	a0,a5,129c8 <_malloc_r+0x1d8>
   12894:	0009a403          	lw	s0,0(s3)
   12898:	00040793          	mv	a5,s0
   1289c:	0e079a63          	bnez	a5,12990 <_malloc_r+0x1a0>
   128a0:	10040863          	beqz	s0,129b0 <_malloc_r+0x1c0>
   128a4:	00042a03          	lw	s4,0(s0)
   128a8:	00000593          	li	a1,0
   128ac:	00090513          	mv	a0,s2
   128b0:	01440a33          	add	s4,s0,s4
   128b4:	00001097          	auipc	ra,0x1
   128b8:	620080e7          	jalr	1568(ra) # 13ed4 <_sbrk_r>
   128bc:	0eaa1a63          	bne	s4,a0,129b0 <_malloc_r+0x1c0>
   128c0:	00042783          	lw	a5,0(s0)
   128c4:	00090513          	mv	a0,s2
   128c8:	40f484b3          	sub	s1,s1,a5
   128cc:	00048593          	mv	a1,s1
   128d0:	00000097          	auipc	ra,0x0
   128d4:	e88080e7          	jalr	-376(ra) # 12758 <sbrk_aligned>
   128d8:	fff00793          	li	a5,-1
   128dc:	0cf50a63          	beq	a0,a5,129b0 <_malloc_r+0x1c0>
   128e0:	00042783          	lw	a5,0(s0)
   128e4:	009787b3          	add	a5,a5,s1
   128e8:	00f42023          	sw	a5,0(s0)
   128ec:	0009a783          	lw	a5,0(s3)
   128f0:	0047a703          	lw	a4,4(a5)
   128f4:	0a071463          	bnez	a4,1299c <_malloc_r+0x1ac>
   128f8:	0000e797          	auipc	a5,0xe
   128fc:	0c07a823          	sw	zero,208(a5) # 209c8 <__malloc_free_list>
   12900:	0340006f          	j	12934 <_malloc_r+0x144>
   12904:	00042683          	lw	a3,0(s0)
   12908:	409686b3          	sub	a3,a3,s1
   1290c:	0606cc63          	bltz	a3,12984 <_malloc_r+0x194>
   12910:	00b00713          	li	a4,11
   12914:	04d77c63          	bgeu	a4,a3,1296c <_malloc_r+0x17c>
   12918:	00942023          	sw	s1,0(s0)
   1291c:	00940733          	add	a4,s0,s1
   12920:	04879263          	bne	a5,s0,12964 <_malloc_r+0x174>
   12924:	00e9a023          	sw	a4,0(s3)
   12928:	00442783          	lw	a5,4(s0)
   1292c:	00d72023          	sw	a3,0(a4)
   12930:	00f72223          	sw	a5,4(a4)
   12934:	00090513          	mv	a0,s2
   12938:	00000097          	auipc	ra,0x0
   1293c:	0a8080e7          	jalr	168(ra) # 129e0 <__malloc_unlock>
   12940:	00b40513          	addi	a0,s0,11
   12944:	00440793          	addi	a5,s0,4
   12948:	ff857513          	andi	a0,a0,-8
   1294c:	40f50733          	sub	a4,a0,a5
   12950:	eef504e3          	beq	a0,a5,12838 <_malloc_r+0x48>
   12954:	00e40433          	add	s0,s0,a4
   12958:	40a787b3          	sub	a5,a5,a0
   1295c:	00f42023          	sw	a5,0(s0)
   12960:	ed9ff06f          	j	12838 <_malloc_r+0x48>
   12964:	00e7a223          	sw	a4,4(a5)
   12968:	fc1ff06f          	j	12928 <_malloc_r+0x138>
   1296c:	00442703          	lw	a4,4(s0)
   12970:	00879663          	bne	a5,s0,1297c <_malloc_r+0x18c>
   12974:	00e9a023          	sw	a4,0(s3)
   12978:	fbdff06f          	j	12934 <_malloc_r+0x144>
   1297c:	00e7a223          	sw	a4,4(a5)
   12980:	fb5ff06f          	j	12934 <_malloc_r+0x144>
   12984:	00040793          	mv	a5,s0
   12988:	00442403          	lw	s0,4(s0)
   1298c:	ee9ff06f          	j	12874 <_malloc_r+0x84>
   12990:	00078413          	mv	s0,a5
   12994:	0047a783          	lw	a5,4(a5)
   12998:	f05ff06f          	j	1289c <_malloc_r+0xac>
   1299c:	00078713          	mv	a4,a5
   129a0:	0047a783          	lw	a5,4(a5)
   129a4:	fe879ce3          	bne	a5,s0,1299c <_malloc_r+0x1ac>
   129a8:	00072223          	sw	zero,4(a4)
   129ac:	f89ff06f          	j	12934 <_malloc_r+0x144>
   129b0:	00c00793          	li	a5,12
   129b4:	00f92023          	sw	a5,0(s2)
   129b8:	00090513          	mv	a0,s2
   129bc:	00000097          	auipc	ra,0x0
   129c0:	024080e7          	jalr	36(ra) # 129e0 <__malloc_unlock>
   129c4:	e71ff06f          	j	12834 <_malloc_r+0x44>
   129c8:	00952023          	sw	s1,0(a0)
   129cc:	f69ff06f          	j	12934 <_malloc_r+0x144>

000129d0 <__malloc_lock>:
   129d0:	0000e517          	auipc	a0,0xe
   129d4:	fec50513          	addi	a0,a0,-20 # 209bc <__lock___malloc_recursive_mutex>
   129d8:	00000317          	auipc	t1,0x0
   129dc:	c7030067          	jr	-912(t1) # 12648 <__retarget_lock_acquire_recursive>

000129e0 <__malloc_unlock>:
   129e0:	0000e517          	auipc	a0,0xe
   129e4:	fdc50513          	addi	a0,a0,-36 # 209bc <__lock___malloc_recursive_mutex>
   129e8:	00000317          	auipc	t1,0x0
   129ec:	c6430067          	jr	-924(t1) # 1264c <__retarget_lock_release_recursive>

000129f0 <__sfputc_r>:
   129f0:	00862783          	lw	a5,8(a2)
   129f4:	fff78793          	addi	a5,a5,-1
   129f8:	00f62423          	sw	a5,8(a2)
   129fc:	0007de63          	bgez	a5,12a18 <__sfputc_r+0x28>
   12a00:	01862703          	lw	a4,24(a2)
   12a04:	00e7c663          	blt	a5,a4,12a10 <__sfputc_r+0x20>
   12a08:	ff658793          	addi	a5,a1,-10
   12a0c:	00079663          	bnez	a5,12a18 <__sfputc_r+0x28>
   12a10:	00000317          	auipc	t1,0x0
   12a14:	a0030067          	jr	-1536(t1) # 12410 <__swbuf_r>
   12a18:	00062783          	lw	a5,0(a2)
   12a1c:	00058513          	mv	a0,a1
   12a20:	00178713          	addi	a4,a5,1
   12a24:	00e62023          	sw	a4,0(a2)
   12a28:	00b78023          	sb	a1,0(a5)
   12a2c:	00008067          	ret

00012a30 <__sfputs_r>:
   12a30:	fe010113          	addi	sp,sp,-32
   12a34:	00812c23          	sw	s0,24(sp)
   12a38:	00912a23          	sw	s1,20(sp)
   12a3c:	01212823          	sw	s2,16(sp)
   12a40:	01312623          	sw	s3,12(sp)
   12a44:	01412423          	sw	s4,8(sp)
   12a48:	00112e23          	sw	ra,28(sp)
   12a4c:	00050993          	mv	s3,a0
   12a50:	00058a13          	mv	s4,a1
   12a54:	00060413          	mv	s0,a2
   12a58:	00d604b3          	add	s1,a2,a3
   12a5c:	fff00913          	li	s2,-1
   12a60:	00941663          	bne	s0,s1,12a6c <__sfputs_r+0x3c>
   12a64:	00000513          	li	a0,0
   12a68:	0200006f          	j	12a88 <__sfputs_r+0x58>
   12a6c:	00044583          	lbu	a1,0(s0)
   12a70:	000a0613          	mv	a2,s4
   12a74:	00098513          	mv	a0,s3
   12a78:	00000097          	auipc	ra,0x0
   12a7c:	f78080e7          	jalr	-136(ra) # 129f0 <__sfputc_r>
   12a80:	00140413          	addi	s0,s0,1
   12a84:	fd251ee3          	bne	a0,s2,12a60 <__sfputs_r+0x30>
   12a88:	01c12083          	lw	ra,28(sp)
   12a8c:	01812403          	lw	s0,24(sp)
   12a90:	01412483          	lw	s1,20(sp)
   12a94:	01012903          	lw	s2,16(sp)
   12a98:	00c12983          	lw	s3,12(sp)
   12a9c:	00812a03          	lw	s4,8(sp)
   12aa0:	02010113          	addi	sp,sp,32
   12aa4:	00008067          	ret

00012aa8 <_vfiprintf_r>:
   12aa8:	f5010113          	addi	sp,sp,-176
   12aac:	0a812423          	sw	s0,168(sp)
   12ab0:	0a912223          	sw	s1,164(sp)
   12ab4:	09312e23          	sw	s3,156(sp)
   12ab8:	09412c23          	sw	s4,152(sp)
   12abc:	0a112623          	sw	ra,172(sp)
   12ac0:	0b212023          	sw	s2,160(sp)
   12ac4:	09512a23          	sw	s5,148(sp)
   12ac8:	09612823          	sw	s6,144(sp)
   12acc:	09712623          	sw	s7,140(sp)
   12ad0:	09812423          	sw	s8,136(sp)
   12ad4:	09912223          	sw	s9,132(sp)
   12ad8:	00050993          	mv	s3,a0
   12adc:	00058493          	mv	s1,a1
   12ae0:	00060413          	mv	s0,a2
   12ae4:	00068a13          	mv	s4,a3
   12ae8:	00050a63          	beqz	a0,12afc <_vfiprintf_r+0x54>
   12aec:	02052783          	lw	a5,32(a0)
   12af0:	00079663          	bnez	a5,12afc <_vfiprintf_r+0x54>
   12af4:	00001097          	auipc	ra,0x1
   12af8:	d94080e7          	jalr	-620(ra) # 13888 <__sinit>
   12afc:	0644a783          	lw	a5,100(s1)
   12b00:	0017f793          	andi	a5,a5,1
   12b04:	00079e63          	bnez	a5,12b20 <_vfiprintf_r+0x78>
   12b08:	00c4d783          	lhu	a5,12(s1)
   12b0c:	2007f793          	andi	a5,a5,512
   12b10:	00079863          	bnez	a5,12b20 <_vfiprintf_r+0x78>
   12b14:	0584a503          	lw	a0,88(s1)
   12b18:	00000097          	auipc	ra,0x0
   12b1c:	b30080e7          	jalr	-1232(ra) # 12648 <__retarget_lock_acquire_recursive>
   12b20:	00c4d783          	lhu	a5,12(s1)
   12b24:	0087f793          	andi	a5,a5,8
   12b28:	00078663          	beqz	a5,12b34 <_vfiprintf_r+0x8c>
   12b2c:	0104a783          	lw	a5,16(s1)
   12b30:	06079c63          	bnez	a5,12ba8 <_vfiprintf_r+0x100>
   12b34:	00048593          	mv	a1,s1
   12b38:	00098513          	mv	a0,s3
   12b3c:	00000097          	auipc	ra,0x0
   12b40:	9e0080e7          	jalr	-1568(ra) # 1251c <__swsetup_r>
   12b44:	06050263          	beqz	a0,12ba8 <_vfiprintf_r+0x100>
   12b48:	0644a783          	lw	a5,100(s1)
   12b4c:	0017f793          	andi	a5,a5,1
   12b50:	02078e63          	beqz	a5,12b8c <_vfiprintf_r+0xe4>
   12b54:	fff00513          	li	a0,-1
   12b58:	0ac12083          	lw	ra,172(sp)
   12b5c:	0a812403          	lw	s0,168(sp)
   12b60:	0a412483          	lw	s1,164(sp)
   12b64:	0a012903          	lw	s2,160(sp)
   12b68:	09c12983          	lw	s3,156(sp)
   12b6c:	09812a03          	lw	s4,152(sp)
   12b70:	09412a83          	lw	s5,148(sp)
   12b74:	09012b03          	lw	s6,144(sp)
   12b78:	08c12b83          	lw	s7,140(sp)
   12b7c:	08812c03          	lw	s8,136(sp)
   12b80:	08412c83          	lw	s9,132(sp)
   12b84:	0b010113          	addi	sp,sp,176
   12b88:	00008067          	ret
   12b8c:	00c4d783          	lhu	a5,12(s1)
   12b90:	2007f793          	andi	a5,a5,512
   12b94:	fc0790e3          	bnez	a5,12b54 <_vfiprintf_r+0xac>
   12b98:	0584a503          	lw	a0,88(s1)
   12b9c:	00000097          	auipc	ra,0x0
   12ba0:	ab0080e7          	jalr	-1360(ra) # 1264c <__retarget_lock_release_recursive>
   12ba4:	fb1ff06f          	j	12b54 <_vfiprintf_r+0xac>
   12ba8:	02000793          	li	a5,32
   12bac:	02f10ca3          	sb	a5,57(sp)
   12bb0:	03000793          	li	a5,48
   12bb4:	01412e23          	sw	s4,28(sp)
   12bb8:	02012a23          	sw	zero,52(sp)
   12bbc:	02f10d23          	sb	a5,58(sp)
   12bc0:	fff00a13          	li	s4,-1
   12bc4:	0000eb17          	auipc	s6,0xe
   12bc8:	bc4b0b13          	addi	s6,s6,-1084 # 20788 <_impure_ptr+0x720>
   12bcc:	00100b93          	li	s7,1
   12bd0:	00a00a93          	li	s5,10
   12bd4:	00040c13          	mv	s8,s0
   12bd8:	000c4783          	lbu	a5,0(s8)
   12bdc:	00f03cb3          	snez	s9,a5
   12be0:	fdb78793          	addi	a5,a5,-37
   12be4:	00f037b3          	snez	a5,a5
   12be8:	00fcfcb3          	and	s9,s9,a5
   12bec:	0c0c9863          	bnez	s9,12cbc <_vfiprintf_r+0x214>
   12bf0:	408c06b3          	sub	a3,s8,s0
   12bf4:	028c0863          	beq	s8,s0,12c24 <_vfiprintf_r+0x17c>
   12bf8:	00040613          	mv	a2,s0
   12bfc:	00048593          	mv	a1,s1
   12c00:	00098513          	mv	a0,s3
   12c04:	00d12623          	sw	a3,12(sp)
   12c08:	00000097          	auipc	ra,0x0
   12c0c:	e28080e7          	jalr	-472(ra) # 12a30 <__sfputs_r>
   12c10:	25450863          	beq	a0,s4,12e60 <_vfiprintf_r+0x3b8>
   12c14:	03412783          	lw	a5,52(sp)
   12c18:	00c12683          	lw	a3,12(sp)
   12c1c:	00d787b3          	add	a5,a5,a3
   12c20:	02f12a23          	sw	a5,52(sp)
   12c24:	000c4783          	lbu	a5,0(s8)
   12c28:	22078c63          	beqz	a5,12e60 <_vfiprintf_r+0x3b8>
   12c2c:	001c0413          	addi	s0,s8,1
   12c30:	02012023          	sw	zero,32(sp)
   12c34:	02012623          	sw	zero,44(sp)
   12c38:	03412223          	sw	s4,36(sp)
   12c3c:	02012423          	sw	zero,40(sp)
   12c40:	060101a3          	sb	zero,99(sp)
   12c44:	06012c23          	sw	zero,120(sp)
   12c48:	00044583          	lbu	a1,0(s0)
   12c4c:	00500613          	li	a2,5
   12c50:	0000e517          	auipc	a0,0xe
   12c54:	b3850513          	addi	a0,a0,-1224 # 20788 <_impure_ptr+0x720>
   12c58:	00001097          	auipc	ra,0x1
   12c5c:	0c8080e7          	jalr	200(ra) # 13d20 <memchr>
   12c60:	02012783          	lw	a5,32(sp)
   12c64:	00140693          	addi	a3,s0,1
   12c68:	04051e63          	bnez	a0,12cc4 <_vfiprintf_r+0x21c>
   12c6c:	0107f713          	andi	a4,a5,16
   12c70:	00070663          	beqz	a4,12c7c <_vfiprintf_r+0x1d4>
   12c74:	02000713          	li	a4,32
   12c78:	06e101a3          	sb	a4,99(sp)
   12c7c:	0087f713          	andi	a4,a5,8
   12c80:	00070663          	beqz	a4,12c8c <_vfiprintf_r+0x1e4>
   12c84:	02b00713          	li	a4,43
   12c88:	06e101a3          	sb	a4,99(sp)
   12c8c:	00044603          	lbu	a2,0(s0)
   12c90:	02a00713          	li	a4,42
   12c94:	04e60463          	beq	a2,a4,12cdc <_vfiprintf_r+0x234>
   12c98:	02c12783          	lw	a5,44(sp)
   12c9c:	00000693          	li	a3,0
   12ca0:	00900613          	li	a2,9
   12ca4:	00044703          	lbu	a4,0(s0)
   12ca8:	fd070713          	addi	a4,a4,-48
   12cac:	08e67e63          	bgeu	a2,a4,12d48 <_vfiprintf_r+0x2a0>
   12cb0:	04068463          	beqz	a3,12cf8 <_vfiprintf_r+0x250>
   12cb4:	02f12623          	sw	a5,44(sp)
   12cb8:	0400006f          	j	12cf8 <_vfiprintf_r+0x250>
   12cbc:	001c0c13          	addi	s8,s8,1
   12cc0:	f19ff06f          	j	12bd8 <_vfiprintf_r+0x130>
   12cc4:	41650533          	sub	a0,a0,s6
   12cc8:	00ab9533          	sll	a0,s7,a0
   12ccc:	00f56533          	or	a0,a0,a5
   12cd0:	02a12023          	sw	a0,32(sp)
   12cd4:	00068413          	mv	s0,a3
   12cd8:	f71ff06f          	j	12c48 <_vfiprintf_r+0x1a0>
   12cdc:	01c12703          	lw	a4,28(sp)
   12ce0:	00470613          	addi	a2,a4,4
   12ce4:	00072703          	lw	a4,0(a4)
   12ce8:	00c12e23          	sw	a2,28(sp)
   12cec:	04074463          	bltz	a4,12d34 <_vfiprintf_r+0x28c>
   12cf0:	02e12623          	sw	a4,44(sp)
   12cf4:	00068413          	mv	s0,a3
   12cf8:	00044703          	lbu	a4,0(s0)
   12cfc:	02e00793          	li	a5,46
   12d00:	06f71e63          	bne	a4,a5,12d7c <_vfiprintf_r+0x2d4>
   12d04:	00144703          	lbu	a4,1(s0)
   12d08:	02a00793          	li	a5,42
   12d0c:	04f71863          	bne	a4,a5,12d5c <_vfiprintf_r+0x2b4>
   12d10:	01c12783          	lw	a5,28(sp)
   12d14:	00240413          	addi	s0,s0,2
   12d18:	00478713          	addi	a4,a5,4
   12d1c:	0007a783          	lw	a5,0(a5)
   12d20:	00e12e23          	sw	a4,28(sp)
   12d24:	0007d463          	bgez	a5,12d2c <_vfiprintf_r+0x284>
   12d28:	fff00793          	li	a5,-1
   12d2c:	02f12223          	sw	a5,36(sp)
   12d30:	04c0006f          	j	12d7c <_vfiprintf_r+0x2d4>
   12d34:	40e00733          	neg	a4,a4
   12d38:	0027e793          	ori	a5,a5,2
   12d3c:	02e12623          	sw	a4,44(sp)
   12d40:	02f12023          	sw	a5,32(sp)
   12d44:	fb1ff06f          	j	12cf4 <_vfiprintf_r+0x24c>
   12d48:	035787b3          	mul	a5,a5,s5
   12d4c:	00140413          	addi	s0,s0,1
   12d50:	00100693          	li	a3,1
   12d54:	00e787b3          	add	a5,a5,a4
   12d58:	f4dff06f          	j	12ca4 <_vfiprintf_r+0x1fc>
   12d5c:	00140413          	addi	s0,s0,1
   12d60:	02012223          	sw	zero,36(sp)
   12d64:	00000793          	li	a5,0
   12d68:	00900693          	li	a3,9
   12d6c:	00044703          	lbu	a4,0(s0)
   12d70:	fd070713          	addi	a4,a4,-48
   12d74:	0ae6f063          	bgeu	a3,a4,12e14 <_vfiprintf_r+0x36c>
   12d78:	fa0c9ae3          	bnez	s9,12d2c <_vfiprintf_r+0x284>
   12d7c:	00044583          	lbu	a1,0(s0)
   12d80:	00300613          	li	a2,3
   12d84:	0000e517          	auipc	a0,0xe
   12d88:	a0c50513          	addi	a0,a0,-1524 # 20790 <_impure_ptr+0x728>
   12d8c:	00001097          	auipc	ra,0x1
   12d90:	f94080e7          	jalr	-108(ra) # 13d20 <memchr>
   12d94:	02050463          	beqz	a0,12dbc <_vfiprintf_r+0x314>
   12d98:	0000e797          	auipc	a5,0xe
   12d9c:	9f878793          	addi	a5,a5,-1544 # 20790 <_impure_ptr+0x728>
   12da0:	40f50533          	sub	a0,a0,a5
   12da4:	02012783          	lw	a5,32(sp)
   12da8:	04000713          	li	a4,64
   12dac:	00a71733          	sll	a4,a4,a0
   12db0:	00e7e7b3          	or	a5,a5,a4
   12db4:	00140413          	addi	s0,s0,1
   12db8:	02f12023          	sw	a5,32(sp)
   12dbc:	00044583          	lbu	a1,0(s0)
   12dc0:	00600613          	li	a2,6
   12dc4:	0000e517          	auipc	a0,0xe
   12dc8:	9d050513          	addi	a0,a0,-1584 # 20794 <_impure_ptr+0x72c>
   12dcc:	02b10c23          	sb	a1,56(sp)
   12dd0:	00001097          	auipc	ra,0x1
   12dd4:	f50080e7          	jalr	-176(ra) # 13d20 <memchr>
   12dd8:	0c050063          	beqz	a0,12e98 <_vfiprintf_r+0x3f0>
   12ddc:	fffed797          	auipc	a5,0xfffed
   12de0:	22478793          	addi	a5,a5,548 # 0 <__STACK_SIZE-0x1000>
   12de4:	04079a63          	bnez	a5,12e38 <_vfiprintf_r+0x390>
   12de8:	02012703          	lw	a4,32(sp)
   12dec:	01c12783          	lw	a5,28(sp)
   12df0:	10077713          	andi	a4,a4,256
   12df4:	02070a63          	beqz	a4,12e28 <_vfiprintf_r+0x380>
   12df8:	00478793          	addi	a5,a5,4
   12dfc:	00f12e23          	sw	a5,28(sp)
   12e00:	03412783          	lw	a5,52(sp)
   12e04:	00140413          	addi	s0,s0,1
   12e08:	012787b3          	add	a5,a5,s2
   12e0c:	02f12a23          	sw	a5,52(sp)
   12e10:	dc5ff06f          	j	12bd4 <_vfiprintf_r+0x12c>
   12e14:	035787b3          	mul	a5,a5,s5
   12e18:	00140413          	addi	s0,s0,1
   12e1c:	00100c93          	li	s9,1
   12e20:	00e787b3          	add	a5,a5,a4
   12e24:	f49ff06f          	j	12d6c <_vfiprintf_r+0x2c4>
   12e28:	00778793          	addi	a5,a5,7
   12e2c:	ff87f793          	andi	a5,a5,-8
   12e30:	00878793          	addi	a5,a5,8
   12e34:	fc9ff06f          	j	12dfc <_vfiprintf_r+0x354>
   12e38:	01c10713          	addi	a4,sp,28
   12e3c:	00000697          	auipc	a3,0x0
   12e40:	bf468693          	addi	a3,a3,-1036 # 12a30 <__sfputs_r>
   12e44:	00048613          	mv	a2,s1
   12e48:	02010593          	addi	a1,sp,32
   12e4c:	00098513          	mv	a0,s3
   12e50:	00000097          	auipc	ra,0x0
   12e54:	000000e7          	jalr	zero # 0 <__STACK_SIZE-0x1000>
   12e58:	00050913          	mv	s2,a0
   12e5c:	fb4512e3          	bne	a0,s4,12e00 <_vfiprintf_r+0x358>
   12e60:	0644a783          	lw	a5,100(s1)
   12e64:	0017f793          	andi	a5,a5,1
   12e68:	00079e63          	bnez	a5,12e84 <_vfiprintf_r+0x3dc>
   12e6c:	00c4d783          	lhu	a5,12(s1)
   12e70:	2007f793          	andi	a5,a5,512
   12e74:	00079863          	bnez	a5,12e84 <_vfiprintf_r+0x3dc>
   12e78:	0584a503          	lw	a0,88(s1)
   12e7c:	fffff097          	auipc	ra,0xfffff
   12e80:	7d0080e7          	jalr	2000(ra) # 1264c <__retarget_lock_release_recursive>
   12e84:	00c4d783          	lhu	a5,12(s1)
   12e88:	0407f793          	andi	a5,a5,64
   12e8c:	cc0794e3          	bnez	a5,12b54 <_vfiprintf_r+0xac>
   12e90:	03412503          	lw	a0,52(sp)
   12e94:	cc5ff06f          	j	12b58 <_vfiprintf_r+0xb0>
   12e98:	01c10713          	addi	a4,sp,28
   12e9c:	00000697          	auipc	a3,0x0
   12ea0:	b9468693          	addi	a3,a3,-1132 # 12a30 <__sfputs_r>
   12ea4:	00048613          	mv	a2,s1
   12ea8:	02010593          	addi	a1,sp,32
   12eac:	00098513          	mv	a0,s3
   12eb0:	00000097          	auipc	ra,0x0
   12eb4:	1c0080e7          	jalr	448(ra) # 13070 <_printf_i>
   12eb8:	fa1ff06f          	j	12e58 <_vfiprintf_r+0x3b0>

00012ebc <_printf_common>:
   12ebc:	fd010113          	addi	sp,sp,-48
   12ec0:	01312e23          	sw	s3,28(sp)
   12ec4:	0105a783          	lw	a5,16(a1)
   12ec8:	00070993          	mv	s3,a4
   12ecc:	0085a703          	lw	a4,8(a1)
   12ed0:	02812423          	sw	s0,40(sp)
   12ed4:	03212023          	sw	s2,32(sp)
   12ed8:	01612823          	sw	s6,16(sp)
   12edc:	01712623          	sw	s7,12(sp)
   12ee0:	02112623          	sw	ra,44(sp)
   12ee4:	02912223          	sw	s1,36(sp)
   12ee8:	01412c23          	sw	s4,24(sp)
   12eec:	01512a23          	sw	s5,20(sp)
   12ef0:	00050b13          	mv	s6,a0
   12ef4:	00058413          	mv	s0,a1
   12ef8:	00060913          	mv	s2,a2
   12efc:	00068b93          	mv	s7,a3
   12f00:	00e7d463          	bge	a5,a4,12f08 <_printf_common+0x4c>
   12f04:	00070793          	mv	a5,a4
   12f08:	00f92023          	sw	a5,0(s2)
   12f0c:	04344703          	lbu	a4,67(s0)
   12f10:	00070663          	beqz	a4,12f1c <_printf_common+0x60>
   12f14:	00178793          	addi	a5,a5,1
   12f18:	00f92023          	sw	a5,0(s2)
   12f1c:	00042783          	lw	a5,0(s0)
   12f20:	0207f793          	andi	a5,a5,32
   12f24:	00078863          	beqz	a5,12f34 <_printf_common+0x78>
   12f28:	00092783          	lw	a5,0(s2)
   12f2c:	00278793          	addi	a5,a5,2
   12f30:	00f92023          	sw	a5,0(s2)
   12f34:	00042483          	lw	s1,0(s0)
   12f38:	0064f493          	andi	s1,s1,6
   12f3c:	00049e63          	bnez	s1,12f58 <_printf_common+0x9c>
   12f40:	01940a13          	addi	s4,s0,25
   12f44:	fff00a93          	li	s5,-1
   12f48:	00c42783          	lw	a5,12(s0)
   12f4c:	00092703          	lw	a4,0(s2)
   12f50:	40e787b3          	sub	a5,a5,a4
   12f54:	08f4c463          	blt	s1,a5,12fdc <_printf_common+0x120>
   12f58:	00042783          	lw	a5,0(s0)
   12f5c:	04344683          	lbu	a3,67(s0)
   12f60:	0207f793          	andi	a5,a5,32
   12f64:	00d036b3          	snez	a3,a3
   12f68:	0c079263          	bnez	a5,1302c <_printf_common+0x170>
   12f6c:	04340613          	addi	a2,s0,67
   12f70:	000b8593          	mv	a1,s7
   12f74:	000b0513          	mv	a0,s6
   12f78:	000980e7          	jalr	s3
   12f7c:	fff00793          	li	a5,-1
   12f80:	06f50a63          	beq	a0,a5,12ff4 <_printf_common+0x138>
   12f84:	00042783          	lw	a5,0(s0)
   12f88:	00400713          	li	a4,4
   12f8c:	00000493          	li	s1,0
   12f90:	0067f793          	andi	a5,a5,6
   12f94:	00e79e63          	bne	a5,a4,12fb0 <_printf_common+0xf4>
   12f98:	00092783          	lw	a5,0(s2)
   12f9c:	00c42483          	lw	s1,12(s0)
   12fa0:	40f484b3          	sub	s1,s1,a5
   12fa4:	fff4c793          	not	a5,s1
   12fa8:	41f7d793          	srai	a5,a5,0x1f
   12fac:	00f4f4b3          	and	s1,s1,a5
   12fb0:	00842783          	lw	a5,8(s0)
   12fb4:	01042703          	lw	a4,16(s0)
   12fb8:	00f75663          	bge	a4,a5,12fc4 <_printf_common+0x108>
   12fbc:	40e787b3          	sub	a5,a5,a4
   12fc0:	00f484b3          	add	s1,s1,a5
   12fc4:	00000913          	li	s2,0
   12fc8:	01a40413          	addi	s0,s0,26
   12fcc:	fff00a13          	li	s4,-1
   12fd0:	09249063          	bne	s1,s2,13050 <_printf_common+0x194>
   12fd4:	00000513          	li	a0,0
   12fd8:	0200006f          	j	12ff8 <_printf_common+0x13c>
   12fdc:	00100693          	li	a3,1
   12fe0:	000a0613          	mv	a2,s4
   12fe4:	000b8593          	mv	a1,s7
   12fe8:	000b0513          	mv	a0,s6
   12fec:	000980e7          	jalr	s3
   12ff0:	03551a63          	bne	a0,s5,13024 <_printf_common+0x168>
   12ff4:	fff00513          	li	a0,-1
   12ff8:	02c12083          	lw	ra,44(sp)
   12ffc:	02812403          	lw	s0,40(sp)
   13000:	02412483          	lw	s1,36(sp)
   13004:	02012903          	lw	s2,32(sp)
   13008:	01c12983          	lw	s3,28(sp)
   1300c:	01812a03          	lw	s4,24(sp)
   13010:	01412a83          	lw	s5,20(sp)
   13014:	01012b03          	lw	s6,16(sp)
   13018:	00c12b83          	lw	s7,12(sp)
   1301c:	03010113          	addi	sp,sp,48
   13020:	00008067          	ret
   13024:	00148493          	addi	s1,s1,1
   13028:	f21ff06f          	j	12f48 <_printf_common+0x8c>
   1302c:	00d40733          	add	a4,s0,a3
   13030:	03000613          	li	a2,48
   13034:	04c701a3          	sb	a2,67(a4)
   13038:	04544703          	lbu	a4,69(s0)
   1303c:	00168793          	addi	a5,a3,1
   13040:	00f407b3          	add	a5,s0,a5
   13044:	00268693          	addi	a3,a3,2
   13048:	04e781a3          	sb	a4,67(a5)
   1304c:	f21ff06f          	j	12f6c <_printf_common+0xb0>
   13050:	00100693          	li	a3,1
   13054:	00040613          	mv	a2,s0
   13058:	000b8593          	mv	a1,s7
   1305c:	000b0513          	mv	a0,s6
   13060:	000980e7          	jalr	s3
   13064:	f94508e3          	beq	a0,s4,12ff4 <_printf_common+0x138>
   13068:	00190913          	addi	s2,s2,1
   1306c:	f65ff06f          	j	12fd0 <_printf_common+0x114>

00013070 <_printf_i>:
   13070:	fc010113          	addi	sp,sp,-64
   13074:	02812c23          	sw	s0,56(sp)
   13078:	02912a23          	sw	s1,52(sp)
   1307c:	03412423          	sw	s4,40(sp)
   13080:	03512223          	sw	s5,36(sp)
   13084:	02112e23          	sw	ra,60(sp)
   13088:	03212823          	sw	s2,48(sp)
   1308c:	03312623          	sw	s3,44(sp)
   13090:	0185c783          	lbu	a5,24(a1)
   13094:	00068493          	mv	s1,a3
   13098:	07800693          	li	a3,120
   1309c:	00050a13          	mv	s4,a0
   130a0:	00058413          	mv	s0,a1
   130a4:	00060a93          	mv	s5,a2
   130a8:	02f6e263          	bltu	a3,a5,130cc <_printf_i+0x5c>
   130ac:	06200693          	li	a3,98
   130b0:	04358613          	addi	a2,a1,67
   130b4:	02f6e063          	bltu	a3,a5,130d4 <_printf_i+0x64>
   130b8:	28078863          	beqz	a5,13348 <_printf_i+0x2d8>
   130bc:	05800593          	li	a1,88
   130c0:	0000d697          	auipc	a3,0xd
   130c4:	6dc68693          	addi	a3,a3,1756 # 2079c <_impure_ptr+0x734>
   130c8:	1cb78c63          	beq	a5,a1,132a0 <_printf_i+0x230>
   130cc:	04240913          	addi	s2,s0,66
   130d0:	0440006f          	j	13114 <_printf_i+0xa4>
   130d4:	f9d78693          	addi	a3,a5,-99
   130d8:	0ff6f693          	zext.b	a3,a3
   130dc:	01500593          	li	a1,21
   130e0:	fed5e6e3          	bltu	a1,a3,130cc <_printf_i+0x5c>
   130e4:	0000d597          	auipc	a1,0xd
   130e8:	77858593          	addi	a1,a1,1912 # 2085c <intpat+0x24>
   130ec:	00269693          	slli	a3,a3,0x2
   130f0:	00b686b3          	add	a3,a3,a1
   130f4:	0006a683          	lw	a3,0(a3)
   130f8:	00b686b3          	add	a3,a3,a1
   130fc:	00068067          	jr	a3
   13100:	00072783          	lw	a5,0(a4)
   13104:	04240913          	addi	s2,s0,66
   13108:	00478693          	addi	a3,a5,4
   1310c:	0007a783          	lw	a5,0(a5)
   13110:	00d72023          	sw	a3,0(a4)
   13114:	04f40123          	sb	a5,66(s0)
   13118:	00100793          	li	a5,1
   1311c:	26c0006f          	j	13388 <_printf_i+0x318>
   13120:	00042783          	lw	a5,0(s0)
   13124:	00072503          	lw	a0,0(a4)
   13128:	0807f693          	andi	a3,a5,128
   1312c:	00450593          	addi	a1,a0,4
   13130:	02068663          	beqz	a3,1315c <_printf_i+0xec>
   13134:	00052783          	lw	a5,0(a0)
   13138:	00b72023          	sw	a1,0(a4)
   1313c:	0007d863          	bgez	a5,1314c <_printf_i+0xdc>
   13140:	02d00713          	li	a4,45
   13144:	40f007b3          	neg	a5,a5
   13148:	04e401a3          	sb	a4,67(s0)
   1314c:	0000d697          	auipc	a3,0xd
   13150:	65068693          	addi	a3,a3,1616 # 2079c <_impure_ptr+0x734>
   13154:	00a00713          	li	a4,10
   13158:	0680006f          	j	131c0 <_printf_i+0x150>
   1315c:	0407f693          	andi	a3,a5,64
   13160:	00052783          	lw	a5,0(a0)
   13164:	00b72023          	sw	a1,0(a4)
   13168:	fc068ae3          	beqz	a3,1313c <_printf_i+0xcc>
   1316c:	01079793          	slli	a5,a5,0x10
   13170:	4107d793          	srai	a5,a5,0x10
   13174:	fc9ff06f          	j	1313c <_printf_i+0xcc>
   13178:	00042583          	lw	a1,0(s0)
   1317c:	00072683          	lw	a3,0(a4)
   13180:	0805f513          	andi	a0,a1,128
   13184:	0006a783          	lw	a5,0(a3)
   13188:	00468693          	addi	a3,a3,4
   1318c:	00051a63          	bnez	a0,131a0 <_printf_i+0x130>
   13190:	0405f593          	andi	a1,a1,64
   13194:	00058663          	beqz	a1,131a0 <_printf_i+0x130>
   13198:	01079793          	slli	a5,a5,0x10
   1319c:	0107d793          	srli	a5,a5,0x10
   131a0:	00d72023          	sw	a3,0(a4)
   131a4:	01844683          	lbu	a3,24(s0)
   131a8:	06f00713          	li	a4,111
   131ac:	14e69863          	bne	a3,a4,132fc <_printf_i+0x28c>
   131b0:	0000d697          	auipc	a3,0xd
   131b4:	5ec68693          	addi	a3,a3,1516 # 2079c <_impure_ptr+0x734>
   131b8:	00800713          	li	a4,8
   131bc:	040401a3          	sb	zero,67(s0)
   131c0:	00442583          	lw	a1,4(s0)
   131c4:	00b42423          	sw	a1,8(s0)
   131c8:	0005ce63          	bltz	a1,131e4 <_printf_i+0x174>
   131cc:	00042503          	lw	a0,0(s0)
   131d0:	00b7e5b3          	or	a1,a5,a1
   131d4:	00060913          	mv	s2,a2
   131d8:	ffb57513          	andi	a0,a0,-5
   131dc:	00a42023          	sw	a0,0(s0)
   131e0:	02058463          	beqz	a1,13208 <_printf_i+0x198>
   131e4:	00060913          	mv	s2,a2
   131e8:	02e7f5b3          	remu	a1,a5,a4
   131ec:	fff90913          	addi	s2,s2,-1
   131f0:	00b685b3          	add	a1,a3,a1
   131f4:	0005c583          	lbu	a1,0(a1)
   131f8:	00b90023          	sb	a1,0(s2)
   131fc:	00078593          	mv	a1,a5
   13200:	02e7d7b3          	divu	a5,a5,a4
   13204:	fee5f2e3          	bgeu	a1,a4,131e8 <_printf_i+0x178>
   13208:	00800793          	li	a5,8
   1320c:	02f71463          	bne	a4,a5,13234 <_printf_i+0x1c4>
   13210:	00042783          	lw	a5,0(s0)
   13214:	0017f793          	andi	a5,a5,1
   13218:	00078e63          	beqz	a5,13234 <_printf_i+0x1c4>
   1321c:	00442703          	lw	a4,4(s0)
   13220:	01042783          	lw	a5,16(s0)
   13224:	00e7c863          	blt	a5,a4,13234 <_printf_i+0x1c4>
   13228:	03000793          	li	a5,48
   1322c:	fef90fa3          	sb	a5,-1(s2)
   13230:	fff90913          	addi	s2,s2,-1
   13234:	41260633          	sub	a2,a2,s2
   13238:	00c42823          	sw	a2,16(s0)
   1323c:	00048713          	mv	a4,s1
   13240:	000a8693          	mv	a3,s5
   13244:	01c10613          	addi	a2,sp,28
   13248:	00040593          	mv	a1,s0
   1324c:	000a0513          	mv	a0,s4
   13250:	00000097          	auipc	ra,0x0
   13254:	c6c080e7          	jalr	-916(ra) # 12ebc <_printf_common>
   13258:	fff00993          	li	s3,-1
   1325c:	13351c63          	bne	a0,s3,13394 <_printf_i+0x324>
   13260:	fff00513          	li	a0,-1
   13264:	03c12083          	lw	ra,60(sp)
   13268:	03812403          	lw	s0,56(sp)
   1326c:	03412483          	lw	s1,52(sp)
   13270:	03012903          	lw	s2,48(sp)
   13274:	02c12983          	lw	s3,44(sp)
   13278:	02812a03          	lw	s4,40(sp)
   1327c:	02412a83          	lw	s5,36(sp)
   13280:	04010113          	addi	sp,sp,64
   13284:	00008067          	ret
   13288:	00042783          	lw	a5,0(s0)
   1328c:	0207e793          	ori	a5,a5,32
   13290:	00f42023          	sw	a5,0(s0)
   13294:	07800793          	li	a5,120
   13298:	0000d697          	auipc	a3,0xd
   1329c:	51868693          	addi	a3,a3,1304 # 207b0 <_impure_ptr+0x748>
   132a0:	04f402a3          	sb	a5,69(s0)
   132a4:	00042583          	lw	a1,0(s0)
   132a8:	00072503          	lw	a0,0(a4)
   132ac:	0805f813          	andi	a6,a1,128
   132b0:	00052783          	lw	a5,0(a0)
   132b4:	00450513          	addi	a0,a0,4
   132b8:	00081a63          	bnez	a6,132cc <_printf_i+0x25c>
   132bc:	0405f813          	andi	a6,a1,64
   132c0:	00080663          	beqz	a6,132cc <_printf_i+0x25c>
   132c4:	01079793          	slli	a5,a5,0x10
   132c8:	0107d793          	srli	a5,a5,0x10
   132cc:	00a72023          	sw	a0,0(a4)
   132d0:	0015f713          	andi	a4,a1,1
   132d4:	00070663          	beqz	a4,132e0 <_printf_i+0x270>
   132d8:	0205e593          	ori	a1,a1,32
   132dc:	00b42023          	sw	a1,0(s0)
   132e0:	00078663          	beqz	a5,132ec <_printf_i+0x27c>
   132e4:	01000713          	li	a4,16
   132e8:	ed5ff06f          	j	131bc <_printf_i+0x14c>
   132ec:	00042703          	lw	a4,0(s0)
   132f0:	fdf77713          	andi	a4,a4,-33
   132f4:	00e42023          	sw	a4,0(s0)
   132f8:	fedff06f          	j	132e4 <_printf_i+0x274>
   132fc:	0000d697          	auipc	a3,0xd
   13300:	4a068693          	addi	a3,a3,1184 # 2079c <_impure_ptr+0x734>
   13304:	00a00713          	li	a4,10
   13308:	eb5ff06f          	j	131bc <_printf_i+0x14c>
   1330c:	00042683          	lw	a3,0(s0)
   13310:	00072783          	lw	a5,0(a4)
   13314:	01442583          	lw	a1,20(s0)
   13318:	0806f813          	andi	a6,a3,128
   1331c:	00478513          	addi	a0,a5,4
   13320:	00080a63          	beqz	a6,13334 <_printf_i+0x2c4>
   13324:	00a72023          	sw	a0,0(a4)
   13328:	0007a783          	lw	a5,0(a5)
   1332c:	00b7a023          	sw	a1,0(a5)
   13330:	0180006f          	j	13348 <_printf_i+0x2d8>
   13334:	00a72023          	sw	a0,0(a4)
   13338:	0406f693          	andi	a3,a3,64
   1333c:	0007a783          	lw	a5,0(a5)
   13340:	fe0686e3          	beqz	a3,1332c <_printf_i+0x2bc>
   13344:	00b79023          	sh	a1,0(a5)
   13348:	00042823          	sw	zero,16(s0)
   1334c:	00060913          	mv	s2,a2
   13350:	eedff06f          	j	1323c <_printf_i+0x1cc>
   13354:	00072783          	lw	a5,0(a4)
   13358:	00442603          	lw	a2,4(s0)
   1335c:	00000593          	li	a1,0
   13360:	00478693          	addi	a3,a5,4
   13364:	00d72023          	sw	a3,0(a4)
   13368:	0007a903          	lw	s2,0(a5)
   1336c:	00090513          	mv	a0,s2
   13370:	00001097          	auipc	ra,0x1
   13374:	9b0080e7          	jalr	-1616(ra) # 13d20 <memchr>
   13378:	00050663          	beqz	a0,13384 <_printf_i+0x314>
   1337c:	41250533          	sub	a0,a0,s2
   13380:	00a42223          	sw	a0,4(s0)
   13384:	00442783          	lw	a5,4(s0)
   13388:	00f42823          	sw	a5,16(s0)
   1338c:	040401a3          	sb	zero,67(s0)
   13390:	eadff06f          	j	1323c <_printf_i+0x1cc>
   13394:	01042683          	lw	a3,16(s0)
   13398:	00090613          	mv	a2,s2
   1339c:	000a8593          	mv	a1,s5
   133a0:	000a0513          	mv	a0,s4
   133a4:	000480e7          	jalr	s1
   133a8:	eb350ce3          	beq	a0,s3,13260 <_printf_i+0x1f0>
   133ac:	00042783          	lw	a5,0(s0)
   133b0:	0027f793          	andi	a5,a5,2
   133b4:	04079663          	bnez	a5,13400 <_printf_i+0x390>
   133b8:	01c12783          	lw	a5,28(sp)
   133bc:	00c42503          	lw	a0,12(s0)
   133c0:	eaf552e3          	bge	a0,a5,13264 <_printf_i+0x1f4>
   133c4:	00078513          	mv	a0,a5
   133c8:	e9dff06f          	j	13264 <_printf_i+0x1f4>
   133cc:	00100693          	li	a3,1
   133d0:	000a8593          	mv	a1,s5
   133d4:	000a0513          	mv	a0,s4
   133d8:	00c12623          	sw	a2,12(sp)
   133dc:	000480e7          	jalr	s1
   133e0:	e93500e3          	beq	a0,s3,13260 <_printf_i+0x1f0>
   133e4:	00c12603          	lw	a2,12(sp)
   133e8:	00190913          	addi	s2,s2,1
   133ec:	00c42783          	lw	a5,12(s0)
   133f0:	01c12703          	lw	a4,28(sp)
   133f4:	40e787b3          	sub	a5,a5,a4
   133f8:	fcf94ae3          	blt	s2,a5,133cc <_printf_i+0x35c>
   133fc:	fbdff06f          	j	133b8 <_printf_i+0x348>
   13400:	00000913          	li	s2,0
   13404:	01940613          	addi	a2,s0,25
   13408:	fe5ff06f          	j	133ec <_printf_i+0x37c>

0001340c <__sflush_r>:
   1340c:	00c59783          	lh	a5,12(a1)
   13410:	fe010113          	addi	sp,sp,-32
   13414:	00812c23          	sw	s0,24(sp)
   13418:	00912a23          	sw	s1,20(sp)
   1341c:	00112e23          	sw	ra,28(sp)
   13420:	01212823          	sw	s2,16(sp)
   13424:	0087f713          	andi	a4,a5,8
   13428:	00050493          	mv	s1,a0
   1342c:	00058413          	mv	s0,a1
   13430:	12071463          	bnez	a4,13558 <__sflush_r+0x14c>
   13434:	0045a703          	lw	a4,4(a1)
   13438:	00e04663          	bgtz	a4,13444 <__sflush_r+0x38>
   1343c:	0405a703          	lw	a4,64(a1)
   13440:	10e05863          	blez	a4,13550 <__sflush_r+0x144>
   13444:	02c42703          	lw	a4,44(s0)
   13448:	10070463          	beqz	a4,13550 <__sflush_r+0x144>
   1344c:	0004a903          	lw	s2,0(s1)
   13450:	01379693          	slli	a3,a5,0x13
   13454:	0004a023          	sw	zero,0(s1)
   13458:	0a06de63          	bgez	a3,13514 <__sflush_r+0x108>
   1345c:	05442603          	lw	a2,84(s0)
   13460:	00c45783          	lhu	a5,12(s0)
   13464:	0047f793          	andi	a5,a5,4
   13468:	00078e63          	beqz	a5,13484 <__sflush_r+0x78>
   1346c:	00442783          	lw	a5,4(s0)
   13470:	40f60633          	sub	a2,a2,a5
   13474:	03442783          	lw	a5,52(s0)
   13478:	00078663          	beqz	a5,13484 <__sflush_r+0x78>
   1347c:	04042783          	lw	a5,64(s0)
   13480:	40f60633          	sub	a2,a2,a5
   13484:	02c42783          	lw	a5,44(s0)
   13488:	02042583          	lw	a1,32(s0)
   1348c:	00000693          	li	a3,0
   13490:	00048513          	mv	a0,s1
   13494:	000780e7          	jalr	a5
   13498:	fff00713          	li	a4,-1
   1349c:	00c41783          	lh	a5,12(s0)
   134a0:	02e51263          	bne	a0,a4,134c4 <__sflush_r+0xb8>
   134a4:	0004a683          	lw	a3,0(s1)
   134a8:	01d00713          	li	a4,29
   134ac:	0ed76e63          	bltu	a4,a3,135a8 <__sflush_r+0x19c>
   134b0:	20400737          	lui	a4,0x20400
   134b4:	00170713          	addi	a4,a4,1 # 20400001 <__stack_top__+0x203d0001>
   134b8:	00d75733          	srl	a4,a4,a3
   134bc:	00177713          	andi	a4,a4,1
   134c0:	0e070463          	beqz	a4,135a8 <__sflush_r+0x19c>
   134c4:	01042703          	lw	a4,16(s0)
   134c8:	00042223          	sw	zero,4(s0)
   134cc:	00e42023          	sw	a4,0(s0)
   134d0:	01379713          	slli	a4,a5,0x13
   134d4:	00075c63          	bgez	a4,134ec <__sflush_r+0xe0>
   134d8:	fff00793          	li	a5,-1
   134dc:	00f51663          	bne	a0,a5,134e8 <__sflush_r+0xdc>
   134e0:	0004a783          	lw	a5,0(s1)
   134e4:	00079463          	bnez	a5,134ec <__sflush_r+0xe0>
   134e8:	04a42a23          	sw	a0,84(s0)
   134ec:	03442583          	lw	a1,52(s0)
   134f0:	0124a023          	sw	s2,0(s1)
   134f4:	04058e63          	beqz	a1,13550 <__sflush_r+0x144>
   134f8:	04440793          	addi	a5,s0,68
   134fc:	00f58863          	beq	a1,a5,1350c <__sflush_r+0x100>
   13500:	00048513          	mv	a0,s1
   13504:	fffff097          	auipc	ra,0xfffff
   13508:	14c080e7          	jalr	332(ra) # 12650 <_free_r>
   1350c:	02042a23          	sw	zero,52(s0)
   13510:	0400006f          	j	13550 <__sflush_r+0x144>
   13514:	02042583          	lw	a1,32(s0)
   13518:	00000613          	li	a2,0
   1351c:	00100693          	li	a3,1
   13520:	00048513          	mv	a0,s1
   13524:	000700e7          	jalr	a4
   13528:	fff00793          	li	a5,-1
   1352c:	00050613          	mv	a2,a0
   13530:	f2f518e3          	bne	a0,a5,13460 <__sflush_r+0x54>
   13534:	0004a783          	lw	a5,0(s1)
   13538:	f20784e3          	beqz	a5,13460 <__sflush_r+0x54>
   1353c:	fe378713          	addi	a4,a5,-29
   13540:	00070663          	beqz	a4,1354c <__sflush_r+0x140>
   13544:	fea78793          	addi	a5,a5,-22
   13548:	04079e63          	bnez	a5,135a4 <__sflush_r+0x198>
   1354c:	0124a023          	sw	s2,0(s1)
   13550:	00000513          	li	a0,0
   13554:	0600006f          	j	135b4 <__sflush_r+0x1a8>
   13558:	0105a603          	lw	a2,16(a1)
   1355c:	fe060ae3          	beqz	a2,13550 <__sflush_r+0x144>
   13560:	0005a683          	lw	a3,0(a1)
   13564:	0037f793          	andi	a5,a5,3
   13568:	00c5a023          	sw	a2,0(a1)
   1356c:	40c68933          	sub	s2,a3,a2
   13570:	00000713          	li	a4,0
   13574:	00079463          	bnez	a5,1357c <__sflush_r+0x170>
   13578:	0145a703          	lw	a4,20(a1)
   1357c:	00e42423          	sw	a4,8(s0)
   13580:	fd2058e3          	blez	s2,13550 <__sflush_r+0x144>
   13584:	02842783          	lw	a5,40(s0)
   13588:	02042583          	lw	a1,32(s0)
   1358c:	00090693          	mv	a3,s2
   13590:	00048513          	mv	a0,s1
   13594:	00c12623          	sw	a2,12(sp)
   13598:	000780e7          	jalr	a5
   1359c:	00c12603          	lw	a2,12(sp)
   135a0:	02a04663          	bgtz	a0,135cc <__sflush_r+0x1c0>
   135a4:	00c45783          	lhu	a5,12(s0)
   135a8:	0407e793          	ori	a5,a5,64
   135ac:	00f41623          	sh	a5,12(s0)
   135b0:	fff00513          	li	a0,-1
   135b4:	01c12083          	lw	ra,28(sp)
   135b8:	01812403          	lw	s0,24(sp)
   135bc:	01412483          	lw	s1,20(sp)
   135c0:	01012903          	lw	s2,16(sp)
   135c4:	02010113          	addi	sp,sp,32
   135c8:	00008067          	ret
   135cc:	00a60633          	add	a2,a2,a0
   135d0:	40a90933          	sub	s2,s2,a0
   135d4:	fadff06f          	j	13580 <__sflush_r+0x174>

000135d8 <_fflush_r>:
   135d8:	0105a783          	lw	a5,16(a1)
   135dc:	ff010113          	addi	sp,sp,-16
   135e0:	00112623          	sw	ra,12(sp)
   135e4:	00812423          	sw	s0,8(sp)
   135e8:	00912223          	sw	s1,4(sp)
   135ec:	02079063          	bnez	a5,1360c <_fflush_r+0x34>
   135f0:	00000493          	li	s1,0
   135f4:	00c12083          	lw	ra,12(sp)
   135f8:	00812403          	lw	s0,8(sp)
   135fc:	00048513          	mv	a0,s1
   13600:	00412483          	lw	s1,4(sp)
   13604:	01010113          	addi	sp,sp,16
   13608:	00008067          	ret
   1360c:	00050493          	mv	s1,a0
   13610:	00058413          	mv	s0,a1
   13614:	00050a63          	beqz	a0,13628 <_fflush_r+0x50>
   13618:	02052783          	lw	a5,32(a0)
   1361c:	00079663          	bnez	a5,13628 <_fflush_r+0x50>
   13620:	00000097          	auipc	ra,0x0
   13624:	268080e7          	jalr	616(ra) # 13888 <__sinit>
   13628:	00c41783          	lh	a5,12(s0)
   1362c:	fc0782e3          	beqz	a5,135f0 <_fflush_r+0x18>
   13630:	06442703          	lw	a4,100(s0)
   13634:	00177713          	andi	a4,a4,1
   13638:	00071c63          	bnez	a4,13650 <_fflush_r+0x78>
   1363c:	2007f793          	andi	a5,a5,512
   13640:	00079863          	bnez	a5,13650 <_fflush_r+0x78>
   13644:	05842503          	lw	a0,88(s0)
   13648:	fffff097          	auipc	ra,0xfffff
   1364c:	000080e7          	jalr	ra # 12648 <__retarget_lock_acquire_recursive>
   13650:	00048513          	mv	a0,s1
   13654:	00040593          	mv	a1,s0
   13658:	00000097          	auipc	ra,0x0
   1365c:	db4080e7          	jalr	-588(ra) # 1340c <__sflush_r>
   13660:	06442783          	lw	a5,100(s0)
   13664:	00050493          	mv	s1,a0
   13668:	0017f793          	andi	a5,a5,1
   1366c:	f80794e3          	bnez	a5,135f4 <_fflush_r+0x1c>
   13670:	00c45783          	lhu	a5,12(s0)
   13674:	2007f793          	andi	a5,a5,512
   13678:	f6079ee3          	bnez	a5,135f4 <_fflush_r+0x1c>
   1367c:	05842503          	lw	a0,88(s0)
   13680:	fffff097          	auipc	ra,0xfffff
   13684:	fcc080e7          	jalr	-52(ra) # 1264c <__retarget_lock_release_recursive>
   13688:	f6dff06f          	j	135f4 <_fflush_r+0x1c>

0001368c <std>:
   1368c:	ff010113          	addi	sp,sp,-16
   13690:	00812423          	sw	s0,8(sp)
   13694:	00112623          	sw	ra,12(sp)
   13698:	00050413          	mv	s0,a0
   1369c:	00b51623          	sh	a1,12(a0)
   136a0:	00c51723          	sh	a2,14(a0)
   136a4:	00052023          	sw	zero,0(a0)
   136a8:	00052223          	sw	zero,4(a0)
   136ac:	00052423          	sw	zero,8(a0)
   136b0:	06052223          	sw	zero,100(a0)
   136b4:	00052823          	sw	zero,16(a0)
   136b8:	00052a23          	sw	zero,20(a0)
   136bc:	00052c23          	sw	zero,24(a0)
   136c0:	00800613          	li	a2,8
   136c4:	00000593          	li	a1,0
   136c8:	05c50513          	addi	a0,a0,92
   136cc:	ffffd097          	auipc	ra,0xffffd
   136d0:	cf8080e7          	jalr	-776(ra) # 103c4 <memset>
   136d4:	00000797          	auipc	a5,0x0
   136d8:	50478793          	addi	a5,a5,1284 # 13bd8 <__sread>
   136dc:	02f42223          	sw	a5,36(s0)
   136e0:	00000797          	auipc	a5,0x0
   136e4:	54c78793          	addi	a5,a5,1356 # 13c2c <__swrite>
   136e8:	02f42423          	sw	a5,40(s0)
   136ec:	00000797          	auipc	a5,0x0
   136f0:	5cc78793          	addi	a5,a5,1484 # 13cb8 <__sseek>
   136f4:	02f42623          	sw	a5,44(s0)
   136f8:	00000797          	auipc	a5,0x0
   136fc:	61c78793          	addi	a5,a5,1564 # 13d14 <__sclose>
   13700:	02f42823          	sw	a5,48(s0)
   13704:	0000e717          	auipc	a4,0xe
   13708:	ac070713          	addi	a4,a4,-1344 # 211c4 <__sf>
   1370c:	0000e797          	auipc	a5,0xe
   13710:	b2078793          	addi	a5,a5,-1248 # 2122c <__sf+0x68>
   13714:	40f407b3          	sub	a5,s0,a5
   13718:	40e40733          	sub	a4,s0,a4
   1371c:	0017b793          	seqz	a5,a5
   13720:	00173713          	seqz	a4,a4
   13724:	02842023          	sw	s0,32(s0)
   13728:	00e7e7b3          	or	a5,a5,a4
   1372c:	00079863          	bnez	a5,1373c <std+0xb0>
   13730:	0000e797          	auipc	a5,0xe
   13734:	b6478793          	addi	a5,a5,-1180 # 21294 <__sf+0xd0>
   13738:	00f41e63          	bne	s0,a5,13754 <std+0xc8>
   1373c:	05840513          	addi	a0,s0,88
   13740:	00812403          	lw	s0,8(sp)
   13744:	00c12083          	lw	ra,12(sp)
   13748:	01010113          	addi	sp,sp,16
   1374c:	fffff317          	auipc	t1,0xfffff
   13750:	ef830067          	jr	-264(t1) # 12644 <__retarget_lock_init_recursive>
   13754:	00c12083          	lw	ra,12(sp)
   13758:	00812403          	lw	s0,8(sp)
   1375c:	01010113          	addi	sp,sp,16
   13760:	00008067          	ret

00013764 <stdio_exit_handler>:
   13764:	0000d617          	auipc	a2,0xd
   13768:	8f460613          	addi	a2,a2,-1804 # 20058 <__sglue>
   1376c:	00000597          	auipc	a1,0x0
   13770:	e6c58593          	addi	a1,a1,-404 # 135d8 <_fflush_r>
   13774:	0000d517          	auipc	a0,0xd
   13778:	89850513          	addi	a0,a0,-1896 # 2000c <_impure_data>
   1377c:	00000317          	auipc	t1,0x0
   13780:	16030067          	jr	352(t1) # 138dc <_fwalk_sglue>

00013784 <cleanup_stdio>:
   13784:	00452583          	lw	a1,4(a0)
   13788:	ff010113          	addi	sp,sp,-16
   1378c:	00812423          	sw	s0,8(sp)
   13790:	00112623          	sw	ra,12(sp)
   13794:	0000e797          	auipc	a5,0xe
   13798:	a3078793          	addi	a5,a5,-1488 # 211c4 <__sf>
   1379c:	00050413          	mv	s0,a0
   137a0:	00f58663          	beq	a1,a5,137ac <cleanup_stdio+0x28>
   137a4:	00000097          	auipc	ra,0x0
   137a8:	e34080e7          	jalr	-460(ra) # 135d8 <_fflush_r>
   137ac:	00842583          	lw	a1,8(s0)
   137b0:	0000e797          	auipc	a5,0xe
   137b4:	a7c78793          	addi	a5,a5,-1412 # 2122c <__sf+0x68>
   137b8:	00f58863          	beq	a1,a5,137c8 <cleanup_stdio+0x44>
   137bc:	00040513          	mv	a0,s0
   137c0:	00000097          	auipc	ra,0x0
   137c4:	e18080e7          	jalr	-488(ra) # 135d8 <_fflush_r>
   137c8:	00c42583          	lw	a1,12(s0)
   137cc:	0000e797          	auipc	a5,0xe
   137d0:	ac878793          	addi	a5,a5,-1336 # 21294 <__sf+0xd0>
   137d4:	00f58e63          	beq	a1,a5,137f0 <cleanup_stdio+0x6c>
   137d8:	00040513          	mv	a0,s0
   137dc:	00812403          	lw	s0,8(sp)
   137e0:	00c12083          	lw	ra,12(sp)
   137e4:	01010113          	addi	sp,sp,16
   137e8:	00000317          	auipc	t1,0x0
   137ec:	df030067          	jr	-528(t1) # 135d8 <_fflush_r>
   137f0:	00c12083          	lw	ra,12(sp)
   137f4:	00812403          	lw	s0,8(sp)
   137f8:	01010113          	addi	sp,sp,16
   137fc:	00008067          	ret

00013800 <global_stdio_init.part.0>:
   13800:	ff010113          	addi	sp,sp,-16
   13804:	00000797          	auipc	a5,0x0
   13808:	f6078793          	addi	a5,a5,-160 # 13764 <stdio_exit_handler>
   1380c:	00000613          	li	a2,0
   13810:	00400593          	li	a1,4
   13814:	0000e517          	auipc	a0,0xe
   13818:	9b050513          	addi	a0,a0,-1616 # 211c4 <__sf>
   1381c:	00112623          	sw	ra,12(sp)
   13820:	0000d717          	auipc	a4,0xd
   13824:	1af72623          	sw	a5,428(a4) # 209cc <__stdio_exit_handler>
   13828:	00000097          	auipc	ra,0x0
   1382c:	e64080e7          	jalr	-412(ra) # 1368c <std>
   13830:	00100613          	li	a2,1
   13834:	00900593          	li	a1,9
   13838:	0000e517          	auipc	a0,0xe
   1383c:	9f450513          	addi	a0,a0,-1548 # 2122c <__sf+0x68>
   13840:	00000097          	auipc	ra,0x0
   13844:	e4c080e7          	jalr	-436(ra) # 1368c <std>
   13848:	00c12083          	lw	ra,12(sp)
   1384c:	00200613          	li	a2,2
   13850:	01200593          	li	a1,18
   13854:	0000e517          	auipc	a0,0xe
   13858:	a4050513          	addi	a0,a0,-1472 # 21294 <__sf+0xd0>
   1385c:	01010113          	addi	sp,sp,16
   13860:	00000317          	auipc	t1,0x0
   13864:	e2c30067          	jr	-468(t1) # 1368c <std>

00013868 <__sfp_lock_acquire>:
   13868:	0000d517          	auipc	a0,0xd
   1386c:	15850513          	addi	a0,a0,344 # 209c0 <__lock___sfp_recursive_mutex>
   13870:	fffff317          	auipc	t1,0xfffff
   13874:	dd830067          	jr	-552(t1) # 12648 <__retarget_lock_acquire_recursive>

00013878 <__sfp_lock_release>:
   13878:	0000d517          	auipc	a0,0xd
   1387c:	14850513          	addi	a0,a0,328 # 209c0 <__lock___sfp_recursive_mutex>
   13880:	fffff317          	auipc	t1,0xfffff
   13884:	dcc30067          	jr	-564(t1) # 1264c <__retarget_lock_release_recursive>

00013888 <__sinit>:
   13888:	fe010113          	addi	sp,sp,-32
   1388c:	00a12623          	sw	a0,12(sp)
   13890:	00112e23          	sw	ra,28(sp)
   13894:	00000097          	auipc	ra,0x0
   13898:	fd4080e7          	jalr	-44(ra) # 13868 <__sfp_lock_acquire>
   1389c:	00c12503          	lw	a0,12(sp)
   138a0:	02052783          	lw	a5,32(a0)
   138a4:	00078a63          	beqz	a5,138b8 <__sinit+0x30>
   138a8:	01c12083          	lw	ra,28(sp)
   138ac:	02010113          	addi	sp,sp,32
   138b0:	00000317          	auipc	t1,0x0
   138b4:	fc830067          	jr	-56(t1) # 13878 <__sfp_lock_release>
   138b8:	00000797          	auipc	a5,0x0
   138bc:	ecc78793          	addi	a5,a5,-308 # 13784 <cleanup_stdio>
   138c0:	02f52023          	sw	a5,32(a0)
   138c4:	0000d797          	auipc	a5,0xd
   138c8:	1087a783          	lw	a5,264(a5) # 209cc <__stdio_exit_handler>
   138cc:	fc079ee3          	bnez	a5,138a8 <__sinit+0x20>
   138d0:	00000097          	auipc	ra,0x0
   138d4:	f30080e7          	jalr	-208(ra) # 13800 <global_stdio_init.part.0>
   138d8:	fd1ff06f          	j	138a8 <__sinit+0x20>

000138dc <_fwalk_sglue>:
   138dc:	fd010113          	addi	sp,sp,-48
   138e0:	02812423          	sw	s0,40(sp)
   138e4:	03212023          	sw	s2,32(sp)
   138e8:	01312e23          	sw	s3,28(sp)
   138ec:	01412c23          	sw	s4,24(sp)
   138f0:	01512a23          	sw	s5,20(sp)
   138f4:	02112623          	sw	ra,44(sp)
   138f8:	02912223          	sw	s1,36(sp)
   138fc:	00050a13          	mv	s4,a0
   13900:	00058a93          	mv	s5,a1
   13904:	00000413          	li	s0,0
   13908:	00100913          	li	s2,1
   1390c:	fff00993          	li	s3,-1
   13910:	00862583          	lw	a1,8(a2)
   13914:	00462483          	lw	s1,4(a2)
   13918:	fff48493          	addi	s1,s1,-1
   1391c:	0204da63          	bgez	s1,13950 <_fwalk_sglue+0x74>
   13920:	00062603          	lw	a2,0(a2)
   13924:	fe0616e3          	bnez	a2,13910 <_fwalk_sglue+0x34>
   13928:	02c12083          	lw	ra,44(sp)
   1392c:	00040513          	mv	a0,s0
   13930:	02812403          	lw	s0,40(sp)
   13934:	02412483          	lw	s1,36(sp)
   13938:	02012903          	lw	s2,32(sp)
   1393c:	01c12983          	lw	s3,28(sp)
   13940:	01812a03          	lw	s4,24(sp)
   13944:	01412a83          	lw	s5,20(sp)
   13948:	03010113          	addi	sp,sp,48
   1394c:	00008067          	ret
   13950:	00c5d783          	lhu	a5,12(a1)
   13954:	02f97463          	bgeu	s2,a5,1397c <_fwalk_sglue+0xa0>
   13958:	00e59783          	lh	a5,14(a1)
   1395c:	03378063          	beq	a5,s3,1397c <_fwalk_sglue+0xa0>
   13960:	000a0513          	mv	a0,s4
   13964:	00c12623          	sw	a2,12(sp)
   13968:	00b12423          	sw	a1,8(sp)
   1396c:	000a80e7          	jalr	s5
   13970:	00c12603          	lw	a2,12(sp)
   13974:	00812583          	lw	a1,8(sp)
   13978:	00a46433          	or	s0,s0,a0
   1397c:	06858593          	addi	a1,a1,104
   13980:	f99ff06f          	j	13918 <_fwalk_sglue+0x3c>

00013984 <__swhatbuf_r>:
   13984:	f8010113          	addi	sp,sp,-128
   13988:	06812c23          	sw	s0,120(sp)
   1398c:	00058413          	mv	s0,a1
   13990:	00e59583          	lh	a1,14(a1)
   13994:	06912a23          	sw	s1,116(sp)
   13998:	06112e23          	sw	ra,124(sp)
   1399c:	00060493          	mv	s1,a2
   139a0:	0205da63          	bgez	a1,139d4 <__swhatbuf_r+0x50>
   139a4:	00c45783          	lhu	a5,12(s0)
   139a8:	0807f793          	andi	a5,a5,128
   139ac:	04079e63          	bnez	a5,13a08 <__swhatbuf_r+0x84>
   139b0:	40000713          	li	a4,1024
   139b4:	07c12083          	lw	ra,124(sp)
   139b8:	07812403          	lw	s0,120(sp)
   139bc:	00f6a023          	sw	a5,0(a3)
   139c0:	00e4a023          	sw	a4,0(s1)
   139c4:	00000513          	li	a0,0
   139c8:	07412483          	lw	s1,116(sp)
   139cc:	08010113          	addi	sp,sp,128
   139d0:	00008067          	ret
   139d4:	01810613          	addi	a2,sp,24
   139d8:	00d12623          	sw	a3,12(sp)
   139dc:	00000097          	auipc	ra,0x0
   139e0:	3b4080e7          	jalr	948(ra) # 13d90 <_fstat_r>
   139e4:	00c12683          	lw	a3,12(sp)
   139e8:	fa054ee3          	bltz	a0,139a4 <__swhatbuf_r+0x20>
   139ec:	01c12783          	lw	a5,28(sp)
   139f0:	0000f737          	lui	a4,0xf
   139f4:	00e7f7b3          	and	a5,a5,a4
   139f8:	ffffe737          	lui	a4,0xffffe
   139fc:	00e787b3          	add	a5,a5,a4
   13a00:	0017b793          	seqz	a5,a5
   13a04:	fadff06f          	j	139b0 <__swhatbuf_r+0x2c>
   13a08:	00000793          	li	a5,0
   13a0c:	04000713          	li	a4,64
   13a10:	fa5ff06f          	j	139b4 <__swhatbuf_r+0x30>

00013a14 <__smakebuf_r>:
   13a14:	00c5d703          	lhu	a4,12(a1)
   13a18:	fd010113          	addi	sp,sp,-48
   13a1c:	02812423          	sw	s0,40(sp)
   13a20:	02112623          	sw	ra,44(sp)
   13a24:	02912223          	sw	s1,36(sp)
   13a28:	00277713          	andi	a4,a4,2
   13a2c:	00058413          	mv	s0,a1
   13a30:	02070663          	beqz	a4,13a5c <__smakebuf_r+0x48>
   13a34:	04740793          	addi	a5,s0,71
   13a38:	00f42023          	sw	a5,0(s0)
   13a3c:	00f42823          	sw	a5,16(s0)
   13a40:	00100793          	li	a5,1
   13a44:	00f42a23          	sw	a5,20(s0)
   13a48:	02c12083          	lw	ra,44(sp)
   13a4c:	02812403          	lw	s0,40(sp)
   13a50:	02412483          	lw	s1,36(sp)
   13a54:	03010113          	addi	sp,sp,48
   13a58:	00008067          	ret
   13a5c:	01c10693          	addi	a3,sp,28
   13a60:	01810613          	addi	a2,sp,24
   13a64:	00050493          	mv	s1,a0
   13a68:	00000097          	auipc	ra,0x0
   13a6c:	f1c080e7          	jalr	-228(ra) # 13984 <__swhatbuf_r>
   13a70:	01812583          	lw	a1,24(sp)
   13a74:	00048513          	mv	a0,s1
   13a78:	00b12623          	sw	a1,12(sp)
   13a7c:	fffff097          	auipc	ra,0xfffff
   13a80:	d74080e7          	jalr	-652(ra) # 127f0 <_malloc_r>
   13a84:	00c41783          	lh	a5,12(s0)
   13a88:	00c12583          	lw	a1,12(sp)
   13a8c:	00051e63          	bnez	a0,13aa8 <__smakebuf_r+0x94>
   13a90:	2007f713          	andi	a4,a5,512
   13a94:	fa071ae3          	bnez	a4,13a48 <__smakebuf_r+0x34>
   13a98:	ffc7f793          	andi	a5,a5,-4
   13a9c:	0027e793          	ori	a5,a5,2
   13aa0:	00f41623          	sh	a5,12(s0)
   13aa4:	f91ff06f          	j	13a34 <__smakebuf_r+0x20>
   13aa8:	0807e793          	ori	a5,a5,128
   13aac:	00f41623          	sh	a5,12(s0)
   13ab0:	01c12783          	lw	a5,28(sp)
   13ab4:	00a42023          	sw	a0,0(s0)
   13ab8:	00a42823          	sw	a0,16(s0)
   13abc:	00b42a23          	sw	a1,20(s0)
   13ac0:	f80784e3          	beqz	a5,13a48 <__smakebuf_r+0x34>
   13ac4:	00e41583          	lh	a1,14(s0)
   13ac8:	00048513          	mv	a0,s1
   13acc:	00000097          	auipc	ra,0x0
   13ad0:	314080e7          	jalr	788(ra) # 13de0 <_isatty_r>
   13ad4:	f6050ae3          	beqz	a0,13a48 <__smakebuf_r+0x34>
   13ad8:	00c45783          	lhu	a5,12(s0)
   13adc:	ffc7f793          	andi	a5,a5,-4
   13ae0:	0017e793          	ori	a5,a5,1
   13ae4:	00f41623          	sh	a5,12(s0)
   13ae8:	f61ff06f          	j	13a48 <__smakebuf_r+0x34>

00013aec <_putc_r>:
   13aec:	fe010113          	addi	sp,sp,-32
   13af0:	00812c23          	sw	s0,24(sp)
   13af4:	00912a23          	sw	s1,20(sp)
   13af8:	00112e23          	sw	ra,28(sp)
   13afc:	00050493          	mv	s1,a0
   13b00:	00060413          	mv	s0,a2
   13b04:	00050e63          	beqz	a0,13b20 <_putc_r+0x34>
   13b08:	02052783          	lw	a5,32(a0)
   13b0c:	00079a63          	bnez	a5,13b20 <_putc_r+0x34>
   13b10:	00b12623          	sw	a1,12(sp)
   13b14:	00000097          	auipc	ra,0x0
   13b18:	d74080e7          	jalr	-652(ra) # 13888 <__sinit>
   13b1c:	00c12583          	lw	a1,12(sp)
   13b20:	06442783          	lw	a5,100(s0)
   13b24:	0017f793          	andi	a5,a5,1
   13b28:	02079263          	bnez	a5,13b4c <_putc_r+0x60>
   13b2c:	00c45783          	lhu	a5,12(s0)
   13b30:	2007f793          	andi	a5,a5,512
   13b34:	00079c63          	bnez	a5,13b4c <_putc_r+0x60>
   13b38:	05842503          	lw	a0,88(s0)
   13b3c:	00b12623          	sw	a1,12(sp)
   13b40:	fffff097          	auipc	ra,0xfffff
   13b44:	b08080e7          	jalr	-1272(ra) # 12648 <__retarget_lock_acquire_recursive>
   13b48:	00c12583          	lw	a1,12(sp)
   13b4c:	00842783          	lw	a5,8(s0)
   13b50:	0ff5f713          	zext.b	a4,a1
   13b54:	fff78793          	addi	a5,a5,-1
   13b58:	00f42423          	sw	a5,8(s0)
   13b5c:	0007da63          	bgez	a5,13b70 <_putc_r+0x84>
   13b60:	01842683          	lw	a3,24(s0)
   13b64:	04d7ce63          	blt	a5,a3,13bc0 <_putc_r+0xd4>
   13b68:	ff670793          	addi	a5,a4,-10 # ffffdff6 <__stack_top__+0xfffcdff6>
   13b6c:	04078a63          	beqz	a5,13bc0 <_putc_r+0xd4>
   13b70:	00042783          	lw	a5,0(s0)
   13b74:	0ff5f493          	zext.b	s1,a1
   13b78:	00178693          	addi	a3,a5,1
   13b7c:	00d42023          	sw	a3,0(s0)
   13b80:	00e78023          	sb	a4,0(a5)
   13b84:	06442783          	lw	a5,100(s0)
   13b88:	0017f793          	andi	a5,a5,1
   13b8c:	00079e63          	bnez	a5,13ba8 <_putc_r+0xbc>
   13b90:	00c45783          	lhu	a5,12(s0)
   13b94:	2007f793          	andi	a5,a5,512
   13b98:	00079863          	bnez	a5,13ba8 <_putc_r+0xbc>
   13b9c:	05842503          	lw	a0,88(s0)
   13ba0:	fffff097          	auipc	ra,0xfffff
   13ba4:	aac080e7          	jalr	-1364(ra) # 1264c <__retarget_lock_release_recursive>
   13ba8:	01c12083          	lw	ra,28(sp)
   13bac:	01812403          	lw	s0,24(sp)
   13bb0:	00048513          	mv	a0,s1
   13bb4:	01412483          	lw	s1,20(sp)
   13bb8:	02010113          	addi	sp,sp,32
   13bbc:	00008067          	ret
   13bc0:	00048513          	mv	a0,s1
   13bc4:	00040613          	mv	a2,s0
   13bc8:	fffff097          	auipc	ra,0xfffff
   13bcc:	848080e7          	jalr	-1976(ra) # 12410 <__swbuf_r>
   13bd0:	00050493          	mv	s1,a0
   13bd4:	fb1ff06f          	j	13b84 <_putc_r+0x98>

00013bd8 <__sread>:
   13bd8:	ff010113          	addi	sp,sp,-16
   13bdc:	00812423          	sw	s0,8(sp)
   13be0:	00058413          	mv	s0,a1
   13be4:	00e59583          	lh	a1,14(a1)
   13be8:	00112623          	sw	ra,12(sp)
   13bec:	00000097          	auipc	ra,0x0
   13bf0:	294080e7          	jalr	660(ra) # 13e80 <_read_r>
   13bf4:	02054063          	bltz	a0,13c14 <__sread+0x3c>
   13bf8:	05442783          	lw	a5,84(s0)
   13bfc:	00a787b3          	add	a5,a5,a0
   13c00:	04f42a23          	sw	a5,84(s0)
   13c04:	00c12083          	lw	ra,12(sp)
   13c08:	00812403          	lw	s0,8(sp)
   13c0c:	01010113          	addi	sp,sp,16
   13c10:	00008067          	ret
   13c14:	00c45783          	lhu	a5,12(s0)
   13c18:	fffff737          	lui	a4,0xfffff
   13c1c:	fff70713          	addi	a4,a4,-1 # ffffefff <__stack_top__+0xfffcefff>
   13c20:	00e7f7b3          	and	a5,a5,a4
   13c24:	00f41623          	sh	a5,12(s0)
   13c28:	fddff06f          	j	13c04 <__sread+0x2c>

00013c2c <__swrite>:
   13c2c:	00c5d783          	lhu	a5,12(a1)
   13c30:	fe010113          	addi	sp,sp,-32
   13c34:	00812c23          	sw	s0,24(sp)
   13c38:	00912a23          	sw	s1,20(sp)
   13c3c:	01212823          	sw	s2,16(sp)
   13c40:	01312623          	sw	s3,12(sp)
   13c44:	00112e23          	sw	ra,28(sp)
   13c48:	1007f793          	andi	a5,a5,256
   13c4c:	00050493          	mv	s1,a0
   13c50:	00058413          	mv	s0,a1
   13c54:	00060913          	mv	s2,a2
   13c58:	00068993          	mv	s3,a3
   13c5c:	00078c63          	beqz	a5,13c74 <__swrite+0x48>
   13c60:	00e59583          	lh	a1,14(a1)
   13c64:	00200693          	li	a3,2
   13c68:	00000613          	li	a2,0
   13c6c:	00000097          	auipc	ra,0x0
   13c70:	1c0080e7          	jalr	448(ra) # 13e2c <_lseek_r>
   13c74:	00c45783          	lhu	a5,12(s0)
   13c78:	fffff737          	lui	a4,0xfffff
   13c7c:	fff70713          	addi	a4,a4,-1 # ffffefff <__stack_top__+0xfffcefff>
   13c80:	00e7f7b3          	and	a5,a5,a4
   13c84:	00e41583          	lh	a1,14(s0)
   13c88:	00f41623          	sh	a5,12(s0)
   13c8c:	01812403          	lw	s0,24(sp)
   13c90:	01c12083          	lw	ra,28(sp)
   13c94:	00098693          	mv	a3,s3
   13c98:	00090613          	mv	a2,s2
   13c9c:	00c12983          	lw	s3,12(sp)
   13ca0:	01012903          	lw	s2,16(sp)
   13ca4:	00048513          	mv	a0,s1
   13ca8:	01412483          	lw	s1,20(sp)
   13cac:	02010113          	addi	sp,sp,32
   13cb0:	00000317          	auipc	t1,0x0
   13cb4:	27030067          	jr	624(t1) # 13f20 <_write_r>

00013cb8 <__sseek>:
   13cb8:	ff010113          	addi	sp,sp,-16
   13cbc:	00812423          	sw	s0,8(sp)
   13cc0:	00058413          	mv	s0,a1
   13cc4:	00e59583          	lh	a1,14(a1)
   13cc8:	00112623          	sw	ra,12(sp)
   13ccc:	00000097          	auipc	ra,0x0
   13cd0:	160080e7          	jalr	352(ra) # 13e2c <_lseek_r>
   13cd4:	fff00713          	li	a4,-1
   13cd8:	00c41783          	lh	a5,12(s0)
   13cdc:	02e51263          	bne	a0,a4,13d00 <__sseek+0x48>
   13ce0:	80050713          	addi	a4,a0,-2048
   13ce4:	80070713          	addi	a4,a4,-2048
   13ce8:	00e7f7b3          	and	a5,a5,a4
   13cec:	00f41623          	sh	a5,12(s0)
   13cf0:	00c12083          	lw	ra,12(sp)
   13cf4:	00812403          	lw	s0,8(sp)
   13cf8:	01010113          	addi	sp,sp,16
   13cfc:	00008067          	ret
   13d00:	00001737          	lui	a4,0x1
   13d04:	00e7e7b3          	or	a5,a5,a4
   13d08:	00f41623          	sh	a5,12(s0)
   13d0c:	04a42a23          	sw	a0,84(s0)
   13d10:	fe1ff06f          	j	13cf0 <__sseek+0x38>

00013d14 <__sclose>:
   13d14:	00e59583          	lh	a1,14(a1)
   13d18:	00000317          	auipc	t1,0x0
   13d1c:	02c30067          	jr	44(t1) # 13d44 <_close_r>

00013d20 <memchr>:
   13d20:	0ff5f593          	zext.b	a1,a1
   13d24:	00c50633          	add	a2,a0,a2
   13d28:	00c51663          	bne	a0,a2,13d34 <memchr+0x14>
   13d2c:	00000513          	li	a0,0
   13d30:	00008067          	ret
   13d34:	00054783          	lbu	a5,0(a0)
   13d38:	feb78ce3          	beq	a5,a1,13d30 <memchr+0x10>
   13d3c:	00150513          	addi	a0,a0,1
   13d40:	fe9ff06f          	j	13d28 <memchr+0x8>

00013d44 <_close_r>:
   13d44:	ff010113          	addi	sp,sp,-16
   13d48:	00812423          	sw	s0,8(sp)
   13d4c:	00050413          	mv	s0,a0
   13d50:	00058513          	mv	a0,a1
   13d54:	0000d797          	auipc	a5,0xd
   13d58:	c607a223          	sw	zero,-924(a5) # 209b8 <errno>
   13d5c:	00112623          	sw	ra,12(sp)
   13d60:	ffffc097          	auipc	ra,0xffffc
   13d64:	7e8080e7          	jalr	2024(ra) # 10548 <_close>
   13d68:	fff00793          	li	a5,-1
   13d6c:	00f51a63          	bne	a0,a5,13d80 <_close_r+0x3c>
   13d70:	0000d797          	auipc	a5,0xd
   13d74:	c487a783          	lw	a5,-952(a5) # 209b8 <errno>
   13d78:	00078463          	beqz	a5,13d80 <_close_r+0x3c>
   13d7c:	00f42023          	sw	a5,0(s0)
   13d80:	00c12083          	lw	ra,12(sp)
   13d84:	00812403          	lw	s0,8(sp)
   13d88:	01010113          	addi	sp,sp,16
   13d8c:	00008067          	ret

00013d90 <_fstat_r>:
   13d90:	ff010113          	addi	sp,sp,-16
   13d94:	00812423          	sw	s0,8(sp)
   13d98:	00050413          	mv	s0,a0
   13d9c:	00058513          	mv	a0,a1
   13da0:	00060593          	mv	a1,a2
   13da4:	0000d797          	auipc	a5,0xd
   13da8:	c007aa23          	sw	zero,-1004(a5) # 209b8 <errno>
   13dac:	00112623          	sw	ra,12(sp)
   13db0:	ffffc097          	auipc	ra,0xffffc
   13db4:	7a0080e7          	jalr	1952(ra) # 10550 <_fstat>
   13db8:	fff00793          	li	a5,-1
   13dbc:	00f51a63          	bne	a0,a5,13dd0 <_fstat_r+0x40>
   13dc0:	0000d797          	auipc	a5,0xd
   13dc4:	bf87a783          	lw	a5,-1032(a5) # 209b8 <errno>
   13dc8:	00078463          	beqz	a5,13dd0 <_fstat_r+0x40>
   13dcc:	00f42023          	sw	a5,0(s0)
   13dd0:	00c12083          	lw	ra,12(sp)
   13dd4:	00812403          	lw	s0,8(sp)
   13dd8:	01010113          	addi	sp,sp,16
   13ddc:	00008067          	ret

00013de0 <_isatty_r>:
   13de0:	ff010113          	addi	sp,sp,-16
   13de4:	00812423          	sw	s0,8(sp)
   13de8:	00050413          	mv	s0,a0
   13dec:	00058513          	mv	a0,a1
   13df0:	0000d797          	auipc	a5,0xd
   13df4:	bc07a423          	sw	zero,-1080(a5) # 209b8 <errno>
   13df8:	00112623          	sw	ra,12(sp)
   13dfc:	ffffc097          	auipc	ra,0xffffc
   13e00:	764080e7          	jalr	1892(ra) # 10560 <_isatty>
   13e04:	fff00793          	li	a5,-1
   13e08:	00f51a63          	bne	a0,a5,13e1c <_isatty_r+0x3c>
   13e0c:	0000d797          	auipc	a5,0xd
   13e10:	bac7a783          	lw	a5,-1108(a5) # 209b8 <errno>
   13e14:	00078463          	beqz	a5,13e1c <_isatty_r+0x3c>
   13e18:	00f42023          	sw	a5,0(s0)
   13e1c:	00c12083          	lw	ra,12(sp)
   13e20:	00812403          	lw	s0,8(sp)
   13e24:	01010113          	addi	sp,sp,16
   13e28:	00008067          	ret

00013e2c <_lseek_r>:
   13e2c:	ff010113          	addi	sp,sp,-16
   13e30:	00812423          	sw	s0,8(sp)
   13e34:	00050413          	mv	s0,a0
   13e38:	00058513          	mv	a0,a1
   13e3c:	00060593          	mv	a1,a2
   13e40:	00068613          	mv	a2,a3
   13e44:	0000d797          	auipc	a5,0xd
   13e48:	b607aa23          	sw	zero,-1164(a5) # 209b8 <errno>
   13e4c:	00112623          	sw	ra,12(sp)
   13e50:	ffffc097          	auipc	ra,0xffffc
   13e54:	718080e7          	jalr	1816(ra) # 10568 <_lseek>
   13e58:	fff00793          	li	a5,-1
   13e5c:	00f51a63          	bne	a0,a5,13e70 <_lseek_r+0x44>
   13e60:	0000d797          	auipc	a5,0xd
   13e64:	b587a783          	lw	a5,-1192(a5) # 209b8 <errno>
   13e68:	00078463          	beqz	a5,13e70 <_lseek_r+0x44>
   13e6c:	00f42023          	sw	a5,0(s0)
   13e70:	00c12083          	lw	ra,12(sp)
   13e74:	00812403          	lw	s0,8(sp)
   13e78:	01010113          	addi	sp,sp,16
   13e7c:	00008067          	ret

00013e80 <_read_r>:
   13e80:	ff010113          	addi	sp,sp,-16
   13e84:	00812423          	sw	s0,8(sp)
   13e88:	00050413          	mv	s0,a0
   13e8c:	00058513          	mv	a0,a1
   13e90:	00060593          	mv	a1,a2
   13e94:	00068613          	mv	a2,a3
   13e98:	0000d797          	auipc	a5,0xd
   13e9c:	b207a023          	sw	zero,-1248(a5) # 209b8 <errno>
   13ea0:	00112623          	sw	ra,12(sp)
   13ea4:	ffffc097          	auipc	ra,0xffffc
   13ea8:	6cc080e7          	jalr	1740(ra) # 10570 <_read>
   13eac:	fff00793          	li	a5,-1
   13eb0:	00f51a63          	bne	a0,a5,13ec4 <_read_r+0x44>
   13eb4:	0000d797          	auipc	a5,0xd
   13eb8:	b047a783          	lw	a5,-1276(a5) # 209b8 <errno>
   13ebc:	00078463          	beqz	a5,13ec4 <_read_r+0x44>
   13ec0:	00f42023          	sw	a5,0(s0)
   13ec4:	00c12083          	lw	ra,12(sp)
   13ec8:	00812403          	lw	s0,8(sp)
   13ecc:	01010113          	addi	sp,sp,16
   13ed0:	00008067          	ret

00013ed4 <_sbrk_r>:
   13ed4:	ff010113          	addi	sp,sp,-16
   13ed8:	00812423          	sw	s0,8(sp)
   13edc:	00050413          	mv	s0,a0
   13ee0:	00058513          	mv	a0,a1
   13ee4:	0000d797          	auipc	a5,0xd
   13ee8:	ac07aa23          	sw	zero,-1324(a5) # 209b8 <errno>
   13eec:	00112623          	sw	ra,12(sp)
   13ef0:	ffffc097          	auipc	ra,0xffffc
   13ef4:	688080e7          	jalr	1672(ra) # 10578 <_sbrk>
   13ef8:	fff00793          	li	a5,-1
   13efc:	00f51a63          	bne	a0,a5,13f10 <_sbrk_r+0x3c>
   13f00:	0000d797          	auipc	a5,0xd
   13f04:	ab87a783          	lw	a5,-1352(a5) # 209b8 <errno>
   13f08:	00078463          	beqz	a5,13f10 <_sbrk_r+0x3c>
   13f0c:	00f42023          	sw	a5,0(s0)
   13f10:	00c12083          	lw	ra,12(sp)
   13f14:	00812403          	lw	s0,8(sp)
   13f18:	01010113          	addi	sp,sp,16
   13f1c:	00008067          	ret

00013f20 <_write_r>:
   13f20:	ff010113          	addi	sp,sp,-16
   13f24:	00812423          	sw	s0,8(sp)
   13f28:	00050413          	mv	s0,a0
   13f2c:	00058513          	mv	a0,a1
   13f30:	00060593          	mv	a1,a2
   13f34:	00068613          	mv	a2,a3
   13f38:	0000d797          	auipc	a5,0xd
   13f3c:	a807a023          	sw	zero,-1408(a5) # 209b8 <errno>
   13f40:	00112623          	sw	ra,12(sp)
   13f44:	ffffc097          	auipc	ra,0xffffc
   13f48:	678080e7          	jalr	1656(ra) # 105bc <_write>
   13f4c:	fff00793          	li	a5,-1
   13f50:	00f51a63          	bne	a0,a5,13f64 <_write_r+0x44>
   13f54:	0000d797          	auipc	a5,0xd
   13f58:	a647a783          	lw	a5,-1436(a5) # 209b8 <errno>
   13f5c:	00078463          	beqz	a5,13f64 <_write_r+0x44>
   13f60:	00f42023          	sw	a5,0(s0)
   13f64:	00c12083          	lw	ra,12(sp)
   13f68:	00812403          	lw	s0,8(sp)
   13f6c:	01010113          	addi	sp,sp,16
   13f70:	00008067          	ret

00013f74 <__udivdi3>:
   13f74:	00060813          	mv	a6,a2
   13f78:	00050793          	mv	a5,a0
   13f7c:	00058893          	mv	a7,a1
   13f80:	0c069c63          	bnez	a3,14058 <__udivdi3+0xe4>
   13f84:	22c5fa63          	bgeu	a1,a2,141b8 <__udivdi3+0x244>
   13f88:	00010737          	lui	a4,0x10
   13f8c:	36e66863          	bltu	a2,a4,142fc <__udivdi3+0x388>
   13f90:	01000737          	lui	a4,0x1000
   13f94:	01800313          	li	t1,24
   13f98:	00e67463          	bgeu	a2,a4,13fa0 <__udivdi3+0x2c>
   13f9c:	01000313          	li	t1,16
   13fa0:	006656b3          	srl	a3,a2,t1
   13fa4:	0000d717          	auipc	a4,0xd
   13fa8:	91070713          	addi	a4,a4,-1776 # 208b4 <__clz_tab>
   13fac:	00d70733          	add	a4,a4,a3
   13fb0:	00074703          	lbu	a4,0(a4)
   13fb4:	02000693          	li	a3,32
   13fb8:	00670733          	add	a4,a4,t1
   13fbc:	00d70e63          	beq	a4,a3,13fd8 <__udivdi3+0x64>
   13fc0:	40e686b3          	sub	a3,a3,a4
   13fc4:	00d598b3          	sll	a7,a1,a3
   13fc8:	00e55733          	srl	a4,a0,a4
   13fcc:	00d61833          	sll	a6,a2,a3
   13fd0:	00d517b3          	sll	a5,a0,a3
   13fd4:	011768b3          	or	a7,a4,a7
   13fd8:	01085613          	srli	a2,a6,0x10
   13fdc:	02c8d533          	divu	a0,a7,a2
   13fe0:	01081693          	slli	a3,a6,0x10
   13fe4:	0106d693          	srli	a3,a3,0x10
   13fe8:	0107d713          	srli	a4,a5,0x10
   13fec:	02c8f8b3          	remu	a7,a7,a2
   13ff0:	02a685b3          	mul	a1,a3,a0
   13ff4:	01089893          	slli	a7,a7,0x10
   13ff8:	01176733          	or	a4,a4,a7
   13ffc:	00b77c63          	bgeu	a4,a1,14014 <__udivdi3+0xa0>
   14000:	00e808b3          	add	a7,a6,a4
   14004:	00088713          	mv	a4,a7
   14008:	00b8f463          	bgeu	a7,a1,14010 <__udivdi3+0x9c>
   1400c:	3908f463          	bgeu	a7,a6,14394 <__udivdi3+0x420>
   14010:	fff50513          	addi	a0,a0,-1
   14014:	40b70733          	sub	a4,a4,a1
   14018:	02c755b3          	divu	a1,a4,a2
   1401c:	01079793          	slli	a5,a5,0x10
   14020:	0107d793          	srli	a5,a5,0x10
   14024:	02c77733          	remu	a4,a4,a2
   14028:	02b686b3          	mul	a3,a3,a1
   1402c:	01071713          	slli	a4,a4,0x10
   14030:	00e7e7b3          	or	a5,a5,a4
   14034:	00d7fa63          	bgeu	a5,a3,14048 <__udivdi3+0xd4>
   14038:	00f807b3          	add	a5,a6,a5
   1403c:	00d7f463          	bgeu	a5,a3,14044 <__udivdi3+0xd0>
   14040:	3507f663          	bgeu	a5,a6,1438c <__udivdi3+0x418>
   14044:	fff58593          	addi	a1,a1,-1
   14048:	01051513          	slli	a0,a0,0x10
   1404c:	00b56533          	or	a0,a0,a1
   14050:	00000593          	li	a1,0
   14054:	00008067          	ret
   14058:	00d5f863          	bgeu	a1,a3,14068 <__udivdi3+0xf4>
   1405c:	00000593          	li	a1,0
   14060:	00000513          	li	a0,0
   14064:	00008067          	ret
   14068:	000107b7          	lui	a5,0x10
   1406c:	2af6e663          	bltu	a3,a5,14318 <__udivdi3+0x3a4>
   14070:	01000737          	lui	a4,0x1000
   14074:	01800793          	li	a5,24
   14078:	00e6f463          	bgeu	a3,a4,14080 <__udivdi3+0x10c>
   1407c:	01000793          	li	a5,16
   14080:	00f6d833          	srl	a6,a3,a5
   14084:	0000d717          	auipc	a4,0xd
   14088:	83070713          	addi	a4,a4,-2000 # 208b4 <__clz_tab>
   1408c:	01070733          	add	a4,a4,a6
   14090:	00074703          	lbu	a4,0(a4)
   14094:	02000813          	li	a6,32
   14098:	00f70733          	add	a4,a4,a5
   1409c:	29070663          	beq	a4,a6,14328 <__udivdi3+0x3b4>
   140a0:	40e80833          	sub	a6,a6,a4
   140a4:	00e658b3          	srl	a7,a2,a4
   140a8:	010696b3          	sll	a3,a3,a6
   140ac:	00d8e8b3          	or	a7,a7,a3
   140b0:	00e5d333          	srl	t1,a1,a4
   140b4:	0108de93          	srli	t4,a7,0x10
   140b8:	03d357b3          	divu	a5,t1,t4
   140bc:	01089e13          	slli	t3,a7,0x10
   140c0:	010595b3          	sll	a1,a1,a6
   140c4:	010e5e13          	srli	t3,t3,0x10
   140c8:	00e55733          	srl	a4,a0,a4
   140cc:	00b76733          	or	a4,a4,a1
   140d0:	01075693          	srli	a3,a4,0x10
   140d4:	01061633          	sll	a2,a2,a6
   140d8:	03d37333          	remu	t1,t1,t4
   140dc:	02fe05b3          	mul	a1,t3,a5
   140e0:	01031313          	slli	t1,t1,0x10
   140e4:	0066e6b3          	or	a3,a3,t1
   140e8:	00b6fc63          	bgeu	a3,a1,14100 <__udivdi3+0x18c>
   140ec:	00d88333          	add	t1,a7,a3
   140f0:	00030693          	mv	a3,t1
   140f4:	00b37463          	bgeu	t1,a1,140fc <__udivdi3+0x188>
   140f8:	2d137c63          	bgeu	t1,a7,143d0 <__udivdi3+0x45c>
   140fc:	fff78793          	addi	a5,a5,-1 # ffff <__HEAP_SIZE+0xdfff>
   14100:	40b686b3          	sub	a3,a3,a1
   14104:	03d6d333          	divu	t1,a3,t4
   14108:	01071713          	slli	a4,a4,0x10
   1410c:	01075713          	srli	a4,a4,0x10
   14110:	03d6f6b3          	remu	a3,a3,t4
   14114:	026e05b3          	mul	a1,t3,t1
   14118:	01069693          	slli	a3,a3,0x10
   1411c:	00d76733          	or	a4,a4,a3
   14120:	00b77c63          	bgeu	a4,a1,14138 <__udivdi3+0x1c4>
   14124:	00e886b3          	add	a3,a7,a4
   14128:	00068713          	mv	a4,a3
   1412c:	00b6f463          	bgeu	a3,a1,14134 <__udivdi3+0x1c0>
   14130:	2916f463          	bgeu	a3,a7,143b8 <__udivdi3+0x444>
   14134:	fff30313          	addi	t1,t1,-1
   14138:	01079793          	slli	a5,a5,0x10
   1413c:	0067e6b3          	or	a3,a5,t1
   14140:	40b70733          	sub	a4,a4,a1
   14144:	01061793          	slli	a5,a2,0x10
   14148:	01031593          	slli	a1,t1,0x10
   1414c:	0107d793          	srli	a5,a5,0x10
   14150:	0105d593          	srli	a1,a1,0x10
   14154:	0106d313          	srli	t1,a3,0x10
   14158:	01065613          	srli	a2,a2,0x10
   1415c:	02f30e33          	mul	t3,t1,a5
   14160:	02f588b3          	mul	a7,a1,a5
   14164:	02c585b3          	mul	a1,a1,a2
   14168:	0108d793          	srli	a5,a7,0x10
   1416c:	01c585b3          	add	a1,a1,t3
   14170:	00b787b3          	add	a5,a5,a1
   14174:	02c30333          	mul	t1,t1,a2
   14178:	01c7f663          	bgeu	a5,t3,14184 <__udivdi3+0x210>
   1417c:	00010637          	lui	a2,0x10
   14180:	00c30333          	add	t1,t1,a2
   14184:	0107d613          	srli	a2,a5,0x10
   14188:	00660633          	add	a2,a2,t1
   1418c:	02c76063          	bltu	a4,a2,141ac <__udivdi3+0x238>
   14190:	01089893          	slli	a7,a7,0x10
   14194:	0108d893          	srli	a7,a7,0x10
   14198:	01079793          	slli	a5,a5,0x10
   1419c:	01051533          	sll	a0,a0,a6
   141a0:	011787b3          	add	a5,a5,a7
   141a4:	1ef57e63          	bgeu	a0,a5,143a0 <__udivdi3+0x42c>
   141a8:	1ec71c63          	bne	a4,a2,143a0 <__udivdi3+0x42c>
   141ac:	fff68513          	addi	a0,a3,-1
   141b0:	00000593          	li	a1,0
   141b4:	00008067          	ret
   141b8:	14060a63          	beqz	a2,1430c <__udivdi3+0x398>
   141bc:	00010737          	lui	a4,0x10
   141c0:	18e67c63          	bgeu	a2,a4,14358 <__udivdi3+0x3e4>
   141c4:	10063893          	sltiu	a7,a2,256
   141c8:	0018b893          	seqz	a7,a7
   141cc:	00389893          	slli	a7,a7,0x3
   141d0:	011656b3          	srl	a3,a2,a7
   141d4:	0000c717          	auipc	a4,0xc
   141d8:	6e070713          	addi	a4,a4,1760 # 208b4 <__clz_tab>
   141dc:	00d70733          	add	a4,a4,a3
   141e0:	00074703          	lbu	a4,0(a4)
   141e4:	02000693          	li	a3,32
   141e8:	01170733          	add	a4,a4,a7
   141ec:	14d70a63          	beq	a4,a3,14340 <__udivdi3+0x3cc>
   141f0:	40e687b3          	sub	a5,a3,a4
   141f4:	00f61833          	sll	a6,a2,a5
   141f8:	00e5d333          	srl	t1,a1,a4
   141fc:	01085893          	srli	a7,a6,0x10
   14200:	03135e33          	divu	t3,t1,a7
   14204:	01081613          	slli	a2,a6,0x10
   14208:	00f595b3          	sll	a1,a1,a5
   1420c:	01065613          	srli	a2,a2,0x10
   14210:	00e55733          	srl	a4,a0,a4
   14214:	00b76733          	or	a4,a4,a1
   14218:	01075693          	srli	a3,a4,0x10
   1421c:	00f517b3          	sll	a5,a0,a5
   14220:	03137333          	remu	t1,t1,a7
   14224:	03c605b3          	mul	a1,a2,t3
   14228:	01031313          	slli	t1,t1,0x10
   1422c:	0066e6b3          	or	a3,a3,t1
   14230:	00b6fc63          	bgeu	a3,a1,14248 <__udivdi3+0x2d4>
   14234:	00d80533          	add	a0,a6,a3
   14238:	00050693          	mv	a3,a0
   1423c:	00b57463          	bgeu	a0,a1,14244 <__udivdi3+0x2d0>
   14240:	17057663          	bgeu	a0,a6,143ac <__udivdi3+0x438>
   14244:	fffe0e13          	addi	t3,t3,-1
   14248:	40b686b3          	sub	a3,a3,a1
   1424c:	0316d533          	divu	a0,a3,a7
   14250:	01071713          	slli	a4,a4,0x10
   14254:	01075713          	srli	a4,a4,0x10
   14258:	0316f6b3          	remu	a3,a3,a7
   1425c:	02a60333          	mul	t1,a2,a0
   14260:	01069693          	slli	a3,a3,0x10
   14264:	00d76733          	or	a4,a4,a3
   14268:	00677c63          	bgeu	a4,t1,14280 <__udivdi3+0x30c>
   1426c:	00e806b3          	add	a3,a6,a4
   14270:	00068713          	mv	a4,a3
   14274:	0066f463          	bgeu	a3,t1,1427c <__udivdi3+0x308>
   14278:	1506f663          	bgeu	a3,a6,143c4 <__udivdi3+0x450>
   1427c:	fff50513          	addi	a0,a0,-1
   14280:	010e1593          	slli	a1,t3,0x10
   14284:	00a5e5b3          	or	a1,a1,a0
   14288:	40670733          	sub	a4,a4,t1
   1428c:	03175533          	divu	a0,a4,a7
   14290:	0107d693          	srli	a3,a5,0x10
   14294:	03177733          	remu	a4,a4,a7
   14298:	02c50333          	mul	t1,a0,a2
   1429c:	01071713          	slli	a4,a4,0x10
   142a0:	00e6e733          	or	a4,a3,a4
   142a4:	00677c63          	bgeu	a4,t1,142bc <__udivdi3+0x348>
   142a8:	00e806b3          	add	a3,a6,a4
   142ac:	00068713          	mv	a4,a3
   142b0:	0066f463          	bgeu	a3,t1,142b8 <__udivdi3+0x344>
   142b4:	0d06f663          	bgeu	a3,a6,14380 <__udivdi3+0x40c>
   142b8:	fff50513          	addi	a0,a0,-1
   142bc:	40670733          	sub	a4,a4,t1
   142c0:	031756b3          	divu	a3,a4,a7
   142c4:	01079793          	slli	a5,a5,0x10
   142c8:	0107d793          	srli	a5,a5,0x10
   142cc:	03177733          	remu	a4,a4,a7
   142d0:	02c68633          	mul	a2,a3,a2
   142d4:	01071713          	slli	a4,a4,0x10
   142d8:	00e7e7b3          	or	a5,a5,a4
   142dc:	00c7fa63          	bgeu	a5,a2,142f0 <__udivdi3+0x37c>
   142e0:	00f807b3          	add	a5,a6,a5
   142e4:	00c7f463          	bgeu	a5,a2,142ec <__udivdi3+0x378>
   142e8:	0907f863          	bgeu	a5,a6,14378 <__udivdi3+0x404>
   142ec:	fff68693          	addi	a3,a3,-1
   142f0:	01051513          	slli	a0,a0,0x10
   142f4:	00d56533          	or	a0,a0,a3
   142f8:	00008067          	ret
   142fc:	10063313          	sltiu	t1,a2,256
   14300:	00133313          	seqz	t1,t1
   14304:	00331313          	slli	t1,t1,0x3
   14308:	c99ff06f          	j	13fa0 <__udivdi3+0x2c>
   1430c:	00000693          	li	a3,0
   14310:	00000893          	li	a7,0
   14314:	ec1ff06f          	j	141d4 <__udivdi3+0x260>
   14318:	1006b793          	sltiu	a5,a3,256
   1431c:	0017b793          	seqz	a5,a5
   14320:	00379793          	slli	a5,a5,0x3
   14324:	d5dff06f          	j	14080 <__udivdi3+0x10c>
   14328:	00c53633          	sltu	a2,a0,a2
   1432c:	00b6b6b3          	sltu	a3,a3,a1
   14330:	00163613          	seqz	a2,a2
   14334:	00c6e533          	or	a0,a3,a2
   14338:	00000593          	li	a1,0
   1433c:	00008067          	ret
   14340:	40c58733          	sub	a4,a1,a2
   14344:	01065893          	srli	a7,a2,0x10
   14348:	01061613          	slli	a2,a2,0x10
   1434c:	01065613          	srli	a2,a2,0x10
   14350:	00100593          	li	a1,1
   14354:	f39ff06f          	j	1428c <__udivdi3+0x318>
   14358:	01000737          	lui	a4,0x1000
   1435c:	00e67863          	bgeu	a2,a4,1436c <__udivdi3+0x3f8>
   14360:	01065693          	srli	a3,a2,0x10
   14364:	01000893          	li	a7,16
   14368:	e6dff06f          	j	141d4 <__udivdi3+0x260>
   1436c:	01865693          	srli	a3,a2,0x18
   14370:	01800893          	li	a7,24
   14374:	e61ff06f          	j	141d4 <__udivdi3+0x260>
   14378:	ffe68693          	addi	a3,a3,-2
   1437c:	f75ff06f          	j	142f0 <__udivdi3+0x37c>
   14380:	ffe50513          	addi	a0,a0,-2
   14384:	01068733          	add	a4,a3,a6
   14388:	f35ff06f          	j	142bc <__udivdi3+0x348>
   1438c:	ffe58593          	addi	a1,a1,-2
   14390:	cb9ff06f          	j	14048 <__udivdi3+0xd4>
   14394:	ffe50513          	addi	a0,a0,-2
   14398:	01088733          	add	a4,a7,a6
   1439c:	c79ff06f          	j	14014 <__udivdi3+0xa0>
   143a0:	00068513          	mv	a0,a3
   143a4:	00000593          	li	a1,0
   143a8:	00008067          	ret
   143ac:	ffee0e13          	addi	t3,t3,-2
   143b0:	010506b3          	add	a3,a0,a6
   143b4:	e95ff06f          	j	14248 <__udivdi3+0x2d4>
   143b8:	ffe30313          	addi	t1,t1,-2
   143bc:	01168733          	add	a4,a3,a7
   143c0:	d79ff06f          	j	14138 <__udivdi3+0x1c4>
   143c4:	ffe50513          	addi	a0,a0,-2
   143c8:	01068733          	add	a4,a3,a6
   143cc:	eb5ff06f          	j	14280 <__udivdi3+0x30c>
   143d0:	ffe78793          	addi	a5,a5,-2
   143d4:	011306b3          	add	a3,t1,a7
   143d8:	d29ff06f          	j	14100 <__udivdi3+0x18c>
